Time,Open,High,Low,Last,Change,%Chg,Volume
2004-03-29,19.77,19.77,19.77,19.77,-0.39,-1.9345,0
2004-03-30,19.79,19.79,19.79,19.79,0.02,0.1012,0
2004-03-31,19.85,19.85,19.85,19.85,0.06,0.3032,0
2004-04-01,19.61,19.61,19.61,19.61,-0.24,-1.2091,0
2004-04-02,19.16,19.16,19.16,19.16,-0.45,-2.2947,0
2004-04-05,18.62,18.62,18.62,18.62,-0.54,-2.8184,0
2004-04-06,18.79,18.79,18.79,18.79,0.17,0.913,0
2004-04-07,19.12,19.12,19.12,19.12,0.33,1.7563,0
2004-04-08,19.0,19.0,19.0,19.0,-0.12,-0.6276,0
2004-04-12,18.9,18.9,18.9,18.9,-0.1,-0.5263,0
2004-04-13,19.29,19.29,19.29,19.29,0.39,2.0635,0
2004-04-14,19.47,19.47,19.47,19.47,0.18,0.9331,0
2004-04-15,19.47,19.47,19.47,19.47,0.0,0.0,0
2004-04-16,19.43,19.43,19.43,19.43,-0.04,-0.2054,0
2004-04-19,19.68,19.68,19.68,19.68,0.25,1.2867,0
2004-04-20,19.96,19.96,19.96,19.96,0.28,1.4228,0
2004-04-21,19.7,19.7,19.7,19.7,-0.26,-1.3026,0
2004-04-22,18.77,18.77,18.77,18.77,-0.93,-4.7208,0
2004-04-23,19.09,19.09,19.09,19.09,0.32,1.7048,0
2004-04-26,18.96,18.96,18.96,18.96,-0.13,-0.681,0
2004-04-27,18.77,18.77,18.77,18.77,-0.19,-1.0021,0
2004-04-28,19.27,19.27,19.27,19.27,0.5,2.6638,0
2004-04-29,19.64,19.64,19.64,19.64,0.37,1.9201,0
2004-04-30,19.85,19.85,19.85,19.85,0.21,1.0692,0
2004-05-03,19.27,19.27,19.27,19.27,-0.58,-2.9219,0
2004-05-04,19.2,19.2,19.2,19.2,-0.07,-0.3633,0
2004-05-05,18.79,18.79,18.79,18.79,-0.41,-2.1354,0
2004-05-06,19.41,19.41,19.41,19.41,0.62,3.2996,0
2004-05-07,19.87,19.87,19.87,19.87,0.46,2.3699,0
2004-05-10,20.43,20.43,20.43,20.43,0.56,2.8183,0
2004-05-11,19.97,19.97,19.97,19.97,-0.46,-2.2516,0
2004-05-12,19.61,19.61,19.61,19.61,-0.36,-1.8027,0
2004-05-13,19.58,19.58,19.58,19.58,-0.03,-0.153,0
2004-05-14,19.67,19.67,19.67,19.67,0.09,0.4597,0
2004-05-17,20.21,20.21,20.21,20.21,0.54,2.7453,0
2004-05-18,20.07,20.07,20.07,20.07,-0.14,-0.6927,0
2004-05-24,19.04,19.04,19.04,19.04,-1.03,-5.132,0
2004-05-25,18.0,18.0,18.0,18.0,-1.04,-5.4622,0
2004-05-26,18.09,18.09,18.09,18.09,0.09,0.5,0
2004-05-27,17.9,17.9,17.9,17.9,-0.19,-1.0503,0
2004-05-28,18.06,18.06,18.06,18.06,0.16,0.8939,0
2004-06-01,18.16,18.16,18.16,18.16,0.1,0.5537,0
2004-06-02,18.1,18.1,18.1,18.1,-0.06,-0.3304,0
2004-06-03,18.33,18.33,18.33,18.33,0.23,1.2707,0
2004-06-04,18.51,18.51,18.51,18.51,0.18,0.982,0
2004-06-07,18.07,18.07,18.07,18.07,-0.44,-2.3771,0
2004-06-08,17.73,17.73,17.73,17.73,-0.34,-1.8816,0
2004-06-09,17.86,17.86,17.86,17.86,0.13,0.7332,0
2004-06-10,17.57,17.57,17.57,17.57,-0.29,-1.6237,0
2004-06-14,17.93,17.93,17.93,17.93,0.36,2.0489,0
2004-06-15,17.23,17.23,17.23,17.23,-0.7,-3.9041,0
2004-06-16,19.22,19.22,19.22,19.22,1.99,11.5496,0
2004-06-17,19.17,19.17,19.17,19.17,-0.05,-0.2601,0
2004-06-18,19.18,19.18,19.18,19.18,0.01,0.0522,0
2004-06-21,19.12,19.12,19.12,19.12,-0.06,-0.3128,0
2004-06-22,18.68,18.68,18.68,18.68,-0.44,-2.3013,0
2004-06-23,17.87,17.87,17.87,17.87,-0.81,-4.3362,0
2004-06-24,18.25,18.25,18.25,18.25,0.38,2.1265,0
2004-06-25,18.36,18.36,18.36,18.36,0.11,0.6027,0
2004-06-28,18.46,18.46,18.46,18.46,0.1,0.5447,0
2004-06-29,18.32,18.32,18.32,18.32,-0.14,-0.7584,0
2004-06-30,18.14,18.14,18.14,18.14,-0.18,-0.9825,0
2004-07-01,18.28,18.28,18.28,18.28,0.14,0.7718,0
2004-07-02,18.27,18.27,18.27,18.27,-0.01,-0.0547,0
2004-07-06,18.72,18.72,18.72,18.72,0.45,2.4631,0
2004-07-07,18.44,18.44,18.44,18.44,-0.28,-1.4957,0
2004-07-08,18.82,18.82,18.82,18.82,0.38,2.0607,0
2004-07-09,19.03,19.03,19.03,19.03,0.21,1.1158,0
2004-07-12,19.03,19.03,19.03,19.03,0.0,0.0,0
2004-07-13,18.79,18.79,18.79,18.79,-0.24,-1.2612,0
2004-07-19,19.91,19.91,19.91,19.91,1.12,5.9606,0
2004-07-20,19.61,19.61,19.61,19.61,-0.3,-1.5068,0
2004-07-21,20.58,20.58,20.58,20.58,0.97,4.9465,0
2004-07-22,20.24,20.24,20.24,20.24,-0.34,-1.6521,0
2004-07-23,20.59,20.59,20.59,20.59,0.35,1.7292,0
2004-07-26,20.66,20.66,20.66,20.66,0.07,0.34,0
2004-07-27,20.25,20.25,20.25,20.25,-0.41,-1.9845,0
2004-07-28,20.05,20.05,20.05,20.05,-0.2,-0.9877,0
2004-07-29,20.06,20.06,20.06,20.06,0.01,0.0499,0
2004-07-30,20.06,20.06,20.06,20.06,0.0,0.0,0
2004-08-02,19.78,19.78,19.78,19.78,-0.28,-1.3958,0
2004-08-03,19.72,19.72,19.72,19.72,-0.06,-0.3033,0
2004-08-04,19.48,19.48,19.48,19.48,-0.24,-1.217,0
2004-08-05,19.91,19.91,19.91,19.91,0.43,2.2074,0
2004-08-06,20.34,20.34,20.34,20.34,0.43,2.1597,0
2004-08-09,19.91,19.91,19.91,19.91,-0.43,-2.1141,0
2004-08-10,19.17,19.17,19.17,19.17,-0.74,-3.7167,0
2004-08-11,19.35,19.35,19.35,19.35,0.18,0.939,0
2004-08-12,19.32,19.32,19.32,19.32,-0.03,-0.155,0
2004-08-13,19.02,19.02,19.02,19.02,-0.3,-1.5528,0
2004-08-16,18.5,18.5,18.5,18.5,-0.52,-2.734,0
2004-08-17,18.19,18.19,18.19,18.19,-0.31,-1.6757,0
2004-08-23,18.77,18.77,18.77,18.77,0.58,3.1886,0
2004-08-24,18.42,18.42,18.42,18.42,-0.35,-1.8647,0
2004-08-25,17.59,17.59,17.59,17.59,-0.83,-4.506,0
2004-08-26,17.59,17.59,17.59,17.59,0.0,0.0,0
2004-08-27,17.47,17.47,17.47,17.47,-0.12,-0.6822,0
2004-08-30,17.58,17.58,17.58,17.58,0.11,0.6297,0
2004-08-31,17.58,17.58,17.58,17.58,0.0,0.0,0
2004-09-01,17.33,17.33,17.33,17.33,-0.25,-1.4221,0
2004-09-02,16.6,16.6,16.6,16.6,-0.73,-4.2123,0
2004-09-03,16.5,16.5,16.5,16.5,-0.1,-0.6024,0
2004-09-07,16.15,16.15,16.15,16.15,-0.35,-2.1212,0
2004-09-08,16.17,16.17,16.17,16.17,0.02,0.1238,0
2004-09-09,16.04,16.04,16.04,16.04,-0.13,-0.804,0
2004-09-10,15.85,15.85,15.85,15.85,-0.19,-1.1845,0
2004-09-13,15.6,15.6,15.6,15.6,-0.25,-1.5773,0
2004-09-14,15.2,15.2,15.2,15.2,-0.4,-2.5641,0
2004-09-15,16.71,16.71,16.71,16.71,1.51,9.9342,0
2004-09-16,16.76,16.76,16.76,16.76,0.05,0.2992,0
2004-09-17,16.74,16.74,16.74,16.74,-0.02,-0.1193,0
2004-09-20,16.9,16.9,16.9,16.9,0.16,0.9558,0
2004-09-21,16.58,16.58,16.58,16.58,-0.32,-1.8935,0
2004-09-22,16.88,16.88,16.88,16.88,0.3,1.8094,0
2004-09-23,16.92,16.92,16.92,16.92,0.04,0.237,0
2004-09-24,16.77,16.77,16.77,16.77,-0.15,-0.8865,0
2004-09-27,16.93,16.93,16.93,16.93,0.16,0.9541,0
2004-09-28,16.56,16.56,16.56,16.56,-0.37,-2.1855,0
2004-09-29,16.26,16.26,16.26,16.26,-0.3,-1.8116,0
2004-09-30,16.05,16.05,16.05,16.05,-0.21,-1.2915,0
2004-10-01,15.4,15.4,15.4,15.4,-0.65,-4.0498,0
2004-10-04,15.5,15.5,15.5,15.5,0.1,0.6494,0
2004-10-05,15.5,15.5,15.5,15.5,0.0,0.0,0
2004-10-06,15.2,15.2,15.2,15.2,-0.3,-1.9355,0
2004-10-07,15.43,15.43,15.43,15.43,0.23,1.5132,0
2004-10-08,15.65,15.65,15.65,15.65,0.22,1.4258,0
2004-10-11,15.64,15.64,15.64,15.64,-0.01,-0.0639,0
2004-10-12,15.97,15.97,15.97,15.97,0.33,2.11,0
2004-10-21,16.7,16.7,16.7,16.7,0.73,4.5711,0
2004-10-22,16.94,16.94,16.94,16.94,0.24,1.4371,0
2004-10-25,17.19,17.19,17.19,17.19,0.25,1.4758,0
2004-10-26,16.85,16.85,16.85,16.85,-0.34,-1.9779,0
2004-10-27,16.76,16.76,16.76,16.76,-0.09,-0.5341,0
2004-10-28,16.65,16.65,16.65,16.65,-0.11,-0.6563,0
2004-10-29,16.57,16.57,16.57,16.57,-0.08,-0.4805,0
2004-11-01,16.63,16.63,16.63,16.63,0.06,0.3621,0
2004-11-02,16.28,16.28,16.28,16.28,-0.35,-2.1046,0
2004-11-03,15.79,15.79,15.79,15.79,-0.49,-3.0098,0
2004-11-04,15.29,15.29,15.29,15.29,-0.5,-3.1666,0
2004-11-05,15.14,15.14,15.14,15.14,-0.15,-0.981,0
2004-11-08,15.23,15.23,15.23,15.23,0.09,0.5945,0
2004-11-09,15.18,15.18,15.18,15.18,-0.05,-0.3283,0
2004-11-10,14.98,14.98,14.98,14.98,-0.2,-1.3175,0
2004-11-11,14.8,14.8,14.8,14.8,-0.18,-1.2016,0
2004-11-12,14.77,14.77,14.77,14.77,-0.03,-0.2027,0
2004-11-15,14.88,14.88,14.88,14.88,0.11,0.7448,0
2004-11-16,15.16,15.16,15.16,15.16,0.28,1.8817,0
2004-11-17,15.77,15.77,15.77,15.77,0.61,4.0237,0
2004-11-18,15.77,15.77,15.77,15.77,0.0,0.0,0
2004-11-19,16.37,16.37,16.37,16.37,0.6,3.8047,0
2004-11-22,16.28,16.28,16.28,16.28,-0.09,-0.5498,0
2004-11-23,16.13,16.13,16.13,16.13,-0.15,-0.9214,0
2004-11-24,16.02,16.02,16.02,16.02,-0.11,-0.682,0
2004-11-26,16.27,16.27,16.27,16.27,0.25,1.5605,0
2004-11-29,16.15,16.15,16.15,16.15,-0.12,-0.7376,0
2004-11-30,16.07,16.07,16.07,16.07,-0.08,-0.4954,0
2004-12-01,15.85,15.85,15.85,15.85,-0.22,-1.369,0
2004-12-02,15.75,15.75,15.75,15.75,-0.1,-0.6309,0
2004-12-03,15.48,15.48,15.48,15.48,-0.27,-1.7143,0
2004-12-06,15.28,15.28,15.28,15.28,-0.2,-1.292,0
2004-12-07,15.32,15.32,15.32,15.32,0.04,0.2618,0
2004-12-08,15.33,15.33,15.33,15.33,0.01,0.0653,0
2004-12-09,15.4,15.4,15.4,15.4,0.07,0.4566,0
2004-12-10,15.36,15.36,15.36,15.36,-0.04,-0.2597,0
2004-12-13,15.11,15.11,15.11,15.11,-0.25,-1.6276,0
2004-12-14,15.05,15.05,15.05,15.05,-0.06,-0.3971,0
2004-12-15,14.99,14.99,14.99,14.99,-0.06,-0.3987,0
2004-12-16,14.76,14.76,14.76,14.76,-0.23,-1.5344,0
2004-12-17,14.86,14.86,14.86,14.86,0.1,0.6775,0
2004-12-20,14.82,14.82,14.82,14.82,-0.04,-0.2692,0
2004-12-21,14.55,14.55,14.55,14.55,-0.27,-1.8219,0
2004-12-22,14.59,14.59,14.59,14.59,0.04,0.2749,0
2004-12-23,14.51,14.51,14.51,14.51,-0.08,-0.5483,0
2004-12-27,14.5,14.5,14.5,14.5,-0.01,-0.0689,0
2004-12-28,14.7,14.7,14.7,14.7,0.2,1.3793,0
2004-12-29,14.73,14.73,14.73,14.73,0.03,0.2041,0
2004-12-30,14.81,14.81,14.81,14.81,0.08,0.5431,0
2004-12-31,14.81,14.81,14.81,14.81,0.0,0.0,0
2005-01-03,14.95,14.95,14.95,14.95,0.14,0.9453,0
2005-01-04,15.23,15.23,15.23,15.23,0.28,1.8729,0
2005-01-05,15.08,15.08,15.08,15.08,-0.15,-0.9849,0
2005-01-06,14.76,14.76,14.76,14.76,-0.32,-2.122,0
2005-01-07,14.66,14.66,14.66,14.66,-0.1,-0.6775,0
2005-01-10,14.47,14.47,14.47,14.47,-0.19,-1.296,0
2005-01-11,14.6,14.6,14.6,14.6,0.13,0.8984,0
2005-01-12,14.16,14.16,14.16,14.16,-0.44,-3.0137,0
2005-01-13,14.23,14.23,14.23,14.23,0.07,0.4944,0
2005-01-14,14.06,14.06,14.06,14.06,-0.17,-1.1947,0
2005-01-18,13.62,13.62,13.62,13.62,-0.44,-3.1294,0
2005-01-24,14.45,14.45,14.45,14.45,0.83,6.094,0
2005-01-25,14.49,14.49,14.49,14.49,0.04,0.2768,0
2005-01-26,14.4,14.4,14.4,14.4,-0.09,-0.6211,0
2005-01-27,14.18,14.18,14.18,14.18,-0.22,-1.5278,0
2005-01-28,14.14,14.14,14.14,14.14,-0.04,-0.2821,0
2005-01-31,13.91,13.91,13.91,13.91,-0.23,-1.6266,0
2005-02-01,13.46,13.46,13.46,13.46,-0.45,-3.2351,0
2005-02-02,12.91,12.91,12.91,12.91,-0.55,-4.0862,0
2005-02-03,12.68,12.68,12.68,12.68,-0.23,-1.7816,0
2005-02-04,12.22,12.22,12.22,12.22,-0.46,-3.6278,0
2005-02-07,12.2,12.2,12.2,12.2,-0.02,-0.1637,0
2005-02-08,12.31,12.31,12.31,12.31,0.11,0.9016,0
2005-02-09,12.33,12.33,12.33,12.33,0.02,0.1625,0
2005-02-10,12.13,12.13,12.13,12.13,-0.2,-1.6221,0
2005-02-11,11.82,11.82,11.82,11.82,-0.31,-2.5556,0
2005-02-14,11.95,11.95,11.95,11.95,0.13,1.0998,0
2005-02-15,11.98,11.98,11.98,11.98,0.03,0.251,0
2005-02-16,12.53,12.53,12.53,12.53,0.55,4.591,0
2005-02-17,12.81,12.81,12.81,12.81,0.28,2.2346,0
2005-02-18,12.78,12.78,12.78,12.78,-0.03,-0.2342,0
2005-02-22,13.28,13.28,13.28,13.28,0.5,3.9124,0
2005-02-23,13.3,13.3,13.3,13.3,0.02,0.1506,0
2005-02-24,13.07,13.07,13.07,13.07,-0.23,-1.7293,0
2005-02-25,12.95,12.95,12.95,12.95,-0.12,-0.9181,0
2005-02-28,13.15,13.15,13.15,13.15,0.2,1.5444,0
2005-03-01,13.16,13.16,13.16,13.16,0.01,0.076,0
2005-03-02,13.37,13.37,13.37,13.37,0.21,1.5957,0
2005-03-03,13.54,13.54,13.54,13.54,0.17,1.2715,0
2005-03-04,13.18,13.18,13.18,13.18,-0.36,-2.6588,0
2005-03-07,13.13,13.13,13.13,13.13,-0.05,-0.3794,0
2005-03-08,13.29,13.29,13.29,13.29,0.16,1.2186,0
2005-03-09,13.52,13.52,13.52,13.52,0.23,1.7306,0
2005-03-10,13.51,13.51,13.51,13.51,-0.01,-0.074,0
2005-03-11,13.62,13.62,13.62,13.62,0.11,0.8142,0
2005-03-14,13.64,13.64,13.64,13.64,0.02,0.1468,0
2005-03-15,13.89,13.89,13.89,13.89,0.25,1.8328,0
2005-03-21,14.61,14.61,14.61,14.61,0.72,5.1836,0
2005-03-22,14.97,14.97,14.97,14.97,0.36,2.4641,0
2005-03-23,15.04,15.04,15.04,15.04,0.07,0.4676,0
2005-03-24,14.86,14.86,14.86,14.86,-0.18,-1.1968,0
2005-03-28,14.95,14.95,14.95,14.95,0.09,0.6057,0
2005-03-29,15.18,15.18,15.18,15.18,0.23,1.5385,0
2005-03-30,15.03,15.03,15.03,15.03,-0.15,-0.9881,0
2005-03-31,15.04,15.04,15.04,15.04,0.01,0.0665,0
2005-04-01,15.2,15.2,15.2,15.2,0.16,1.0638,0
2005-04-04,15.2,15.2,15.2,15.2,0.0,0.0,0
2005-04-05,15.2,15.2,15.2,15.2,0.0,0.0,0
2005-04-06,15.04,15.04,15.04,15.04,-0.16,-1.0526,0
2005-04-07,14.65,14.65,14.65,14.65,-0.39,-2.5931,0
2005-04-08,14.69,14.69,14.69,14.69,0.04,0.273,0
2005-04-11,14.62,14.62,14.62,14.62,-0.07,-0.4765,0
2005-04-12,14.27,14.27,14.27,14.27,-0.35,-2.394,0
2005-04-13,14.51,14.51,14.51,14.51,0.24,1.6819,0
2005-04-14,15.24,15.24,15.24,15.24,0.73,5.031,0
2005-04-15,15.67,15.67,15.67,15.67,0.43,2.8215,0
2005-04-18,15.97,15.97,15.97,15.97,0.3,1.9145,0
2005-04-19,15.6,15.6,15.6,15.6,-0.37,-2.3168,0
2005-04-20,15.85,15.85,15.85,15.85,0.25,1.6026,0
2005-04-21,14.91,14.91,14.91,14.91,-0.94,-5.9306,0
2005-04-22,15.14,15.14,15.14,15.14,0.23,1.5426,0
2005-04-25,14.96,14.96,14.96,14.96,-0.18,-1.1889,0
2005-04-26,15.05,15.05,15.05,15.05,0.09,0.6016,0
2005-04-27,14.99,14.99,14.99,14.99,-0.06,-0.3987,0
2005-04-28,15.68,15.68,15.68,15.68,0.69,4.6031,0
2005-04-29,15.58,15.58,15.58,15.58,-0.1,-0.6378,0
2005-05-02,15.11,15.11,15.11,15.11,-0.47,-3.0167,0
2005-05-03,14.94,14.94,14.94,14.94,-0.17,-1.1251,0
2005-05-04,14.4,14.4,14.4,14.4,-0.54,-3.6145,0
2005-05-05,14.17,14.17,14.17,14.17,-0.23,-1.5972,0
2005-05-06,14.21,14.21,14.21,14.21,0.04,0.2823,0
2005-05-09,14.02,14.02,14.02,14.02,-0.19,-1.3371,0
2005-05-10,14.57,14.57,14.57,14.57,0.55,3.923,0
2005-05-11,14.65,14.65,14.65,14.65,0.08,0.5491,0
2005-05-12,15.43,15.43,15.43,15.43,0.78,5.3242,0
2005-05-13,15.76,15.76,15.76,15.76,0.33,2.1387,0
2005-05-16,15.52,15.52,15.52,15.52,-0.24,-1.5228,0
2005-05-17,14.97,14.97,14.97,14.97,-0.55,-3.5438,0
2005-05-18,14.95,14.95,14.95,14.95,-0.02,-0.1336,0
2005-05-19,14.79,14.79,14.79,14.79,-0.16,-1.0702,0
2005-05-20,14.75,14.75,14.75,14.75,-0.04,-0.2705,0
2005-05-23,14.57,14.57,14.57,14.57,-0.18,-1.2203,0
2005-05-24,14.48,14.48,14.48,14.48,-0.09,-0.6177,0
2005-05-25,14.53,14.53,14.53,14.53,0.05,0.3453,0
2005-05-26,14.39,14.39,14.39,14.39,-0.14,-0.9635,0
2005-05-27,14.37,14.37,14.37,14.37,-0.02,-0.139,0
2005-05-31,14.56,14.56,14.56,14.56,0.19,1.3222,0
2005-06-01,14.31,14.31,14.31,14.31,-0.25,-1.717,0
2005-06-02,14.42,14.42,14.42,14.42,0.11,0.7687,0
2005-06-03,14.43,14.43,14.43,14.43,0.01,0.0693,0
2005-06-06,14.33,14.33,14.33,14.33,-0.1,-0.693,0
2005-06-07,14.34,14.34,14.34,14.34,0.01,0.0698,0
2005-06-08,14.35,14.35,14.35,14.35,0.01,0.0697,0
2005-06-09,14.18,14.18,14.18,14.18,-0.17,-1.1847,0
2005-06-10,14.37,14.37,14.37,14.37,0.19,1.3399,0
2005-06-13,14.11,14.11,14.11,14.11,-0.26,-1.8093,0
2005-06-14,14.07,14.07,14.07,14.07,-0.04,-0.2835,0
2005-06-20,14.83,14.83,14.83,14.83,0.76,5.4016,0
2005-06-21,14.91,14.91,14.91,14.91,0.08,0.5394,0
2005-06-22,14.86,14.86,14.86,14.86,-0.05,-0.3353,0
2005-06-23,15.12,15.12,15.12,15.12,0.26,1.7497,0
2005-06-24,15.27,15.27,15.27,15.27,0.15,0.9921,0
2005-06-27,15.23,15.23,15.23,15.23,-0.04,-0.262,0
2005-06-28,15.02,15.02,15.02,15.02,-0.21,-1.3789,0
2005-06-29,15.13,15.13,15.13,15.13,0.11,0.7324,0
2005-06-30,15.1,15.1,15.1,15.1,-0.03,-0.1983,0
2005-07-01,15.07,15.07,15.07,15.07,-0.03,-0.1987,0
2005-07-05,14.92,14.92,14.92,14.92,-0.15,-0.9954,0
2005-07-06,15.0,15.0,15.0,15.0,0.08,0.5362,0
2005-07-07,15.11,15.11,15.11,15.11,0.11,0.7333,0
2005-07-08,14.87,14.87,14.87,14.87,-0.24,-1.5884,0
2005-07-11,14.9,14.9,14.9,14.9,0.03,0.2017,0
2005-07-12,14.93,14.93,14.93,14.93,0.03,0.2013,0
2005-07-13,14.9,14.9,14.9,14.9,-0.03,-0.2009,0
2005-07-14,14.8,14.8,14.8,14.8,-0.1,-0.6711,0
2005-07-15,14.62,14.62,14.62,14.62,-0.18,-1.2162,0
2005-07-18,14.57,14.57,14.57,14.57,-0.05,-0.342,0
2005-07-19,14.49,14.49,14.49,14.49,-0.08,-0.5491,0
2005-07-20,14.44,14.44,14.44,14.44,-0.05,-0.3451,0
2005-07-21,14.33,14.33,14.33,14.33,-0.11,-0.7618,0
2005-07-22,14.21,14.21,14.21,14.21,-0.12,-0.8374,0
2005-07-25,14.15,14.15,14.15,14.15,-0.06,-0.4222,0
2005-07-26,14.12,14.12,14.12,14.12,-0.03,-0.212,0
2005-07-27,14.01,14.01,14.01,14.01,-0.11,-0.779,0
2005-07-28,13.92,13.92,13.92,13.92,-0.09,-0.6424,0
2005-07-29,14.01,14.01,14.01,14.01,0.09,0.6466,0
2005-08-01,14.18,14.18,14.18,14.18,0.17,1.2134,0
2005-08-02,14.08,14.08,14.08,14.08,-0.1,-0.7052,0
2005-08-03,13.99,13.99,13.99,13.99,-0.09,-0.6392,0
2005-08-04,14.19,14.19,14.19,14.19,0.2,1.4296,0
2005-08-05,14.29,14.29,14.29,14.29,0.1,0.7047,0
2005-08-08,14.43,14.43,14.43,14.43,0.14,0.9797,0
2005-08-09,14.05,14.05,14.05,14.05,-0.38,-2.6334,0
2005-08-10,14.19,14.19,14.19,14.19,0.14,0.9964,0
2005-08-11,14.03,14.03,14.03,14.03,-0.16,-1.1276,0
2005-08-12,14.41,14.41,14.41,14.41,0.38,2.7085,0
2005-08-15,14.31,14.31,14.31,14.31,-0.1,-0.694,0
2005-08-16,14.61,14.61,14.61,14.61,0.3,2.0964,0
2005-08-17,14.89,14.89,14.89,14.89,0.28,1.9165,0
2005-08-18,14.9,14.9,14.9,14.9,0.01,0.0672,0
2005-08-19,14.77,14.77,14.77,14.77,-0.13,-0.8725,0
2005-08-22,14.73,14.73,14.73,14.73,-0.04,-0.2708,0
2005-08-23,14.8,14.8,14.8,14.8,0.07,0.4752,0
2005-08-24,14.96,14.96,14.96,14.96,0.16,1.0811,0
2005-08-25,15.0,15.0,15.0,15.0,0.04,0.2674,0
2005-08-26,15.1,15.1,15.1,15.1,0.1,0.6667,0
2005-08-29,15.07,15.07,15.07,15.07,-0.03,-0.1987,0
2005-08-30,15.17,15.17,15.17,15.17,0.1,0.6636,0
2005-08-31,15.08,15.08,15.08,15.08,-0.09,-0.5933,0
2005-09-01,15.05,15.05,15.05,15.05,-0.03,-0.1989,0
2005-09-02,15.3,15.3,15.3,15.3,0.25,1.6611,0
2005-09-06,15.02,15.02,15.02,15.02,-0.28,-1.8301,0
2005-09-07,14.89,14.89,14.89,14.89,-0.13,-0.8655,0
2005-09-08,14.83,14.83,14.83,14.83,-0.06,-0.403,0
2005-09-09,14.75,14.75,14.75,14.75,-0.08,-0.5394,0
2005-09-12,14.7,14.7,14.7,14.7,-0.05,-0.339,0
2005-09-13,14.71,14.71,14.71,14.71,0.01,0.068,0
2005-09-14,14.8,14.8,14.8,14.8,0.09,0.6118,0
2005-09-15,14.77,14.77,14.77,14.77,-0.03,-0.2027,0
2005-09-16,14.7,14.7,14.7,14.7,-0.07,-0.4739,0
2005-09-19,14.71,14.71,14.71,14.71,0.01,0.068,0
2005-09-20,14.71,14.71,14.71,14.71,0.0,0.0,0
2005-09-21,14.9,14.9,14.9,14.9,0.19,1.2916,0
2005-09-22,15.01,15.01,15.01,15.01,0.11,0.7383,0
2005-09-23,14.91,14.91,14.91,14.91,-0.1,-0.6662,0
2005-09-26,14.84,14.84,14.84,14.84,-0.07,-0.4695,0
2005-09-27,14.74,14.74,14.74,14.74,-0.1,-0.6739,0
2005-09-28,14.51,14.51,14.51,14.51,-0.23,-1.5604,0
2005-09-29,14.23,14.23,14.23,14.23,-0.28,-1.9297,0
2005-09-30,14.04,14.04,14.04,14.04,-0.19,-1.3352,0
2005-10-03,14.02,14.02,14.02,14.02,-0.02,-0.1425,0
2005-10-04,14.03,14.03,14.03,14.03,0.01,0.0713,0
2005-10-05,14.33,14.33,14.33,14.33,0.3,2.1383,0
2005-10-06,14.84,14.84,14.84,14.84,0.51,3.559,0
2005-10-07,14.83,14.83,14.83,14.83,-0.01,-0.0674,0
2005-10-10,15.18,15.18,15.18,15.18,0.35,2.3601,0
2005-10-11,15.09,15.09,15.09,15.09,-0.09,-0.5929,0
2005-10-12,15.28,15.28,15.28,15.28,0.19,1.2591,0
2005-10-13,15.28,15.28,15.28,15.28,0.0,0.0,0
2005-10-14,14.76,14.76,14.76,14.76,-0.52,-3.4031,0
2005-10-17,14.78,14.78,14.78,14.78,0.02,0.1355,0
2005-10-18,14.83,14.83,14.83,14.83,0.05,0.3383,0
2005-10-24,15.14,15.14,15.14,15.14,0.31,2.0904,0
2005-10-25,14.92,14.92,14.92,14.92,-0.22,-1.4531,0
2005-10-26,14.7,14.7,14.7,14.7,-0.22,-1.4745,0
2005-10-27,14.94,14.94,14.94,14.94,0.24,1.6327,0
2005-10-28,14.85,14.85,14.85,14.85,-0.09,-0.6024,0
2005-10-31,14.53,14.53,14.53,14.53,-0.32,-2.1549,0
2005-11-01,14.5,14.5,14.5,14.5,-0.03,-0.2065,0
2005-11-02,14.18,14.18,14.18,14.18,-0.32,-2.2069,0
2005-11-03,13.65,13.65,13.65,13.65,-0.53,-3.7377,0
2005-11-04,13.56,13.56,13.56,13.56,-0.09,-0.6593,0
2005-11-07,13.5,13.5,13.5,13.5,-0.06,-0.4425,0
2005-11-08,13.56,13.56,13.56,13.56,0.06,0.4444,0
2005-11-09,13.35,13.35,13.35,13.35,-0.21,-1.5487,0
2005-11-10,13.1,13.1,13.1,13.1,-0.25,-1.8727,0
2005-11-11,12.7,12.7,12.7,12.7,-0.4,-3.0534,0
2005-11-14,12.87,12.87,12.87,12.87,0.17,1.3386,0
2005-11-15,12.8,12.8,12.8,12.8,-0.07,-0.5439,0
2005-11-21,13.45,13.45,13.45,13.45,0.65,5.0781,0
2005-11-22,13.19,13.19,13.19,13.19,-0.26,-1.9331,0
2005-11-23,13.13,13.13,13.13,13.13,-0.06,-0.4549,0
2005-11-25,13.11,13.11,13.11,13.11,-0.02,-0.1523,0
2005-11-28,13.31,13.31,13.31,13.31,0.2,1.5256,0
2005-11-29,13.21,13.21,13.21,13.21,-0.1,-0.7513,0
2005-11-30,13.22,13.22,13.22,13.22,0.01,0.0757,0
2005-12-01,13.11,13.11,13.11,13.11,-0.11,-0.8321,0
2005-12-02,13.04,13.04,13.04,13.04,-0.07,-0.5339,0
2005-12-05,13.02,13.02,13.02,13.02,-0.02,-0.1534,0
2005-12-06,13.02,13.02,13.02,13.02,0.0,0.0,0
2005-12-07,12.94,12.94,12.94,12.94,-0.08,-0.6144,0
2005-12-08,12.92,12.92,12.92,12.92,-0.02,-0.1546,0
2005-12-09,12.86,12.86,12.86,12.86,-0.06,-0.4644,0
2005-12-12,12.9,12.9,12.9,12.9,0.04,0.311,0
2005-12-13,12.92,12.92,12.92,12.92,0.02,0.155,0
2005-12-14,12.81,12.81,12.81,12.81,-0.11,-0.8514,0
2005-12-15,12.78,12.78,12.78,12.78,-0.03,-0.2342,0
2005-12-16,12.93,12.93,12.93,12.93,0.15,1.1737,0
2005-12-19,12.88,12.88,12.88,12.88,-0.05,-0.3867,0
2005-12-20,12.76,12.76,12.76,12.76,-0.12,-0.9317,0
2005-12-21,14.33,14.33,14.33,14.33,1.57,12.3041,0
2005-12-22,14.18,14.18,14.18,14.18,-0.15,-1.0468,0
2005-12-23,14.11,14.11,14.11,14.11,-0.07,-0.4937,0
2005-12-27,14.2,14.2,14.2,14.2,0.09,0.6378,0
2005-12-28,14.11,14.11,14.11,14.11,-0.09,-0.6338,0
2005-12-29,14.1,14.1,14.1,14.1,-0.01,-0.0709,0
2005-12-30,14.09,14.09,14.09,14.09,-0.01,-0.0709,0
2006-01-03,13.88,13.88,13.88,13.88,-0.21,-1.4904,0
2006-01-04,13.84,13.84,13.84,13.84,-0.04,-0.2882,0
2006-01-05,13.73,13.73,13.73,13.73,-0.11,-0.7948,0
2006-01-06,13.53,13.53,13.53,13.53,-0.2,-1.4567,0
2006-01-09,13.29,13.29,13.29,13.29,-0.24,-1.7738,0
2006-01-10,13.04,13.04,13.04,13.04,-0.25,-1.8811,0
2006-01-11,12.84,12.84,12.84,12.84,-0.2,-1.5337,0
2006-01-12,12.99,12.99,12.99,12.99,0.15,1.1682,0
2006-01-13,12.95,12.95,12.95,12.95,-0.04,-0.3079,0
2006-01-17,13.09,13.09,13.09,13.09,0.14,1.0811,0
2006-01-23,14.28,14.28,14.28,14.28,1.19,9.0909,0
2006-01-24,14.02,14.02,14.02,14.02,-0.26,-1.8207,0
2006-01-25,13.82,13.82,13.82,13.82,-0.2,-1.4265,0
2006-01-26,13.68,13.68,13.68,13.68,-0.14,-1.013,0
2006-01-27,13.35,13.35,13.35,13.35,-0.33,-2.4123,0
2006-01-30,13.21,13.21,13.21,13.21,-0.14,-1.0487,0
2006-01-31,13.19,13.19,13.19,13.19,-0.02,-0.1514,0
2006-02-01,13.14,13.14,13.14,13.14,-0.05,-0.3791,0
2006-02-02,13.23,13.23,13.23,13.23,0.09,0.6849,0
2006-02-03,13.17,13.17,13.17,13.17,-0.06,-0.4535,0
2006-02-06,13.23,13.23,13.23,13.23,0.06,0.4556,0
2006-02-07,13.29,13.29,13.29,13.29,0.06,0.4535,0
2006-02-08,13.05,13.05,13.05,13.05,-0.24,-1.8059,0
2006-02-09,12.89,12.89,12.89,12.89,-0.16,-1.2261,0
2006-02-10,12.85,12.85,12.85,12.85,-0.04,-0.3103,0
2006-02-13,13.07,13.07,13.07,13.07,0.22,1.7121,0
2006-02-14,12.93,12.93,12.93,12.93,-0.14,-1.0712,0
2006-02-21,13.67,13.67,13.67,13.67,0.74,5.7231,0
2006-02-22,12.99,12.99,12.99,12.99,-0.68,-4.9744,0
2006-02-23,12.94,12.94,12.94,12.94,-0.05,-0.3849,0
2006-02-24,12.76,12.76,12.76,12.76,-0.18,-1.391,0
2006-02-27,12.71,12.71,12.71,12.71,-0.05,-0.3918,0
2006-02-28,12.8,12.8,12.8,12.8,0.09,0.7081,0
2006-03-01,12.75,12.75,12.75,12.75,-0.05,-0.3906,0
2006-03-02,12.78,12.78,12.78,12.78,0.03,0.2353,0
2006-03-03,12.76,12.76,12.76,12.76,-0.02,-0.1565,0
2006-03-06,12.85,12.85,12.85,12.85,0.09,0.7053,0
2006-03-07,12.94,12.94,12.94,12.94,0.09,0.7004,0
2006-03-08,12.85,12.85,12.85,12.85,-0.09,-0.6955,0
2006-03-09,12.9,12.9,12.9,12.9,0.05,0.3891,0
2006-03-10,12.81,12.81,12.81,12.81,-0.09,-0.6977,0
2006-03-13,12.77,12.77,12.77,12.77,-0.04,-0.3123,0
2006-03-14,12.66,12.66,12.66,12.66,-0.11,-0.8614,0
2006-03-15,12.66,12.66,12.66,12.66,0.0,0.0,0
2006-03-16,12.45,12.45,12.45,12.45,-0.21,-1.6588,0
2006-03-17,12.47,12.47,12.47,12.47,0.02,0.1606,0
2006-03-20,12.56,12.56,12.56,12.56,0.09,0.7217,0
2006-03-21,12.62,12.62,12.62,12.62,0.06,0.4777,0
2006-03-22,13.05,13.05,13.05,13.05,0.43,3.4073,0
2006-03-23,13.03,13.03,13.03,13.03,-0.02,-0.1533,0
2006-03-24,13.02,13.02,13.02,13.02,-0.01,-0.0767,0
2006-03-27,12.98,12.98,12.98,12.98,-0.04,-0.3072,0
2006-03-28,13.0,13.0,13.0,13.0,0.02,0.1541,0
2006-03-29,12.83,12.83,12.83,12.83,-0.17,-1.3077,0
2006-03-30,12.75,12.75,12.75,12.75,-0.08,-0.6235,0
2006-03-31,12.81,12.81,12.81,12.81,0.06,0.4706,0
2006-04-03,12.76,12.76,12.76,12.76,-0.05,-0.3903,0
2006-04-04,12.72,12.72,12.72,12.72,-0.04,-0.3135,0
2006-04-05,12.56,12.56,12.56,12.56,-0.16,-1.2579,0
2006-04-06,12.38,12.38,12.38,12.38,-0.18,-1.4331,0
2006-04-07,12.64,12.64,12.64,12.64,0.26,2.1002,0
2006-04-10,12.72,12.72,12.72,12.72,0.08,0.6329,0
2006-04-11,12.87,12.87,12.87,12.87,0.15,1.1792,0
2006-04-12,12.98,12.98,12.98,12.98,0.11,0.8547,0
2006-04-13,12.95,12.95,12.95,12.95,-0.03,-0.2311,0
2006-04-17,12.99,12.99,12.99,12.99,0.04,0.3089,0
2006-04-18,12.62,12.62,12.62,12.62,-0.37,-2.8483,0
2006-04-24,12.91,12.91,12.91,12.91,0.29,2.2979,0
2006-04-25,12.79,12.79,12.79,12.79,-0.12,-0.9295,0
2006-04-26,12.66,12.66,12.66,12.66,-0.13,-1.0164,0
2006-04-27,12.56,12.56,12.56,12.56,-0.1,-0.7899,0
2006-04-28,12.55,12.55,12.55,12.55,-0.01,-0.0796,0
2006-05-01,12.65,12.65,12.65,12.65,0.1,0.7968,0
2006-05-02,12.52,12.52,12.52,12.52,-0.13,-1.0277,0
2006-05-03,12.67,12.67,12.67,12.67,0.15,1.1981,0
2006-05-04,12.7,12.7,12.7,12.7,0.03,0.2368,0
2006-05-05,12.55,12.55,12.55,12.55,-0.15,-1.1811,0
2006-05-08,12.6,12.6,12.6,12.6,0.05,0.3984,0
2006-05-09,12.53,12.53,12.53,12.53,-0.07,-0.5556,0
2006-05-10,12.46,12.46,12.46,12.46,-0.07,-0.5587,0
2006-05-11,12.78,12.78,12.78,12.78,0.32,2.5682,0
2006-05-12,13.35,13.35,13.35,13.35,0.57,4.4601,0
2006-05-15,13.27,13.27,13.27,13.27,-0.08,-0.5993,0
2006-05-16,13.11,13.11,13.11,13.11,-0.16,-1.2057,0
2006-05-22,15.12,15.12,15.12,15.12,2.01,15.3318,0
2006-05-23,14.91,14.91,14.91,14.91,-0.21,-1.3889,0
2006-05-24,15.24,15.24,15.24,15.24,0.33,2.2133,0
2006-05-25,15.05,15.05,15.05,15.05,-0.19,-1.2467,0
2006-05-26,14.82,14.82,14.82,14.82,-0.23,-1.5282,0
2006-05-30,16.04,16.04,16.04,16.04,1.22,8.2321,0
2006-05-31,15.88,15.88,15.88,15.88,-0.16,-0.9975,0
2006-06-01,15.35,15.35,15.35,15.35,-0.53,-3.3375,0
2006-06-02,14.98,14.98,14.98,14.98,-0.37,-2.4104,0
2006-06-05,15.59,15.59,15.59,15.59,0.61,4.0721,0
2006-06-06,15.88,15.88,15.88,15.88,0.29,1.8602,0
2006-06-07,16.35,16.35,16.35,16.35,0.47,2.9597,0
2006-06-08,16.91,16.91,16.91,16.91,0.56,3.4251,0
2006-06-09,17.02,17.02,17.02,17.02,0.11,0.6505,0
2006-06-12,17.57,17.57,17.57,17.57,0.55,3.2315,0
2006-06-13,18.69,18.69,18.69,18.69,1.12,6.3745,0
2006-06-14,18.94,18.94,18.94,18.94,0.25,1.3376,0
2006-06-15,16.24,16.24,16.24,16.24,-2.7,-14.2555,0
2006-06-16,16.73,16.73,16.73,16.73,0.49,3.0172,0
2006-06-19,16.88,16.88,16.88,16.88,0.15,0.8966,0
2006-06-20,16.62,16.62,16.62,16.62,-0.26,-1.5403,0
2006-06-21,15.99,15.99,15.99,15.99,-0.63,-3.7906,0
2006-06-22,15.98,15.98,15.98,15.98,-0.01,-0.0625,0
2006-06-23,15.75,15.75,15.75,15.75,-0.23,-1.4393,0
2006-06-26,15.59,15.59,15.59,15.59,-0.16,-1.0159,0
2006-06-27,16.04,16.04,16.04,16.04,0.45,2.8865,0
2006-06-28,15.99,15.99,15.99,15.99,-0.05,-0.3117,0
2006-06-29,15.21,15.21,15.21,15.21,-0.78,-4.878,0
2006-06-30,14.87,14.87,14.87,14.87,-0.34,-2.2354,0
2006-07-03,14.63,14.63,14.63,14.63,-0.24,-1.614,0
2006-07-05,15.02,15.02,15.02,15.02,0.39,2.6658,0
2006-07-06,15.24,15.24,15.24,15.24,0.22,1.4647,0
2006-07-07,15.39,15.39,15.39,15.39,0.15,0.9843,0
2006-07-10,15.43,15.43,15.43,15.43,0.04,0.2599,0
2006-07-11,15.22,15.22,15.22,15.22,-0.21,-1.361,0
2006-07-12,15.58,15.58,15.58,15.58,0.36,2.3653,0
2006-07-13,16.69,16.69,16.69,16.69,1.11,7.1245,0
2006-07-14,17.13,17.13,17.13,17.13,0.44,2.6363,0
2006-07-17,16.96,16.96,16.96,16.96,-0.17,-0.9924,0
2006-07-18,16.7,16.7,16.7,16.7,-0.26,-1.533,0
2006-07-24,15.8,15.8,15.8,15.8,-0.9,-5.3892,0
2006-07-25,15.34,15.34,15.34,15.34,-0.46,-2.9114,0
2006-07-26,15.28,15.28,15.28,15.28,-0.06,-0.3911,0
2006-07-27,15.52,15.52,15.52,15.52,0.24,1.5707,0
2006-07-28,15.16,15.16,15.16,15.16,-0.36,-2.3196,0
2006-07-31,15.36,15.36,15.36,15.36,0.2,1.3193,0
2006-08-01,15.74,15.74,15.74,15.74,0.38,2.474,0
2006-08-02,15.46,15.46,15.46,15.46,-0.28,-1.7789,0
2006-08-03,15.31,15.31,15.31,15.31,-0.15,-0.9702,0
2006-08-04,15.52,15.52,15.52,15.52,0.21,1.3717,0
2006-08-07,15.61,15.61,15.61,15.61,0.09,0.5799,0
2006-08-08,15.56,15.56,15.56,15.56,-0.05,-0.3203,0
2006-08-09,15.35,15.35,15.35,15.35,-0.21,-1.3496,0
2006-08-10,15.52,15.52,15.52,15.52,0.17,1.1075,0
2006-08-11,15.61,15.61,15.61,15.61,0.09,0.5799,0
2006-08-14,15.04,15.04,15.04,15.04,-0.57,-3.6515,0
2006-08-15,14.93,14.93,14.93,14.93,-0.11,-0.7314,0
2006-08-21,15.46,15.46,15.46,15.46,0.53,3.5499,0
2006-08-22,15.17,15.17,15.17,15.17,-0.29,-1.8758,0
2006-08-23,15.18,15.18,15.18,15.18,0.01,0.0659,0
2006-08-24,14.83,14.83,14.83,14.83,-0.35,-2.3057,0
2006-08-25,14.61,14.61,14.61,14.61,-0.22,-1.4835,0
2006-08-28,14.47,14.47,14.47,14.47,-0.14,-0.9582,0
2006-08-29,14.49,14.49,14.49,14.49,0.02,0.1382,0
2006-08-30,14.41,14.41,14.41,14.41,-0.08,-0.5521,0
2006-08-31,14.22,14.22,14.22,14.22,-0.19,-1.3185,0
2006-09-01,13.94,13.94,13.94,13.94,-0.28,-1.9691,0
2006-09-05,14.06,14.06,14.06,14.06,0.12,0.8608,0
2006-09-06,14.53,14.53,14.53,14.53,0.47,3.3428,0
2006-09-07,14.7,14.7,14.7,14.7,0.17,1.17,0
2006-09-08,14.63,14.63,14.63,14.63,-0.07,-0.4762,0
2006-09-11,14.74,14.74,14.74,14.74,0.11,0.7519,0
2006-09-12,14.07,14.07,14.07,14.07,-0.67,-4.5455,0
2006-09-13,13.86,13.86,13.86,13.86,-0.21,-1.4925,0
2006-09-14,14.08,14.08,14.08,14.08,0.22,1.5873,0
2006-09-15,14.05,14.05,14.05,14.05,-0.03,-0.2131,0
2006-09-18,13.92,13.92,13.92,13.92,-0.13,-0.9253,0
2006-09-19,13.86,13.86,13.86,13.86,-0.06,-0.431,0
2006-09-20,14.66,14.66,14.66,14.66,0.8,5.772,0
2006-09-21,14.99,14.99,14.99,14.99,0.33,2.251,0
2006-09-22,15.15,15.15,15.15,15.15,0.16,1.0674,0
2006-09-25,14.81,14.81,14.81,14.81,-0.34,-2.2442,0
2006-09-26,14.49,14.49,14.49,14.49,-0.32,-2.1607,0
2006-09-27,14.69,14.69,14.69,14.69,0.2,1.3803,0
2006-09-28,14.63,14.63,14.63,14.63,-0.06,-0.4084,0
2006-09-29,14.63,14.63,14.63,14.63,0.0,0.0,0
2006-10-02,14.83,14.83,14.83,14.83,0.2,1.3671,0
2006-10-03,14.7,14.7,14.7,14.7,-0.13,-0.8766,0
2006-10-04,14.05,14.05,14.05,14.05,-0.65,-4.4218,0
2006-10-05,13.95,13.95,13.95,13.95,-0.1,-0.7117,0
2006-10-06,13.98,13.98,13.98,13.98,0.03,0.2151,0
2006-10-09,13.73,13.73,13.73,13.73,-0.25,-1.7883,0
2006-10-10,13.44,13.44,13.44,13.44,-0.29,-2.1122,0
2006-10-11,13.24,13.24,13.24,13.24,-0.2,-1.4881,0
2006-10-12,12.95,12.95,12.95,12.95,-0.29,-2.1903,0
2006-10-13,12.78,12.78,12.78,12.78,-0.17,-1.3127,0
2006-10-16,12.51,12.51,12.51,12.51,-0.27,-2.1127,0
2006-10-17,12.65,12.65,12.65,12.65,0.14,1.1191,0
2006-10-18,13.59,13.59,13.59,13.59,0.94,7.4308,0
2006-10-19,13.48,13.48,13.48,13.48,-0.11,-0.8094,0
2006-10-20,13.29,13.29,13.29,13.29,-0.19,-1.4095,0
2006-10-23,13.16,13.16,13.16,13.16,-0.13,-0.9782,0
2006-10-24,12.83,12.83,12.83,12.83,-0.33,-2.5076,0
2006-10-25,12.52,12.52,12.52,12.52,-0.31,-2.4162,0
2006-10-26,12.21,12.21,12.21,12.21,-0.31,-2.476,0
2006-10-27,12.26,12.26,12.26,12.26,0.05,0.4095,0
2006-10-30,12.3,12.3,12.3,12.3,0.04,0.3263,0
2006-10-31,12.16,12.16,12.16,12.16,-0.14,-1.1382,0
2006-11-01,12.43,12.43,12.43,12.43,0.27,2.2204,0
2006-11-02,12.49,12.49,12.49,12.49,0.06,0.4827,0
2006-11-03,12.45,12.45,12.45,12.45,-0.04,-0.3203,0
2006-11-06,12.02,12.02,12.02,12.02,-0.43,-3.4538,0
2006-11-07,12.05,12.05,12.05,12.05,0.03,0.2496,0
2006-11-08,11.85,11.85,11.85,11.85,-0.2,-1.6598,0
2006-11-09,11.87,11.87,11.87,11.87,0.02,0.1688,0
2006-11-10,11.98,11.98,11.98,11.98,0.11,0.9267,0
2006-11-13,11.97,11.97,11.97,11.97,-0.01,-0.0835,0
2006-11-14,11.72,11.72,11.72,11.72,-0.25,-2.0886,0
2006-11-15,12.35,12.35,12.35,12.35,0.63,5.3754,0
2006-11-16,12.29,12.29,12.29,12.29,-0.06,-0.4858,0
2006-11-17,12.32,12.32,12.32,12.32,0.03,0.2441,0
2006-11-20,12.36,12.36,12.36,12.36,0.04,0.3247,0
2006-11-21,12.48,12.48,12.48,12.48,0.12,0.9709,0
2006-11-22,12.59,12.59,12.59,12.59,0.11,0.8814,0
2006-11-24,12.84,12.84,12.84,12.84,0.25,1.9857,0
2006-11-27,13.39,13.39,13.39,13.39,0.55,4.2835,0
2006-11-28,12.96,12.96,12.96,12.96,-0.43,-3.2114,0
2006-11-29,12.58,12.58,12.58,12.58,-0.38,-2.9321,0
2006-11-30,12.52,12.52,12.52,12.52,-0.06,-0.4769,0
2006-12-01,12.74,12.74,12.74,12.74,0.22,1.7572,0
2006-12-04,12.5,12.5,12.5,12.5,-0.24,-1.8838,0
2006-12-05,12.55,12.55,12.55,12.55,0.05,0.4,0
2006-12-06,12.69,12.69,12.69,12.69,0.14,1.1155,0
2006-12-07,12.77,12.77,12.77,12.77,0.08,0.6304,0
2006-12-08,12.81,12.81,12.81,12.81,0.04,0.3132,0
2006-12-11,12.6,12.6,12.6,12.6,-0.21,-1.6393,0
2006-12-12,12.51,12.51,12.51,12.51,-0.09,-0.7143,0
2006-12-13,12.43,12.43,12.43,12.43,-0.08,-0.6395,0
2006-12-14,12.53,12.53,12.53,12.53,0.1,0.8045,0
2006-12-15,12.71,12.71,12.71,12.71,0.18,1.4366,0
2006-12-18,12.74,12.74,12.74,12.74,0.03,0.236,0
2006-12-19,12.39,12.39,12.39,12.39,-0.35,-2.7473,0
2006-12-20,13.39,13.39,13.39,13.39,1.0,8.071,0
2006-12-21,13.5,13.5,13.5,13.5,0.11,0.8215,0
2006-12-22,13.68,13.68,13.68,13.68,0.18,1.3333,0
2006-12-26,13.4,13.4,13.4,13.4,-0.28,-2.0468,0
2006-12-27,13.08,13.08,13.08,13.08,-0.32,-2.3881,0
2006-12-28,13.12,13.12,13.12,13.12,0.04,0.3058,0
2006-12-29,13.11,13.11,13.11,13.11,-0.01,-0.0762,0
2007-01-03,13.11,13.11,13.11,13.11,0.0,0.0,0
2007-01-04,13.16,13.16,13.16,13.16,0.05,0.3814,0
2007-01-05,13.48,13.48,13.48,13.48,0.32,2.4316,0
2007-01-08,13.33,13.33,13.33,13.33,-0.15,-1.1128,0
2007-01-09,13.21,13.21,13.21,13.21,-0.12,-0.9002,0
2007-01-10,13.16,13.16,13.16,13.16,-0.05,-0.3785,0
2007-01-11,12.28,12.28,12.28,12.28,-0.88,-6.6869,0
2007-01-12,12.08,12.08,12.08,12.08,-0.2,-1.6287,0
2007-01-16,11.9,11.9,11.9,11.9,-0.18,-1.4901,0
2007-01-17,12.9,12.9,12.9,12.9,1.0,8.4034,0
2007-01-18,12.9,12.9,12.9,12.9,0.0,0.0,0
2007-01-19,12.78,12.78,12.78,12.78,-0.12,-0.9302,0
2007-01-22,12.88,12.88,12.88,12.88,0.1,0.7825,0
2007-01-23,12.58,12.58,12.58,12.58,-0.3,-2.3292,0
2007-01-24,12.51,12.51,12.51,12.51,-0.07,-0.5564,0
2007-01-25,12.78,12.78,12.78,12.78,0.27,2.1583,0
2007-01-26,12.78,12.78,12.78,12.78,0.0,0.0,0
2007-01-29,12.81,12.81,12.81,12.81,0.03,0.2347,0
2007-01-30,12.64,12.64,12.64,12.64,-0.17,-1.3271,0
2007-01-31,12.35,12.35,12.35,12.35,-0.29,-2.2943,0
2007-02-01,12.27,12.27,12.27,12.27,-0.08,-0.6478,0
2007-02-02,12.24,12.24,12.24,12.24,-0.03,-0.2445,0
2007-02-05,12.28,12.28,12.28,12.28,0.04,0.3268,0
2007-02-06,12.03,12.03,12.03,12.03,-0.25,-2.0358,0
2007-02-07,11.89,11.89,11.89,11.89,-0.14,-1.1638,0
2007-02-08,11.97,11.97,11.97,11.97,0.08,0.6728,0
2007-02-09,12.2,12.2,12.2,12.2,0.23,1.9215,0
2007-02-12,12.42,12.42,12.42,12.42,0.22,1.8033,0
2007-02-13,11.99,11.99,11.99,11.99,-0.43,-3.4622,0
2007-02-14,12.8,12.8,12.8,12.8,0.81,6.7556,0
2007-02-15,12.61,12.61,12.61,12.61,-0.19,-1.4844,0
2007-02-16,12.58,12.58,12.58,12.58,-0.03,-0.2379,0
2007-02-20,12.31,12.31,12.31,12.31,-0.27,-2.1463,0
2007-02-21,12.26,12.26,12.26,12.26,-0.05,-0.4062,0
2007-02-22,12.21,12.21,12.21,12.21,-0.05,-0.4078,0
2007-02-23,12.59,12.59,12.59,12.59,0.38,3.1122,0
2007-02-26,12.54,12.54,12.54,12.54,-0.05,-0.3971,0
2007-02-27,14.49,14.49,14.49,14.49,1.95,15.5502,0
2007-02-28,13.55,13.55,13.55,13.55,-0.94,-6.4872,0
2007-03-01,14.04,14.04,14.04,14.04,0.49,3.6162,0
2007-03-02,14.59,14.59,14.59,14.59,0.55,3.9174,0
2007-03-05,15.01,15.01,15.01,15.01,0.42,2.8787,0
2007-03-06,14.12,14.12,14.12,14.12,-0.89,-5.9294,0
2007-03-07,14.17,14.17,14.17,14.17,0.05,0.3541,0
2007-03-08,13.71,13.71,13.71,13.71,-0.46,-3.2463,0
2007-03-09,13.76,13.76,13.76,13.76,0.05,0.3647,0
2007-03-12,13.62,13.62,13.62,13.62,-0.14,-1.0174,0
2007-03-13,14.59,14.59,14.59,14.59,0.97,7.1219,0
2007-03-14,15.15,15.15,15.15,15.15,0.56,3.8382,0
2007-03-15,15.33,15.33,15.33,15.33,0.18,1.1881,0
2007-03-16,15.79,15.79,15.79,15.79,0.46,3.0007,0
2007-03-19,14.89,14.89,14.89,14.89,-0.9,-5.6998,0
2007-03-20,14.38,14.38,14.38,14.38,-0.51,-3.4251,0
2007-03-21,13.6,13.6,13.6,13.6,-0.78,-5.4242,0
2007-03-22,13.72,13.72,13.72,13.72,0.12,0.8824,0
2007-03-23,13.87,13.87,13.87,13.87,0.15,1.0933,0
2007-03-26,13.79,13.79,13.79,13.79,-0.08,-0.5768,0
2007-03-27,13.99,13.99,13.99,13.99,0.2,1.4503,0
2007-03-28,14.59,14.59,14.59,14.59,0.6,4.2888,0
2007-03-29,14.55,14.55,14.55,14.55,-0.04,-0.2742,0
2007-03-30,14.39,14.39,14.39,14.39,-0.16,-1.0997,0
2007-04-02,14.77,14.77,14.77,14.77,0.38,2.6407,0
2007-04-03,14.28,14.28,14.28,14.28,-0.49,-3.3175,0
2007-04-04,14.2,14.2,14.2,14.2,-0.08,-0.5602,0
2007-04-05,14.0,14.0,14.0,14.0,-0.2,-1.4085,0
2007-04-09,14.03,14.03,14.03,14.03,0.03,0.2143,0
2007-04-10,13.59,13.59,13.59,13.59,-0.44,-3.1361,0
2007-04-11,13.99,13.99,13.99,13.99,0.4,2.9433,0
2007-04-12,13.73,13.73,13.73,13.73,-0.26,-1.8585,0
2007-04-13,13.57,13.57,13.57,13.57,-0.16,-1.1653,0
2007-04-16,12.97,12.97,12.97,12.97,-0.6,-4.4215,0
2007-04-17,13.14,13.14,13.14,13.14,0.17,1.3107,0
2007-04-18,13.37,13.37,13.37,13.37,0.23,1.7504,0
2007-04-19,13.53,13.53,13.53,13.53,0.16,1.1967,0
2007-04-20,13.48,13.48,13.48,13.48,-0.05,-0.3695,0
2007-04-23,13.73,13.73,13.73,13.73,0.25,1.8546,0
2007-04-24,13.73,13.73,13.73,13.73,0.0,0.0,0
2007-04-25,13.51,13.51,13.51,13.51,-0.22,-1.6023,0
2007-04-26,13.63,13.63,13.63,13.63,0.12,0.8882,0
2007-04-27,13.54,13.54,13.54,13.54,-0.09,-0.6603,0
2007-04-30,13.86,13.86,13.86,13.86,0.32,2.3634,0
2007-05-01,13.85,13.85,13.85,13.85,-0.01,-0.0722,0
2007-05-02,13.72,13.72,13.72,13.72,-0.13,-0.9386,0
2007-05-03,13.61,13.61,13.61,13.61,-0.11,-0.8017,0
2007-05-04,13.63,13.63,13.63,13.63,0.02,0.147,0
2007-05-07,13.72,13.72,13.72,13.72,0.09,0.6603,0
2007-05-08,13.87,13.87,13.87,13.87,0.15,1.0933,0
2007-05-09,13.78,13.78,13.78,13.78,-0.09,-0.6489,0
2007-05-10,14.2,14.2,14.2,14.2,0.42,3.0479,0
2007-05-11,13.94,13.94,13.94,13.94,-0.26,-1.831,0
2007-05-14,14.15,14.15,14.15,14.15,0.21,1.5065,0
2007-05-15,14.2,14.2,14.2,14.2,0.05,0.3534,0
2007-05-16,14.5,14.5,14.5,14.5,0.3,2.1127,0
2007-05-17,14.63,14.63,14.63,14.63,0.13,0.8966,0
2007-05-18,14.45,14.45,14.45,14.45,-0.18,-1.2303,0
2007-05-21,14.27,14.27,14.27,14.27,-0.18,-1.2457,0
2007-05-22,14.35,14.35,14.35,14.35,0.08,0.5606,0
2007-05-23,14.34,14.34,14.34,14.34,-0.01,-0.0697,0
2007-05-24,14.71,14.71,14.71,14.71,0.37,2.5802,0
2007-05-25,14.64,14.64,14.64,14.64,-0.07,-0.4759,0
2007-05-29,14.43,14.43,14.43,14.43,-0.21,-1.4344,0
2007-05-30,14.34,14.34,14.34,14.34,-0.09,-0.6237,0
2007-05-31,14.26,14.26,14.26,14.26,-0.08,-0.5579,0
2007-06-01,14.29,14.29,14.29,14.29,0.03,0.2104,0
2007-06-04,14.34,14.34,14.34,14.34,0.05,0.3499,0
2007-06-05,14.39,14.39,14.39,14.39,0.05,0.3487,0
2007-06-06,14.76,14.76,14.76,14.76,0.37,2.5712,0
2007-06-07,15.32,15.32,15.32,15.32,0.56,3.794,0
2007-06-08,15.14,15.14,15.14,15.14,-0.18,-1.1749,0
2007-06-11,14.87,14.87,14.87,14.87,-0.27,-1.7834,0
2007-06-12,15.27,15.27,15.27,15.27,0.4,2.69,0
2007-06-13,14.97,14.97,14.97,14.97,-0.3,-1.9646,0
2007-06-14,14.65,14.65,14.65,14.65,-0.32,-2.1376,0
2007-06-15,14.43,14.43,14.43,14.43,-0.22,-1.5017,0
2007-06-18,14.48,14.48,14.48,14.48,0.05,0.3465,0
2007-06-19,14.18,14.18,14.18,14.18,-0.3,-2.0718,0
2007-06-20,15.13,15.13,15.13,15.13,0.95,6.6996,0
2007-06-21,15.38,15.38,15.38,15.38,0.25,1.6523,0
2007-06-22,15.81,15.81,15.81,15.81,0.43,2.7958,0
2007-06-25,16.05,16.05,16.05,16.05,0.24,1.518,0
2007-06-26,16.53,16.53,16.53,16.53,0.48,2.9907,0
2007-06-27,15.7,15.7,15.7,15.7,-0.83,-5.0212,0
2007-06-28,15.84,15.84,15.84,15.84,0.14,0.8917,0
2007-06-29,16.16,16.16,16.16,16.16,0.32,2.0202,0
2007-07-02,15.9,15.9,15.9,15.9,-0.26,-1.6089,0
2007-07-03,15.73,15.73,15.73,15.73,-0.17,-1.0692,0
2007-07-05,16.03,16.03,16.03,16.03,0.3,1.9072,0
2007-07-06,15.73,15.73,15.73,15.73,-0.3,-1.8715,0
2007-07-09,15.73,15.73,15.73,15.73,0.0,0.0,0
2007-07-10,16.72,16.72,16.72,16.72,0.99,6.2937,0
2007-07-11,16.65,16.65,16.65,16.65,-0.07,-0.4187,0
2007-07-12,16.42,16.42,16.42,16.42,-0.23,-1.3814,0
2007-07-13,16.5,16.5,16.5,16.5,0.08,0.4872,0
2007-07-16,16.7,16.7,16.7,16.7,0.2,1.2121,0
2007-07-17,16.84,16.84,16.84,16.84,0.14,0.8383,0
2007-07-18,17.42,17.42,17.42,17.42,0.58,3.4442,0
2007-07-19,17.36,17.36,17.36,17.36,-0.06,-0.3444,0
2007-07-20,17.76,17.76,17.76,17.76,0.4,2.3041,0
2007-07-23,17.63,17.63,17.63,17.63,-0.13,-0.732,0
2007-07-24,18.14,18.14,18.14,18.14,0.51,2.8928,0
2007-07-25,18.18,18.18,18.18,18.18,0.04,0.2205,0
2007-07-26,19.4,19.4,19.4,19.4,1.22,6.7107,0
2007-07-27,19.71,19.71,19.71,19.71,0.31,1.5979,0
2007-07-30,19.35,19.35,19.35,19.35,-0.36,-1.8265,0
2007-07-31,20.77,20.77,20.77,20.77,1.42,7.3385,0
2007-08-01,21.45,21.45,21.45,21.45,0.68,3.274,0
2007-08-02,20.65,20.65,20.65,20.65,-0.8,-3.7296,0
2007-08-03,22.29,22.29,22.29,22.29,1.64,7.9419,0
2007-08-06,21.84,21.84,21.84,21.84,-0.45,-2.0188,0
2007-08-07,20.27,20.27,20.27,20.27,-1.57,-7.1886,0
2007-08-08,20.25,20.25,20.25,20.25,-0.02,-0.0987,0
2007-08-09,22.95,22.95,22.95,22.95,2.7,13.3333,0
2007-08-10,23.63,23.63,23.63,23.63,0.68,2.963,0
2007-08-13,23.2,23.2,23.2,23.2,-0.43,-1.8197,0
2007-08-14,24.3,24.3,24.3,24.3,1.1,4.7414,0
2007-08-15,25.18,25.18,25.18,25.18,0.88,3.6214,0
2007-08-16,27.25,27.25,27.25,27.25,2.07,8.2208,0
2007-08-17,26.47,26.47,26.47,26.47,-0.78,-2.8624,0
2007-08-20,24.45,24.45,24.45,24.45,-2.02,-7.6313,0
2007-08-21,23.85,23.85,23.85,23.85,-0.6,-2.454,0
2007-08-22,21.73,21.73,21.73,21.73,-2.12,-8.8889,0
2007-08-23,22.07,22.07,22.07,22.07,0.34,1.5647,0
2007-08-24,21.29,21.29,21.29,21.29,-0.78,-3.5342,0
2007-08-27,22.29,22.29,22.29,22.29,1.0,4.697,0
2007-08-28,24.16,24.16,24.16,24.16,1.87,8.3894,0
2007-08-29,23.32,23.32,23.32,23.32,-0.84,-3.4768,0
2007-08-30,23.41,23.41,23.41,23.41,0.09,0.3859,0
2007-08-31,22.7,22.7,22.7,22.7,-0.71,-3.0329,0
2007-09-04,21.87,21.87,21.87,21.87,-0.83,-3.6564,0
2007-09-05,23.06,23.06,23.06,23.06,1.19,5.4412,0
2007-09-06,22.89,22.89,22.89,22.89,-0.17,-0.7372,0
2007-09-07,24.1,24.1,24.1,24.1,1.21,5.2862,0
2007-09-10,24.67,24.67,24.67,24.67,0.57,2.3651,0
2007-09-11,23.62,23.62,23.62,23.62,-1.05,-4.2562,0
2007-09-12,23.88,23.88,23.88,23.88,0.26,1.1008,0
2007-09-13,23.76,23.76,23.76,23.76,-0.12,-0.5025,0
2007-09-14,23.78,23.78,23.78,23.78,0.02,0.0842,0
2007-09-17,24.34,24.34,24.34,24.34,0.56,2.3549,0
2007-09-18,21.39,21.39,21.39,21.39,-2.95,-12.12,0
2007-09-19,20.23,20.23,20.23,20.23,-1.16,-5.4231,0
2007-09-20,20.75,20.75,20.75,20.75,0.52,2.5704,0
2007-09-21,19.98,19.98,19.98,19.98,-0.77,-3.7108,0
2007-09-24,19.91,19.91,19.91,19.91,-0.07,-0.3504,0
2007-09-25,20.11,20.11,20.11,20.11,0.2,1.0045,0
2007-09-26,19.56,19.56,19.56,19.56,-0.55,-2.735,0
2007-09-27,19.39,19.39,19.39,19.39,-0.17,-0.8691,0
2007-09-28,19.79,19.79,19.79,19.79,0.4,2.0629,0
2007-10-01,19.34,19.34,19.34,19.34,-0.45,-2.2739,0
2007-10-02,19.69,19.69,19.69,19.69,0.35,1.8097,0
2007-10-03,19.99,19.99,19.99,19.99,0.3,1.5236,0
2007-10-04,20.15,20.15,20.15,20.15,0.16,0.8004,0
2007-10-05,19.27,19.27,19.27,19.27,-0.88,-4.3672,0
2007-10-08,19.51,19.51,19.51,19.51,0.24,1.2455,0
2007-10-09,18.64,18.64,18.64,18.64,-0.87,-4.4593,0
2007-10-10,18.62,18.62,18.62,18.62,-0.02,-0.1073,0
2007-10-11,19.8,19.8,19.8,19.8,1.18,6.3373,0
2007-10-12,19.45,19.45,19.45,19.45,-0.35,-1.7677,0
2007-10-15,20.41,20.41,20.41,20.41,0.96,4.9357,0
2007-10-16,21.33,21.33,21.33,21.33,0.92,4.5076,0
2007-10-17,20.95,20.95,20.95,20.95,-0.38,-1.7815,0
2007-10-18,20.92,20.92,20.92,20.92,-0.03,-0.1432,0
2007-10-19,22.3,22.3,22.3,22.3,1.38,6.5966,0
2007-10-22,21.74,21.74,21.74,21.74,-0.56,-2.5112,0
2007-10-23,21.23,21.23,21.23,21.23,-0.51,-2.3459,0
2007-10-24,21.57,21.57,21.57,21.57,0.34,1.6015,0
2007-10-25,21.68,21.68,21.68,21.68,0.11,0.51,0
2007-10-26,21.04,21.04,21.04,21.04,-0.64,-2.952,0
2007-10-29,20.91,20.91,20.91,20.91,-0.13,-0.6179,0
2007-10-30,21.64,21.64,21.64,21.64,0.73,3.4912,0
2007-10-31,20.3,20.3,20.3,20.3,-1.34,-6.1922,0
2007-11-01,22.46,22.46,22.46,22.46,2.16,10.6404,0
2007-11-02,23.07,23.07,23.07,23.07,0.61,2.7159,0
2007-11-05,23.91,23.91,23.91,23.91,0.84,3.6411,0
2007-11-06,22.92,22.92,22.92,22.92,-0.99,-4.1405,0
2007-11-07,25.23,25.23,25.23,25.23,2.31,10.0785,0
2007-11-08,25.05,25.05,25.05,25.05,-0.18,-0.7134,0
2007-11-09,26.36,26.36,26.36,26.36,1.31,5.2295,0
2007-11-12,26.64,26.64,26.64,26.64,0.28,1.0622,0
2007-11-13,24.82,24.82,24.82,24.82,-1.82,-6.8318,0
2007-11-14,25.15,25.15,25.15,25.15,0.33,1.3296,0
2007-11-15,26.7,26.7,26.7,26.7,1.55,6.163,0
2007-11-16,26.45,26.45,26.45,26.45,-0.25,-0.9363,0
2007-11-19,26.92,26.92,26.92,26.92,0.47,1.7769,0
2007-11-20,26.18,26.18,26.18,26.18,-0.74,-2.7489,0
2007-11-21,26.74,26.74,26.74,26.74,0.56,2.139,0
2007-11-23,25.98,25.98,25.98,25.98,-0.76,-2.8422,0
2007-11-26,26.97,26.97,26.97,26.97,0.99,3.8106,0
2007-11-27,26.53,26.53,26.53,26.53,-0.44,-1.6314,0
2007-11-28,24.66,24.66,24.66,24.66,-1.87,-7.0486,0
2007-11-29,24.77,24.77,24.77,24.77,0.11,0.4461,0
2007-11-30,24.37,24.37,24.37,24.37,-0.4,-1.6149,0
2007-12-03,24.56,24.56,24.56,24.56,0.19,0.7796,0
2007-12-04,24.83,24.83,24.83,24.83,0.27,1.0993,0
2007-12-05,23.95,23.95,23.95,23.95,-0.88,-3.5441,0
2007-12-06,22.94,22.94,22.94,22.94,-1.01,-4.2171,0
2007-12-07,23.27,23.27,23.27,23.27,0.33,1.4385,0
2007-12-10,22.92,22.92,22.92,22.92,-0.35,-1.5041,0
2007-12-11,23.91,23.91,23.91,23.91,0.99,4.3194,0
2007-12-12,23.76,23.76,23.76,23.76,-0.15,-0.6274,0
2007-12-13,23.95,23.95,23.95,23.95,0.19,0.7997,0
2007-12-14,24.66,24.66,24.66,24.66,0.71,2.9645,0
2007-12-17,25.45,25.45,25.45,25.45,0.79,3.2036,0
2007-12-18,24.57,24.57,24.57,24.57,-0.88,-3.4578,0
2007-12-19,24.38,24.38,24.38,24.38,-0.19,-0.7733,0
2007-12-20,24.1,24.1,24.1,24.1,-0.28,-1.1485,0
2007-12-21,23.29,23.29,23.29,23.29,-0.81,-3.361,0
2007-12-24,22.95,22.95,22.95,22.95,-0.34,-1.4599,0
2007-12-26,22.79,22.79,22.79,22.79,-0.16,-0.6972,0
2007-12-27,23.52,23.52,23.52,23.52,0.73,3.2032,0
2007-12-28,23.72,23.72,23.72,23.72,0.2,0.8503,0
2007-12-31,24.19,24.19,24.19,24.19,0.47,1.9815,0
2008-01-02,24.49,24.49,24.49,24.49,0.3,1.2402,0
2008-01-03,24.52,24.52,24.52,24.52,0.03,0.1225,0
2008-01-04,25.3,25.3,25.3,25.3,0.78,3.1811,0
2008-01-07,24.81,24.81,24.81,24.81,-0.49,-1.9368,0
2008-01-08,25.9,25.9,25.9,25.9,1.09,4.3934,0
2008-01-09,25.78,25.78,25.78,25.78,-0.12,-0.4633,0
2008-01-10,24.95,24.95,24.95,24.95,-0.83,-3.2196,0
2008-01-11,26.15,26.15,26.15,26.15,1.2,4.8096,0
2008-01-14,25.1,25.1,25.1,25.1,-1.05,-4.0153,0
2008-01-15,25.24,25.24,25.24,25.24,0.14,0.5578,0
2008-01-16,25.03,25.03,25.03,25.03,-0.21,-0.832,0
2008-01-17,26.62,26.62,26.62,26.62,1.59,6.3524,0
2008-01-18,26.71,26.71,26.71,26.71,0.09,0.3381,0
2008-01-22,26.38,26.38,26.38,26.38,-0.33,-1.2355,0
2008-01-23,25.3,25.3,25.3,25.3,-1.08,-4.094,0
2008-01-24,25.34,25.34,25.34,25.34,0.04,0.1581,0
2008-01-25,25.8,25.8,25.8,25.8,0.46,1.8153,0
2008-01-28,25.37,25.37,25.37,25.37,-0.43,-1.6667,0
2008-01-29,25.25,25.25,25.25,25.25,-0.12,-0.473,0
2008-01-30,25.56,25.56,25.56,25.56,0.31,1.2277,0
2008-01-31,25.31,25.31,25.31,25.31,-0.25,-0.9781,0
2008-02-01,24.66,24.66,24.66,24.66,-0.65,-2.5682,0
2008-02-04,25.56,25.56,25.56,25.56,0.9,3.6496,0
2008-02-05,26.92,26.92,26.92,26.92,1.36,5.3208,0
2008-02-06,27.6,27.6,27.6,27.6,0.68,2.526,0
2008-02-07,27.25,27.25,27.25,27.25,-0.35,-1.2681,0
2008-02-08,27.63,27.63,27.63,27.63,0.38,1.3945,0
2008-02-11,26.97,26.97,26.97,26.97,-0.66,-2.3887,0
2008-02-12,26.72,26.72,26.72,26.72,-0.25,-0.927,0
2008-02-13,25.81,25.81,25.81,25.81,-0.91,-3.4057,0
2008-02-14,26.18,26.18,26.18,26.18,0.37,1.4336,0
2008-02-15,25.93,25.93,25.93,25.93,-0.25,-0.9549,0
2008-02-19,25.61,25.61,25.61,25.61,-0.32,-1.2341,0
2008-02-20,25.41,25.41,25.41,25.41,-0.2,-0.7809,0
2008-02-21,25.45,25.45,25.45,25.45,0.04,0.1574,0
2008-02-22,24.83,24.83,24.83,24.83,-0.62,-2.4361,0
2008-02-25,24.34,24.34,24.34,24.34,-0.49,-1.9734,0
2008-02-26,24.18,24.18,24.18,24.18,-0.16,-0.6574,0
2008-02-27,24.45,24.45,24.45,24.45,0.27,1.1166,0
2008-02-28,25.1,25.1,25.1,25.1,0.65,2.6585,0
2008-02-29,26.36,26.36,26.36,26.36,1.26,5.0199,0
2008-03-03,26.25,26.25,26.25,26.25,-0.11,-0.4173,0
2008-03-04,25.79,25.79,25.79,25.79,-0.46,-1.7524,0
2008-03-05,25.38,25.38,25.38,25.38,-0.41,-1.5898,0
2008-03-06,26.99,26.99,26.99,26.99,1.61,6.3436,0
2008-03-07,26.87,26.87,26.87,26.87,-0.12,-0.4446,0
2008-03-10,27.6,27.6,27.6,27.6,0.73,2.7168,0
2008-03-11,26.09,26.09,26.09,26.09,-1.51,-5.471,0
2008-03-12,26.92,26.92,26.92,26.92,0.83,3.1813,0
2008-03-13,27.02,27.02,27.02,27.02,0.1,0.3715,0
2008-03-14,28.52,28.52,28.52,28.52,1.5,5.5514,0
2008-03-17,28.54,28.54,28.54,28.54,0.02,0.0701,0
2008-03-18,26.2,26.2,26.2,26.2,-2.34,-8.199,0
2008-03-19,26.53,26.53,26.53,26.53,0.33,1.2595,0
2008-03-20,26.08,26.08,26.08,26.08,-0.45,-1.6962,0
2008-03-24,25.71,25.71,25.71,25.71,-0.37,-1.4187,0
2008-03-25,25.87,25.87,25.87,25.87,0.16,0.6223,0
2008-03-26,26.32,26.32,26.32,26.32,0.45,1.7395,0
2008-03-27,26.46,26.46,26.46,26.46,0.14,0.5319,0
2008-03-28,26.59,26.59,26.59,26.59,0.13,0.4913,0
2008-03-31,26.3,26.3,26.3,26.3,-0.29,-1.0906,0
2008-04-01,24.85,24.85,24.85,24.85,-1.45,-5.5133,0
2008-04-02,25.03,25.03,25.03,25.03,0.18,0.7243,0
2008-04-03,24.94,24.94,24.94,24.94,-0.09,-0.3596,0
2008-04-04,24.95,24.95,24.95,24.95,0.01,0.0401,0
2008-04-07,24.26,24.26,24.26,24.26,-0.69,-2.7655,0
2008-04-08,24.07,24.07,24.07,24.07,-0.19,-0.7832,0
2008-04-09,24.66,24.66,24.66,24.66,0.59,2.4512,0
2008-04-10,24.33,24.33,24.33,24.33,-0.33,-1.3382,0
2008-04-11,24.98,24.98,24.98,24.98,0.65,2.6716,0
2008-04-14,24.88,24.88,24.88,24.88,-0.1,-0.4003,0
2008-04-15,24.41,24.41,24.41,24.41,-0.47,-1.8891,0
2008-04-16,23.23,23.23,23.23,23.23,-1.18,-4.8341,0
2008-04-17,23.55,23.55,23.55,23.55,0.32,1.3775,0
2008-04-18,22.84,22.84,22.84,22.84,-0.71,-3.0149,0
2008-04-21,22.43,22.43,22.43,22.43,-0.41,-1.7951,0
2008-04-22,22.62,22.62,22.62,22.62,0.19,0.8471,0
2008-04-23,22.41,22.41,22.41,22.41,-0.21,-0.9284,0
2008-04-24,22.05,22.05,22.05,22.05,-0.36,-1.6064,0
2008-04-25,21.52,21.52,21.52,21.52,-0.53,-2.4036,0
2008-04-28,21.33,21.33,21.33,21.33,-0.19,-0.8829,0
2008-04-29,21.59,21.59,21.59,21.59,0.26,1.2189,0
2008-04-30,22.14,22.14,22.14,22.14,0.55,2.5475,0
2008-05-01,20.95,20.95,20.95,20.95,-1.19,-5.3749,0
2008-05-02,20.63,20.63,20.63,20.63,-0.32,-1.5274,0
2008-05-05,20.99,20.99,20.99,20.99,0.36,1.745,0
2008-05-06,20.26,20.26,20.26,20.26,-0.73,-3.4778,0
2008-05-07,21.21,21.21,21.21,21.21,0.95,4.689,0
2008-05-08,21.25,21.25,21.25,21.25,0.04,0.1886,0
2008-05-09,21.45,21.45,21.45,21.45,0.2,0.9412,0
2008-05-12,20.82,20.82,20.82,20.82,-0.63,-2.9371,0
2008-05-13,20.78,20.78,20.78,20.78,-0.04,-0.1921,0
2008-05-14,20.32,20.32,20.32,20.32,-0.46,-2.2137,0
2008-05-15,19.88,19.88,19.88,19.88,-0.44,-2.1654,0
2008-05-16,20.14,20.14,20.14,20.14,0.26,1.3078,0
2008-05-19,19.76,19.76,19.76,19.76,-0.38,-1.8868,0
2008-05-20,20.82,20.82,20.82,20.82,1.06,5.3644,0
2008-05-21,23.58,23.58,23.58,23.58,2.76,13.2565,0
2008-05-22,23.56,23.56,23.56,23.56,-0.02,-0.0848,0
2008-05-23,24.04,24.04,24.04,24.04,0.48,2.0374,0
2008-05-27,23.7,23.7,23.7,23.7,-0.34,-1.4143,0
2008-05-28,23.25,23.25,23.25,23.25,-0.45,-1.8987,0
2008-05-29,22.07,22.07,22.07,22.07,-1.18,-5.0753,0
2008-05-30,21.77,21.77,21.77,21.77,-0.3,-1.3593,0
2008-06-02,22.8,22.8,22.8,22.8,1.03,4.7313,0
2008-06-03,23.18,23.18,23.18,23.18,0.38,1.6667,0
2008-06-04,23.09,23.09,23.09,23.09,-0.09,-0.3883,0
2008-06-05,22.13,22.13,22.13,22.13,-0.96,-4.1576,0
2008-06-06,23.94,23.94,23.94,23.94,1.81,8.1789,0
2008-06-09,23.43,23.43,23.43,23.43,-0.51,-2.1303,0
2008-06-10,23.47,23.47,23.47,23.47,0.04,0.1707,0
2008-06-11,24.05,24.05,24.05,24.05,0.58,2.4712,0
2008-06-12,23.88,23.88,23.88,23.88,-0.17,-0.7069,0
2008-06-13,23.0,23.0,23.0,23.0,-0.88,-3.6851,0
2008-06-16,22.74,22.74,22.74,22.74,-0.26,-1.1304,0
2008-06-17,22.68,22.68,22.68,22.68,-0.06,-0.2639,0
2008-06-18,23.37,23.37,23.37,23.37,0.69,3.0423,0
2008-06-19,23.17,23.17,23.17,23.17,-0.2,-0.8558,0
2008-06-20,23.43,23.43,23.43,23.43,0.26,1.1221,0
2008-06-23,23.49,23.49,23.49,23.49,0.06,0.2561,0
2008-06-24,23.7,23.7,23.7,23.7,0.21,0.894,0
2008-06-25,22.75,22.75,22.75,22.75,-0.95,-4.0084,0
2008-06-26,24.25,24.25,24.25,24.25,1.5,6.5934,0
2008-06-27,24.18,24.18,24.18,24.18,-0.07,-0.2887,0
2008-06-30,23.93,23.93,23.93,23.93,-0.25,-1.0339,0
2008-07-01,23.8,23.8,23.8,23.8,-0.13,-0.5433,0
2008-07-02,24.95,24.95,24.95,24.95,1.15,4.8319,0
2008-07-03,24.69,24.69,24.69,24.69,-0.26,-1.0421,0
2008-07-07,24.78,24.78,24.78,24.78,0.09,0.3645,0
2008-07-08,23.54,23.54,23.54,23.54,-1.24,-5.004,0
2008-07-09,24.69,24.69,24.69,24.69,1.15,4.8853,0
2008-07-10,24.86,24.86,24.86,24.86,0.17,0.6885,0
2008-07-11,25.25,25.25,25.25,25.25,0.39,1.5688,0
2008-07-14,25.89,25.89,25.89,25.89,0.64,2.5347,0
2008-07-15,26.12,26.12,26.12,26.12,0.23,0.8884,0
2008-07-16,24.48,24.48,24.48,24.48,-1.64,-6.2787,0
2008-07-17,23.99,23.99,23.99,23.99,-0.49,-2.0016,0
2008-07-18,23.8,23.8,23.8,23.8,-0.19,-0.792,0
2008-07-21,23.44,23.44,23.44,23.44,-0.36,-1.5126,0
2008-07-22,22.74,22.74,22.74,22.74,-0.7,-2.9863,0
2008-07-23,22.78,22.78,22.78,22.78,0.04,0.1759,0
2008-07-24,23.72,23.72,23.72,23.72,0.94,4.1264,0
2008-07-25,23.63,23.63,23.63,23.63,-0.09,-0.3794,0
2008-07-28,24.24,24.24,24.24,24.24,0.61,2.5815,0
2008-07-29,22.99,22.99,22.99,22.99,-1.25,-5.1568,0
2008-07-30,22.1,22.1,22.1,22.1,-0.89,-3.8712,0
2008-07-31,22.94,22.94,22.94,22.94,0.84,3.8009,0
2008-08-01,23.04,23.04,23.04,23.04,0.1,0.4359,0
2008-08-04,23.01,23.01,23.01,23.01,-0.03,-0.1302,0
2008-08-05,22.12,22.12,22.12,22.12,-0.89,-3.8679,0
2008-08-06,21.58,21.58,21.58,21.58,-0.54,-2.4412,0
2008-08-07,22.52,22.52,22.52,22.52,0.94,4.3559,0
2008-08-08,21.87,21.87,21.87,21.87,-0.65,-2.8863,0
2008-08-11,21.68,21.68,21.68,21.68,-0.19,-0.8688,0
2008-08-12,22.46,22.46,22.46,22.46,0.78,3.5978,0
2008-08-13,22.93,22.93,22.93,22.93,0.47,2.0926,0
2008-08-14,22.15,22.15,22.15,22.15,-0.78,-3.4017,0
2008-08-15,21.92,21.92,21.92,21.92,-0.23,-1.0384,0
2008-08-18,22.21,22.21,22.21,22.21,0.29,1.323,0
2008-08-19,22.93,22.93,22.93,22.93,0.72,3.2418,0
2008-08-20,23.16,23.16,23.16,23.16,0.23,1.0031,0
2008-08-21,23.25,23.25,23.25,23.25,0.09,0.3886,0
2008-08-22,22.92,22.92,22.92,22.92,-0.33,-1.4194,0
2008-08-25,23.45,23.45,23.45,23.45,0.53,2.3124,0
2008-08-26,23.24,23.24,23.24,23.24,-0.21,-0.8955,0
2008-08-27,22.94,22.94,22.94,22.94,-0.3,-1.2909,0
2008-08-28,22.68,22.68,22.68,22.68,-0.26,-1.1334,0
2008-08-29,22.99,22.99,22.99,22.99,0.31,1.3668,0
2008-09-02,23.19,23.19,23.19,23.19,0.2,0.8699,0
2008-09-03,23.1,23.1,23.1,23.1,-0.09,-0.3881,0
2008-09-04,24.31,24.31,24.31,24.31,1.21,5.2381,0
2008-09-05,23.98,23.98,23.98,23.98,-0.33,-1.3575,0
2008-09-08,23.39,23.39,23.39,23.39,-0.59,-2.4604,0
2008-09-09,24.71,24.71,24.71,24.71,1.32,5.6434,0
2008-09-10,24.31,24.31,24.31,24.31,-0.4,-1.6188,0
2008-09-11,24.49,24.49,24.49,24.49,0.18,0.7404,0
2008-09-12,24.57,24.57,24.57,24.57,0.08,0.3267,0
2008-09-15,25.73,25.73,25.73,25.73,1.16,4.7212,0
2008-09-16,25.17,25.17,25.17,25.17,-0.56,-2.1764,0
2008-09-17,25.93,25.93,25.93,25.93,0.76,3.0195,0
2008-09-18,25.01,25.01,25.01,25.01,-0.92,-3.548,0
2008-09-19,24.38,24.38,24.38,24.38,-0.63,-2.519,0
2008-09-22,25.41,25.41,25.41,25.41,1.03,4.2248,0
2008-09-23,26.85,26.85,26.85,26.85,1.44,5.6671,0
2008-09-24,26.68,26.68,26.68,26.68,-0.17,-0.6331,0
2008-09-25,25.99,25.99,25.99,25.99,-0.69,-2.5862,0
2008-09-26,26.25,26.25,26.25,26.25,0.26,1.0004,0
2008-09-29,29.84,29.84,29.84,29.84,3.59,13.6762,0
2008-09-30,28.22,28.22,28.22,28.22,-1.62,-5.429,0
2008-10-01,28.85,28.85,28.85,28.85,0.63,2.2325,0
2008-10-02,30.64,30.64,30.64,30.64,1.79,6.2045,0
2008-10-03,31.2,31.2,31.2,31.2,0.56,1.8277,0
2008-10-06,31.94,31.94,31.94,31.94,0.74,2.3718,0
2008-10-07,34.32,34.32,34.32,34.32,2.38,7.4515,0
2008-10-08,35.39,35.39,35.39,35.39,1.07,3.1177,0
2008-10-09,37.68,37.68,37.68,37.68,2.29,6.4708,0
2008-10-10,38.31,38.31,38.31,38.31,0.63,1.672,0
2008-10-13,36.07,36.07,36.07,36.07,-2.24,-5.847,0
2008-10-14,37.94,37.94,37.94,37.94,1.87,5.1844,0
2008-10-15,42.7,42.7,42.7,42.7,4.76,12.5461,0
2008-10-16,42.78,42.78,42.78,42.78,0.08,0.1874,0
2008-10-17,47.04,47.04,47.04,47.04,4.26,9.9579,0
2008-10-20,45.05,45.05,45.05,45.05,-1.99,-4.2304,0
2008-10-21,43.8,43.8,43.8,43.8,-1.25,-2.7747,0
2008-10-22,39.71,39.71,39.71,39.71,-4.09,-9.3379,0
2008-10-23,40.14,40.14,40.14,40.14,0.43,1.0829,0
2008-10-24,43.56,43.56,43.56,43.56,3.42,8.5202,0
2008-10-27,44.88,44.88,44.88,44.88,1.32,3.0303,0
2008-10-28,42.77,42.77,42.77,42.77,-2.11,-4.7014,0
2008-10-29,44.16,44.16,44.16,44.16,1.39,3.2499,0
2008-10-30,44.2,44.2,44.2,44.2,0.04,0.0906,0
2008-10-31,44.93,44.93,44.93,44.93,0.73,1.6516,0
2008-11-03,44.71,44.71,44.71,44.71,-0.22,-0.4897,0
2008-11-04,41.86,41.86,41.86,41.86,-2.85,-6.3744,0
2008-11-05,43.85,43.85,43.85,43.85,1.99,4.7539,0
2008-11-06,47.8,47.8,47.8,47.8,3.95,9.008,0
2008-11-07,47.48,47.48,47.48,47.48,-0.32,-0.6695,0
2008-11-10,48.2,48.2,48.2,48.2,0.72,1.5164,0
2008-11-11,49.38,49.38,49.38,49.38,1.18,2.4481,0
2008-11-12,52.92,52.92,52.92,52.92,3.54,7.1689,0
2008-11-13,50.03,50.03,50.03,50.03,-2.89,-5.4611,0
2008-11-14,53.51,53.51,53.51,53.51,3.48,6.9558,0
2008-11-17,56.25,56.25,56.25,56.25,2.74,5.1205,0
2008-11-18,57.29,57.29,57.29,57.29,1.04,1.8489,0
2008-11-19,56.87,56.87,56.87,56.87,-0.42,-0.7331,0
2008-11-20,59.77,59.77,59.77,59.77,2.9,5.0993,0
2008-11-21,56.9,56.9,56.9,56.9,-2.87,-4.8017,0
2008-11-24,54.15,54.15,54.15,54.15,-2.75,-4.833,0
2008-11-25,52.61,52.61,52.61,52.61,-1.54,-2.844,0
2008-11-26,50.85,50.85,50.85,50.85,-1.76,-3.3454,0
2008-11-28,50.6,50.6,50.6,50.6,-0.25,-0.4916,0
2008-12-01,56.29,56.29,56.29,56.29,5.69,11.2451,0
2008-12-02,55.3,55.3,55.3,55.3,-0.99,-1.7587,0
2008-12-03,55.21,55.21,55.21,55.21,-0.09,-0.1627,0
2008-12-04,57.62,57.62,57.62,57.62,2.41,4.3652,0
2008-12-05,56.75,56.75,56.75,56.75,-0.87,-1.5099,0
2008-12-08,54.67,54.67,54.67,54.67,-2.08,-3.6652,0
2008-12-09,55.38,55.38,55.38,55.38,0.71,1.2987,0
2008-12-10,54.44,54.44,54.44,54.44,-0.94,-1.6974,0
2008-12-11,55.32,55.32,55.32,55.32,0.88,1.6165,0
2008-12-12,54.46,54.46,54.46,54.46,-0.86,-1.5546,0
2008-12-15,54.84,54.84,54.84,54.84,0.38,0.6978,0
2008-12-16,52.25,52.25,52.25,52.25,-2.59,-4.7228,0
2008-12-17,49.94,49.94,49.94,49.94,-2.31,-4.4211,0
2008-12-18,48.93,48.93,48.93,48.93,-1.01,-2.0224,0
2008-12-19,46.53,46.53,46.53,46.53,-2.4,-4.905,0
2008-12-22,45.63,45.63,45.63,45.63,-0.9,-1.9342,0
2008-12-23,46.54,46.54,46.54,46.54,0.91,1.9943,0
2008-12-24,45.96,45.96,45.96,45.96,-0.58,-1.2462,0
2008-12-26,45.65,45.65,45.65,45.65,-0.31,-0.6745,0
2008-12-29,46.76,46.76,46.76,46.76,1.11,2.4315,0
2008-12-30,45.08,45.08,45.08,45.08,-1.68,-3.5928,0
2008-12-31,42.93,42.93,42.93,42.93,-2.15,-4.7693,0
2009-01-02,39.91,39.91,39.91,39.91,-3.02,-7.0347,0
2009-01-05,40.16,40.16,40.16,40.16,0.25,0.6264,0
2009-01-06,39.55,39.55,39.55,39.55,-0.61,-1.5189,0
2009-01-07,42.5,42.5,42.5,42.5,2.95,7.4589,0
2009-01-08,42.72,42.72,42.72,42.72,0.22,0.5176,0
2009-01-09,44.15,44.15,44.15,44.15,1.43,3.3474,0
2009-01-12,47.74,47.74,47.74,47.74,3.59,8.1314,0
2009-01-13,46.81,46.81,46.81,46.81,-0.93,-1.9481,0
2009-01-14,50.56,50.56,50.56,50.56,3.75,8.0111,0
2009-01-15,49.93,49.93,49.93,49.93,-0.63,-1.246,0
2009-01-16,48.53,48.53,48.53,48.53,-1.4,-2.8039,0
2009-01-20,54.66,54.66,54.66,54.66,6.13,12.6314,0
2009-01-21,47.36,47.36,47.36,47.36,-7.3,-13.3553,0
2009-01-22,47.37,47.37,47.37,47.37,0.01,0.0211,0
2009-01-23,47.2,47.2,47.2,47.2,-0.17,-0.3589,0
2009-01-26,45.63,45.63,45.63,45.63,-1.57,-3.3263,0
2009-01-27,43.51,43.51,43.51,43.51,-2.12,-4.6461,0
2009-01-28,40.75,40.75,40.75,40.75,-2.76,-6.3434,0
2009-01-29,40.88,40.88,40.88,40.88,0.13,0.319,0
2009-01-30,42.18,42.18,42.18,42.18,1.3,3.18,0
2009-02-02,42.3,42.3,42.3,42.3,0.12,0.2845,0
2009-02-03,40.95,40.95,40.95,40.95,-1.35,-3.1915,0
2009-02-04,41.1,41.1,41.1,41.1,0.15,0.3663,0
2009-02-05,40.5,40.5,40.5,40.5,-0.6,-1.4599,0
2009-02-06,40.1,40.1,40.1,40.1,-0.4,-0.9877,0
2009-02-09,40.5,40.5,40.5,40.5,0.4,0.9975,0
2009-02-10,42.9,42.9,42.9,42.9,2.4,5.9259,0
2009-02-11,42.2,42.2,42.2,42.2,-0.7,-1.6317,0
2009-02-12,41.6,41.6,41.6,41.6,-0.6,-1.4218,0
2009-02-13,42.35,42.35,42.35,42.35,0.75,1.8029,0
2009-02-17,44.05,44.05,44.05,44.05,1.7,4.0142,0
2009-02-18,42.65,42.65,42.65,42.65,-1.4,-3.1782,0
2009-02-19,43.2,43.2,43.2,43.2,0.55,1.2896,0
2009-02-20,44.75,44.75,44.75,44.75,1.55,3.588,0
2009-02-23,46.9,46.9,46.9,46.9,2.15,4.8045,0
2009-02-24,43.9,43.9,43.9,43.9,-3.0,-6.3966,0
2009-02-25,43.25,43.25,43.25,43.25,-0.65,-1.4806,0
2009-02-26,43.75,43.75,43.75,43.75,0.5,1.1561,0
2009-02-27,43.9,43.9,43.9,43.9,0.15,0.3429,0
2009-03-02,46.05,46.05,46.05,46.05,2.15,4.8975,0
2009-03-03,46.35,46.35,46.35,46.35,0.3,0.6515,0
2009-03-04,42.9,42.9,42.9,42.9,-3.45,-7.4434,0
2009-03-05,44.45,44.45,44.45,44.45,1.55,3.6131,0
2009-03-06,44.15,44.15,44.15,44.15,-0.3,-0.6749,0
2009-03-09,44.9,44.9,44.9,44.9,0.75,1.6988,0
2009-03-10,41.6,41.6,41.6,41.6,-3.3,-7.3497,0
2009-03-11,41.6,41.6,41.6,41.6,0.0,0.0,0
2009-03-12,41.1,41.1,41.1,41.1,-0.5,-1.2019,0
2009-03-13,41.6,41.6,41.6,41.6,0.5,1.2165,0
2009-03-16,43.1,43.1,43.1,43.1,1.5,3.6058,0
2009-03-17,41.3,41.3,41.3,41.3,-1.8,-4.1763,0
2009-03-18,39.15,39.15,39.15,39.15,-2.15,-5.2058,0
2009-03-19,41.55,41.55,41.55,41.55,2.4,6.1303,0
2009-03-20,44.45,44.45,44.45,44.45,2.9,6.9795,0
2009-03-23,41.75,41.75,41.75,41.75,-2.7,-6.0742,0
2009-03-24,42.25,42.25,42.25,42.25,0.5,1.1976,0
2009-03-25,41.45,41.45,41.45,41.45,-0.8,-1.8935,0
2009-03-26,40.45,40.45,40.45,40.45,-1.0,-2.4125,0
2009-03-27,41.6,41.6,41.6,41.6,1.15,2.843,0
2009-03-30,44.05,44.05,44.05,44.05,2.45,5.8894,0
2009-03-31,43.95,43.95,43.95,43.95,-0.1,-0.227,0
2009-04-01,43.25,43.25,43.25,43.25,-0.7,-1.5927,0
2009-04-02,42.5,42.5,42.5,42.5,-0.75,-1.7341,0
2009-04-03,41.8,41.8,41.8,41.8,-0.7,-1.6471,0
2009-04-06,42.15,42.15,42.15,42.15,0.35,0.8373,0
2009-04-07,42.45,42.45,42.45,42.45,0.3,0.7117,0
2009-04-08,41.55,41.55,41.55,41.55,-0.9,-2.1201,0
2009-04-09,39.9,39.9,39.9,39.9,-1.65,-3.9711,0
2009-04-13,39.7,39.7,39.7,39.7,-0.2,-0.5013,0
2009-04-14,39.6,39.6,39.6,39.6,-0.1,-0.2519,0
2009-04-15,38.8,38.8,38.8,38.8,-0.8,-2.0202,0
2009-04-16,37.5,37.5,37.5,37.5,-1.3,-3.3505,0
2009-04-17,36.65,36.65,36.65,36.65,-0.85,-2.2667,0
2009-04-20,38.95,38.95,38.95,38.95,2.3,6.2756,0
2009-04-21,37.65,37.65,37.65,37.65,-1.3,-3.3376,0
2009-04-22,38.05,38.05,38.05,38.05,0.4,1.0624,0
2009-04-23,37.4,37.4,37.4,37.4,-0.65,-1.7083,0
2009-04-24,37.65,37.65,37.65,37.65,0.25,0.6684,0
2009-04-27,38.45,38.45,38.45,38.45,0.8,2.1248,0
2009-04-28,38.15,38.15,38.15,38.15,-0.3,-0.7802,0
2009-04-29,36.7,36.7,36.7,36.7,-1.45,-3.8008,0
2009-04-30,37.0,37.0,37.0,37.0,0.3,0.8174,0
2009-05-01,36.55,36.55,36.55,36.55,-0.45,-1.2162,0
2009-05-04,34.75,34.75,34.75,34.75,-1.8,-4.9248,0
2009-05-05,34.8,34.8,34.8,34.8,0.05,0.1439,0
2009-05-06,33.8,33.8,33.8,33.8,-1.0,-2.8736,0
2009-05-07,34.15,34.15,34.15,34.15,0.35,1.0355,0
2009-05-08,32.8,32.8,32.8,32.8,-1.35,-3.9531,0
2009-05-11,33.0,33.0,33.0,33.0,0.2,0.6098,0
2009-05-12,32.85,32.85,32.85,32.85,-0.15,-0.4545,0
2009-05-13,33.85,33.85,33.85,33.85,1.0,3.0441,0
2009-05-14,32.5,32.5,32.5,32.5,-1.35,-3.9882,0
2009-05-15,33.2,33.2,33.2,33.2,0.7,2.1538,0
2009-05-18,30.85,30.85,30.85,30.85,-2.35,-7.0783,0
2009-05-19,30.4,30.4,30.4,30.4,-0.45,-1.4587,0
2009-05-20,31.4,31.4,31.4,31.4,1.0,3.2895,0
2009-05-21,32.85,32.85,32.85,32.85,1.45,4.6178,0
2009-05-22,33.05,33.05,33.05,33.05,0.2,0.6088,0
2009-05-26,32.0,32.0,32.0,32.0,-1.05,-3.177,0
2009-05-27,32.9,32.9,32.9,32.9,0.9,2.8125,0
2009-05-28,32.4,32.4,32.4,32.4,-0.5,-1.5198,0
2009-05-29,31.5,31.5,31.5,31.5,-0.9,-2.7778,0
2009-06-01,30.75,30.75,30.75,30.75,-0.75,-2.381,0
2009-06-02,31.0,31.0,31.0,31.0,0.25,0.813,0
2009-06-03,32.65,32.65,32.65,32.65,1.65,5.3226,0
2009-06-04,32.25,32.25,32.25,32.25,-0.4,-1.2251,0
2009-06-05,32.2,32.2,32.2,32.2,-0.05,-0.155,0
2009-06-08,32.0,32.0,32.0,32.0,-0.2,-0.6211,0
2009-06-09,30.95,30.95,30.95,30.95,-1.05,-3.2813,0
2009-06-10,31.2,31.2,31.2,31.2,0.25,0.8078,0
2009-06-11,30.6,30.6,30.6,30.6,-0.6,-1.9231,0
2009-06-12,29.95,29.95,29.95,29.95,-0.65,-2.1242,0
2009-06-15,31.35,31.35,31.35,31.35,1.4,4.6745,0
2009-06-16,32.4,32.4,32.4,32.4,1.05,3.3493,0
2009-06-17,32.1,32.1,32.1,32.1,-0.3,-0.9259,0
2009-06-18,31.85,31.85,31.85,31.85,-0.25,-0.7788,0
2009-06-19,31.55,31.55,31.55,31.55,-0.3,-0.9419,0
2009-06-22,32.55,32.55,32.55,32.55,1.0,3.1696,0
2009-06-23,32.15,32.15,32.15,32.15,-0.4,-1.2289,0
2009-06-24,31.35,31.35,31.35,31.35,-0.8,-2.4883,0
2009-06-25,30.25,30.25,30.25,30.25,-1.1,-3.5088,0
2009-06-26,29.85,29.85,29.85,29.85,-0.4,-1.3223,0
2009-06-29,28.95,28.95,28.95,28.95,-0.9,-3.0151,0
2009-06-30,29.25,29.25,29.25,29.25,0.3,1.0363,0
2009-07-01,29.2,29.2,29.2,29.2,-0.05,-0.1709,0
2009-07-02,30.65,30.65,30.65,30.65,1.45,4.9658,0
2009-07-06,30.4,30.4,30.4,30.4,-0.25,-0.8157,0
2009-07-07,31.45,31.45,31.45,31.45,1.05,3.4539,0
2009-07-08,31.8,31.8,31.8,31.8,0.35,1.1129,0
2009-07-09,31.75,31.75,31.75,31.75,-0.05,-0.1572,0
2009-07-10,31.95,31.95,31.95,31.95,0.2,0.6299,0
2009-07-13,30.8,30.8,30.8,30.8,-1.15,-3.5994,0
2009-07-14,30.25,30.25,30.25,30.25,-0.55,-1.7857,0
2009-07-15,29.25,29.25,29.25,29.25,-1.0,-3.3058,0
2009-07-16,28.95,28.95,28.95,28.95,-0.3,-1.0256,0
2009-07-17,29.0,29.0,29.0,29.0,0.05,0.1727,0
2009-07-20,28.4,28.4,28.4,28.4,-0.6,-2.069,0
2009-07-21,27.85,27.85,27.85,27.85,-0.55,-1.9366,0
2009-07-22,29.2,29.2,29.2,29.2,1.35,4.8474,0
2009-07-23,28.45,28.45,28.45,28.45,-0.75,-2.5685,0
2009-07-24,28.55,28.55,28.55,28.55,0.1,0.3515,0
2009-07-27,28.95,28.95,28.95,28.95,0.4,1.4011,0
2009-07-28,29.85,29.85,29.85,29.85,0.9,3.1088,0
2009-07-29,30.05,30.05,30.05,30.05,0.2,0.67,0
2009-07-30,29.3,29.3,29.3,29.3,-0.75,-2.4958,0
2009-07-31,29.7,29.7,29.7,29.7,0.4,1.3652,0
2009-08-03,29.1,29.1,29.1,29.1,-0.6,-2.0202,0
2009-08-04,28.85,28.85,28.85,28.85,-0.25,-0.8591,0
2009-08-05,28.85,28.85,28.85,28.85,0.0,0.0,0
2009-08-06,28.95,28.95,28.95,28.95,0.1,0.3466,0
2009-08-07,28.05,28.05,28.05,28.05,-0.9,-3.1088,0
2009-08-10,28.1,28.1,28.1,28.1,0.05,0.1783,0
2009-08-11,28.6,28.6,28.6,28.6,0.5,1.7794,0
2009-08-12,28.35,28.35,28.35,28.35,-0.25,-0.8741,0
2009-08-13,27.8,27.8,27.8,27.8,-0.55,-1.94,0
2009-08-14,28.3,28.3,28.3,28.3,0.5,1.7986,0
2009-08-17,29.9,29.9,29.9,29.9,1.6,5.6537,0
2009-08-18,29.25,29.25,29.25,29.25,-0.65,-2.1739,0
2009-08-19,30.55,30.55,30.55,30.55,1.3,4.4444,0
2009-08-20,30.1,30.1,30.1,30.1,-0.45,-1.473,0
2009-08-21,30.0,30.0,30.0,30.0,-0.1,-0.3322,0
2009-08-24,29.9,29.9,29.9,29.9,-0.1,-0.3333,0
2009-08-25,30.05,30.05,30.05,30.05,0.15,0.5017,0
2009-08-26,30.4,30.4,30.4,30.4,0.35,1.1647,0
2009-08-27,30.25,30.25,30.25,30.25,-0.15,-0.4934,0
2009-08-28,30.5,30.5,30.5,30.5,0.25,0.8264,0
2009-08-31,30.95,30.95,30.95,30.95,0.45,1.4754,0
2009-09-01,32.25,32.25,32.25,32.25,1.3,4.2003,0
2009-09-02,32.65,32.65,32.65,32.65,0.4,1.2403,0
2009-09-03,31.25,31.25,31.25,31.25,-1.4,-4.2879,0
2009-09-04,30.45,30.45,30.45,30.45,-0.8,-2.56,0
2009-09-08,29.45,29.45,29.45,29.45,-1.0,-3.2841,0
2009-09-09,28.6,28.6,28.6,28.6,-0.85,-2.8862,0
2009-09-10,27.35,27.35,27.35,27.35,-1.25,-4.3706,0
2009-09-11,27.7,27.7,27.7,27.7,0.35,1.2797,0
2009-09-14,27.05,27.05,27.05,27.05,-0.65,-2.3466,0
2009-09-15,27.15,27.15,27.15,27.15,0.1,0.3697,0
2009-09-16,27.65,27.65,27.65,27.65,0.5,1.8416,0
2009-09-17,27.75,27.75,27.75,27.75,0.1,0.3617,0
2009-09-18,28.35,28.35,28.35,28.35,0.6,2.1622,0
2009-09-21,28.4,28.4,28.4,28.4,0.05,0.1764,0
2009-09-22,28.05,28.05,28.05,28.05,-0.35,-1.2324,0
2009-09-23,28.15,28.15,28.15,28.15,0.1,0.3565,0
2009-09-24,28.5,28.5,28.5,28.5,0.35,1.2433,0
2009-09-25,28.55,28.55,28.55,28.55,0.05,0.1754,0
2009-09-28,27.95,27.95,27.95,27.95,-0.6,-2.1016,0
2009-09-29,27.85,27.85,27.85,27.85,-0.1,-0.3578,0
2009-09-30,27.95,27.95,27.95,27.95,0.1,0.3591,0
2009-10-01,28.75,28.75,28.75,28.75,0.8,2.8623,0
2009-10-02,28.8,28.8,28.8,28.8,0.05,0.1739,0
2009-10-05,27.95,27.95,27.95,27.95,-0.85,-2.9514,0
2009-10-06,27.45,27.45,27.45,27.45,-0.5,-1.7889,0
2009-10-07,27.35,27.35,27.35,27.35,-0.1,-0.3643,0
2009-10-08,27.05,27.05,27.05,27.05,-0.3,-1.0969,0
2009-10-09,26.5,26.5,26.5,26.5,-0.55,-2.0333,0
2009-10-12,25.75,25.75,25.75,25.75,-0.75,-2.8302,0
2009-10-13,25.6,25.6,25.6,25.6,-0.15,-0.5825,0
2009-10-14,25.4,25.4,25.4,25.4,-0.2,-0.7813,0
2009-10-15,24.9,24.9,24.9,24.9,-0.5,-1.9685,0
2009-10-16,25.3,25.3,25.3,25.3,0.4,1.6064,0
2009-10-19,24.65,24.65,24.65,24.65,-0.65,-2.5692,0
2009-10-20,24.55,24.55,24.55,24.55,-0.1,-0.4057,0
2009-10-21,25.65,25.65,25.65,25.65,1.1,4.4807,0
2009-10-22,25.1,25.1,25.1,25.1,-0.55,-2.1442,0
2009-10-23,25.45,25.45,25.45,25.45,0.35,1.3944,0
2009-10-26,25.95,25.95,25.95,25.95,0.5,1.9646,0
2009-10-27,25.85,25.85,25.85,25.85,-0.1,-0.3854,0
2009-10-28,26.9,26.9,26.9,26.9,1.05,4.0619,0
2009-10-29,25.8,25.8,25.8,25.8,-1.1,-4.0892,0
2009-10-30,27.7,27.7,27.7,27.7,1.9,7.3643,0
2009-11-02,28.1,28.1,28.1,28.1,0.4,1.444,0
2009-11-03,28.3,28.3,28.3,28.3,0.2,0.7117,0
2009-11-04,28.05,28.05,28.05,28.05,-0.25,-0.8834,0
2009-11-05,27.25,27.25,27.25,27.25,-0.8,-2.852,0
2009-11-06,26.4,26.4,26.4,26.4,-0.85,-3.1193,0
2009-11-09,24.9,24.9,24.9,24.9,-1.5,-5.6818,0
2009-11-10,25.1,25.1,25.1,25.1,0.2,0.8032,0
2009-11-11,25.15,25.15,25.15,25.15,0.05,0.1992,0
2009-11-12,26.25,26.25,26.25,26.25,1.1,4.3738,0
2009-11-13,25.85,25.85,25.85,25.85,-0.4,-1.5238,0
2009-11-16,25.45,25.45,25.45,25.45,-0.4,-1.5474,0
2009-11-17,25.35,25.35,25.35,25.35,-0.1,-0.3929,0
2009-11-18,26.85,26.85,26.85,26.85,1.5,5.9172,0
2009-11-19,27.25,27.25,27.25,27.25,0.4,1.4898,0
2009-11-20,27.0,27.0,27.0,27.0,-0.25,-0.9174,0
2009-11-23,26.4,26.4,26.4,26.4,-0.6,-2.2222,0
2009-11-24,26.05,26.05,26.05,26.05,-0.35,-1.3258,0
2009-11-25,25.8,25.8,25.8,25.8,-0.25,-0.9597,0
2009-11-27,27.15,27.15,27.15,27.15,1.35,5.2326,0
2009-11-30,27.15,27.15,27.15,27.15,0.0,0.0,0
2009-12-01,26.3,26.3,26.3,26.3,-0.85,-3.1308,0
2009-12-02,26.2,26.2,26.2,26.2,-0.1,-0.3802,0
2009-12-03,26.65,26.65,26.65,26.65,0.45,1.7176,0
2009-12-04,26.15,26.15,26.15,26.15,-0.5,-1.8762,0
2009-12-07,26.05,26.05,26.05,26.05,-0.1,-0.3824,0
2009-12-08,26.55,26.55,26.55,26.55,0.5,1.9194,0
2009-12-09,26.45,26.45,26.45,26.45,-0.1,-0.3766,0
2009-12-10,26.1,26.1,26.1,26.1,-0.35,-1.3233,0
2009-12-11,26.0,26.0,26.0,26.0,-0.1,-0.3831,0
2009-12-14,25.55,25.55,25.55,25.55,-0.45,-1.7308,0
2009-12-15,25.25,25.25,25.25,25.25,-0.3,-1.1742,0
2009-12-16,26.5,26.5,26.5,26.5,1.25,4.9505,0
2009-12-17,26.75,26.75,26.75,26.75,0.25,0.9434,0
2009-12-18,26.4,26.4,26.4,26.4,-0.35,-1.3084,0
2009-12-21,25.65,25.65,25.65,25.65,-0.75,-2.8409,0
2009-12-22,25.1,25.1,25.1,25.1,-0.55,-2.1442,0
2009-12-23,24.9,24.9,24.9,24.9,-0.2,-0.7968,0
2009-12-24,24.75,24.75,24.75,24.75,-0.15,-0.6024,0
2009-12-28,24.65,24.65,24.65,24.65,-0.1,-0.404,0
2009-12-29,24.75,24.75,24.75,24.75,0.1,0.4057,0
2009-12-30,25.05,25.05,25.05,25.05,0.3,1.2121,0
2009-12-31,25.8,25.8,25.8,25.8,0.75,2.994,0
2010-01-04,24.85,24.85,24.85,24.85,-0.95,-3.6822,0
2010-01-05,24.45,24.45,24.45,24.45,-0.4,-1.6097,0
2010-01-06,23.55,23.55,23.55,23.55,-0.9,-3.681,0
2010-01-07,23.15,23.15,23.15,23.15,-0.4,-1.6985,0
2010-01-08,22.55,22.55,22.55,22.55,-0.6,-2.5918,0
2010-01-11,22.25,22.25,22.25,22.25,-0.3,-1.3304,0
2010-01-12,22.8,22.8,22.8,22.8,0.55,2.4719,0
2010-01-13,22.5,22.5,22.5,22.5,-0.3,-1.3158,0
2010-01-14,22.0,22.0,22.0,22.0,-0.5,-2.2222,0
2010-01-15,22.55,22.55,22.55,22.55,0.55,2.5,0
2010-01-19,21.55,21.55,21.55,21.55,-1.0,-4.4346,0
2010-01-20,22.85,22.85,22.85,22.85,1.3,6.0325,0
2010-01-21,24.1,24.1,24.1,24.1,1.25,5.4705,0
2010-01-22,25.15,25.15,25.15,25.15,1.05,4.3568,0
2010-01-25,24.95,24.95,24.95,24.95,-0.2,-0.7952,0
2010-01-26,25.3,25.3,25.3,25.3,0.35,1.4028,0
2010-01-27,24.7,24.7,24.7,24.7,-0.6,-2.3715,0
2010-01-28,24.9,24.9,24.9,24.9,0.2,0.8097,0
2010-01-29,25.35,25.35,25.35,25.35,0.45,1.8072,0
2010-02-01,24.25,24.25,24.25,24.25,-1.1,-4.3393,0
2010-02-02,23.45,23.45,23.45,23.45,-0.8,-3.299,0
2010-02-03,23.55,23.55,23.55,23.55,0.1,0.4264,0
2010-02-04,25.65,25.65,25.65,25.65,2.1,8.9172,0
2010-02-05,25.85,25.85,25.85,25.85,0.2,0.7797,0
2010-02-08,26.2,26.2,26.2,26.2,0.35,1.354,0
2010-02-09,25.65,25.65,25.65,25.65,-0.55,-2.0992,0
2010-02-10,25.55,25.55,25.55,25.55,-0.1,-0.3899,0
2010-02-11,24.95,24.95,24.95,24.95,-0.6,-2.3483,0
2010-02-12,24.9,24.9,24.9,24.9,-0.05,-0.2004,0
2010-02-16,23.6,23.6,23.6,23.6,-1.3,-5.2209,0
2010-02-17,24.7,24.7,24.7,24.7,1.1,4.661,0
2010-02-18,24.1,24.1,24.1,24.1,-0.6,-2.4291,0
2010-02-19,23.7,23.7,23.7,23.7,-0.4,-1.6598,0
2010-02-22,23.25,23.25,23.25,23.25,-0.45,-1.8987,0
2010-02-23,23.9,23.9,23.9,23.9,0.65,2.7957,0
2010-02-24,23.65,23.65,23.65,23.65,-0.25,-1.046,0
2010-02-25,23.75,23.75,23.75,23.75,0.1,0.4228,0
2010-02-26,23.5,23.5,23.5,23.5,-0.25,-1.0526,0
2010-03-01,23.05,23.05,23.05,23.05,-0.45,-1.9149,0
2010-03-02,22.8,22.8,22.8,22.8,-0.25,-1.0846,0
2010-03-03,22.6,22.6,22.6,22.6,-0.2,-0.8772,0
2010-03-04,22.5,22.5,22.5,22.5,-0.1,-0.4425,0
2010-03-05,21.6,21.6,21.6,21.6,-0.9,-4.0,0
2010-03-08,21.25,21.25,21.25,21.25,-0.35,-1.6204,0
2010-03-09,21.25,21.25,21.25,21.25,0.0,0.0,0
2010-03-10,21.4,21.4,21.4,21.4,0.15,0.7059,0
2010-03-11,21.6,21.6,21.6,21.6,0.2,0.9346,0
2010-03-12,21.45,21.45,21.45,21.45,-0.15,-0.6944,0
2010-03-15,21.5,21.5,21.5,21.5,0.05,0.2331,0
2010-03-16,20.9,20.9,20.9,20.9,-0.6,-2.7907,0
2010-03-17,21.75,21.75,21.75,21.75,0.85,4.067,0
2010-03-18,21.45,21.45,21.45,21.45,-0.3,-1.3793,0
2010-03-19,21.7,21.7,21.7,21.7,0.25,1.1655,0
2010-03-22,21.65,21.65,21.65,21.65,-0.05,-0.2304,0
2010-03-23,21.35,21.35,21.35,21.35,-0.3,-1.3857,0
2010-03-24,21.65,21.65,21.65,21.65,0.3,1.4052,0
2010-03-25,21.95,21.95,21.95,21.95,0.3,1.3857,0
2010-03-26,21.7,21.7,21.7,21.7,-0.25,-1.139,0
2010-03-29,21.25,21.25,21.25,21.25,-0.45,-2.0737,0
2010-03-30,21.0,21.0,21.0,21.0,-0.25,-1.1765,0
2010-03-31,21.0,21.0,21.0,21.0,0.0,0.0,0
2010-04-01,21.05,21.05,21.05,21.05,0.05,0.2381,0
2010-04-05,20.35,20.35,20.35,20.35,-0.7,-3.3254,0
2010-04-06,19.85,19.85,19.85,19.85,-0.5,-2.457,0
2010-04-07,20.1,20.1,20.1,20.1,0.25,1.2594,0
2010-04-08,19.85,19.85,19.85,19.85,-0.25,-1.2438,0
2010-04-09,19.65,19.65,19.65,19.65,-0.2,-1.0076,0
2010-04-12,19.65,19.65,19.65,19.65,0.0,0.0,0
2010-04-13,19.75,19.75,19.75,19.75,0.1,0.5089,0
2010-04-14,19.3,19.3,19.3,19.3,-0.45,-2.2785,0
2010-04-15,19.3,19.3,19.3,19.3,0.0,0.0,0
2010-04-16,19.95,19.95,19.95,19.95,0.65,3.3679,0
2010-04-19,19.5,19.5,19.5,19.5,-0.45,-2.2556,0
2010-04-20,18.6,18.6,18.6,18.6,-0.9,-4.6154,0
2010-04-21,20.75,20.75,20.75,20.75,2.15,11.5591,0
2010-04-22,20.75,20.75,20.75,20.75,0.0,0.0,0
2010-04-23,20.75,20.75,20.75,20.75,0.0,0.0,0
2010-04-26,20.95,20.95,20.95,20.95,0.2,0.9639,0
2010-04-27,22.4,22.4,22.4,22.4,1.45,6.9212,0
2010-04-28,22.2,22.2,22.2,22.2,-0.2,-0.8929,0
2010-04-29,21.65,21.65,21.65,21.65,-0.55,-2.4775,0
2010-04-30,23.0,23.0,23.0,23.0,1.35,6.2356,0
2010-05-03,22.6,22.6,22.6,22.6,-0.4,-1.7391,0
2010-05-04,24.45,24.45,24.45,24.45,1.85,8.1858,0
2010-05-05,25.45,25.45,25.45,25.45,1.0,4.09,0
2010-05-06,29.1,29.1,29.1,29.1,3.65,14.3418,0
2010-05-07,30.95,30.95,30.95,30.95,1.85,6.3574,0
2010-05-10,27.05,27.05,27.05,27.05,-3.9,-12.601,0
2010-05-11,27.05,27.05,27.05,27.05,0.0,0.0,0
2010-05-12,25.8,25.8,25.8,25.8,-1.25,-4.6211,0
2010-05-13,26.4,26.4,26.4,26.4,0.6,2.3256,0
2010-05-14,28.75,28.75,28.75,28.75,2.35,8.9015,0
2010-05-17,29.0,29.0,29.0,29.0,0.25,0.8696,0
2010-05-18,30.95,30.95,30.95,30.95,1.95,6.7241,0
2010-05-19,32.05,32.05,32.05,32.05,1.1,3.5541,0
2010-05-20,35.7,35.7,35.7,35.7,3.65,11.3885,0
2010-05-21,35.7,35.7,35.7,35.7,0.0,0.0,0
2010-05-24,35.1,35.1,35.1,35.1,-0.6,-1.6807,0
2010-05-25,34.1,34.1,34.1,34.1,-1.0,-2.849,0
2010-05-26,33.3,33.3,33.3,33.3,-0.8,-2.346,0
2010-05-27,30.95,30.95,30.95,30.95,-2.35,-7.0571,0
2010-05-28,31.3,31.3,31.3,31.3,0.35,1.1309,0
2010-06-01,32.65,32.65,32.65,32.65,1.35,4.3131,0
2010-06-02,31.0,31.0,31.0,31.0,-1.65,-5.0536,0
2010-06-03,30.7,30.7,30.7,30.7,-0.3,-0.9677,0
2010-06-04,32.8,32.8,32.8,32.8,2.1,6.8404,0
2010-06-07,34.1,34.1,34.1,34.1,1.3,3.9634,0
2010-06-08,32.95,32.95,32.95,32.95,-1.15,-3.3724,0
2010-06-09,33.35,33.35,33.35,33.35,0.4,1.214,0
2010-06-10,31.55,31.55,31.55,31.55,-1.8,-5.3973,0
2010-06-11,30.9,30.9,30.9,30.9,-0.65,-2.0602,0
2010-06-14,30.3,30.3,30.3,30.3,-0.6,-1.9417,0
2010-06-15,28.55,28.55,28.55,28.55,-1.75,-5.7756,0
2010-06-16,28.95,28.95,28.95,28.95,0.4,1.4011,0
2010-06-17,28.6,28.6,28.6,28.6,-0.35,-1.209,0
2010-06-18,28.0,28.0,28.0,28.0,-0.6,-2.0979,0
2010-06-21,28.15,28.15,28.15,28.15,0.15,0.5357,0
2010-06-22,29.0,29.0,29.0,29.0,0.85,3.0195,0
2010-06-23,29.55,29.55,29.55,29.55,0.55,1.8966,0
2010-06-24,30.8,30.8,30.8,30.8,1.25,4.2301,0
2010-06-25,30.35,30.35,30.35,30.35,-0.45,-1.461,0
2010-06-28,31.05,31.05,31.05,31.05,0.7,2.3064,0
2010-06-29,33.45,33.45,33.45,33.45,2.4,7.7295,0
2010-06-30,34.15,34.15,34.15,34.15,0.7,2.0927,0
2010-07-01,34.15,34.15,34.15,34.15,0.0,0.0,0
2010-07-02,33.4,33.4,33.4,33.4,-0.75,-2.1962,0
2010-07-06,31.9,31.9,31.9,31.9,-1.5,-4.491,0
2010-07-07,30.05,30.05,30.05,30.05,-1.85,-5.7994,0
2010-07-08,29.5,29.5,29.5,29.5,-0.55,-1.8303,0
2010-07-09,29.05,29.05,29.05,29.05,-0.45,-1.5254,0
2010-07-12,28.35,28.35,28.35,28.35,-0.7,-2.4096,0
2010-07-13,28.15,28.15,28.15,28.15,-0.2,-0.7055,0
2010-07-14,28.95,28.95,28.95,28.95,0.8,2.8419,0
2010-07-15,29.3,29.3,29.3,29.3,0.35,1.209,0
2010-07-16,30.6,30.6,30.6,30.6,1.3,4.4369,0
2010-07-19,30.3,30.3,30.3,30.3,-0.3,-0.9804,0
2010-07-20,28.5,28.5,28.5,28.5,-1.8,-5.9406,0
2010-07-21,31.45,31.45,31.45,31.45,2.95,10.3509,0
2010-07-22,30.2,30.2,30.2,30.2,-1.25,-3.9746,0
2010-07-23,29.6,29.6,29.6,29.6,-0.6,-1.9868,0
2010-07-26,28.75,28.75,28.75,28.75,-0.85,-2.8716,0
2010-07-27,28.45,28.45,28.45,28.45,-0.3,-1.0435,0
2010-07-28,28.8,28.8,28.8,28.8,0.35,1.2302,0
2010-07-29,28.75,28.75,28.75,28.75,-0.05,-0.1736,0
2010-07-30,28.6,28.6,28.6,28.6,-0.15,-0.5217,0
2010-08-02,27.15,27.15,27.15,27.15,-1.45,-5.0699,0
2010-08-03,27.5,27.5,27.5,27.5,0.35,1.2891,0
2010-08-04,27.35,27.35,27.35,27.35,-0.15,-0.5455,0
2010-08-05,27.65,27.65,27.65,27.65,0.3,1.0969,0
2010-08-06,27.75,27.75,27.75,27.75,0.1,0.3617,0
2010-08-09,27.4,27.4,27.4,27.4,-0.35,-1.2613,0
2010-08-10,27.55,27.55,27.55,27.55,0.15,0.5474,0
2010-08-11,29.6,29.6,29.6,29.6,2.05,7.441,0
2010-08-12,30.05,30.05,30.05,30.05,0.45,1.5203,0
2010-08-13,30.7,30.7,30.7,30.7,0.65,2.1631,0
2010-08-16,30.35,30.35,30.35,30.35,-0.35,-1.1401,0
2010-08-17,29.45,29.45,29.45,29.45,-0.9,-2.9654,0
2010-08-18,31.1,31.1,31.1,31.1,1.65,5.6027,0
2010-08-19,32.15,32.15,32.15,32.15,1.05,3.3762,0
2010-08-20,32.25,32.25,32.25,32.25,0.1,0.311,0
2010-08-23,32.15,32.15,32.15,32.15,-0.1,-0.3101,0
2010-08-24,32.85,32.85,32.85,32.85,0.7,2.1773,0
2010-08-25,32.3,32.3,32.3,32.3,-0.55,-1.6743,0
2010-08-26,32.5,32.5,32.5,32.5,0.2,0.6192,0
2010-08-27,30.9,30.9,30.9,30.9,-1.6,-4.9231,0
2010-08-30,31.75,31.75,31.75,31.75,0.85,2.7508,0
2010-08-31,31.25,31.25,31.25,31.25,-0.5,-1.5748,0
2010-09-01,29.75,29.75,29.75,29.75,-1.5,-4.8,0
2010-09-02,29.15,29.15,29.15,29.15,-0.6,-2.0168,0
2010-09-03,27.85,27.85,27.85,27.85,-1.3,-4.4597,0
2010-09-07,28.6,28.6,28.6,28.6,0.75,2.693,0
2010-09-08,27.85,27.85,27.85,27.85,-0.75,-2.6224,0
2010-09-09,27.55,27.55,27.55,27.55,-0.3,-1.0772,0
2010-09-10,27.0,27.0,27.0,27.0,-0.55,-1.9964,0
2010-09-13,25.7,25.7,25.7,25.7,-1.3,-4.8148,0
2010-09-14,25.7,25.7,25.7,25.7,0.0,0.0,0
2010-09-15,27.45,27.45,27.45,27.45,1.75,6.8093,0
2010-09-16,27.6,27.6,27.6,27.6,0.15,0.5464,0
2010-09-17,27.8,27.8,27.8,27.8,0.2,0.7246,0
2010-09-20,27.35,27.35,27.35,27.35,-0.45,-1.6187,0
2010-09-21,27.4,27.4,27.4,27.4,0.05,0.1828,0
2010-09-22,27.65,27.65,27.65,27.65,0.25,0.9124,0
2010-09-23,28.25,28.25,28.25,28.25,0.6,2.17,0
2010-09-24,27.2,27.2,27.2,27.2,-1.05,-3.7168,0
2010-09-27,27.25,27.25,27.25,27.25,0.05,0.1838,0
2010-09-28,27.25,27.25,27.25,27.25,0.0,0.0,0
2010-09-29,27.65,27.65,27.65,27.65,0.4,1.4679,0
2010-09-30,28.2,28.2,28.2,28.2,0.55,1.9892,0
2010-10-01,27.85,27.85,27.85,27.85,-0.35,-1.2411,0
2010-10-04,28.2,28.2,28.2,28.2,0.35,1.2567,0
2010-10-05,27.05,27.05,27.05,27.05,-1.15,-4.078,0
2010-10-06,26.8,26.8,26.8,26.8,-0.25,-0.9242,0
2010-10-07,26.7,26.7,26.7,26.7,-0.1,-0.3731,0
2010-10-08,25.7,25.7,25.7,25.7,-1.0,-3.7453,0
2010-10-11,25.1,25.1,25.1,25.1,-0.6,-2.3346,0
2010-10-12,24.25,24.25,24.25,24.25,-0.85,-3.3865,0
2010-10-13,23.55,23.55,23.55,23.55,-0.7,-2.8866,0
2010-10-14,24.2,24.2,24.2,24.2,0.65,2.7601,0
2010-10-15,24.05,24.05,24.05,24.05,-0.15,-0.6198,0
2010-10-18,23.3,23.3,23.3,23.3,-0.75,-3.1185,0
2010-10-19,23.85,23.85,23.85,23.85,0.55,2.3605,0
2010-10-20,25.05,25.05,25.05,25.05,1.2,5.0314,0
2010-10-21,24.65,24.65,24.65,24.65,-0.4,-1.5968,0
2010-10-22,23.95,23.95,23.95,23.95,-0.7,-2.8398,0
2010-10-25,23.7,23.7,23.7,23.7,-0.25,-1.0438,0
2010-10-26,23.9,23.9,23.9,23.9,0.2,0.8439,0
2010-10-27,24.2,24.2,24.2,24.2,0.3,1.2552,0
2010-10-28,24.3,24.3,24.3,24.3,0.1,0.4132,0
2010-10-29,24.25,24.25,24.25,24.25,-0.05,-0.2058,0
2010-11-01,24.2,24.2,24.2,24.2,-0.05,-0.2062,0
2010-11-02,23.75,23.75,23.75,23.75,-0.45,-1.8595,0
2010-11-03,22.35,22.35,22.35,22.35,-1.4,-5.8947,0
2010-11-04,21.0,21.0,21.0,21.0,-1.35,-6.0403,0
2010-11-05,20.95,20.95,20.95,20.95,-0.05,-0.2381,0
2010-11-08,21.05,21.05,21.05,21.05,0.1,0.4773,0
2010-11-09,21.1,21.1,21.1,21.1,0.05,0.2375,0
2010-11-10,20.9,20.9,20.9,20.9,-0.2,-0.9479,0
2010-11-11,21.05,21.05,21.05,21.05,0.15,0.7177,0
2010-11-12,22.25,22.25,22.25,22.25,1.2,5.7007,0
2010-11-15,21.95,21.95,21.95,21.95,-0.3,-1.3483,0
2010-11-16,22.8,22.8,22.8,22.8,0.85,3.8724,0
2010-11-17,25.4,25.4,25.4,25.4,2.6,11.4035,0
2010-11-18,24.2,24.2,24.2,24.2,-1.2,-4.7244,0
2010-11-19,23.9,23.9,23.9,23.9,-0.3,-1.2397,0
2010-11-22,23.25,23.25,23.25,23.25,-0.65,-2.7197,0
2010-11-23,24.1,24.1,24.1,24.1,0.85,3.6559,0
2010-11-24,23.3,23.3,23.3,23.3,-0.8,-3.3195,0
2010-11-26,24.25,24.25,24.25,24.25,0.95,4.0773,0
2010-11-29,24.5,24.5,24.5,24.5,0.25,1.0309,0
2010-11-30,25.8,25.8,25.8,25.8,1.3,5.3061,0
2010-12-01,24.75,24.75,24.75,24.75,-1.05,-4.0698,0
2010-12-02,23.0,23.0,23.0,23.0,-1.75,-7.0707,0
2010-12-03,22.15,22.15,22.15,22.15,-0.85,-3.6957,0
2010-12-06,21.6,21.6,21.6,21.6,-0.55,-2.4831,0
2010-12-07,21.45,21.45,21.45,21.45,-0.15,-0.6944,0
2010-12-08,20.7,20.7,20.7,20.7,-0.75,-3.4965,0
2010-12-09,20.2,20.2,20.2,20.2,-0.5,-2.4155,0
2010-12-10,20.05,20.05,20.05,20.05,-0.15,-0.7426,0
2010-12-13,20.3,20.3,20.3,20.3,0.25,1.2469,0
2010-12-14,20.45,20.45,20.45,20.45,0.15,0.7389,0
2010-12-15,20.8,20.8,20.8,20.8,0.35,1.7115,0
2010-12-16,20.5,20.5,20.5,20.5,-0.3,-1.4423,0
2010-12-17,20.25,20.25,20.25,20.25,-0.25,-1.2195,0
2010-12-20,19.65,19.65,19.65,19.65,-0.6,-2.963,0
2010-12-21,19.25,19.25,19.25,19.25,-0.4,-2.0356,0
2010-12-22,21.3,21.3,21.3,21.3,2.05,10.6494,0
2010-12-23,21.55,21.55,21.55,21.55,0.25,1.1737,0
2010-12-27,21.75,21.75,21.75,21.75,0.2,0.9281,0
2010-12-28,21.9,21.9,21.9,21.9,0.15,0.6897,0
2010-12-29,21.85,21.85,21.85,21.85,-0.05,-0.2283,0
2010-12-30,21.7,21.7,21.7,21.7,-0.15,-0.6865,0
2010-12-31,21.6,21.6,21.6,21.6,-0.1,-0.4608,0
2011-01-03,21.35,21.35,21.35,21.35,-0.25,-1.1574,0
2011-01-04,21.3,21.3,21.3,21.3,-0.05,-0.2342,0
2011-01-05,20.95,20.95,20.95,20.95,-0.35,-1.6432,0
2011-01-06,20.9,20.9,20.9,20.9,-0.05,-0.2387,0
2011-01-07,21.0,21.0,21.0,21.0,0.1,0.4785,0
2011-01-10,21.0,21.0,21.0,21.0,0.0,0.0,0
2011-01-11,20.4,20.4,20.4,20.4,-0.6,-2.8571,0
2011-01-12,19.45,19.45,19.45,19.45,-0.95,-4.6569,0
2011-01-13,19.3,19.3,19.3,19.3,-0.15,-0.7712,0
2011-01-14,18.4,18.4,18.4,18.4,-0.9,-4.6632,0
2011-01-18,17.85,17.85,17.85,17.85,-0.55,-2.9891,0
2011-01-19,20.9,20.9,20.9,20.9,3.05,17.0868,0
2011-01-20,20.85,20.85,20.85,20.85,-0.05,-0.2392,0
2011-01-21,21.0,21.0,21.0,21.0,0.15,0.7194,0
2011-01-24,20.55,20.55,20.55,20.55,-0.45,-2.1429,0
2011-01-25,20.35,20.35,20.35,20.35,-0.2,-0.9732,0
2011-01-26,19.75,19.75,19.75,19.75,-0.6,-2.9484,0
2011-01-27,19.4,19.4,19.4,19.4,-0.35,-1.7722,0
2011-01-28,20.65,20.65,20.65,20.65,1.25,6.4433,0
2011-01-31,20.45,20.45,20.45,20.45,-0.2,-0.9685,0
2011-02-01,19.6,19.6,19.6,19.6,-0.85,-4.1565,0
2011-02-02,19.55,19.55,19.55,19.55,-0.05,-0.2551,0
2011-02-03,19.35,19.35,19.35,19.35,-0.2,-1.023,0
2011-02-04,18.85,18.85,18.85,18.85,-0.5,-2.584,0
2011-02-07,18.45,18.45,18.45,18.45,-0.4,-2.122,0
2011-02-08,18.2,18.2,18.2,18.2,-0.25,-1.355,0
2011-02-09,18.25,18.25,18.25,18.25,0.05,0.2747,0
2011-02-10,18.3,18.3,18.3,18.3,0.05,0.274,0
2011-02-11,18.05,18.05,18.05,18.05,-0.25,-1.3661,0
2011-02-14,17.85,17.85,17.85,17.85,-0.2,-1.108,0
2011-02-15,18.05,18.05,18.05,18.05,0.2,1.1204,0
2011-02-16,19.35,19.35,19.35,19.35,1.3,7.2022,0
2011-02-17,19.65,19.65,19.65,19.65,0.3,1.5504,0
2011-02-18,19.8,19.8,19.8,19.8,0.15,0.7634,0
2011-02-22,21.6,21.6,21.6,21.6,1.8,9.0909,0
2011-02-23,22.55,22.55,22.55,22.55,0.95,4.3981,0
2011-02-24,22.35,22.35,22.35,22.35,-0.2,-0.8869,0
2011-02-25,21.15,21.15,21.15,21.15,-1.2,-5.3691,0
2011-02-28,20.3,20.3,20.3,20.3,-0.85,-4.0189,0
2011-03-01,21.7,21.7,21.7,21.7,1.4,6.8966,0
2011-03-02,21.6,21.6,21.6,21.6,-0.1,-0.4608,0
2011-03-03,20.7,20.7,20.7,20.7,-0.9,-4.1667,0
2011-03-04,21.15,21.15,21.15,21.15,0.45,2.1739,0
2011-03-07,21.8,21.8,21.8,21.8,0.65,3.0733,0
2011-03-08,21.4,21.4,21.4,21.4,-0.4,-1.8349,0
2011-03-09,21.8,21.8,21.8,21.8,0.4,1.8692,0
2011-03-10,22.7,22.7,22.7,22.7,0.9,4.1284,0
2011-03-11,22.05,22.05,22.05,22.05,-0.65,-2.8634,0
2011-03-14,22.3,22.3,22.3,22.3,0.25,1.1338,0
2011-03-15,23.45,23.45,23.45,23.45,1.15,5.157,0
2011-03-16,25.15,25.15,25.15,25.15,1.7,7.2495,0
2011-03-17,24.4,24.4,24.4,24.4,-0.75,-2.9821,0
2011-03-18,23.65,23.65,23.65,23.65,-0.75,-3.0738,0
2011-03-21,22.3,22.3,22.3,22.3,-1.35,-5.7082,0
2011-03-22,22.25,22.25,22.25,22.25,-0.05,-0.2242,0
2011-03-23,21.6,21.6,21.6,21.6,-0.65,-2.9213,0
2011-03-24,21.05,21.05,21.05,21.05,-0.55,-2.5463,0
2011-03-25,21.05,21.05,21.05,21.05,0.0,0.0,0
2011-03-28,21.55,21.55,21.55,21.55,0.5,2.3753,0
2011-03-29,20.95,20.95,20.95,20.95,-0.6,-2.7842,0
2011-03-30,20.7,20.7,20.7,20.7,-0.25,-1.1933,0
2011-03-31,20.8,20.8,20.8,20.8,0.1,0.4831,0
2011-04-01,20.55,20.55,20.55,20.55,-0.25,-1.2019,0
2011-04-04,20.25,20.25,20.25,20.25,-0.3,-1.4599,0
2011-04-05,20.15,20.15,20.15,20.15,-0.1,-0.4938,0
2011-04-06,20.15,20.15,20.15,20.15,0.0,0.0,0
2011-04-07,20.35,20.35,20.35,20.35,0.2,0.9926,0
2011-04-08,20.65,20.65,20.65,20.65,0.3,1.4742,0
2011-04-11,20.45,20.45,20.45,20.45,-0.2,-0.9685,0
2011-04-12,20.7,20.7,20.7,20.7,0.25,1.2225,0
2011-04-13,20.35,20.35,20.35,20.35,-0.35,-1.6908,0
2011-04-14,20.15,20.15,20.15,20.15,-0.2,-0.9828,0
2011-04-15,19.65,19.65,19.65,19.65,-0.5,-2.4814,0
2011-04-18,20.2,20.2,20.2,20.2,0.55,2.799,0
2011-04-19,19.1,19.1,19.1,19.1,-1.1,-5.4455,0
2011-04-20,20.35,20.35,20.35,20.35,1.25,6.5445,0
2011-04-21,20.0,20.0,20.0,20.0,-0.35,-1.7199,0
2011-04-25,19.6,19.6,19.6,19.6,-0.4,-2.0,0
2011-04-26,19.2,19.2,19.2,19.2,-0.4,-2.0408,0
2011-04-27,18.75,18.75,18.75,18.75,-0.45,-2.3438,0
2011-04-28,18.4,18.4,18.4,18.4,-0.35,-1.8667,0
2011-04-29,18.35,18.35,18.35,18.35,-0.05,-0.2717,0
2011-05-02,18.8,18.8,18.8,18.8,0.45,2.4523,0
2011-05-03,19.35,19.35,19.35,19.35,0.55,2.9255,0
2011-05-04,19.55,19.55,19.55,19.55,0.2,1.0336,0
2011-05-05,19.8,19.8,19.8,19.8,0.25,1.2788,0
2011-05-06,19.55,19.55,19.55,19.55,-0.25,-1.2626,0
2011-05-09,18.85,18.85,18.85,18.85,-0.7,-3.5806,0
2011-05-10,18.2,18.2,18.2,18.2,-0.65,-3.4483,0
2011-05-11,18.65,18.65,18.65,18.65,0.45,2.4725,0
2011-05-12,18.35,18.35,18.35,18.35,-0.3,-1.6086,0
2011-05-13,18.65,18.65,18.65,18.65,0.3,1.6349,0
2011-05-16,19.05,19.05,19.05,19.05,0.4,2.1448,0
2011-05-17,18.7,18.7,18.7,18.7,-0.35,-1.8373,0
2011-05-18,19.75,19.75,19.75,19.75,1.05,5.615,0
2011-05-19,19.6,19.6,19.6,19.6,-0.15,-0.7595,0
2011-05-20,20.0,20.0,20.0,20.0,0.4,2.0408,0
2011-05-23,20.3,20.3,20.3,20.3,0.3,1.5,0
2011-05-24,20.15,20.15,20.15,20.15,-0.15,-0.7389,0
2011-05-25,19.9,19.9,19.9,19.9,-0.25,-1.2407,0
2011-05-26,19.35,19.35,19.35,19.35,-0.55,-2.7638,0
2011-05-27,19.05,19.05,19.05,19.05,-0.3,-1.5504,0
2011-05-31,18.55,18.55,18.55,18.55,-0.5,-2.6247,0
2011-06-01,19.55,19.55,19.55,19.55,1.0,5.3908,0
2011-06-02,19.35,19.35,19.35,19.35,-0.2,-1.023,0
2011-06-03,19.45,19.45,19.45,19.45,0.1,0.5168,0
2011-06-06,19.65,19.65,19.65,19.65,0.2,1.0283,0
2011-06-07,19.35,19.35,19.35,19.35,-0.3,-1.5267,0
2011-06-08,19.55,19.55,19.55,19.55,0.2,1.0336,0
2011-06-09,19.0,19.0,19.0,19.0,-0.55,-2.8133,0
2011-06-10,19.6,19.6,19.6,19.6,0.6,3.1579,0
2011-06-13,20.0,20.0,20.0,20.0,0.4,2.0408,0
2011-06-14,19.2,19.2,19.2,19.2,-0.8,-4.0,0
2011-06-15,21.25,21.25,21.25,21.25,2.05,10.6771,0
2011-06-16,22.3,22.3,22.3,22.3,1.05,4.9412,0
2011-06-17,22.0,22.0,22.0,22.0,-0.3,-1.3453,0
2011-06-20,21.15,21.15,21.15,21.15,-0.85,-3.8636,0
2011-06-21,20.8,20.8,20.8,20.8,-0.35,-1.6548,0
2011-06-22,21.1,21.1,21.1,21.1,0.3,1.4423,0
2011-06-23,20.8,20.8,20.8,20.8,-0.3,-1.4218,0
2011-06-24,21.55,21.55,21.55,21.55,0.75,3.6058,0
2011-06-27,21.0,21.0,21.0,21.0,-0.55,-2.5522,0
2011-06-28,20.2,20.2,20.2,20.2,-0.8,-3.8095,0
2011-06-29,19.35,19.35,19.35,19.35,-0.85,-4.2079,0
2011-06-30,18.75,18.75,18.75,18.75,-0.6,-3.1008,0
2011-07-01,17.95,17.95,17.95,17.95,-0.8,-4.2667,0
2011-07-05,18.1,18.1,18.1,18.1,0.15,0.8357,0
2011-07-06,18.35,18.35,18.35,18.35,0.25,1.3812,0
2011-07-07,17.85,17.85,17.85,17.85,-0.5,-2.7248,0
2011-07-08,18.25,18.25,18.25,18.25,0.4,2.2409,0
2011-07-11,19.6,19.6,19.6,19.6,1.35,7.3973,0
2011-07-12,20.0,20.0,20.0,20.0,0.4,2.0408,0
2011-07-13,20.05,20.05,20.05,20.05,0.05,0.25,0
2011-07-14,20.65,20.65,20.65,20.65,0.6,2.9925,0
2011-07-15,20.2,20.2,20.2,20.2,-0.45,-2.1792,0
2011-07-18,21.0,21.0,21.0,21.0,0.8,3.9604,0
2011-07-19,19.75,19.75,19.75,19.75,-1.25,-5.9524,0
2011-07-20,21.0,21.0,21.0,21.0,1.25,6.3291,0
2011-07-21,20.05,20.05,20.05,20.05,-0.95,-4.5238,0
2011-07-22,19.9,19.9,19.9,19.9,-0.15,-0.7481,0
2011-07-25,20.3,20.3,20.3,20.3,0.4,2.0101,0
2011-07-26,20.7,20.7,20.7,20.7,0.4,1.9704,0
2011-07-27,21.75,21.75,21.75,21.75,1.05,5.0725,0
2011-07-28,21.7,21.7,21.7,21.7,-0.05,-0.2299,0
2011-07-29,21.1,21.1,21.1,21.1,-0.6,-2.765,0
2011-08-01,20.6,20.6,20.6,20.6,-0.5,-2.3697,0
2011-08-02,22.0,22.0,22.0,22.0,1.4,6.7961,0
2011-08-03,21.85,21.85,21.85,21.85,-0.15,-0.6818,0
2011-08-04,25.9,25.9,25.9,25.9,4.05,18.5355,0
2011-08-05,26.2,26.2,26.2,26.2,0.3,1.1583,0
2011-08-08,30.2,30.2,30.2,30.2,4.0,15.2672,0
2011-08-09,25.4,25.4,25.4,25.4,-4.8,-15.894,0
2011-08-10,28.75,28.75,28.75,28.75,3.35,13.189,0
2011-08-11,27.65,27.65,27.65,27.65,-1.1,-3.8261,0
2011-08-12,27.85,27.85,27.85,27.85,0.2,0.7233,0
2011-08-15,26.7,26.7,26.7,26.7,-1.15,-4.1293,0
2011-08-16,26.9,26.9,26.9,26.9,0.2,0.7491,0
2011-08-17,26.8,26.8,26.8,26.8,-0.1,-0.3717,0
2011-08-18,30.2,30.2,30.2,30.2,3.4,12.6866,0
2011-08-19,31.6,31.6,31.6,31.6,1.4,4.6358,0
2011-08-22,32.65,32.65,32.65,32.65,1.05,3.3228,0
2011-08-23,31.75,31.75,31.75,31.75,-0.9,-2.7565,0
2011-08-24,31.45,31.45,31.45,31.45,-0.3,-0.9449,0
2011-08-25,31.75,31.75,31.75,31.75,0.3,0.9539,0
2011-08-26,31.0,31.0,31.0,31.0,-0.75,-2.3622,0
2011-08-29,29.7,29.7,29.7,29.7,-1.3,-4.1935,0
2011-08-30,30.55,30.55,30.55,30.55,0.85,2.862,0
2011-08-31,30.2,30.2,30.2,30.2,-0.35,-1.1457,0
2011-09-01,30.7,30.7,30.7,30.7,0.5,1.6556,0
2011-09-02,32.05,32.05,32.05,32.05,1.35,4.3974,0
2011-09-06,32.85,32.85,32.85,32.85,0.8,2.4961,0
2011-09-07,31.4,31.4,31.4,31.4,-1.45,-4.414,0
2011-09-08,32.15,32.15,32.15,32.15,0.75,2.3885,0
2011-09-09,34.55,34.55,34.55,34.55,2.4,7.465,0
2011-09-12,35.05,35.05,35.05,35.05,0.5,1.4472,0
2011-09-13,35.15,35.15,35.15,35.15,0.1,0.2853,0
2011-09-14,34.1,34.1,34.1,34.1,-1.05,-2.9872,0
2011-09-15,32.55,32.55,32.55,32.55,-1.55,-4.5455,0
2011-09-16,31.85,31.85,31.85,31.85,-0.7,-2.1505,0
2011-09-19,33.1,33.1,33.1,33.1,1.25,3.9246,0
2011-09-20,32.95,32.95,32.95,32.95,-0.15,-0.4532,0
2011-09-21,33.75,33.75,33.75,33.75,0.8,2.4279,0
2011-09-22,35.75,35.75,35.75,35.75,2.0,5.9259,0
2011-09-23,35.9,35.9,35.9,35.9,0.15,0.4196,0
2011-09-26,34.7,34.7,34.7,34.7,-1.2,-3.3426,0
2011-09-27,34.3,34.3,34.3,34.3,-0.4,-1.1527,0
2011-09-28,36.05,36.05,36.05,36.05,1.75,5.102,0
2011-09-29,35.3,35.3,35.3,35.3,-0.75,-2.0804,0
2011-09-30,37.75,37.75,37.75,37.75,2.45,6.9405,0
2011-10-03,40.55,40.55,40.55,40.55,2.8,7.4172,0
2011-10-04,38.1,38.1,38.1,38.1,-2.45,-6.0419,0
2011-10-05,36.3,36.3,36.3,36.3,-1.8,-4.7244,0
2011-10-06,35.9,35.9,35.9,35.9,-0.4,-1.1019,0
2011-10-07,35.95,35.95,35.95,35.95,0.05,0.1393,0
2011-10-10,33.65,33.65,33.65,33.65,-2.3,-6.3978,0
2011-10-11,33.5,33.5,33.5,33.5,-0.15,-0.4458,0
2011-10-12,31.45,31.45,31.45,31.45,-2.05,-6.1194,0
2011-10-13,31.2,31.2,31.2,31.2,-0.25,-0.7949,0
2011-10-14,29.35,29.35,29.35,29.35,-1.85,-5.9295,0
2011-10-17,32.95,32.95,32.95,32.95,3.6,12.2658,0
2011-10-18,31.0,31.0,31.0,31.0,-1.95,-5.9181,0
2011-10-19,31.55,31.55,31.55,31.55,0.55,1.7742,0
2011-10-20,31.55,31.55,31.55,31.55,0.0,0.0,0
2011-10-21,30.0,30.0,30.0,30.0,-1.55,-4.9128,0
2011-10-24,28.85,28.85,28.85,28.85,-1.15,-3.8333,0
2011-10-25,30.25,30.25,30.25,30.25,1.4,4.8527,0
2011-10-26,29.2,29.2,29.2,29.2,-1.05,-3.4711,0
2011-10-27,25.8,25.8,25.8,25.8,-3.4,-11.6438,0
2011-10-28,25.55,25.55,25.55,25.55,-0.25,-0.969,0
2011-10-31,28.2,28.2,28.2,28.2,2.65,10.3718,0
2011-11-01,31.25,31.25,31.25,31.25,3.05,10.8156,0
2011-11-02,30.4,30.4,30.4,30.4,-0.85,-2.72,0
2011-11-03,29.25,29.25,29.25,29.25,-1.15,-3.7829,0
2011-11-04,29.85,29.85,29.85,29.85,0.6,2.0513,0
2011-11-07,29.75,29.75,29.75,29.75,-0.1,-0.335,0
2011-11-08,28.35,28.35,28.35,28.35,-1.4,-4.7059,0
2011-11-09,33.45,33.45,33.45,33.45,5.1,17.9894,0
2011-11-10,31.5,31.5,31.5,31.5,-1.95,-5.8296,0
2011-11-11,30.2,30.2,30.2,30.2,-1.3,-4.127,0
2011-11-14,30.75,30.75,30.75,30.75,0.55,1.8212,0
2011-11-15,30.7,30.7,30.7,30.7,-0.05,-0.1626,0
2011-11-16,33.6,33.6,33.6,33.6,2.9,9.4463,0
2011-11-17,34.65,34.65,34.65,34.65,1.05,3.125,0
2011-11-18,33.75,33.75,33.75,33.75,-0.9,-2.5974,0
2011-11-21,34.35,34.35,34.35,34.35,0.6,1.7778,0
2011-11-22,33.85,33.85,33.85,33.85,-0.5,-1.4556,0
2011-11-23,35.05,35.05,35.05,35.05,1.2,3.5451,0
2011-11-25,35.6,35.6,35.6,35.6,0.55,1.5692,0
2011-11-28,33.7,33.7,33.7,33.7,-1.9,-5.3371,0
2011-11-29,33.2,33.2,33.2,33.2,-0.5,-1.4837,0
2011-11-30,30.9,30.9,30.9,30.9,-2.3,-6.9277,0
2011-12-01,30.15,30.15,30.15,30.15,-0.75,-2.4272,0
2011-12-02,29.9,29.9,29.9,29.9,-0.25,-0.8292,0
2011-12-05,29.7,29.7,29.7,29.7,-0.2,-0.6689,0
2011-12-06,29.95,29.95,29.95,29.95,0.25,0.8418,0
2011-12-07,30.6,30.6,30.6,30.6,0.65,2.1703,0
2011-12-08,32.1,32.1,32.1,32.1,1.5,4.902,0
2011-12-09,29.55,29.55,29.55,29.55,-2.55,-7.9439,0
2011-12-12,30.1,30.1,30.1,30.1,0.55,1.8613,0
2011-12-13,29.9,29.9,29.9,29.9,-0.2,-0.6645,0
2011-12-14,30.1,30.1,30.1,30.1,0.2,0.6689,0
2011-12-15,28.9,28.9,28.9,28.9,-1.2,-3.9867,0
2011-12-16,28.85,28.85,28.85,28.85,-0.05,-0.173,0
2011-12-19,28.35,28.35,28.35,28.35,-0.5,-1.7331,0
2011-12-20,26.55,26.55,26.55,26.55,-1.8,-6.3492,0
2011-12-21,25.85,25.85,25.85,25.85,-0.7,-2.6365,0
2011-12-22,26.0,26.0,26.0,26.0,0.15,0.5803,0
2011-12-23,26.4,26.4,26.4,26.4,0.4,1.5385,0
2011-12-27,26.2,26.2,26.2,26.2,-0.2,-0.7576,0
2011-12-28,27.1,27.1,27.1,27.1,0.9,3.4351,0
2011-12-29,26.55,26.55,26.55,26.55,-0.55,-2.0295,0
2011-12-30,27.15,27.15,27.15,27.15,0.6,2.2599,0
2012-01-03,25.8,25.8,25.8,25.8,-1.35,-4.9724,0
2012-01-04,25.3,25.3,25.3,25.3,-0.5,-1.938,0
2012-01-05,24.9,24.9,24.9,24.9,-0.4,-1.581,0
2012-01-06,24.4,24.4,24.4,24.4,-0.5,-2.008,0
2012-01-09,24.15,24.15,24.15,24.15,-0.25,-1.0246,0
2012-01-10,23.65,23.65,23.65,23.65,-0.5,-2.0704,0
2012-01-11,24.15,24.15,24.15,24.15,0.5,2.1142,0
2012-01-12,23.75,23.75,23.75,23.75,-0.4,-1.6563,0
2012-01-13,24.1,24.1,24.1,24.1,0.35,1.4737,0
2012-01-17,23.95,23.95,23.95,23.95,-0.15,-0.6224,0
2012-01-18,24.95,24.95,24.95,24.95,1.0,4.1754,0
2012-01-19,24.4,24.4,24.4,24.4,-0.55,-2.2044,0
2012-01-20,23.9,23.9,23.9,23.9,-0.5,-2.0492,0
2012-01-23,23.5,23.5,23.5,23.5,-0.4,-1.6736,0
2012-01-24,23.25,23.25,23.25,23.25,-0.25,-1.0638,0
2012-01-25,22.5,22.5,22.5,22.5,-0.75,-3.2258,0
2012-01-26,22.55,22.55,22.55,22.55,0.05,0.2222,0
2012-01-27,22.2,22.2,22.2,22.2,-0.35,-1.5521,0
2012-01-30,22.55,22.55,22.55,22.55,0.35,1.5766,0
2012-01-31,22.75,22.75,22.75,22.75,0.2,0.8869,0
2012-02-01,22.05,22.05,22.05,22.05,-0.7,-3.0769,0
2012-02-02,21.35,21.35,21.35,21.35,-0.7,-3.1746,0
2012-02-03,20.55,20.55,20.55,20.55,-0.8,-3.7471,0
2012-02-06,20.2,20.2,20.2,20.2,-0.35,-1.7032,0
2012-02-07,20.4,20.4,20.4,20.4,0.2,0.9901,0
2012-02-08,21.0,21.0,21.0,21.0,0.6,2.9412,0
2012-02-09,21.95,21.95,21.95,21.95,0.95,4.5238,0
2012-02-10,23.55,23.55,23.55,23.55,1.6,7.2893,0
2012-02-13,21.9,21.9,21.9,21.9,-1.65,-7.0064,0
2012-02-14,22.45,22.45,22.45,22.45,0.55,2.5114,0
2012-02-15,25.6,25.6,25.6,25.6,3.15,14.0312,0
2012-02-16,24.65,24.65,24.65,24.65,-0.95,-3.7109,0
2012-02-17,24.8,24.8,24.8,24.8,0.15,0.6085,0
2012-02-21,25.15,25.15,25.15,25.15,0.35,1.4113,0
2012-02-22,24.55,24.55,24.55,24.55,-0.6,-2.3857,0
2012-02-23,23.35,23.35,23.35,23.35,-1.2,-4.888,0
2012-02-24,24.3,24.3,24.3,24.3,0.95,4.0685,0
2012-02-27,24.55,24.55,24.55,24.55,0.25,1.0288,0
2012-02-28,24.05,24.05,24.05,24.05,-0.5,-2.0367,0
2012-02-29,24.0,24.0,24.0,24.0,-0.05,-0.2079,0
2012-03-01,23.3,23.3,23.3,23.3,-0.7,-2.9167,0
2012-03-02,23.7,23.7,23.7,23.7,0.4,1.7167,0
2012-03-05,23.65,23.65,23.65,23.65,-0.05,-0.211,0
2012-03-06,25.3,25.3,25.3,25.3,1.65,6.9767,0
2012-03-07,23.95,23.95,23.95,23.95,-1.35,-5.336,0
2012-03-08,23.25,23.25,23.25,23.25,-0.7,-2.9228,0
2012-03-09,22.75,22.75,22.75,22.75,-0.5,-2.1505,0
2012-03-12,21.75,21.75,21.75,21.75,-1.0,-4.3956,0
2012-03-13,21.0,21.0,21.0,21.0,-0.75,-3.4483,0
2012-03-14,22.1,22.1,22.1,22.1,1.1,5.2381,0
2012-03-15,21.75,21.75,21.75,21.75,-0.35,-1.5837,0
2012-03-16,21.6,21.6,21.6,21.6,-0.15,-0.6897,0
2012-03-19,20.0,20.0,20.0,20.0,-1.6,-7.4074,0
2012-03-20,19.1,19.1,19.1,19.1,-0.9,-4.5,0
2012-03-21,21.2,21.2,21.2,21.2,2.1,10.9948,0
2012-03-22,21.6,21.6,21.6,21.6,0.4,1.8868,0
2012-03-23,20.2,20.2,20.2,20.2,-1.4,-6.4815,0
2012-03-26,18.3,18.3,18.3,18.3,-1.9,-9.4059,0
2012-03-27,19.55,19.55,19.55,19.55,1.25,6.8306,0
2012-03-28,19.7,19.7,19.7,19.7,0.15,0.7673,0
2012-03-29,19.55,19.55,19.55,19.55,-0.15,-0.7614,0
2012-03-30,19.0,19.0,19.0,19.0,-0.55,-2.8133,0
2012-04-02,18.85,18.85,18.85,18.85,-0.15,-0.7895,0
2012-04-03,19.3,19.3,19.3,19.3,0.45,2.3873,0
2012-04-04,19.9,19.9,19.9,19.9,0.6,3.1088,0
2012-04-05,20.45,20.45,20.45,20.45,0.55,2.7638,0
2012-04-09,21.45,21.45,21.45,21.45,1.0,4.89,0
2012-04-10,22.7,22.7,22.7,22.7,1.25,5.8275,0
2012-04-11,22.35,22.35,22.35,22.35,-0.35,-1.5419,0
2012-04-12,20.0,20.0,20.0,20.0,-2.35,-10.5145,0
2012-04-13,21.7,21.7,21.7,21.7,1.7,8.5,0
2012-04-16,21.35,21.35,21.35,21.35,-0.35,-1.6129,0
2012-04-17,19.95,19.95,19.95,19.95,-1.4,-6.5574,0
2012-04-18,22.45,22.45,22.45,22.45,2.5,12.5313,0
2012-04-19,22.45,22.45,22.45,22.45,0.0,0.0,0
2012-04-20,21.9,21.9,21.9,21.9,-0.55,-2.4499,0
2012-04-23,22.55,22.55,22.55,22.55,0.65,2.968,0
2012-04-24,21.8,21.8,21.8,21.8,-0.75,-3.3259,0
2012-04-25,20.8,20.8,20.8,20.8,-1.0,-4.5872,0
2012-04-26,20.3,20.3,20.3,20.3,-0.5,-2.4038,0
2012-04-27,20.15,20.15,20.15,20.15,-0.15,-0.7389,0
2012-04-30,20.5,20.5,20.5,20.5,0.35,1.737,0
2012-05-01,20.05,20.05,20.05,20.05,-0.45,-2.1951,0
2012-05-02,19.95,19.95,19.95,19.95,-0.1,-0.4988,0
2012-05-03,20.55,20.55,20.55,20.55,0.6,3.0075,0
2012-05-04,21.45,21.45,21.45,21.45,0.9,4.3796,0
2012-05-07,20.85,20.85,20.85,20.85,-0.6,-2.7972,0
2012-05-08,21.0,21.0,21.0,21.0,0.15,0.7194,0
2012-05-09,21.85,21.85,21.85,21.85,0.85,4.0476,0
2012-05-10,20.85,20.85,20.85,20.85,-1.0,-4.5767,0
2012-05-11,21.6,21.6,21.6,21.6,0.75,3.5971,0
2012-05-14,23.0,23.0,23.0,23.0,1.4,6.4815,0
2012-05-15,23.9,23.9,23.9,23.9,0.9,3.913,0
2012-05-16,25.45,25.45,25.45,25.45,1.55,6.4854,0
2012-05-17,26.7,26.7,26.7,26.7,1.25,4.9116,0
2012-05-18,28.15,28.15,28.15,28.15,1.45,5.4307,0
2012-05-21,25.85,25.85,25.85,25.85,-2.3,-8.1705,0
2012-05-22,26.5,26.5,26.5,26.5,0.65,2.5145,0
2012-05-23,26.35,26.35,26.35,26.35,-0.15,-0.566,0
2012-05-24,26.0,26.0,26.0,26.0,-0.35,-1.3283,0
2012-05-25,26.1,26.1,26.1,26.1,0.1,0.3846,0
2012-05-29,24.8,24.8,24.8,24.8,-1.3,-4.9808,0
2012-05-30,26.9,26.9,26.9,26.9,2.1,8.4677,0
2012-05-31,27.35,27.35,27.35,27.35,0.45,1.6729,0
2012-06-01,29.15,29.15,29.15,29.15,1.8,6.5814,0
2012-06-04,28.45,28.45,28.45,28.45,-0.7,-2.4014,0
2012-06-05,27.35,27.35,27.35,27.35,-1.1,-3.8664,0
2012-06-06,25.5,25.5,25.5,25.5,-1.85,-6.7642,0
2012-06-07,25.3,25.3,25.3,25.3,-0.2,-0.7843,0
2012-06-08,23.85,23.85,23.85,23.85,-1.45,-5.7312,0
2012-06-11,26.4,26.4,26.4,26.4,2.55,10.6918,0
2012-06-12,25.55,25.55,25.55,25.55,-0.85,-3.2197,0
2012-06-13,26.75,26.75,26.75,26.75,1.2,4.6967,0
2012-06-14,25.1,25.1,25.1,25.1,-1.65,-6.1682,0
2012-06-15,23.65,23.65,23.65,23.65,-1.45,-5.7769,0
2012-06-18,21.8,21.8,21.8,21.8,-1.85,-7.8224,0
2012-06-19,21.9,21.9,21.9,21.9,0.1,0.4587,0
2012-06-20,22.7,22.7,22.7,22.7,0.8,3.653,0
2012-06-21,24.75,24.75,24.75,24.75,2.05,9.0308,0
2012-06-22,23.9,23.9,23.9,23.9,-0.85,-3.4343,0
2012-06-25,24.25,24.25,24.25,24.25,0.35,1.4644,0
2012-06-26,23.7,23.7,23.7,23.7,-0.55,-2.268,0
2012-06-27,23.65,23.65,23.65,23.65,-0.05,-0.211,0
2012-06-28,23.3,23.3,23.3,23.3,-0.35,-1.4799,0
2012-06-29,21.95,21.95,21.95,21.95,-1.35,-5.794,0
2012-07-02,20.65,20.65,20.65,20.65,-1.3,-5.9226,0
2012-07-03,20.2,20.2,20.2,20.2,-0.45,-2.1792,0
2012-07-05,20.9,20.9,20.9,20.9,0.7,3.4653,0
2012-07-06,20.6,20.6,20.6,20.6,-0.3,-1.4354,0
2012-07-09,20.5,20.5,20.5,20.5,-0.1,-0.4854,0
2012-07-10,21.2,21.2,21.2,21.2,0.7,3.4146,0
2012-07-11,20.45,20.45,20.45,20.45,-0.75,-3.5377,0
2012-07-12,20.6,20.6,20.6,20.6,0.15,0.7335,0
2012-07-13,19.35,19.35,19.35,19.35,-1.25,-6.068,0
2012-07-16,19.3,19.3,19.3,19.3,-0.05,-0.2584,0
2012-07-17,18.55,18.55,18.55,18.55,-0.75,-3.886,0
2012-07-18,20.6,20.6,20.6,20.6,2.05,11.0512,0
2012-07-19,20.15,20.15,20.15,20.15,-0.45,-2.1845,0
2012-07-20,20.95,20.95,20.95,20.95,0.8,3.9702,0
2012-07-23,22.3,22.3,22.3,22.3,1.35,6.4439,0
2012-07-24,23.2,23.2,23.2,23.2,0.9,4.0359,0
2012-07-25,22.45,22.45,22.45,22.45,-0.75,-3.2328,0
2012-07-26,20.9,20.9,20.9,20.9,-1.55,-6.9042,0
2012-07-27,20.65,20.65,20.65,20.65,-0.25,-1.1962,0
2012-07-30,21.25,21.25,21.25,21.25,0.6,2.9056,0
2012-07-31,21.65,21.65,21.65,21.65,0.4,1.8824,0
2012-08-01,21.35,21.35,21.35,21.35,-0.3,-1.3857,0
2012-08-02,20.7,20.7,20.7,20.7,-0.65,-3.0445,0
2012-08-03,19.4,19.4,19.4,19.4,-1.3,-6.2802,0
2012-08-06,19.0,19.0,19.0,19.0,-0.4,-2.0619,0
2012-08-07,19.7,19.7,19.7,19.7,0.7,3.6842,0
2012-08-08,18.9,18.9,18.9,18.9,-0.8,-4.0609,0
2012-08-09,18.65,18.65,18.65,18.65,-0.25,-1.3228,0
2012-08-10,18.55,18.55,18.55,18.55,-0.1,-0.5362,0
2012-08-13,18.25,18.25,18.25,18.25,-0.3,-1.6173,0
2012-08-14,19.0,19.0,19.0,19.0,0.75,4.1096,0
2012-08-15,19.0,19.0,19.0,19.0,0.0,0.0,0
2012-08-16,18.75,18.75,18.75,18.75,-0.25,-1.3158,0
2012-08-17,18.2,18.2,18.2,18.2,-0.55,-2.9333,0
2012-08-20,18.25,18.25,18.25,18.25,0.05,0.2747,0
2012-08-21,18.75,18.75,18.75,18.75,0.5,2.7397,0
2012-08-22,21.25,21.25,21.25,21.25,2.5,13.3333,0
2012-08-23,21.6,21.6,21.6,21.6,0.35,1.6471,0
2012-08-24,21.2,21.2,21.2,21.2,-0.4,-1.8519,0
2012-08-27,21.3,21.3,21.3,21.3,0.1,0.4717,0
2012-08-28,21.45,21.45,21.45,21.45,0.15,0.7042,0
2012-08-29,21.7,21.7,21.7,21.7,0.25,1.1655,0
2012-08-30,22.0,22.0,22.0,22.0,0.3,1.3825,0
2012-08-31,21.2,21.2,21.2,21.2,-0.8,-3.6364,0
2012-09-04,20.75,20.75,20.75,20.75,-0.45,-2.1226,0
2012-09-05,20.35,20.35,20.35,20.35,-0.4,-1.9277,0
2012-09-06,18.55,18.55,18.55,18.55,-1.8,-8.8452,0
2012-09-07,17.55,17.55,17.55,17.55,-1.0,-5.3908,0
2012-09-10,18.55,18.55,18.55,18.55,1.0,5.698,0
2012-09-11,18.35,18.35,18.35,18.35,-0.2,-1.0782,0
2012-09-12,17.6,17.6,17.6,17.6,-0.75,-4.0872,0
2012-09-13,16.45,16.45,16.45,16.45,-1.15,-6.5341,0
2012-09-14,17.35,17.35,17.35,17.35,0.9,5.4711,0
2012-09-17,16.85,16.85,16.85,16.85,-0.5,-2.8818,0
2012-09-18,16.25,16.25,16.25,16.25,-0.6,-3.5608,0
2012-09-19,17.7,17.7,17.7,17.7,1.45,8.9231,0
2012-09-20,18.05,18.05,18.05,18.05,0.35,1.9774,0
2012-09-21,17.9,17.9,17.9,17.9,-0.15,-0.831,0
2012-09-24,17.6,17.6,17.6,17.6,-0.3,-1.676,0
2012-09-25,18.35,18.35,18.35,18.35,0.75,4.2614,0
2012-09-26,18.9,18.9,18.9,18.9,0.55,2.9973,0
2012-09-27,17.75,17.75,17.75,17.75,-1.15,-6.0847,0
2012-09-28,18.05,18.05,18.05,18.05,0.3,1.6901,0
2012-10-01,18.3,18.3,18.3,18.3,0.25,1.385,0
2012-10-02,17.95,17.95,17.95,17.95,-0.35,-1.9126,0
2012-10-03,17.7,17.7,17.7,17.7,-0.25,-1.3928,0
2012-10-04,17.4,17.4,17.4,17.4,-0.3,-1.6949,0
2012-10-05,17.25,17.25,17.25,17.25,-0.15,-0.8621,0
2012-10-08,17.4,17.4,17.4,17.4,0.15,0.8696,0
2012-10-09,18.05,18.05,18.05,18.05,0.65,3.7356,0
2012-10-10,18.15,18.15,18.15,18.15,0.1,0.554,0
2012-10-11,17.55,17.55,17.55,17.55,-0.6,-3.3058,0
2012-10-12,18.0,18.0,18.0,18.0,0.45,2.5641,0
2012-10-15,17.15,17.15,17.15,17.15,-0.85,-4.7222,0
2012-10-16,16.75,16.75,16.75,16.75,-0.4,-2.3324,0
2012-10-17,17.5,17.5,17.5,17.5,0.75,4.4776,0
2012-10-18,17.6,17.6,17.6,17.6,0.1,0.5714,0
2012-10-19,18.45,18.45,18.45,18.45,0.85,4.8295,0
2012-10-22,18.05,18.05,18.05,18.05,-0.4,-2.168,0
2012-10-23,19.4,19.4,19.4,19.4,1.35,7.4792,0
2012-10-24,19.1,19.1,19.1,19.1,-0.3,-1.5464,0
2012-10-25,18.9,18.9,18.9,18.9,-0.2,-1.0471,0
2012-10-26,18.9,18.9,18.9,18.9,0.0,0.0,0
2012-10-31,19.5,19.5,19.5,19.5,0.6,3.1746,0
2012-11-01,17.9,17.9,17.9,17.9,-1.6,-8.2051,0
2012-11-02,18.6,18.6,18.6,18.6,0.7,3.9106,0
2012-11-05,18.9,18.9,18.9,18.9,0.3,1.6129,0
2012-11-06,18.1,18.1,18.1,18.1,-0.8,-4.2328,0
2012-11-07,19.5,19.5,19.5,19.5,1.4,7.7348,0
2012-11-08,19.3,19.3,19.3,19.3,-0.2,-1.0256,0
2012-11-09,19.6,19.6,19.6,19.6,0.3,1.5544,0
2012-11-12,18.35,18.35,18.35,18.35,-1.25,-6.3776,0
2012-11-13,18.2,18.2,18.2,18.2,-0.15,-0.8174,0
2012-11-14,19.0,19.0,19.0,19.0,0.8,4.3956,0
2012-11-15,19.15,19.15,19.15,19.15,0.15,0.7895,0
2012-11-16,18.2,18.2,18.2,18.2,-0.95,-4.9608,0
2012-11-19,16.6,16.6,16.6,16.6,-1.6,-8.7912,0
2012-11-20,16.4,16.4,16.4,16.4,-0.2,-1.2048,0
2012-11-21,18.35,18.35,18.35,18.35,1.95,11.8902,0
2012-11-23,17.9,17.9,17.9,17.9,-0.45,-2.4523,0
2012-11-26,17.45,17.45,17.45,17.45,-0.45,-2.514,0
2012-11-27,17.8,17.8,17.8,17.8,0.35,2.0057,0
2012-11-28,17.3,17.3,17.3,17.3,-0.5,-2.809,0
2012-11-29,17.0,17.0,17.0,17.0,-0.3,-1.7341,0
2012-11-30,17.15,17.15,17.15,17.15,0.15,0.8824,0
2012-12-03,17.7,17.7,17.7,17.7,0.55,3.207,0
2012-12-04,17.9,17.9,17.9,17.9,0.2,1.1299,0
2012-12-05,17.35,17.35,17.35,17.35,-0.55,-3.0726,0
2012-12-06,17.65,17.65,17.65,17.65,0.3,1.7291,0
2012-12-07,17.25,17.25,17.25,17.25,-0.4,-2.2663,0
2012-12-10,17.05,17.05,17.05,17.05,-0.2,-1.1594,0
2012-12-11,16.5,16.5,16.5,16.5,-0.55,-3.2258,0
2012-12-12,17.15,17.15,17.15,17.15,0.65,3.9394,0
2012-12-13,17.35,17.35,17.35,17.35,0.2,1.1662,0
2012-12-14,17.2,17.2,17.2,17.2,-0.15,-0.8646,0
2012-12-17,16.5,16.5,16.5,16.5,-0.7,-4.0698,0
2012-12-18,16.15,16.15,16.15,16.15,-0.35,-2.1212,0
2012-12-19,17.9,17.9,17.9,17.9,1.75,10.8359,0
2012-12-20,18.15,18.15,18.15,18.15,0.25,1.3966,0
2012-12-21,18.55,18.55,18.55,18.55,0.4,2.2039,0
2012-12-24,18.95,18.95,18.95,18.95,0.4,2.1563,0
2012-12-26,19.55,19.55,19.55,19.55,0.6,3.1662,0
2012-12-27,19.4,19.4,19.4,19.4,-0.15,-0.7673,0
2012-12-28,21.95,21.95,21.95,21.95,2.55,13.1443,0
2012-12-31,18.5,18.5,18.5,18.5,-3.45,-15.7175,0
2013-01-02,16.75,16.75,16.75,16.75,-1.75,-9.4595,0
2013-01-03,16.95,16.95,16.95,16.95,0.2,1.194,0
2013-01-04,16.7,16.7,16.7,16.7,-0.25,-1.4749,0
2013-01-07,16.45,16.45,16.45,16.45,-0.25,-1.497,0
2013-01-08,16.45,16.45,16.45,16.45,0.0,0.0,0
2013-01-09,16.4,16.4,16.4,16.4,-0.05,-0.304,0
2013-01-10,16.1,16.1,16.1,16.1,-0.3,-1.8293,0
2013-01-11,16.0,16.0,16.0,16.0,-0.1,-0.6211,0
2013-01-14,15.95,15.95,15.95,15.95,-0.05,-0.3125,0
2013-01-15,15.8,15.8,15.8,15.8,-0.15,-0.9404,0
2013-01-16,17.1,17.1,17.1,17.1,1.3,8.2278,0
2013-01-17,17.0,17.0,17.0,17.0,-0.1,-0.5848,0
2013-01-18,16.3,16.3,16.3,16.3,-0.7,-4.1176,0
2013-01-22,15.4,15.4,15.4,15.4,-0.9,-5.5215,0
2013-01-23,15.05,15.05,15.05,15.05,-0.35,-2.2727,0
2013-01-24,15.1,15.1,15.1,15.1,0.05,0.3322,0
2013-01-25,15.15,15.15,15.15,15.15,0.05,0.3311,0
2013-01-28,15.35,15.35,15.35,15.35,0.2,1.3201,0
2013-01-29,14.95,14.95,14.95,14.95,-0.4,-2.6059,0
2013-01-30,15.8,15.8,15.8,15.8,0.85,5.6856,0
2013-01-31,15.75,15.75,15.75,15.75,-0.05,-0.3165,0
2013-02-01,15.4,15.4,15.4,15.4,-0.35,-2.2222,0
2013-02-04,15.9,15.9,15.9,15.9,0.5,3.2468,0
2013-02-05,15.6,15.6,15.6,15.6,-0.3,-1.8868,0
2013-02-06,15.35,15.35,15.35,15.35,-0.25,-1.6026,0
2013-02-07,15.35,15.35,15.35,15.35,0.0,0.0,0
2013-02-08,15.05,15.05,15.05,15.05,-0.3,-1.9544,0
2013-02-11,14.95,14.95,14.95,14.95,-0.1,-0.6645,0
2013-02-12,14.8,14.8,14.8,14.8,-0.15,-1.0033,0
2013-02-13,15.85,15.85,15.85,15.85,1.05,7.0946,0
2013-02-14,15.75,15.75,15.75,15.75,-0.1,-0.6309,0
2013-02-15,15.65,15.65,15.65,15.65,-0.1,-0.6349,0
2013-02-19,14.95,14.95,14.95,14.95,-0.7,-4.4728,0
2013-02-20,16.0,16.0,16.0,16.0,1.05,7.0234,0
2013-02-21,16.15,16.15,16.15,16.15,0.15,0.9375,0
2013-02-22,15.7,15.7,15.7,15.7,-0.45,-2.7864,0
2013-02-25,17.5,17.5,17.5,17.5,1.8,11.465,0
2013-02-26,17.35,17.35,17.35,17.35,-0.15,-0.8571,0
2013-02-27,16.1,16.1,16.1,16.1,-1.25,-7.2046,0
2013-02-28,16.7,16.7,16.7,16.7,0.6,3.7267,0
2013-03-01,16.95,16.95,16.95,16.95,0.25,1.497,0
2013-03-04,15.85,15.85,15.85,15.85,-1.1,-6.4897,0
2013-03-05,15.55,15.55,15.55,15.55,-0.3,-1.8927,0
2013-03-06,15.55,15.55,15.55,15.55,0.0,0.0,0
2013-03-07,15.25,15.25,15.25,15.25,-0.3,-1.9293,0
2013-03-08,15.1,15.1,15.1,15.1,-0.15,-0.9836,0
2013-03-11,14.45,14.45,14.45,14.45,-0.65,-4.3046,0
2013-03-12,14.8,14.8,14.8,14.8,0.35,2.4221,0
2013-03-13,14.7,14.7,14.7,14.7,-0.1,-0.6757,0
2013-03-14,14.6,14.6,14.6,14.6,-0.1,-0.6803,0
2013-03-15,14.7,14.7,14.7,14.7,0.1,0.6849,0
2013-03-18,15.4,15.4,15.4,15.4,0.7,4.7619,0
2013-03-19,15.4,15.4,15.4,15.4,0.0,0.0,0
2013-03-20,15.95,15.95,15.95,15.95,0.55,3.5714,0
2013-03-21,16.15,16.15,16.15,16.15,0.2,1.2539,0
2013-03-22,16.0,16.0,16.0,16.0,-0.15,-0.9288,0
2013-03-25,15.8,15.8,15.8,15.8,-0.2,-1.25,0
2013-03-26,15.6,15.6,15.6,15.6,-0.2,-1.2658,0
2013-03-27,15.7,15.7,15.7,15.7,0.1,0.641,0
2013-03-28,15.6,15.6,15.6,15.6,-0.1,-0.6369,0
2013-04-01,15.75,15.75,15.75,15.75,0.15,0.9615,0
2013-04-02,15.25,15.25,15.25,15.25,-0.5,-3.1746,0
2013-04-03,15.75,15.75,15.75,15.75,0.5,3.2787,0
2013-04-04,15.55,15.55,15.55,15.55,-0.2,-1.2698,0
2013-04-05,15.5,15.5,15.5,15.5,-0.05,-0.3215,0
2013-04-08,15.1,15.1,15.1,15.1,-0.4,-2.5806,0
2013-04-09,15.05,15.05,15.05,15.05,-0.05,-0.3311,0
2013-04-10,14.5,14.5,14.5,14.5,-0.55,-3.6545,0
2013-04-11,14.5,14.5,14.5,14.5,0.0,0.0,0
2013-04-12,14.15,14.15,14.15,14.15,-0.35,-2.4138,0
2013-04-15,16.65,16.65,16.65,16.65,2.5,17.6678,0
2013-04-16,14.75,14.75,14.75,14.75,-1.9,-11.4114,0
2013-04-17,16.75,16.75,16.75,16.75,2.0,13.5593,0
2013-04-18,17.5,17.5,17.5,17.5,0.75,4.4776,0
2013-04-19,16.8,16.8,16.8,16.8,-0.7,-4.0,0
2013-04-22,16.1,16.1,16.1,16.1,-0.7,-4.1667,0
2013-04-23,15.4,15.4,15.4,15.4,-0.7,-4.3478,0
2013-04-24,15.4,15.4,15.4,15.4,0.0,0.0,0
2013-04-25,15.5,15.5,15.5,15.5,0.1,0.6494,0
2013-04-26,15.6,15.6,15.6,15.6,0.1,0.6452,0
2013-04-29,15.55,15.55,15.55,15.55,-0.05,-0.3205,0
2013-04-30,15.4,15.4,15.4,15.4,-0.15,-0.9646,0
2013-05-01,15.95,15.95,15.95,15.95,0.55,3.5714,0
2013-05-02,15.5,15.5,15.5,15.5,-0.45,-2.8213,0
2013-05-03,15.25,15.25,15.25,15.25,-0.25,-1.6129,0
2013-05-06,14.95,14.95,14.95,14.95,-0.3,-1.9672,0
2013-05-07,14.9,14.9,14.9,14.9,-0.05,-0.3344,0
2013-05-08,15.1,15.1,15.1,15.1,0.2,1.3423,0
2013-05-09,15.35,15.35,15.35,15.35,0.25,1.6556,0
2013-05-10,15.1,15.1,15.1,15.1,-0.25,-1.6287,0
2013-05-13,15.1,15.1,15.1,15.1,0.0,0.0,0
2013-05-14,15.05,15.05,15.05,15.05,-0.05,-0.3311,0
2013-05-15,15.15,15.15,15.15,15.15,0.1,0.6645,0
2013-05-16,15.35,15.35,15.35,15.35,0.2,1.3201,0
2013-05-17,15.1,15.1,15.1,15.1,-0.25,-1.6287,0
2013-05-20,15.1,15.1,15.1,15.1,0.0,0.0,0
2013-05-21,15.4,15.4,15.4,15.4,0.3,1.9868,0
2013-05-22,16.4,16.4,16.4,16.4,1.0,6.4935,0
2013-05-23,16.55,16.55,16.55,16.55,0.15,0.9146,0
2013-05-24,16.5,16.5,16.5,16.5,-0.05,-0.3021,0
2013-05-28,16.35,16.35,16.35,16.35,-0.15,-0.9091,0
2013-05-29,16.4,16.4,16.4,16.4,0.05,0.3058,0
2013-05-30,16.55,16.55,16.55,16.55,0.15,0.9146,0
2013-05-31,17.15,17.15,17.15,17.15,0.6,3.6254,0
2013-06-03,17.0,17.0,17.0,17.0,-0.15,-0.8746,0
2013-06-04,17.1,17.1,17.1,17.1,0.1,0.5882,0
2013-06-05,17.7,17.7,17.7,17.7,0.6,3.5088,0
2013-06-06,17.25,17.25,17.25,17.25,-0.45,-2.5424,0
2013-06-07,16.9,16.9,16.9,16.9,-0.35,-2.029,0
2013-06-10,16.7,16.7,16.7,16.7,-0.2,-1.1834,0
2013-06-11,17.6,17.6,17.6,17.6,0.9,5.3892,0
2013-06-12,18.55,18.55,18.55,18.55,0.95,5.3977,0
2013-06-13,17.7,17.7,17.7,17.7,-0.85,-4.5822,0
2013-06-14,18.3,18.3,18.3,18.3,0.6,3.3898,0
2013-06-17,17.8,17.8,17.8,17.8,-0.5,-2.7322,0
2013-06-18,17.65,17.65,17.65,17.65,-0.15,-0.8427,0
2013-06-19,18.35,18.35,18.35,18.35,0.7,3.966,0
2013-06-20,19.45,19.45,19.45,19.45,1.1,5.9946,0
2013-06-21,19.4,19.4,19.4,19.4,-0.05,-0.2571,0
2013-06-24,20.3,20.3,20.3,20.3,0.9,4.6392,0
2013-06-25,19.95,19.95,19.95,19.95,-0.35,-1.7241,0
2013-06-26,19.6,19.6,19.6,19.6,-0.35,-1.7544,0
2013-06-27,19.05,19.05,19.05,19.05,-0.55,-2.8061,0
2013-06-28,18.9,18.9,18.9,18.9,-0.15,-0.7874,0
2013-07-01,18.45,18.45,18.45,18.45,-0.45,-2.381,0
2013-07-02,18.45,18.45,18.45,18.45,0.0,0.0,0
2013-07-03,18.35,18.35,18.35,18.35,-0.1,-0.542,0
2013-07-05,17.45,17.45,17.45,17.45,-0.9,-4.9046,0
2013-07-08,16.75,16.75,16.75,16.75,-0.7,-4.0115,0
2013-07-09,16.65,16.65,16.65,16.65,-0.1,-0.597,0
2013-07-10,16.35,16.35,16.35,16.35,-0.3,-1.8018,0
2013-07-11,16.05,16.05,16.05,16.05,-0.3,-1.8349,0
2013-07-12,16.2,16.2,16.2,16.2,0.15,0.9346,0
2013-07-15,15.75,15.75,15.75,15.75,-0.45,-2.7778,0
2013-07-16,16.2,16.2,16.2,16.2,0.45,2.8571,0
2013-07-17,16.95,16.95,16.95,16.95,0.75,4.6296,0
2013-07-18,16.9,16.9,16.9,16.9,-0.05,-0.295,0
2013-07-19,16.5,16.5,16.5,16.5,-0.4,-2.3669,0
2013-07-22,16.2,16.2,16.2,16.2,-0.3,-1.8182,0
2013-07-23,16.15,16.15,16.15,16.15,-0.05,-0.3086,0
2013-07-24,16.2,16.2,16.2,16.2,0.05,0.3096,0
2013-07-25,15.9,15.9,15.9,15.9,-0.3,-1.8519,0
2013-07-26,15.85,15.85,15.85,15.85,-0.05,-0.3145,0
2013-07-29,15.95,15.95,15.95,15.95,0.1,0.6309,0
2013-07-30,15.7,15.7,15.7,15.7,-0.25,-1.5674,0
2013-07-31,15.4,15.4,15.4,15.4,-0.3,-1.9108,0
2013-08-01,15.05,15.05,15.05,15.05,-0.35,-2.2727,0
2013-08-02,14.65,14.65,14.65,14.65,-0.4,-2.6578,0
2013-08-05,14.45,14.45,14.45,14.45,-0.2,-1.3652,0
2013-08-06,14.85,14.85,14.85,14.85,0.4,2.7682,0
2013-08-07,15.05,15.05,15.05,15.05,0.2,1.3468,0
2013-08-08,14.85,14.85,14.85,14.85,-0.2,-1.3289,0
2013-08-09,15.2,15.2,15.2,15.2,0.35,2.3569,0
2013-08-12,15.0,15.0,15.0,15.0,-0.2,-1.3158,0
2013-08-13,14.9,14.9,14.9,14.9,-0.1,-0.6667,0
2013-08-14,15.15,15.15,15.15,15.15,0.25,1.6779,0
2013-08-15,15.75,15.75,15.75,15.75,0.6,3.9604,0
2013-08-16,15.6,15.6,15.6,15.6,-0.15,-0.9524,0
2013-08-19,15.95,15.95,15.95,15.95,0.35,2.2436,0
2013-08-20,15.65,15.65,15.65,15.65,-0.3,-1.8809,0
2013-08-21,16.95,16.95,16.95,16.95,1.3,8.3067,0
2013-08-22,16.4,16.4,16.4,16.4,-0.55,-3.2448,0
2013-08-23,16.25,16.25,16.25,16.25,-0.15,-0.9146,0
2013-08-26,16.7,16.7,16.7,16.7,0.45,2.7692,0
2013-08-27,17.9,17.9,17.9,17.9,1.2,7.1856,0
2013-08-28,17.95,17.95,17.95,17.95,0.05,0.2793,0
2013-08-29,17.95,17.95,17.95,17.95,0.0,0.0,0
2013-08-30,18.15,18.15,18.15,18.15,0.2,1.1142,0
2013-09-03,17.65,17.65,17.65,17.65,-0.5,-2.7548,0
2013-09-04,17.55,17.55,17.55,17.55,-0.1,-0.5666,0
2013-09-05,17.4,17.4,17.4,17.4,-0.15,-0.8547,0
2013-09-06,17.5,17.5,17.5,17.5,0.1,0.5747,0
2013-09-09,16.8,16.8,16.8,16.8,-0.7,-4.0,0
2013-09-10,16.35,16.35,16.35,16.35,-0.45,-2.6786,0
2013-09-11,15.75,15.75,15.75,15.75,-0.6,-3.6697,0
2013-09-12,15.8,15.8,15.8,15.8,0.05,0.3175,0
2013-09-13,15.8,15.8,15.8,15.8,0.0,0.0,0
2013-09-16,15.55,15.55,15.55,15.55,-0.25,-1.5823,0
2013-09-17,15.45,15.45,15.45,15.45,-0.1,-0.6431,0
2013-09-18,15.9,15.9,15.9,15.9,0.45,2.9126,0
2013-09-19,15.9,15.9,15.9,15.9,0.0,0.0,0
2013-09-20,16.15,16.15,16.15,16.15,0.25,1.5723,0
2013-09-23,16.4,16.4,16.4,16.4,0.25,1.548,0
2013-09-24,16.25,16.25,16.25,16.25,-0.15,-0.9146,0
2013-09-25,16.2,16.2,16.2,16.2,-0.05,-0.3077,0
2013-09-26,15.95,15.95,15.95,15.95,-0.25,-1.5432,0
2013-09-27,16.35,16.35,16.35,16.35,0.4,2.5078,0
2013-09-30,16.9,16.9,16.9,16.9,0.55,3.3639,0
2013-10-01,16.25,16.25,16.25,16.25,-0.65,-3.8462,0
2013-10-02,16.9,16.9,16.9,16.9,0.65,4.0,0
2013-10-03,17.45,17.45,17.45,17.45,0.55,3.2544,0
2013-10-04,17.0,17.0,17.0,17.0,-0.45,-2.5788,0
2013-10-07,18.35,18.35,18.35,18.35,1.35,7.9412,0
2013-10-08,19.1,19.1,19.1,19.1,0.75,4.0872,0
2013-10-09,18.7,18.7,18.7,18.7,-0.4,-2.0942,0
2013-10-10,16.85,16.85,16.85,16.85,-1.85,-9.893,0
2013-10-11,16.4,16.4,16.4,16.4,-0.45,-2.6706,0
2013-10-14,16.65,16.65,16.65,16.65,0.25,1.5244,0
2013-10-15,17.3,17.3,17.3,17.3,0.65,3.9039,0
2013-10-16,16.55,16.55,16.55,16.55,-0.75,-4.3353,0
2013-10-17,15.6,15.6,15.6,15.6,-0.95,-5.7402,0
2013-10-18,15.25,15.25,15.25,15.25,-0.35,-2.2436,0
2013-10-21,15.5,15.5,15.5,15.5,0.25,1.6393,0
2013-10-22,15.55,15.55,15.55,15.55,0.05,0.3226,0
2013-10-23,15.55,15.55,15.55,15.55,0.0,0.0,0
2013-10-24,15.45,15.45,15.45,15.45,-0.1,-0.6431,0
2013-10-25,15.5,15.5,15.5,15.5,0.05,0.3236,0
2013-10-28,15.5,15.5,15.5,15.5,0.0,0.0,0
2013-10-29,15.5,15.5,15.5,15.5,0.0,0.0,0
2013-10-30,15.55,15.55,15.55,15.55,0.05,0.3226,0
2013-10-31,15.5,15.5,15.5,15.5,-0.05,-0.3215,0
2013-11-01,15.6,15.6,15.6,15.6,0.1,0.6452,0
2013-11-04,15.1,15.1,15.1,15.1,-0.5,-3.2051,0
2013-11-05,15.2,15.2,15.2,15.2,0.1,0.6623,0
2013-11-06,14.95,14.95,14.95,14.95,-0.25,-1.6447,0
2013-11-07,15.4,15.4,15.4,15.4,0.45,3.01,0
2013-11-08,14.85,14.85,14.85,14.85,-0.55,-3.5714,0
2013-11-11,14.75,14.75,14.75,14.75,-0.1,-0.6734,0
2013-11-12,14.8,14.8,14.8,14.8,0.05,0.339,0
2013-11-13,14.65,14.65,14.65,14.65,-0.15,-1.0135,0
2013-11-14,14.6,14.6,14.6,14.6,-0.05,-0.3413,0
2013-11-15,14.35,14.35,14.35,14.35,-0.25,-1.7123,0
2013-11-18,14.3,14.3,14.3,14.3,-0.05,-0.3484,0
2013-11-19,14.5,14.5,14.5,14.5,0.2,1.3986,0
2013-11-20,16.0,16.0,16.0,16.0,1.5,10.3448,0
2013-11-21,15.5,15.5,15.5,15.5,-0.5,-3.125,0
2013-11-22,15.2,15.2,15.2,15.2,-0.3,-1.9355,0
2013-11-25,15.05,15.05,15.05,15.05,-0.15,-0.9868,0
2013-11-26,15.0,15.0,15.0,15.0,-0.05,-0.3322,0
2013-11-27,15.1,15.1,15.1,15.1,0.1,0.6667,0
2013-11-29,15.15,15.15,15.15,15.15,0.05,0.3311,0
2013-12-02,15.2,15.2,15.2,15.2,0.05,0.33,0
2013-12-03,15.5,15.5,15.5,15.5,0.3,1.9737,0
2013-12-04,15.4,15.4,15.4,15.4,-0.1,-0.6452,0
2013-12-05,15.5,15.5,15.5,15.5,0.1,0.6494,0
2013-12-06,15.0,15.0,15.0,15.0,-0.5,-3.2258,0
2013-12-09,14.8,14.8,14.8,14.8,-0.2,-1.3333,0
2013-12-10,14.9,14.9,14.9,14.9,0.1,0.6757,0
2013-12-11,15.45,15.45,15.45,15.45,0.55,3.6913,0
2013-12-12,15.5,15.5,15.5,15.5,0.05,0.3236,0
2013-12-13,15.5,15.5,15.5,15.5,0.0,0.0,0
2013-12-16,15.75,15.75,15.75,15.75,0.25,1.6129,0
2013-12-17,15.55,15.55,15.55,15.55,-0.2,-1.2698,0
2013-12-18,15.55,15.55,15.55,15.55,0.0,0.0,0
2013-12-19,15.6,15.6,15.6,15.6,0.05,0.3215,0
2013-12-20,15.45,15.45,15.45,15.45,-0.15,-0.9615,0
2013-12-23,15.0,15.0,15.0,15.0,-0.45,-2.9126,0
2013-12-24,14.6,14.6,14.6,14.6,-0.4,-2.6667,0
2013-12-26,14.5,14.5,14.5,14.5,-0.1,-0.6849,0
2013-12-27,14.65,14.65,14.65,14.65,0.15,1.0345,0
2013-12-30,14.85,14.85,14.85,14.85,0.2,1.3652,0
2013-12-31,14.75,14.75,14.75,14.75,-0.1,-0.6734,0
2014-01-02,15.05,15.05,15.05,15.05,0.3,2.0339,0
2014-01-03,14.9,14.9,14.9,14.9,-0.15,-0.9967,0
2014-01-06,14.75,14.75,14.75,14.75,-0.15,-1.0067,0
2014-01-07,14.45,14.45,14.45,14.45,-0.3,-2.0339,0
2014-01-08,14.45,14.45,14.45,14.45,0.0,0.0,0
2014-01-09,14.55,14.55,14.55,14.55,0.1,0.692,0
2014-01-10,14.3,14.3,14.3,14.3,-0.25,-1.7182,0
2014-01-13,14.55,14.55,14.55,14.55,0.25,1.7483,0
2014-01-14,14.1,14.1,14.1,14.1,-0.45,-3.0928,0
2014-01-15,14.15,14.15,14.15,14.15,0.05,0.3546,0
2014-01-16,14.3,14.3,14.3,14.3,0.15,1.0601,0
2014-01-17,14.25,14.25,14.25,14.25,-0.05,-0.3497,0
2014-01-21,14.1,14.1,14.1,14.1,-0.15,-1.0526,0
2014-01-22,14.8,14.8,14.8,14.8,0.7,4.9645,0
2014-01-23,14.95,14.95,14.95,14.95,0.15,1.0135,0
2014-01-24,16.2,16.2,16.2,16.2,1.25,8.3612,0
2014-01-27,16.25,16.25,16.25,16.25,0.05,0.3086,0
2014-01-28,15.55,15.55,15.55,15.55,-0.7,-4.3077,0
2014-01-29,16.45,16.45,16.45,16.45,0.9,5.7878,0
2014-01-30,16.6,16.6,16.6,16.6,0.15,0.9119,0
2014-01-31,17.35,17.35,17.35,17.35,0.75,4.5181,0
2014-02-03,18.6,18.6,18.6,18.6,1.25,7.2046,0
2014-02-04,18.35,18.35,18.35,18.35,-0.25,-1.3441,0
2014-02-05,18.75,18.75,18.75,18.75,0.4,2.1798,0
2014-02-06,17.0,17.0,17.0,17.0,-1.75,-9.3333,0
2014-02-07,15.9,15.9,15.9,15.9,-1.1,-6.4706,0
2014-02-10,15.85,15.85,15.85,15.85,-0.05,-0.3145,0
2014-02-11,15.3,15.3,15.3,15.3,-0.55,-3.47,0
2014-02-12,15.0,15.0,15.0,15.0,-0.3,-1.9608,0
2014-02-13,14.95,14.95,14.95,14.95,-0.05,-0.3333,0
2014-02-14,14.7,14.7,14.7,14.7,-0.25,-1.6722,0
2014-02-18,14.45,14.45,14.45,14.45,-0.25,-1.7007,0
2014-02-19,15.8,15.8,15.8,15.8,1.35,9.3426,0
2014-02-20,15.4,15.4,15.4,15.4,-0.4,-2.5316,0
2014-02-21,15.45,15.45,15.45,15.45,0.05,0.3247,0
2014-02-24,15.4,15.4,15.4,15.4,-0.05,-0.3236,0
2014-02-25,15.3,15.3,15.3,15.3,-0.1,-0.6494,0
2014-02-26,15.65,15.65,15.65,15.65,0.35,2.2876,0
2014-02-27,15.55,15.55,15.55,15.55,-0.1,-0.639,0
2014-02-28,15.7,15.7,15.7,15.7,0.15,0.9646,0
2014-03-03,16.65,16.65,16.65,16.65,0.95,6.051,0
2014-03-04,15.6,15.6,15.6,15.6,-1.05,-6.3063,0
2014-03-05,15.6,15.6,15.6,15.6,0.0,0.0,0
2014-03-06,15.55,15.55,15.55,15.55,-0.05,-0.3205,0
2014-03-07,15.85,15.85,15.85,15.85,0.3,1.9293,0
2014-03-10,15.9,15.9,15.9,15.9,0.05,0.3155,0
2014-03-11,16.1,16.1,16.1,16.1,0.2,1.2579,0
2014-03-12,15.95,15.95,15.95,15.95,-0.15,-0.9317,0
2014-03-13,16.6,16.6,16.6,16.6,0.65,4.0752,0
2014-03-14,17.1,17.1,17.1,17.1,0.5,3.012,0
2014-03-17,16.15,16.15,16.15,16.15,-0.95,-5.5556,0
2014-03-18,16.25,16.25,16.25,16.25,0.1,0.6192,0
2014-03-19,16.5,16.5,16.5,16.5,0.25,1.5385,0
2014-03-20,16.2,16.2,16.2,16.2,-0.3,-1.8182,0
2014-03-21,16.45,16.45,16.45,16.45,0.25,1.5432,0
2014-03-24,16.45,16.45,16.45,16.45,0.0,0.0,0
2014-03-25,16.25,16.25,16.25,16.25,-0.2,-1.2158,0
2014-03-26,16.65,16.65,16.65,16.65,0.4,2.4615,0
2014-03-27,16.4,16.4,16.4,16.4,-0.25,-1.5015,0
2014-03-28,16.25,16.25,16.25,16.25,-0.15,-0.9146,0
2014-03-31,15.85,15.85,15.85,15.85,-0.4,-2.4615,0
2014-04-01,15.45,15.45,15.45,15.45,-0.4,-2.5237,0
2014-04-02,15.55,15.55,15.55,15.55,0.1,0.6472,0
2014-04-03,15.4,15.4,15.4,15.4,-0.15,-0.9646,0
2014-04-04,15.75,15.75,15.75,15.75,0.35,2.2727,0
2014-04-07,16.0,16.0,16.0,16.0,0.25,1.5873,0
2014-04-08,15.75,15.75,15.75,15.75,-0.25,-1.5625,0
2014-04-09,15.45,15.45,15.45,15.45,-0.3,-1.9048,0
2014-04-10,16.25,16.25,16.25,16.25,0.8,5.178,0
2014-04-11,16.65,16.65,16.65,16.65,0.4,2.4615,0
2014-04-14,16.65,16.65,16.65,16.65,0.0,0.0,0
2014-04-15,16.45,16.45,16.45,16.45,-0.2,-1.2012,0
2014-04-16,16.35,16.35,16.35,16.35,-0.1,-0.6079,0
2014-04-17,16.1,16.1,16.1,16.1,-0.25,-1.5291,0
2014-04-21,16.05,16.05,16.05,16.05,-0.05,-0.3106,0
2014-04-22,15.85,15.85,15.85,15.85,-0.2,-1.2461,0
2014-04-23,15.8,15.8,15.8,15.8,-0.05,-0.3155,0
2014-04-24,16.05,16.05,16.05,16.05,0.25,1.5823,0
2014-04-25,16.2,16.2,16.2,16.2,0.15,0.9346,0
2014-04-28,15.9,15.9,15.9,15.9,-0.3,-1.8519,0
2014-04-29,15.7,15.7,15.7,15.7,-0.2,-1.2579,0
2014-04-30,15.75,15.75,15.75,15.75,0.05,0.3185,0
2014-05-01,15.75,15.75,15.75,15.75,0.0,0.0,0
2014-05-02,15.85,15.85,15.85,15.85,0.1,0.6349,0
2014-05-05,15.6,15.6,15.6,15.6,-0.25,-1.5773,0
2014-05-06,15.8,15.8,15.8,15.8,0.2,1.2821,0
2014-05-07,15.45,15.45,15.45,15.45,-0.35,-2.2152,0
2014-05-08,15.45,15.45,15.45,15.45,0.0,0.0,0
2014-05-09,15.2,15.2,15.2,15.2,-0.25,-1.6181,0
2014-05-12,14.8,14.8,14.8,14.8,-0.4,-2.6316,0
2014-05-13,14.85,14.85,14.85,14.85,0.05,0.3378,0
2014-05-14,14.75,14.75,14.75,14.75,-0.1,-0.6734,0
2014-05-15,14.9,14.9,14.9,14.9,0.15,1.0169,0
2014-05-16,14.65,14.65,14.65,14.65,-0.25,-1.6779,0
2014-05-19,14.35,14.35,14.35,14.35,-0.3,-2.0478,0
2014-05-20,14.4,14.4,14.4,14.4,0.05,0.3484,0
2014-05-21,15.05,15.05,15.05,15.05,0.65,4.5139,0
2014-05-22,15.1,15.1,15.1,15.1,0.05,0.3322,0
2014-05-23,15.05,15.05,15.05,15.05,-0.05,-0.3311,0
2014-05-27,14.65,14.65,14.65,14.65,-0.4,-2.6578,0
2014-05-28,14.75,14.75,14.75,14.75,0.1,0.6826,0
2014-05-29,14.7,14.7,14.7,14.7,-0.05,-0.339,0
2014-05-30,14.8,14.8,14.8,14.8,0.1,0.6803,0
2014-06-02,14.75,14.75,14.75,14.75,-0.05,-0.3378,0
2014-06-03,14.75,14.75,14.75,14.75,0.0,0.0,0
2014-06-04,14.55,14.55,14.55,14.55,-0.2,-1.3559,0
2014-06-05,14.05,14.05,14.05,14.05,-0.5,-3.4364,0
2014-06-06,13.3,13.3,13.3,13.3,-0.75,-5.3381,0
2014-06-09,13.45,13.45,13.45,13.45,0.15,1.1278,0
2014-06-10,13.25,13.25,13.25,13.25,-0.2,-1.487,0
2014-06-11,13.5,13.5,13.5,13.5,0.25,1.8868,0
2014-06-12,14.15,14.15,14.15,14.15,0.65,4.8148,0
2014-06-13,13.8,13.8,13.8,13.8,-0.35,-2.4735,0
2014-06-16,13.8,13.8,13.8,13.8,0.0,0.0,0
2014-06-17,13.45,13.45,13.45,13.45,-0.35,-2.5362,0
2014-06-18,13.7,13.7,13.7,13.7,0.25,1.8587,0
2014-06-19,13.8,13.8,13.8,13.8,0.1,0.7299,0
2014-06-20,13.9,13.9,13.9,13.9,0.1,0.7246,0
2014-06-23,13.7,13.7,13.7,13.7,-0.2,-1.4388,0
2014-06-24,13.95,13.95,13.95,13.95,0.25,1.8248,0
2014-06-25,13.6,13.6,13.6,13.6,-0.35,-2.509,0
2014-06-26,13.6,13.6,13.6,13.6,0.0,0.0,0
2014-06-27,13.5,13.5,13.5,13.5,-0.1,-0.7353,0
2014-06-30,13.35,13.35,13.35,13.35,-0.15,-1.1111,0
2014-07-01,13.05,13.05,13.05,13.05,-0.3,-2.2472,0
2014-07-02,12.9,12.9,12.9,12.9,-0.15,-1.1494,0
2014-07-03,12.8,12.8,12.8,12.8,-0.1,-0.7752,0
2014-07-07,13.05,13.05,13.05,13.05,0.25,1.9531,0
2014-07-08,13.1,13.1,13.1,13.1,0.05,0.3831,0
2014-07-09,12.85,12.85,12.85,12.85,-0.25,-1.9084,0
2014-07-10,13.35,13.35,13.35,13.35,0.5,3.8911,0
2014-07-11,13.2,13.2,13.2,13.2,-0.15,-1.1236,0
2014-07-14,12.75,12.75,12.75,12.75,-0.45,-3.4091,0
2014-07-15,13.0,13.0,13.0,13.0,0.25,1.9608,0
2014-07-16,13.6,13.6,13.6,13.6,0.6,4.6154,0
2014-07-17,14.25,14.25,14.25,14.25,0.65,4.7794,0
2014-07-18,13.7,13.7,13.7,13.7,-0.55,-3.8596,0
2014-07-21,13.95,13.95,13.95,13.95,0.25,1.8248,0
2014-07-22,13.7,13.7,13.7,13.7,-0.25,-1.7921,0
2014-07-23,13.85,13.85,13.85,13.85,0.15,1.0949,0
2014-07-24,14.05,14.05,14.05,14.05,0.2,1.444,0
2014-07-25,14.3,14.3,14.3,14.3,0.25,1.7794,0
2014-07-28,14.15,14.15,14.15,14.15,-0.15,-1.049,0
2014-07-29,14.2,14.2,14.2,14.2,0.05,0.3534,0
2014-07-30,14.3,14.3,14.3,14.3,0.1,0.7042,0
2014-07-31,15.5,15.5,15.5,15.5,1.2,8.3916,0
2014-08-01,16.1,16.1,16.1,16.1,0.6,3.871,0
2014-08-04,15.35,15.35,15.35,15.35,-0.75,-4.6584,0
2014-08-05,16.2,16.2,16.2,16.2,0.85,5.5375,0
2014-08-06,16.3,16.3,16.3,16.3,0.1,0.6173,0
2014-08-07,16.65,16.65,16.65,16.65,0.35,2.1472,0
2014-08-08,16.15,16.15,16.15,16.15,-0.5,-3.003,0
2014-08-11,15.3,15.3,15.3,15.3,-0.85,-5.2632,0
2014-08-12,15.15,15.15,15.15,15.15,-0.15,-0.9804,0
2014-08-13,14.4,14.4,14.4,14.4,-0.75,-4.9505,0
2014-08-14,13.9,13.9,13.9,13.9,-0.5,-3.4722,0
2014-08-15,13.9,13.9,13.9,13.9,0.0,0.0,0
2014-08-18,13.4,13.4,13.4,13.4,-0.5,-3.5971,0
2014-08-19,13.5,13.5,13.5,13.5,0.1,0.7463,0
2014-08-20,14.2,14.2,14.2,14.2,0.7,5.1852,0
2014-08-21,14.15,14.15,14.15,14.15,-0.05,-0.3521,0
2014-08-22,14.25,14.25,14.25,14.25,0.1,0.7067,0
2014-08-25,14.15,14.15,14.15,14.15,-0.1,-0.7018,0
2014-08-26,14.35,14.35,14.35,14.35,0.2,1.4134,0
2014-08-27,14.45,14.45,14.45,14.45,0.1,0.6969,0
2014-08-28,14.45,14.45,14.45,14.45,0.0,0.0,0
2014-08-29,14.55,14.55,14.55,14.55,0.1,0.692,0
2014-09-02,14.65,14.65,14.65,14.65,0.1,0.6873,0
2014-09-03,14.5,14.5,14.5,14.5,-0.15,-1.0239,0
2014-09-04,14.45,14.45,14.45,14.45,-0.05,-0.3448,0
2014-09-05,14.2,14.2,14.2,14.2,-0.25,-1.7301,0
2014-09-08,14.25,14.25,14.25,14.25,0.05,0.3521,0
2014-09-09,14.55,14.55,14.55,14.55,0.3,2.1053,0
2014-09-10,14.5,14.5,14.5,14.5,-0.05,-0.3436,0
2014-09-11,14.5,14.5,14.5,14.5,0.0,0.0,0
2014-09-12,14.8,14.8,14.8,14.8,0.3,2.069,0
2014-09-15,15.2,15.2,15.2,15.2,0.4,2.7027,0
2014-09-16,14.4,14.4,14.4,14.4,-0.8,-5.2632,0
2014-09-17,14.95,14.95,14.95,14.95,0.55,3.8194,0
2014-09-18,14.8,14.8,14.8,14.8,-0.15,-1.0033,0
2014-09-19,14.95,14.95,14.95,14.95,0.15,1.0135,0
2014-09-22,15.45,15.45,15.45,15.45,0.5,3.3445,0
2014-09-23,15.9,15.9,15.9,15.9,0.45,2.9126,0
2014-09-24,15.35,15.35,15.35,15.35,-0.55,-3.4591,0
2014-09-25,16.1,16.1,16.1,16.1,0.75,4.886,0
2014-09-26,15.85,15.85,15.85,15.85,-0.25,-1.5528,0
2014-09-29,16.55,16.55,16.55,16.55,0.7,4.4164,0
2014-09-30,16.65,16.65,16.65,16.65,0.1,0.6042,0
2014-10-01,17.05,17.05,17.05,17.05,0.4,2.4024,0
2014-10-02,16.8,16.8,16.8,16.8,-0.25,-1.4663,0
2014-10-03,15.8,15.8,15.8,15.8,-1.0,-5.9524,0
2014-10-06,16.2,16.2,16.2,16.2,0.4,2.5316,0
2014-10-07,17.2,17.2,17.2,17.2,1.0,6.1728,0
2014-10-08,15.7,15.7,15.7,15.7,-1.5,-8.7209,0
2014-10-09,17.0,17.0,17.0,17.0,1.3,8.2803,0
2014-10-10,18.65,18.65,18.65,18.65,1.65,9.7059,0
2014-10-13,20.85,20.85,20.85,20.85,2.2,11.7962,0
2014-10-14,19.75,19.75,19.75,19.75,-1.1,-5.2758,0
2014-10-15,22.1,22.1,22.1,22.1,2.35,11.8987,0
2014-10-16,21.05,21.05,21.05,21.05,-1.05,-4.7511,0
2014-10-17,19.95,19.95,19.95,19.95,-1.1,-5.2257,0
2014-10-20,18.3,18.3,18.3,18.3,-1.65,-8.2707,0
2014-10-21,16.95,16.95,16.95,16.95,-1.35,-7.377,0
2014-10-22,18.05,18.05,18.05,18.05,1.1,6.4897,0
2014-10-23,17.3,17.3,17.3,17.3,-0.75,-4.1551,0
2014-10-24,17.05,17.05,17.05,17.05,-0.25,-1.4451,0
2014-10-27,16.85,16.85,16.85,16.85,-0.2,-1.173,0
2014-10-28,15.9,15.9,15.9,15.9,-0.95,-5.638,0
2014-10-29,16.3,16.3,16.3,16.3,0.4,2.5157,0
2014-10-30,16.3,16.3,16.3,16.3,0.0,0.0,0
2014-10-31,16.05,16.05,16.05,16.05,-0.25,-1.5337,0
2014-11-03,16.25,16.25,16.25,16.25,0.2,1.2461,0
2014-11-04,16.25,16.25,16.25,16.25,0.0,0.0,0
2014-11-05,15.9,15.9,15.9,15.9,-0.35,-2.1538,0
2014-11-06,15.45,15.45,15.45,15.45,-0.45,-2.8302,0
2014-11-07,15.5,15.5,15.5,15.5,0.05,0.3236,0
2014-11-10,14.95,14.95,14.95,14.95,-0.55,-3.5484,0
2014-11-11,14.85,14.85,14.85,14.85,-0.1,-0.6689,0
2014-11-12,15.2,15.2,15.2,15.2,0.35,2.3569,0
2014-11-13,15.55,15.55,15.55,15.55,0.35,2.3026,0
2014-11-14,15.3,15.3,15.3,15.3,-0.25,-1.6077,0
2014-11-17,15.35,15.35,15.35,15.35,0.05,0.3268,0
2014-11-18,15.3,15.3,15.3,15.3,-0.05,-0.3257,0
2014-11-19,15.5,15.5,15.5,15.5,0.2,1.3072,0
2014-11-20,16.05,16.05,16.05,16.05,0.55,3.5484,0
2014-11-21,16.05,16.05,16.05,16.05,0.0,0.0,0
2014-11-24,15.85,15.85,15.85,15.85,-0.2,-1.2461,0
2014-11-25,15.8,15.8,15.8,15.8,-0.05,-0.3155,0
2014-11-26,15.65,15.65,15.65,15.65,-0.15,-0.9494,0
2014-11-28,15.95,15.95,15.95,15.95,0.3,1.9169,0
2014-12-01,16.65,16.65,16.65,16.65,0.7,4.3887,0
2014-12-02,15.55,15.55,15.55,15.55,-1.1,-6.6066,0
2014-12-03,15.65,15.65,15.65,15.65,0.1,0.6431,0
2014-12-04,15.45,15.45,15.45,15.45,-0.2,-1.278,0
2014-12-05,15.35,15.35,15.35,15.35,-0.1,-0.6472,0
2014-12-08,16.15,16.15,16.15,16.15,0.8,5.2117,0
2014-12-09,16.15,16.15,16.15,16.15,0.0,0.0,0
2014-12-10,17.75,17.75,17.75,17.75,1.6,9.9071,0
2014-12-11,19.15,19.15,19.15,19.15,1.4,7.8873,0
2014-12-12,19.15,19.15,19.15,19.15,0.0,0.0,0
2014-12-15,18.75,18.75,18.75,18.75,-0.4,-2.0888,0
2014-12-16,20.1,20.1,20.1,20.1,1.35,7.2,0
2014-12-17,17.65,17.65,17.65,17.65,-2.45,-12.1891,0
2014-12-18,17.6,17.6,17.6,17.6,-0.05,-0.2833,0
2014-12-19,17.15,17.15,17.15,17.15,-0.45,-2.5568,0
2014-12-22,17.025,17.025,17.025,17.025,-0.125,-0.7289,0
2014-12-23,16.725,16.725,16.725,16.725,-0.3,-1.7621,0
2014-12-24,16.925,16.925,16.925,16.925,0.2,1.1958,0
2014-12-26,16.525,16.525,16.525,16.525,-0.4,-2.3634,0
2014-12-29,16.725,16.725,16.725,16.725,0.2,1.2103,0
2014-12-30,17.025,17.025,17.025,17.025,0.3,1.7937,0
2014-12-31,18.225,18.225,18.225,18.225,1.2,7.0485,0
2015-01-02,18.225,18.225,18.225,18.225,0.0,0.0,0
2015-01-05,19.2,19.2,19.2,19.2,0.975,5.3498,0
2015-01-06,19.675,19.675,19.675,19.675,0.475,2.474,0
2015-01-07,18.725,18.725,18.725,18.725,-0.95,-4.8285,0
2015-01-08,17.775,17.775,17.775,17.775,-0.95,-5.0734,0
2015-01-09,18.675,18.675,18.675,18.675,0.9,5.0633,0
2015-01-12,19.375,19.375,19.375,19.375,0.7,3.7483,0
2015-01-13,19.725,19.725,19.725,19.725,0.35,1.8065,0
2015-01-14,19.875,19.875,19.875,19.875,0.15,0.7605,0
2015-01-15,20.775,20.775,20.775,20.775,0.9,4.5283,0
2015-01-16,20.125,20.125,20.125,20.125,-0.65,-3.1288,0
2015-01-20,20.125,20.125,20.125,20.125,0.0,0.0,0
2015-01-21,18.875,18.875,18.875,18.875,-1.25,-6.2112,0
2015-01-22,18.125,18.125,18.125,18.125,-0.75,-3.9735,0
2015-01-23,18.525,18.525,18.525,18.525,0.4,2.2069,0
2015-01-26,17.625,17.625,17.625,17.625,-0.9,-4.8583,0
2015-01-27,18.075,18.075,18.075,18.075,0.45,2.5532,0
2015-01-28,20.125,20.125,20.125,20.125,2.05,11.3416,0
2015-01-29,18.875,18.875,18.875,18.875,-1.25,-6.2112,0
2015-01-30,20.25,20.25,20.25,20.25,1.375,7.2848,0
2015-02-02,19.625,19.625,19.625,19.625,-0.625,-3.0864,0
2015-02-03,19.075,19.075,19.075,19.075,-0.55,-2.8025,0
2015-02-04,19.825,19.825,19.825,19.825,0.75,3.9318,0
2015-02-05,19.075,19.075,19.075,19.075,-0.75,-3.7831,0
2015-02-06,19.55,19.55,19.55,19.55,0.475,2.4902,0
2015-02-09,19.925,19.925,19.925,19.925,0.375,1.9182,0
2015-02-10,19.15,19.15,19.15,19.15,-0.775,-3.8896,0
2015-02-11,19.075,19.075,19.075,19.075,-0.075,-0.3916,0
2015-02-12,18.225,18.225,18.225,18.225,-0.85,-4.4561,0
2015-02-13,18.15,18.15,18.15,18.15,-0.075,-0.4115,0
2015-02-17,18.25,18.25,18.25,18.25,0.1,0.551,0
2015-02-18,17.875,17.875,17.875,17.875,-0.375,-2.0548,0
2015-02-19,18.525,18.525,18.525,18.525,0.65,3.6364,0
2015-02-20,17.85,17.85,17.85,17.85,-0.675,-3.6437,0
2015-02-23,17.975,17.975,17.975,17.975,0.125,0.7003,0
2015-02-24,17.325,17.325,17.325,17.325,-0.65,-3.6161,0
2015-02-25,17.675,17.675,17.675,17.675,0.35,2.0202,0
2015-02-26,17.475,17.475,17.475,17.475,-0.2,-1.1315,0
2015-02-27,17.375,17.375,17.375,17.375,-0.1,-0.5722,0
2015-03-02,16.975,16.975,16.975,16.975,-0.4,-2.3022,0
2015-03-03,17.325,17.325,17.325,17.325,0.35,2.0619,0
2015-03-04,17.325,17.325,17.325,17.325,0.0,0.0,0
2015-03-05,17.075,17.075,17.075,17.075,-0.25,-1.443,0
2015-03-06,17.775,17.775,17.775,17.775,0.7,4.0996,0
2015-03-09,17.575,17.575,17.575,17.575,-0.2,-1.1252,0
2015-03-10,18.375,18.375,18.375,18.375,0.8,4.5519,0
2015-03-11,18.525,18.525,18.525,18.525,0.15,0.8163,0
2015-03-12,17.425,17.425,17.425,17.425,-1.1,-5.9379,0
2015-03-13,17.875,17.875,17.875,17.875,0.45,2.5825,0
2015-03-16,17.475,17.475,17.475,17.475,-0.4,-2.2378,0
2015-03-17,17.375,17.375,17.375,17.375,-0.1,-0.5722,0
2015-03-18,16.525,16.525,16.525,16.525,-0.85,-4.8921,0
2015-03-19,17.675,17.675,17.675,17.675,1.15,6.9592,0
2015-03-20,17.625,17.625,17.625,17.625,-0.05,-0.2829,0
2015-03-23,17.625,17.625,17.625,17.625,0.0,0.0,0
2015-03-24,17.575,17.575,17.575,17.575,-0.05,-0.2837,0
2015-03-25,18.075,18.075,18.075,18.075,0.5,2.845,0
2015-03-26,17.825,17.825,17.825,17.825,-0.25,-1.3831,0
2015-03-27,17.725,17.725,17.725,17.725,-0.1,-0.561,0
2015-03-30,17.375,17.375,17.375,17.375,-0.35,-1.9746,0
2015-03-31,17.825,17.825,17.825,17.825,0.45,2.5899,0
2015-04-01,17.675,17.675,17.675,17.675,-0.15,-0.8415,0
2015-04-02,17.475,17.475,17.475,17.475,-0.2,-1.1315,0
2015-04-06,17.125,17.125,17.125,17.125,-0.35,-2.0029,0
2015-04-07,17.075,17.075,17.075,17.075,-0.05,-0.292,0
2015-04-08,16.725,16.725,16.725,16.725,-0.35,-2.0498,0
2015-04-09,16.175,16.175,16.175,16.175,-0.55,-3.2885,0
2015-04-10,15.425,15.425,15.425,15.425,-0.75,-4.6368,0
2015-04-13,16.075,16.075,16.075,16.075,0.65,4.2139,0
2015-04-14,15.625,15.625,15.625,15.625,-0.45,-2.7994,0
2015-04-15,15.325,15.325,15.325,15.325,-0.3,-1.92,0
2015-04-16,16.475,16.475,16.475,16.475,1.15,7.5041,0
2015-04-17,16.875,16.875,16.875,16.875,0.4,2.4279,0
2015-04-20,16.575,16.575,16.575,16.575,-0.3,-1.7778,0
2015-04-21,16.525,16.525,16.525,16.525,-0.05,-0.3017,0
2015-04-22,16.325,16.325,16.325,16.325,-0.2,-1.2103,0
2015-04-23,16.175,16.175,16.175,16.175,-0.15,-0.9188,0
2015-04-24,16.175,16.175,16.175,16.175,0.0,0.0,0
2015-04-27,16.475,16.475,16.475,16.475,0.3,1.8547,0
2015-04-28,15.975,15.975,15.975,15.975,-0.5,-3.0349,0
2015-04-29,16.475,16.475,16.475,16.475,0.5,3.1299,0
2015-04-30,16.625,16.625,16.625,16.625,0.15,0.9105,0
2015-05-01,15.975,15.975,15.975,15.975,-0.65,-3.9098,0
2015-05-04,15.975,15.975,15.975,15.975,0.0,0.0,0
2015-05-05,16.525,16.525,16.525,16.525,0.55,3.4429,0
2015-05-06,16.675,16.675,16.675,16.675,0.15,0.9077,0
2015-05-07,16.475,16.475,16.475,16.475,-0.2,-1.1994,0
2015-05-08,15.95,15.95,15.95,15.95,-0.525,-3.1866,0
2015-05-11,16.375,16.375,16.375,16.375,0.425,2.6646,0
2015-05-12,16.125,16.125,16.125,16.125,-0.25,-1.5267,0
2015-05-13,15.925,15.925,15.925,15.925,-0.2,-1.2403,0
2015-05-14,15.625,15.625,15.625,15.625,-0.3,-1.8838,0
2015-05-15,15.525,15.525,15.525,15.525,-0.1,-0.64,0
2015-05-18,14.975,14.975,14.975,14.975,-0.55,-3.5427,0
2015-05-19,14.875,14.875,14.875,14.875,-0.1,-0.6678,0
2015-05-20,14.875,14.875,14.875,14.875,0.0,0.0,0
2015-05-21,15.525,15.525,15.525,15.525,0.65,4.3697,0
2015-05-22,15.725,15.725,15.725,15.725,0.2,1.2882,0
2015-05-26,15.975,15.975,15.975,15.975,0.25,1.5898,0
2015-05-27,15.675,15.675,15.675,15.675,-0.3,-1.8779,0
2015-05-28,15.725,15.725,15.725,15.725,0.05,0.319,0
2015-05-29,15.825,15.825,15.825,15.825,0.1,0.6359,0
2015-06-01,15.775,15.775,15.775,15.775,-0.05,-0.316,0
2015-06-02,16.025,16.025,16.025,16.025,0.25,1.5848,0
2015-06-03,15.675,15.675,15.675,15.675,-0.35,-2.1841,0
2015-06-04,16.075,16.075,16.075,16.075,0.4,2.5518,0
2015-06-05,15.975,15.975,15.975,15.975,-0.1,-0.6221,0
2015-06-08,16.275,16.275,16.275,16.275,0.3,1.8779,0
2015-06-09,16.05,16.05,16.05,16.05,-0.225,-1.3825,0
2015-06-10,15.425,15.425,15.425,15.425,-0.625,-3.8941,0
2015-06-11,15.125,15.125,15.125,15.125,-0.3,-1.9449,0
2015-06-12,15.375,15.375,15.375,15.375,0.25,1.6529,0
2015-06-15,16.025,16.025,16.025,16.025,0.65,4.2276,0
2015-06-16,15.65,15.65,15.65,15.65,-0.375,-2.3401,0
2015-06-17,15.625,15.625,15.625,15.625,-0.025,-0.1597,0
2015-06-18,15.925,15.925,15.925,15.925,0.3,1.92,0
2015-06-19,16.325,16.325,16.325,16.325,0.4,2.5118,0
2015-06-22,15.575,15.575,15.575,15.575,-0.75,-4.5942,0
2015-06-23,15.275,15.275,15.275,15.275,-0.3,-1.9262,0
2015-06-24,15.625,15.625,15.625,15.625,0.35,2.2913,0
2015-06-25,15.625,15.625,15.625,15.625,0.0,0.0,0
2015-06-26,15.475,15.475,15.475,15.475,-0.15,-0.96,0
2015-06-29,17.425,17.425,17.425,17.425,1.95,12.601,0
2015-06-30,17.375,17.375,17.375,17.375,-0.05,-0.2869,0
2015-07-01,16.175,16.175,16.175,16.175,-1.2,-6.9065,0
2015-07-02,17.025,17.025,17.025,17.025,0.85,5.255,0
2015-07-06,17.375,17.375,17.375,17.375,0.35,2.0558,0
2015-07-07,16.675,16.675,16.675,16.675,-0.7,-4.0288,0
2015-07-08,18.175,18.175,18.175,18.175,1.5,8.9955,0
2015-07-09,18.675,18.675,18.675,18.675,0.5,2.751,0
2015-07-10,17.175,17.175,17.175,17.175,-1.5,-8.0321,0
2015-07-13,15.575,15.575,15.575,15.575,-1.6,-9.3159,0
2015-07-14,15.575,15.575,15.575,15.575,0.0,0.0,0
2015-07-15,15.35,15.35,15.35,15.35,-0.225,-1.4446,0
2015-07-16,14.475,14.475,14.475,14.475,-0.875,-5.7003,0
2015-07-17,14.425,14.425,14.425,14.425,-0.05,-0.3454,0
2015-07-20,14.225,14.225,14.225,14.225,-0.2,-1.3865,0
2015-07-21,14.225,14.225,14.225,14.225,0.0,0.0,0
2015-07-22,14.175,14.175,14.175,14.175,-0.05,-0.3515,0
2015-07-23,15.425,15.425,15.425,15.425,1.25,8.8183,0
2015-07-24,15.8,15.8,15.8,15.8,0.375,2.4311,0
2015-07-27,16.325,16.325,16.325,16.325,0.525,3.3228,0
2015-07-28,15.475,15.475,15.475,15.475,-0.85,-5.2067,0
2015-07-29,15.375,15.375,15.375,15.375,-0.1,-0.6462,0
2015-07-30,15.325,15.325,15.325,15.325,-0.05,-0.3252,0
2015-07-31,15.325,15.325,15.325,15.325,0.0,0.0,0
2015-08-03,15.125,15.125,15.125,15.125,-0.2,-1.3051,0
2015-08-04,15.225,15.225,15.225,15.225,0.1,0.6612,0
2015-08-05,15.175,15.175,15.175,15.175,-0.05,-0.3284,0
2015-08-06,15.425,15.425,15.425,15.425,0.25,1.6474,0
2015-08-07,15.225,15.225,15.225,15.225,-0.2,-1.2966,0
2015-08-10,14.875,14.875,14.875,14.875,-0.35,-2.2989,0
2015-08-11,15.475,15.475,15.475,15.475,0.6,4.0336,0
2015-08-12,15.275,15.275,15.275,15.275,-0.2,-1.2924,0
2015-08-13,15.075,15.075,15.075,15.075,-0.2,-1.3093,0
2015-08-14,15.125,15.125,15.125,15.125,0.05,0.3317,0
2015-08-17,15.025,15.025,15.025,15.025,-0.1,-0.6612,0
2015-08-18,15.175,15.175,15.175,15.175,0.15,0.9983,0
2015-08-19,15.725,15.725,15.725,15.725,0.55,3.6244,0
2015-08-20,17.325,17.325,17.325,17.325,1.6,10.1749,0
2015-08-21,18.625,18.625,18.625,18.625,1.3,7.5036,0
2015-08-24,22.5,22.5,22.5,22.5,3.875,20.8054,0
2015-08-25,22.55,22.55,22.55,22.55,0.05,0.2222,0
2015-08-26,21.475,21.475,21.475,21.475,-1.075,-4.7672,0
2015-08-27,21.55,21.55,21.55,21.55,0.075,0.3492,0
2015-08-28,21.875,21.875,21.875,21.875,0.325,1.5081,0
2015-08-31,23.425,23.425,23.425,23.425,1.55,7.0857,0
2015-09-01,25.825,25.825,25.825,25.825,2.4,10.2455,0
2015-09-02,23.875,23.875,23.875,23.875,-1.95,-7.5508,0
2015-09-03,23.875,23.875,23.875,23.875,0.0,0.0,0
2015-09-04,25.775,25.775,25.775,25.775,1.9,7.9581,0
2015-09-08,23.575,23.575,23.575,23.575,-2.2,-8.5354,0
2015-09-09,24.225,24.225,24.225,24.225,0.65,2.7572,0
2015-09-10,23.375,23.375,23.375,23.375,-0.85,-3.5088,0
2015-09-11,22.925,22.925,22.925,22.925,-0.45,-1.9251,0
2015-09-14,22.875,22.875,22.875,22.875,-0.05,-0.2181,0
2015-09-15,20.425,20.425,20.425,20.425,-2.45,-10.7104,0
2015-09-16,18.975,18.975,18.975,18.975,-1.45,-7.0991,0
2015-09-17,20.075,20.075,20.075,20.075,1.1,5.7971,0
2015-09-18,20.975,20.975,20.975,20.975,0.9,4.4832,0
2015-09-21,19.825,19.825,19.825,19.825,-1.15,-5.4827,0
2015-09-22,21.125,21.125,21.125,21.125,1.3,6.5574,0
2015-09-23,20.675,20.675,20.675,20.675,-0.45,-2.1302,0
2015-09-24,21.175,21.175,21.175,21.175,0.5,2.4184,0
2015-09-25,21.675,21.675,21.675,21.675,0.5,2.3613,0
2015-09-28,22.725,22.725,22.725,22.725,1.05,4.8443,0
2015-09-29,22.675,22.675,22.675,22.675,-0.05,-0.22,0
2015-09-30,22.125,22.125,22.125,22.125,-0.55,-2.4256,0
2015-10-01,21.425,21.425,21.425,21.425,-0.7,-3.1638,0
2015-10-02,20.475,20.475,20.475,20.475,-0.95,-4.4341,0
2015-10-05,19.475,19.475,19.475,19.475,-1.0,-4.884,0
2015-10-06,19.925,19.925,19.925,19.925,0.45,2.3107,0
2015-10-07,19.175,19.175,19.175,19.175,-0.75,-3.7641,0
2015-10-08,18.525,18.525,18.525,18.525,-0.65,-3.3898,0
2015-10-09,18.375,18.375,18.375,18.375,-0.15,-0.8097,0
2015-10-12,17.175,17.175,17.175,17.175,-1.2,-6.5306,0
2015-10-13,18.675,18.675,18.675,18.675,1.5,8.7336,0
2015-10-14,18.725,18.725,18.725,18.725,0.05,0.2677,0
2015-10-15,17.175,17.175,17.175,17.175,-1.55,-8.2777,0
2015-10-16,17.075,17.075,17.075,17.075,-0.1,-0.5822,0
2015-10-19,15.95,15.95,15.95,15.95,-1.125,-6.5886,0
2015-10-20,17.025,17.025,17.025,17.025,1.075,6.7398,0
2015-10-21,18.225,18.225,18.225,18.225,1.2,7.0485,0
2015-10-22,16.825,16.825,16.825,16.825,-1.4,-7.6818,0
2015-10-23,17.225,17.225,17.225,17.225,0.4,2.3774,0
2015-10-26,17.525,17.525,17.525,17.525,0.3,1.7417,0
2015-10-27,17.175,17.175,17.175,17.175,-0.35,-1.9971,0
2015-10-28,16.825,16.825,16.825,16.825,-0.35,-2.0378,0
2015-10-29,16.975,16.975,16.975,16.975,0.15,0.8915,0
2015-10-30,17.325,17.325,17.325,17.325,0.35,2.0619,0
2015-11-02,16.625,16.625,16.625,16.625,-0.7,-4.0404,0
2015-11-03,16.925,16.925,16.925,16.925,0.3,1.8045,0
2015-11-04,17.425,17.425,17.425,17.425,0.5,2.9542,0
2015-11-05,16.825,16.825,16.825,16.825,-0.6,-3.4433,0
2015-11-06,16.475,16.475,16.475,16.475,-0.35,-2.0802,0
2015-11-09,17.475,17.475,17.475,17.475,1.0,6.0698,0
2015-11-10,16.925,16.925,16.925,16.925,-0.55,-3.1474,0
2015-11-11,17.375,17.375,17.375,17.375,0.45,2.6588,0
2015-11-12,18.725,18.725,18.725,18.725,1.35,7.7698,0
2015-11-13,19.875,19.875,19.875,19.875,1.15,6.1415,0
2015-11-16,17.875,17.875,17.875,17.875,-2.0,-10.0629,0
2015-11-17,18.525,18.525,18.525,18.525,0.65,3.6364,0
2015-11-18,17.775,17.775,17.775,17.775,-0.75,-4.0486,0
2015-11-19,18.825,18.825,18.825,18.825,1.05,5.9072,0
2015-11-20,18.275,18.275,18.275,18.275,-0.55,-2.9216,0
2015-11-23,17.825,17.825,17.825,17.825,-0.45,-2.4624,0
2015-11-24,18.325,18.325,18.325,18.325,0.5,2.805,0
2015-11-25,17.775,17.775,17.775,17.775,-0.55,-3.0014,0
2015-11-27,18.025,18.025,18.025,18.025,0.25,1.4065,0
2015-11-30,17.775,17.775,17.775,17.775,-0.25,-1.387,0
2015-12-01,17.125,17.125,17.125,17.125,-0.65,-3.6568,0
2015-12-02,17.575,17.575,17.575,17.575,0.45,2.6277,0
2015-12-03,18.525,18.525,18.525,18.525,0.95,5.4054,0
2015-12-04,17.325,17.325,17.325,17.325,-1.2,-6.4777,0
2015-12-07,17.525,17.525,17.525,17.525,0.2,1.1544,0
2015-12-08,18.325,18.325,18.325,18.325,0.8,4.5649,0
2015-12-09,19.025,19.025,19.025,19.025,0.7,3.8199,0
2015-12-10,19.125,19.125,19.125,19.125,0.1,0.5256,0
2015-12-11,21.925,21.925,21.925,21.925,2.8,14.6405,0
2015-12-14,20.425,20.425,20.425,20.425,-1.5,-6.8415,0
2015-12-15,18.875,18.875,18.875,18.875,-1.55,-7.5887,0
2015-12-16,18.125,18.125,18.125,18.125,-0.75,-3.9735,0
2015-12-17,19.575,19.575,19.575,19.575,1.45,8.0,0
2015-12-18,20.575,20.575,20.575,20.575,1.0,5.1086,0
2015-12-21,19.275,19.275,19.275,19.275,-1.3,-6.3183,0
2015-12-22,18.475,18.475,18.475,18.475,-0.8,-4.1505,0
2015-12-23,18.575,18.575,18.575,18.575,0.1,0.5413,0
2015-12-24,18.825,18.825,18.825,18.825,0.25,1.3459,0
2015-12-28,18.325,18.325,18.325,18.325,-0.5,-2.656,0
2015-12-29,18.075,18.075,18.075,18.075,-0.25,-1.3643,0
2015-12-30,18.775,18.775,18.775,18.775,0.7,3.8728,0
2015-12-31,18.875,18.875,18.875,18.875,0.1,0.5326,0
2016-01-04,19.525,19.525,19.525,19.525,0.65,3.4437,0
2016-01-05,19.275,19.275,19.275,19.275,-0.25,-1.2804,0
2016-01-06,19.825,19.825,19.825,19.825,0.55,2.8534,0
2016-01-07,21.775,21.775,21.775,21.775,1.95,9.8361,0
2016-01-08,23.075,23.075,23.075,23.075,1.3,5.9701,0
2016-01-11,21.975,21.975,21.975,21.975,-1.1,-4.7671,0
2016-01-12,21.075,21.075,21.075,21.075,-0.9,-4.0956,0
2016-01-13,23.125,23.125,23.125,23.125,2.05,9.7272,0
2016-01-14,22.275,22.275,22.275,22.275,-0.85,-3.6757,0
2016-01-15,24.35,24.35,24.35,24.35,2.075,9.3154,0
2016-01-19,24.025,24.025,24.025,24.025,-0.325,-1.3347,0
2016-01-20,24.725,24.725,24.725,24.725,0.7,2.9136,0
2016-01-21,24.075,24.075,24.075,24.075,-0.65,-2.6289,0
2016-01-22,22.175,22.175,22.175,22.175,-1.9,-7.892,0
2016-01-25,23.175,23.175,23.175,23.175,1.0,4.5096,0
2016-01-26,22.225,22.225,22.225,22.225,-0.95,-4.0992,0
2016-01-27,22.925,22.925,22.925,22.925,0.7,3.1496,0
2016-01-28,22.475,22.475,22.475,22.475,-0.45,-1.9629,0
2016-01-29,21.325,21.325,21.325,21.325,-1.15,-5.1168,0
2016-02-01,21.225,21.225,21.225,21.225,-0.1,-0.4689,0
2016-02-02,22.425,22.425,22.425,22.425,1.2,5.6537,0
2016-02-03,22.175,22.175,22.175,22.175,-0.25,-1.1148,0
2016-02-04,22.475,22.475,22.475,22.475,0.3,1.3529,0
2016-02-05,23.05,23.05,23.05,23.05,0.575,2.5584,0
2016-02-08,23.975,23.975,23.975,23.975,0.925,4.013,0
2016-02-09,24.475,24.475,24.475,24.475,0.5,2.0855,0
2016-02-10,24.625,24.625,24.625,24.625,0.15,0.6129,0
2016-02-11,25.775,25.775,25.775,25.775,1.15,4.6701,0
2016-02-12,25.125,25.125,25.125,25.125,-0.65,-2.5218,0
2016-02-16,23.825,23.825,23.825,23.825,-1.3,-5.1741,0
2016-02-17,22.925,22.925,22.925,22.925,-0.9,-3.7775,0
2016-02-18,23.175,23.175,23.175,23.175,0.25,1.0905,0
2016-02-19,22.75,22.75,22.75,22.75,-0.425,-1.8339,0
2016-02-22,21.625,21.625,21.625,21.625,-1.125,-4.9451,0
2016-02-23,22.525,22.525,22.525,22.525,0.9,4.1618,0
2016-02-24,22.125,22.125,22.125,22.125,-0.4,-1.7758,0
2016-02-25,21.425,21.425,21.425,21.425,-0.7,-3.1638,0
2016-02-26,21.825,21.825,21.825,21.825,0.4,1.867,0
2016-02-29,22.175,22.175,22.175,22.175,0.35,1.6037,0
2016-03-01,20.325,20.325,20.325,20.325,-1.85,-8.3427,0
2016-03-02,20.275,20.275,20.275,20.275,-0.05,-0.246,0
2016-03-03,19.525,19.525,19.525,19.525,-0.75,-3.6991,0
2016-03-04,20.025,20.025,20.025,20.025,0.5,2.5608,0
2016-03-07,19.825,19.825,19.825,19.825,-0.2,-0.9988,0
2016-03-08,20.675,20.675,20.675,20.675,0.85,4.2875,0
2016-03-09,20.125,20.125,20.125,20.125,-0.55,-2.6602,0
2016-03-10,19.925,19.925,19.925,19.925,-0.2,-0.9938,0
2016-03-11,19.1,19.1,19.1,19.1,-0.825,-4.1405,0
2016-03-14,18.825,18.825,18.825,18.825,-0.275,-1.4398,0
2016-03-15,19.075,19.075,19.075,19.075,0.25,1.328,0
2016-03-16,18.275,18.275,18.275,18.275,-0.8,-4.194,0
2016-03-17,18.825,18.825,18.825,18.825,0.55,3.0096,0
2016-03-18,18.875,18.875,18.875,18.875,0.05,0.2656,0
2016-03-21,18.375,18.375,18.375,18.375,-0.5,-2.649,0
2016-03-22,18.375,18.375,18.375,18.375,0.0,0.0,0
2016-03-23,19.225,19.225,19.225,19.225,0.85,4.6259,0
2016-03-24,19.075,19.075,19.075,19.075,-0.15,-0.7802,0
2016-03-28,18.775,18.775,18.775,18.775,-0.3,-1.5727,0
2016-03-29,17.825,17.825,17.825,17.825,-0.95,-5.0599,0
2016-03-30,17.475,17.475,17.475,17.475,-0.35,-1.9635,0
2016-03-31,17.625,17.625,17.625,17.625,0.15,0.8584,0
2016-04-01,17.175,17.175,17.175,17.175,-0.45,-2.5532,0
2016-04-04,17.625,17.625,17.625,17.625,0.45,2.6201,0
2016-04-05,18.425,18.425,18.425,18.425,0.8,4.539,0
2016-04-06,17.425,17.425,17.425,17.425,-1.0,-5.4274,0
2016-04-07,18.875,18.875,18.875,18.875,1.45,8.3214,0
2016-04-08,18.525,18.525,18.525,18.525,-0.35,-1.8543,0
2016-04-11,19.025,19.025,19.025,19.025,0.5,2.6991,0
2016-04-12,18.275,18.275,18.275,18.275,-0.75,-3.9422,0
2016-04-13,17.475,17.475,17.475,17.475,-0.8,-4.3776,0
2016-04-14,17.275,17.275,17.275,17.275,-0.2,-1.1445,0
2016-04-15,17.075,17.075,17.075,17.075,-0.2,-1.1577,0
2016-04-18,16.225,16.225,16.225,16.225,-0.85,-4.978,0
2016-04-19,16.225,16.225,16.225,16.225,0.0,0.0,0
2016-04-20,16.425,16.425,16.425,16.425,0.2,1.2327,0
2016-04-21,18.475,18.475,18.475,18.475,2.05,12.481,0
2016-04-22,18.025,18.025,18.025,18.025,-0.45,-2.4357,0
2016-04-25,18.175,18.175,18.175,18.175,0.15,0.8322,0
2016-04-26,18.025,18.025,18.025,18.025,-0.15,-0.8253,0
2016-04-27,17.625,17.625,17.625,17.625,-0.4,-2.2191,0
2016-04-28,18.475,18.475,18.475,18.475,0.85,4.8227,0
2016-04-29,18.975,18.975,18.975,18.975,0.5,2.7064,0
2016-05-02,18.175,18.175,18.175,18.175,-0.8,-4.2161,0
2016-05-03,18.925,18.925,18.925,18.925,0.75,4.1265,0
2016-05-04,19.075,19.075,19.075,19.075,0.15,0.7926,0
2016-05-05,19.075,19.075,19.075,19.075,0.0,0.0,0
2016-05-06,18.325,18.325,18.325,18.325,-0.75,-3.9318,0
2016-05-09,18.025,18.025,18.025,18.025,-0.3,-1.6371,0
2016-05-10,17.125,17.125,17.125,17.125,-0.9,-4.9931,0
2016-05-11,17.975,17.975,17.975,17.975,0.85,4.9635,0
2016-05-12,17.475,17.475,17.475,17.475,-0.5,-2.7816,0
2016-05-13,18.075,18.075,18.075,18.075,0.6,3.4335,0
2016-05-16,17.425,17.425,17.425,17.425,-0.65,-3.5961,0
2016-05-17,18.0,18.0,18.0,18.0,0.575,3.2999,0
2016-05-18,18.075,18.075,18.075,18.075,0.075,0.4167,0
2016-05-19,19.325,19.325,19.325,19.325,1.25,6.9156,0
2016-05-20,18.95,18.95,18.95,18.95,-0.375,-1.9405,0
2016-05-23,19.075,19.075,19.075,19.075,0.125,0.6596,0
2016-05-24,18.225,18.225,18.225,18.225,-0.85,-4.4561,0
2016-05-25,18.025,18.025,18.025,18.025,-0.2,-1.0974,0
2016-05-26,17.825,17.825,17.825,17.825,-0.2,-1.1096,0
2016-05-27,17.625,17.625,17.625,17.625,-0.2,-1.122,0
2016-05-31,17.475,17.475,17.475,17.475,-0.15,-0.8511,0
2016-06-01,17.525,17.525,17.525,17.525,0.05,0.2861,0
2016-06-02,17.175,17.175,17.175,17.175,-0.35,-1.9971,0
2016-06-03,17.125,17.125,17.125,17.125,-0.05,-0.2911,0
2016-06-06,16.875,16.875,16.875,16.875,-0.25,-1.4599,0
2016-06-07,16.875,16.875,16.875,16.875,0.0,0.0,0
2016-06-08,16.875,16.875,16.875,16.875,0.0,0.0,0
2016-06-09,17.175,17.175,17.175,17.175,0.3,1.7778,0
2016-06-10,18.425,18.425,18.425,18.425,1.25,7.278,0
2016-06-13,21.225,21.225,21.225,21.225,2.8,15.1967,0
2016-06-14,20.875,20.875,20.875,20.875,-0.35,-1.649,0
2016-06-15,20.575,20.575,20.575,20.575,-0.3,-1.4371,0
2016-06-16,20.425,20.425,20.425,20.425,-0.15,-0.729,0
2016-06-17,20.475,20.475,20.475,20.475,0.05,0.2448,0
2016-06-20,19.275,19.275,19.275,19.275,-1.2,-5.8608,0
2016-06-21,19.325,19.325,19.325,19.325,0.05,0.2594,0
2016-06-22,19.675,19.675,19.675,19.675,0.35,1.8111,0
2016-06-23,17.625,17.625,17.625,17.625,-2.05,-10.4193,0
2016-06-24,22.125,22.125,22.125,22.125,4.5,25.5319,0
2016-06-27,23.025,23.025,23.025,23.025,0.9,4.0678,0
2016-06-28,19.375,19.375,19.375,19.375,-3.65,-15.8523,0
2016-06-29,18.55,18.55,18.55,18.55,-0.825,-4.2581,0
2016-06-30,18.325,18.325,18.325,18.325,-0.225,-1.2129,0
2016-07-01,18.25,18.25,18.25,18.25,-0.075,-0.4093,0
2016-07-05,18.325,18.325,18.325,18.325,0.075,0.411,0
2016-07-06,17.825,17.825,17.825,17.825,-0.5,-2.7285,0
2016-07-07,17.675,17.675,17.675,17.675,-0.15,-0.8415,0
2016-07-08,16.775,16.775,16.775,16.775,-0.9,-5.0919,0
2016-07-11,16.725,16.725,16.725,16.725,-0.05,-0.2981,0
2016-07-12,16.225,16.225,16.225,16.225,-0.5,-2.9895,0
2016-07-13,16.225,16.225,16.225,16.225,0.0,0.0,0
2016-07-14,16.125,16.125,16.125,16.125,-0.1,-0.6163,0
2016-07-15,16.325,16.325,16.325,16.325,0.2,1.2403,0
2016-07-18,15.725,15.725,15.725,15.725,-0.6,-3.6753,0
2016-07-19,15.675,15.675,15.675,15.675,-0.05,-0.318,0
2016-07-20,15.475,15.475,15.475,15.475,-0.2,-1.2759,0
2016-07-21,17.775,17.775,17.775,17.775,2.3,14.8627,0
2016-07-22,17.525,17.525,17.525,17.525,-0.25,-1.4065,0
2016-07-25,17.575,17.575,17.575,17.575,0.05,0.2853,0
2016-07-26,17.475,17.475,17.475,17.475,-0.1,-0.569,0
2016-07-27,17.275,17.275,17.275,17.275,-0.2,-1.1445,0
2016-07-28,16.925,16.925,16.925,16.925,-0.35,-2.026,0
2016-07-29,16.425,16.425,16.425,16.425,-0.5,-2.9542,0
2016-08-01,16.225,16.225,16.225,16.225,-0.2,-1.2177,0
2016-08-02,16.625,16.625,16.625,16.625,0.4,2.4653,0
2016-08-03,16.275,16.275,16.275,16.275,-0.35,-2.1053,0
2016-08-04,15.875,15.875,15.875,15.875,-0.4,-2.4578,0
2016-08-05,15.325,15.325,15.325,15.325,-0.55,-3.4646,0
2016-08-08,15.125,15.125,15.125,15.125,-0.2,-1.3051,0
2016-08-09,14.875,14.875,14.875,14.875,-0.25,-1.6529,0
2016-08-10,15.175,15.175,15.175,15.175,0.3,2.0168,0
2016-08-11,15.075,15.075,15.075,15.075,-0.1,-0.659,0
2016-08-12,14.975,14.975,14.975,14.975,-0.1,-0.6633,0
2016-08-15,14.825,14.825,14.825,14.825,-0.15,-1.0017,0
2016-08-16,15.325,15.325,15.325,15.325,0.5,3.3727,0
2016-08-17,14.825,14.825,14.825,14.825,-0.5,-3.2626,0
2016-08-18,16.575,16.575,16.575,16.575,1.75,11.8044,0
2016-08-19,16.675,16.675,16.675,16.675,0.1,0.6033,0
2016-08-22,16.775,16.775,16.775,16.775,0.1,0.5997,0
2016-08-23,16.875,16.875,16.875,16.875,0.1,0.5961,0
2016-08-24,17.125,17.125,17.125,17.125,0.25,1.4815,0
2016-08-25,16.925,16.925,16.925,16.925,-0.2,-1.1679,0
2016-08-26,17.025,17.025,17.025,17.025,0.1,0.5908,0
2016-08-29,16.825,16.825,16.825,16.825,-0.2,-1.1747,0
2016-08-30,16.775,16.775,16.775,16.775,-0.05,-0.2972,0
2016-08-31,16.725,16.725,16.725,16.725,-0.05,-0.2981,0
2016-09-01,16.675,16.675,16.675,16.675,-0.05,-0.299,0
2016-09-02,16.375,16.375,16.375,16.375,-0.3,-1.7991,0
2016-09-06,15.875,15.875,15.875,15.875,-0.5,-3.0534,0
2016-09-07,15.775,15.775,15.775,15.775,-0.1,-0.6299,0
2016-09-08,15.925,15.925,15.925,15.925,0.15,0.9509,0
2016-09-09,17.875,17.875,17.875,17.875,1.95,12.2449,0
2016-09-12,16.925,16.925,16.925,16.925,-0.95,-5.3147,0
2016-09-13,18.325,18.325,18.325,18.325,1.4,8.2718,0
2016-09-14,18.875,18.875,18.875,18.875,0.55,3.0014,0
2016-09-15,18.225,18.225,18.225,18.225,-0.65,-3.4437,0
2016-09-16,17.525,17.525,17.525,17.525,-0.7,-3.8409,0
2016-09-19,17.125,17.125,17.125,17.125,-0.4,-2.2825,0
2016-09-20,17.425,17.425,17.425,17.425,0.3,1.7518,0
2016-09-21,16.075,16.075,16.075,16.075,-1.35,-7.7475,0
2016-09-22,16.875,16.875,16.875,16.875,0.8,4.9767,0
2016-09-23,17.075,17.075,17.075,17.075,0.2,1.1852,0
2016-09-26,17.375,17.375,17.375,17.375,0.3,1.757,0
2016-09-27,16.875,16.875,16.875,16.875,-0.5,-2.8777,0
2016-09-28,16.725,16.725,16.725,16.725,-0.15,-0.8889,0
2016-09-29,17.025,17.025,17.025,17.025,0.3,1.7937,0
2016-09-30,16.95,16.95,16.95,16.95,-0.075,-0.4405,0
2016-10-03,16.775,16.775,16.775,16.775,-0.175,-1.0324,0
2016-10-04,16.625,16.625,16.625,16.625,-0.15,-0.8942,0
2016-10-05,16.675,16.675,16.675,16.675,0.05,0.3008,0
2016-10-06,16.525,16.525,16.525,16.525,-0.15,-0.8996,0
2016-10-07,16.725,16.725,16.725,16.725,0.2,1.2103,0
2016-10-10,16.325,16.325,16.325,16.325,-0.4,-2.3916,0
2016-10-11,16.975,16.975,16.975,16.975,0.65,3.9816,0
2016-10-12,17.225,17.225,17.225,17.225,0.25,1.4728,0
2016-10-13,17.525,17.525,17.525,17.525,0.3,1.7417,0
2016-10-14,17.325,17.325,17.325,17.325,-0.2,-1.1412,0
2016-10-17,17.125,17.125,17.125,17.125,-0.2,-1.1544,0
2016-10-18,16.625,16.625,16.625,16.625,-0.5,-2.9197,0
2016-10-19,16.075,16.075,16.075,16.075,-0.55,-3.3083,0
2016-10-20,16.675,16.675,16.675,16.675,0.6,3.7325,0
2016-10-21,16.525,16.525,16.525,16.525,-0.15,-0.8996,0
2016-10-24,16.075,16.075,16.075,16.075,-0.45,-2.7231,0
2016-10-25,16.225,16.225,16.225,16.225,0.15,0.9331,0
2016-10-26,16.475,16.475,16.475,16.475,0.25,1.5408,0
2016-10-27,16.875,16.875,16.875,16.875,0.4,2.4279,0
2016-10-28,17.1,17.1,17.1,17.1,0.225,1.3333,0
2016-10-31,17.425,17.425,17.425,17.425,0.325,1.9006,0
2016-11-01,17.875,17.875,17.875,17.875,0.45,2.5825,0
2016-11-02,18.225,18.225,18.225,18.225,0.35,1.958,0
2016-11-03,19.025,19.025,19.025,19.025,0.8,4.3896,0
2016-11-04,18.975,18.975,18.975,18.975,-0.05,-0.2628,0
2016-11-07,16.575,16.575,16.575,16.575,-2.4,-12.6482,0
2016-11-08,16.575,16.575,16.575,16.575,0.0,0.0,0
2016-11-09,15.725,15.725,15.725,15.725,-0.85,-5.1282,0
2016-11-10,16.275,16.275,16.275,16.275,0.55,3.4976,0
2016-11-11,16.125,16.125,16.125,16.125,-0.15,-0.9217,0
2016-11-14,15.975,15.975,15.975,15.975,-0.15,-0.9302,0
2016-11-15,15.275,15.275,15.275,15.275,-0.7,-4.3818,0
2016-11-16,15.575,15.575,15.575,15.575,0.3,1.964,0
2016-11-17,16.675,16.675,16.675,16.675,1.1,7.0626,0
2016-11-18,16.675,16.675,16.675,16.675,0.0,0.0,0
2016-11-21,16.275,16.275,16.275,16.275,-0.4,-2.3988,0
2016-11-22,16.275,16.275,16.275,16.275,0.0,0.0,0
2016-11-23,16.375,16.375,16.375,16.375,0.1,0.6144,0
2016-11-25,16.175,16.175,16.175,16.175,-0.2,-1.2214,0
2016-11-28,16.275,16.275,16.275,16.275,0.1,0.6182,0
2016-11-29,16.225,16.225,16.225,16.225,-0.05,-0.3072,0
2016-11-30,16.275,16.275,16.275,16.275,0.05,0.3082,0
2016-12-01,16.675,16.675,16.675,16.675,0.4,2.4578,0
2016-12-02,16.775,16.775,16.775,16.775,0.1,0.5997,0
2016-12-05,15.675,15.675,15.675,15.675,-1.1,-6.5574,0
2016-12-06,15.375,15.375,15.375,15.375,-0.3,-1.9139,0
2016-12-07,15.475,15.475,15.475,15.475,0.1,0.6504,0
2016-12-08,15.525,15.525,15.525,15.525,0.05,0.3231,0
2016-12-09,15.225,15.225,15.225,15.225,-0.3,-1.9324,0
2016-12-12,15.575,15.575,15.575,15.575,0.35,2.2989,0
2016-12-13,15.475,15.475,15.475,15.475,-0.1,-0.6421,0
2016-12-14,15.325,15.325,15.325,15.325,-0.15,-0.9693,0
2016-12-15,15.075,15.075,15.075,15.075,-0.25,-1.6313,0
2016-12-16,14.975,14.975,14.975,14.975,-0.1,-0.6633,0
2016-12-19,14.475,14.475,14.475,14.475,-0.5,-3.3389,0
2016-12-20,14.225,14.225,14.225,14.225,-0.25,-1.7271,0
2016-12-21,14.025,14.025,14.025,14.025,-0.2,-1.406,0
2016-12-22,15.975,15.975,15.975,15.975,1.95,13.9037,0
2016-12-23,16.025,16.025,16.025,16.025,0.05,0.313,0
2016-12-27,15.8,15.8,15.8,15.8,-0.225,-1.4041,0
2016-12-28,16.225,16.225,16.225,16.225,0.425,2.6899,0
2016-12-29,16.375,16.375,16.375,16.375,0.15,0.9245,0
2016-12-30,16.575,16.575,16.575,16.575,0.2,1.2214,0
2017-01-03,15.575,15.575,15.575,15.575,-1.0,-6.0332,0
2017-01-04,14.975,14.975,14.975,14.975,-0.6,-3.8523,0
2017-01-05,14.825,14.825,14.825,14.825,-0.15,-1.0017,0
2017-01-06,14.675,14.675,14.675,14.675,-0.15,-1.0118,0
2017-01-09,14.525,14.525,14.525,14.525,-0.15,-1.0221,0
2017-01-10,14.475,14.475,14.475,14.475,-0.05,-0.3442,0
2017-01-11,14.225,14.225,14.225,14.225,-0.25,-1.7271,0
2017-01-12,14.325,14.325,14.325,14.325,0.1,0.703,0
2017-01-13,14.225,14.225,14.225,14.225,-0.1,-0.6981,0
2017-01-17,14.175,14.175,14.175,14.175,-0.05,-0.3515,0
2017-01-18,14.175,14.175,14.175,14.175,0.0,0.0,0
2017-01-19,15.575,15.575,15.575,15.575,1.4,9.8765,0
2017-01-20,15.225,15.225,15.225,15.225,-0.35,-2.2472,0
2017-01-23,14.975,14.975,14.975,14.975,-0.25,-1.642,0
2017-01-24,14.375,14.375,14.375,14.375,-0.6,-4.0067,0
2017-01-25,14.175,14.175,14.175,14.175,-0.2,-1.3913,0
2017-01-26,14.125,14.125,14.125,14.125,-0.05,-0.3527,0
2017-01-27,14.125,14.125,14.125,14.125,0.0,0.0,0
2017-01-30,14.325,14.325,14.325,14.325,0.2,1.4159,0
2017-01-31,14.325,14.325,14.325,14.325,0.0,0.0,0
2017-02-01,13.975,13.975,13.975,13.975,-0.35,-2.4433,0
2017-02-02,14.175,14.175,14.175,14.175,0.2,1.4311,0
2017-02-03,13.925,13.925,13.925,13.925,-0.25,-1.7637,0
2017-02-06,13.975,13.975,13.975,13.975,0.05,0.3591,0
2017-02-07,13.975,13.975,13.975,13.975,0.0,0.0,0
2017-02-08,13.975,13.975,13.975,13.975,0.0,0.0,0
2017-02-09,13.675,13.675,13.675,13.675,-0.3,-2.1467,0
2017-02-10,13.375,13.375,13.375,13.375,-0.3,-2.1938,0
2017-02-13,13.075,13.075,13.075,13.075,-0.3,-2.243,0
2017-02-14,12.3,12.3,12.3,12.3,-0.775,-5.9273,0
2017-02-15,12.875,12.875,12.875,12.875,0.575,4.6748,0
2017-02-16,14.175,14.175,14.175,14.175,1.3,10.0971,0
2017-02-17,14.35,14.35,14.35,14.35,0.175,1.2346,0
2017-02-21,14.525,14.525,14.525,14.525,0.175,1.2195,0
2017-02-22,14.625,14.625,14.625,14.625,0.1,0.6885,0
2017-02-23,15.225,15.225,15.225,15.225,0.6,4.1026,0
2017-02-24,15.25,15.25,15.25,15.25,0.025,0.1642,0
2017-02-27,15.125,15.125,15.125,15.125,-0.125,-0.8197,0
2017-02-28,15.325,15.325,15.325,15.325,0.2,1.3223,0
2017-03-01,15.075,15.075,15.075,15.075,-0.25,-1.6313,0
2017-03-02,15.025,15.025,15.025,15.025,-0.05,-0.3317,0
2017-03-03,14.575,14.575,14.575,14.575,-0.45,-2.995,0
2017-03-06,14.425,14.425,14.425,14.425,-0.15,-1.0292,0
2017-03-07,14.475,14.475,14.475,14.475,0.05,0.3466,0
2017-03-08,14.425,14.425,14.425,14.425,-0.05,-0.3454,0
2017-03-09,14.425,14.425,14.425,14.425,0.0,0.0,0
2017-03-10,14.2,14.2,14.2,14.2,-0.225,-1.5598,0
2017-03-13,13.875,13.875,13.875,13.875,-0.325,-2.2887,0
2017-03-14,14.075,14.075,14.075,14.075,0.2,1.4414,0
2017-03-15,13.725,13.725,13.725,13.725,-0.35,-2.4867,0
2017-03-16,13.275,13.275,13.275,13.275,-0.45,-3.2787,0
2017-03-17,13.275,13.275,13.275,13.275,0.0,0.0,0
2017-03-20,13.175,13.175,13.175,13.175,-0.1,-0.7533,0
2017-03-21,13.775,13.775,13.775,13.775,0.6,4.5541,0
2017-03-22,13.925,13.925,13.925,13.925,0.15,1.0889,0
2017-03-23,14.775,14.775,14.775,14.775,0.85,6.1041,0
2017-03-24,14.4,14.4,14.4,14.4,-0.375,-2.5381,0
2017-03-27,14.075,14.075,14.075,14.075,-0.325,-2.2569,0
2017-03-28,13.55,13.55,13.55,13.55,-0.525,-3.73,0
2017-03-29,13.525,13.525,13.525,13.525,-0.025,-0.1845,0
2017-03-30,13.375,13.375,13.375,13.375,-0.15,-1.1091,0
2017-03-31,13.575,13.575,13.575,13.575,0.2,1.4953,0
2017-04-03,13.575,13.575,13.575,13.575,0.0,0.0,0
2017-04-04,13.375,13.375,13.375,13.375,-0.2,-1.4733,0
2017-04-05,13.875,13.875,13.875,13.875,0.5,3.7383,0
2017-04-06,13.525,13.525,13.525,13.525,-0.35,-2.5225,0
2017-04-07,13.875,13.875,13.875,13.875,0.35,2.5878,0
2017-04-10,14.325,14.325,14.325,14.325,0.45,3.2432,0
2017-04-11,14.525,14.525,14.525,14.525,0.2,1.3962,0
2017-04-12,14.925,14.925,14.925,14.925,0.4,2.7539,0
2017-04-13,15.225,15.225,15.225,15.225,0.3,2.0101,0
2017-04-17,14.325,14.325,14.325,14.325,-0.9,-5.9113,0
2017-04-18,14.325,14.325,14.325,14.325,0.0,0.0,0
2017-04-19,14.575,14.575,14.575,14.575,0.25,1.7452,0
2017-04-20,14.325,14.325,14.325,14.325,-0.25,-1.7153,0
2017-04-21,14.225,14.225,14.225,14.225,-0.1,-0.6981,0
2017-04-24,13.325,13.325,13.325,13.325,-0.9,-6.3269,0
2017-04-25,13.125,13.125,13.125,13.125,-0.2,-1.5009,0
2017-04-26,13.175,13.175,13.175,13.175,0.05,0.381,0
2017-04-27,13.125,13.125,13.125,13.125,-0.05,-0.3795,0
2017-04-28,13.125,13.125,13.125,13.125,0.0,0.0,0
2017-05-01,12.625,12.625,12.625,12.625,-0.5,-3.8095,0
2017-05-02,12.825,12.825,12.825,12.825,0.2,1.5842,0
2017-05-03,12.975,12.975,12.975,12.975,0.15,1.1696,0
2017-05-04,12.675,12.675,12.675,12.675,-0.3,-2.3121,0
2017-05-05,12.675,12.675,12.675,12.675,0.0,0.0,0
2017-05-08,12.475,12.475,12.475,12.475,-0.2,-1.5779,0
2017-05-09,12.475,12.475,12.475,12.475,0.0,0.0,0
2017-05-10,12.475,12.475,12.475,12.475,0.0,0.0,0
2017-05-11,12.625,12.625,12.625,12.625,0.15,1.2024,0
2017-05-12,12.425,12.425,12.425,12.425,-0.2,-1.5842,0
2017-05-15,12.175,12.175,12.175,12.175,-0.25,-2.0121,0
2017-05-16,12.075,12.075,12.075,12.075,-0.1,-0.8214,0
2017-05-17,14.225,14.225,14.225,14.225,2.15,17.8054,0
2017-05-18,14.575,14.575,14.575,14.575,0.35,2.4605,0
2017-05-19,13.475,13.475,13.475,13.475,-1.1,-7.5472,0
2017-05-22,13.175,13.175,13.175,13.175,-0.3,-2.2263,0
2017-05-23,13.325,13.325,13.325,13.325,0.15,1.1385,0
2017-05-24,12.975,12.975,12.975,12.975,-0.35,-2.6266,0
2017-05-25,13.025,13.025,13.025,13.025,0.05,0.3854,0
2017-05-26,12.925,12.925,12.925,12.925,-0.1,-0.7678,0
2017-05-30,12.725,12.725,12.725,12.725,-0.2,-1.5474,0
2017-05-31,12.675,12.675,12.675,12.675,-0.05,-0.3929,0
2017-06-01,12.425,12.425,12.425,12.425,-0.25,-1.9724,0
2017-06-02,12.525,12.525,12.525,12.525,0.1,0.8048,0
2017-06-05,12.625,12.625,12.625,12.625,0.1,0.7984,0
2017-06-06,12.825,12.825,12.825,12.825,0.2,1.5842,0
2017-06-07,12.725,12.725,12.725,12.725,-0.1,-0.7797,0
2017-06-08,12.525,12.525,12.525,12.525,-0.2,-1.5717,0
2017-06-09,12.575,12.575,12.575,12.575,0.05,0.3992,0
2017-06-12,12.675,12.675,12.675,12.675,0.1,0.7952,0
2017-06-13,12.275,12.275,12.275,12.275,-0.4,-3.1558,0
2017-06-14,12.275,12.275,12.275,12.275,0.0,0.0,0
2017-06-15,12.425,12.425,12.425,12.425,0.15,1.222,0
2017-06-16,12.325,12.325,12.325,12.325,-0.1,-0.8048,0
2017-06-19,12.125,12.125,12.125,12.125,-0.2,-1.6227,0
2017-06-20,12.075,12.075,12.075,12.075,-0.05,-0.4124,0
2017-06-21,12.175,12.175,12.175,12.175,0.1,0.8282,0
2017-06-22,12.725,12.725,12.725,12.725,0.55,4.5175,0
2017-06-23,12.625,12.625,12.625,12.625,-0.1,-0.7859,0
2017-06-26,12.375,12.375,12.375,12.375,-0.25,-1.9802,0
2017-06-27,12.675,12.675,12.675,12.675,0.3,2.4242,0
2017-06-28,12.475,12.475,12.475,12.475,-0.2,-1.5779,0
2017-06-29,12.625,12.625,12.625,12.625,0.15,1.2024,0
2017-06-30,12.675,12.675,12.675,12.675,0.05,0.396,0
2017-07-03,12.975,12.975,12.975,12.975,0.3,2.3669,0
2017-07-05,12.925,12.925,12.925,12.925,-0.05,-0.3854,0
2017-07-06,13.425,13.425,13.425,13.425,0.5,3.8685,0
2017-07-07,13.075,13.075,13.075,13.075,-0.35,-2.6071,0
2017-07-10,12.825,12.825,12.825,12.825,-0.25,-1.912,0
2017-07-11,12.675,12.675,12.675,12.675,-0.15,-1.1696,0
2017-07-12,12.425,12.425,12.425,12.425,-0.25,-1.9724,0
2017-07-13,12.375,12.375,12.375,12.375,-0.05,-0.4024,0
2017-07-14,12.025,12.025,12.025,12.025,-0.35,-2.8283,0
2017-07-17,11.925,11.925,11.925,11.925,-0.1,-0.8316,0
2017-07-18,11.775,11.775,11.775,11.775,-0.15,-1.2579,0
2017-07-19,11.525,11.525,11.525,11.525,-0.25,-2.1231,0
2017-07-20,12.725,12.725,12.725,12.725,1.2,10.4121,0
2017-07-21,12.675,12.675,12.675,12.675,-0.05,-0.3929,0
2017-07-24,12.525,12.525,12.525,12.525,-0.15,-1.1834,0
2017-07-25,12.575,12.575,12.575,12.575,0.05,0.3992,0
2017-07-26,12.625,12.625,12.625,12.625,0.05,0.3976,0
2017-07-27,12.625,12.625,12.625,12.625,0.0,0.0,0
2017-07-28,12.625,12.625,12.625,12.625,0.0,0.0,0
2017-07-31,12.475,12.475,12.475,12.475,-0.15,-1.1881,0
2017-08-01,12.425,12.425,12.425,12.425,-0.05,-0.4008,0
2017-08-02,12.625,12.625,12.625,12.625,0.2,1.6097,0
2017-08-03,12.725,12.725,12.725,12.725,0.1,0.7921,0
2017-08-04,12.775,12.775,12.775,12.775,0.05,0.3929,0
2017-08-07,12.575,12.575,12.575,12.575,-0.2,-1.5656,0
2017-08-08,12.925,12.925,12.925,12.925,0.35,2.7833,0
2017-08-09,13.075,13.075,13.075,13.075,0.15,1.1605,0
2017-08-10,15.175,15.175,15.175,15.175,2.1,16.0612,0
2017-08-11,15.275,15.275,15.275,15.275,0.1,0.659,0
2017-08-14,13.175,13.175,13.175,13.175,-2.1,-13.748,0
2017-08-15,13.175,13.175,13.175,13.175,0.0,0.0,0
2017-08-16,13.075,13.075,13.075,13.075,-0.1,-0.759,0
2017-08-17,15.025,15.025,15.025,15.025,1.95,14.914,0
2017-08-18,15.125,15.125,15.125,15.125,0.1,0.6656,0
2017-08-21,14.625,14.625,14.625,14.625,-0.5,-3.3058,0
2017-08-22,13.675,13.675,13.675,13.675,-0.95,-6.4957,0
2017-08-23,14.225,14.225,14.225,14.225,0.55,4.0219,0
2017-08-24,14.125,14.125,14.125,14.125,-0.1,-0.703,0
2017-08-25,14.025,14.025,14.025,14.025,-0.1,-0.708,0
2017-08-28,13.925,13.925,13.925,13.925,-0.1,-0.713,0
2017-08-29,14.025,14.025,14.025,14.025,0.1,0.7181,0
2017-08-30,14.075,14.075,14.075,14.075,0.05,0.3565,0
2017-08-31,13.725,13.725,13.725,13.725,-0.35,-2.4867,0
2017-09-01,13.775,13.775,13.775,13.775,0.05,0.3643,0
2017-09-05,14.025,14.025,14.025,14.025,0.25,1.8149,0
2017-09-06,14.175,14.175,14.175,14.175,0.15,1.0695,0
2017-09-07,14.075,14.075,14.075,14.075,-0.1,-0.7055,0
2017-09-08,14.325,14.325,14.325,14.325,0.25,1.7762,0
2017-09-11,13.675,13.675,13.675,13.675,-0.65,-4.5375,0
2017-09-12,13.375,13.375,13.375,13.375,-0.3,-2.1938,0
2017-09-13,12.925,12.925,12.925,12.925,-0.45,-3.3645,0
2017-09-14,13.025,13.025,13.025,13.025,0.1,0.7737,0
2017-09-15,12.925,12.925,12.925,12.925,-0.1,-0.7678,0
2017-09-18,12.425,12.425,12.425,12.425,-0.5,-3.8685,0
2017-09-19,12.425,12.425,12.425,12.425,0.0,0.0,0
2017-09-20,12.275,12.275,12.275,12.275,-0.15,-1.2072,0
2017-09-21,13.275,13.275,13.275,13.275,1.0,8.1466,0
2017-09-22,13.425,13.425,13.425,13.425,0.15,1.1299,0
2017-09-25,13.375,13.375,13.375,13.375,-0.05,-0.3724,0
2017-09-26,13.275,13.275,13.275,13.275,-0.1,-0.7477,0
2017-09-27,13.275,13.275,13.275,13.275,0.0,0.0,0
2017-09-28,13.125,13.125,13.125,13.125,-0.15,-1.1299,0
2017-09-29,13.025,13.025,13.025,13.025,-0.1,-0.7619,0
2017-10-02,12.675,12.675,12.675,12.675,-0.35,-2.6871,0
2017-10-03,12.775,12.775,12.775,12.775,0.1,0.789,0
2017-10-04,12.775,12.775,12.775,12.775,0.0,0.0,0
2017-10-05,12.475,12.475,12.475,12.475,-0.3,-2.3483,0
2017-10-06,12.525,12.525,12.525,12.525,0.05,0.4008,0
2017-10-09,12.625,12.625,12.625,12.625,0.1,0.7984,0
2017-10-10,12.325,12.325,12.325,12.325,-0.3,-2.3762,0
2017-10-11,12.175,12.175,12.175,12.175,-0.15,-1.217,0
2017-10-12,12.075,12.075,12.075,12.075,-0.1,-0.8214,0
2017-10-13,11.875,11.875,11.875,11.875,-0.2,-1.6563,0
2017-10-16,11.675,11.675,11.675,11.675,-0.2,-1.6842,0
2017-10-17,11.725,11.725,11.725,11.725,0.05,0.4283,0
2017-10-18,11.575,11.575,11.575,11.575,-0.15,-1.2793,0
2017-10-19,12.225,12.225,12.225,12.225,0.65,5.6156,0
2017-10-20,12.125,12.125,12.125,12.125,-0.1,-0.818,0
2017-10-23,12.525,12.525,12.525,12.525,0.4,3.299,0
2017-10-24,12.525,12.525,12.525,12.525,0.0,0.0,0
2017-10-25,12.575,12.575,12.575,12.575,0.05,0.3992,0
2017-10-26,12.675,12.675,12.675,12.675,0.1,0.7952,0
2017-10-27,12.225,12.225,12.225,12.225,-0.45,-3.5503,0
2017-10-30,12.325,12.325,12.325,12.325,0.1,0.818,0
2017-10-31,12.175,12.175,12.175,12.175,-0.15,-1.217,0
2017-11-01,12.275,12.275,12.275,12.275,0.1,0.8214,0
2017-11-02,12.275,12.275,12.275,12.275,0.0,0.0,0
2017-11-03,12.325,12.325,12.325,12.325,0.05,0.4073,0
2017-11-06,12.175,12.175,12.175,12.175,-0.15,-1.217,0
2017-11-07,12.275,12.275,12.275,12.275,0.1,0.8214,0
2017-11-08,12.275,12.275,12.275,12.275,0.0,0.0,0
2017-11-09,12.325,12.325,12.325,12.325,0.05,0.4073,0
2017-11-10,12.575,12.575,12.575,12.575,0.25,2.0284,0
2017-11-13,12.775,12.775,12.775,12.775,0.2,1.5905,0
2017-11-14,12.675,12.675,12.675,12.675,-0.1,-0.7828,0
2017-11-15,13.175,13.175,13.175,13.175,0.5,3.9448,0
2017-11-16,13.975,13.975,13.975,13.975,0.8,6.0721,0
2017-11-17,13.875,13.875,13.875,13.875,-0.1,-0.7156,0
2017-11-20,13.425,13.425,13.425,13.425,-0.45,-3.2432,0
2017-11-21,12.975,12.975,12.975,12.975,-0.45,-3.352,0
2017-11-22,12.875,12.875,12.875,12.875,-0.1,-0.7707,0
2017-11-24,12.825,12.825,12.825,12.825,-0.05,-0.3883,0
2017-11-27,12.875,12.875,12.875,12.875,0.05,0.3899,0
2017-11-28,12.725,12.725,12.725,12.725,-0.15,-1.165,0
2017-11-29,12.925,12.925,12.925,12.925,0.2,1.5717,0
2017-11-30,13.025,13.025,13.025,13.025,0.1,0.7737,0
2017-12-01,13.275,13.275,13.275,13.275,0.25,1.9194,0
2017-12-04,13.225,13.225,13.225,13.225,-0.05,-0.3766,0
2017-12-05,13.175,13.175,13.175,13.175,-0.05,-0.3781,0
2017-12-06,13.075,13.075,13.075,13.075,-0.1,-0.759,0
2017-12-07,12.675,12.675,12.675,12.675,-0.4,-3.0593,0
2017-12-08,12.325,12.325,12.325,12.325,-0.35,-2.7613,0
2017-12-11,11.975,11.975,11.975,11.975,-0.35,-2.8398,0
2017-12-12,11.975,11.975,11.975,11.975,0.0,0.0,0
2017-12-13,11.975,11.975,11.975,11.975,0.0,0.0,0
2017-12-14,11.875,11.875,11.875,11.875,-0.1,-0.8351,0
2017-12-15,11.475,11.475,11.475,11.475,-0.4,-3.3684,0
2017-12-18,11.325,11.325,11.325,11.325,-0.15,-1.3072,0
2017-12-19,11.325,11.325,11.325,11.325,0.0,0.0,0
2017-12-20,11.425,11.425,11.425,11.425,0.1,0.883,0
2017-12-21,12.225,12.225,12.225,12.225,0.8,7.0022,0
2017-12-22,12.325,12.325,12.325,12.325,0.1,0.818,0
2017-12-26,12.325,12.325,12.325,12.325,0.0,0.0,0
2017-12-27,12.325,12.325,12.325,12.325,0.0,0.0,0
2017-12-28,12.275,12.275,12.275,12.275,-0.05,-0.4057,0
2017-12-29,12.475,12.475,12.475,12.475,0.2,1.6293,0
2018-01-02,11.975,11.975,11.975,11.975,-0.5,-4.008,0
2018-01-03,11.825,11.825,11.825,11.825,-0.15,-1.2526,0
2018-01-04,11.825,11.825,11.825,11.825,0.0,0.0,0
2018-01-05,11.725,11.725,11.725,11.725,-0.1,-0.8457,0
2018-01-08,11.675,11.675,11.675,11.675,-0.05,-0.4264,0
2018-01-09,11.775,11.775,11.775,11.775,0.1,0.8565,0
2018-01-10,11.575,11.575,11.575,11.575,-0.2,-1.6985,0
2018-01-11,11.575,11.575,11.575,11.575,0.0,0.0,0
2018-01-12,11.675,11.675,11.675,11.675,0.1,0.8639,0
2018-01-16,12.075,12.075,12.075,12.075,0.4,3.4261,0
2018-01-17,12.125,12.125,12.125,12.125,0.05,0.4141,0
2018-01-18,12.775,12.775,12.775,12.775,0.65,5.3608,0
2018-01-19,12.525,12.525,12.525,12.525,-0.25,-1.9569,0
2018-01-22,12.475,12.475,12.475,12.475,-0.05,-0.3992,0
2018-01-23,12.725,12.725,12.725,12.725,0.25,2.004,0
2018-01-24,12.925,12.925,12.925,12.925,0.2,1.5717,0
2018-01-25,13.025,13.025,13.025,13.025,0.1,0.7737,0
2018-01-26,13.075,13.075,13.075,13.075,0.05,0.3839,0
2018-01-29,13.825,13.825,13.825,13.825,0.75,5.7361,0
2018-01-30,14.075,14.075,14.075,14.075,0.25,1.8083,0
2018-01-31,13.675,13.675,13.675,13.675,-0.4,-2.8419,0
2018-02-01,13.425,13.425,13.425,13.425,-0.25,-1.8282,0
2018-02-02,14.975,14.975,14.975,14.975,1.55,11.5456,0
2018-02-05,27.975,27.975,27.975,27.975,13.0,86.8114,0
2018-02-06,21.025,21.025,21.025,21.025,-6.95,-24.8436,0
2018-02-07,19.875,19.875,19.875,19.875,-1.15,-5.4697,0
2018-02-08,21.65,21.65,21.65,21.65,1.775,8.9308,0
2018-02-09,20.425,20.425,20.425,20.425,-1.225,-5.6582,0
2018-02-12,19.825,19.825,19.825,19.825,-0.6,-2.9376,0
2018-02-13,19.825,19.825,19.825,19.825,0.0,0.0,0
2018-02-14,17.875,17.875,17.875,17.875,-1.95,-9.8361,0
2018-02-15,17.325,17.325,17.325,17.325,-0.55,-3.0769,0
2018-02-16,17.375,17.375,17.375,17.375,0.05,0.2886,0
2018-02-20,17.825,17.825,17.825,17.825,0.45,2.5899,0
2018-02-21,18.075,18.075,18.075,18.075,0.25,1.4025,0
2018-02-22,17.625,17.625,17.625,17.625,-0.45,-2.4896,0
2018-02-23,16.9,16.9,16.9,16.9,-0.725,-4.1135,0
2018-02-26,16.175,16.175,16.175,16.175,-0.725,-4.2899,0
2018-02-27,17.175,17.175,17.175,17.175,1.0,6.1824,0
2018-02-28,17.875,17.875,17.875,17.875,0.7,4.0757,0
2018-03-01,18.675,18.675,18.675,18.675,0.8,4.4755,0
2018-03-02,18.275,18.275,18.275,18.275,-0.4,-2.1419,0
2018-03-05,17.825,17.825,17.825,17.825,-0.45,-2.4624,0
2018-03-06,17.975,17.975,17.975,17.975,0.15,0.8415,0
2018-03-07,17.775,17.775,17.775,17.775,-0.2,-1.1127,0
2018-03-08,17.275,17.275,17.275,17.275,-0.5,-2.8129,0
2018-03-09,16.225,16.225,16.225,16.225,-1.05,-6.0781,0
2018-03-12,16.575,16.575,16.575,16.575,0.35,2.1572,0
2018-03-13,16.925,16.925,16.925,16.925,0.35,2.1116,0
2018-03-14,17.275,17.275,17.275,17.275,0.35,2.0679,0
2018-03-15,16.725,16.725,16.725,16.725,-0.55,-3.1838,0
2018-03-16,16.475,16.475,16.475,16.475,-0.25,-1.4948,0
2018-03-19,17.475,17.475,17.475,17.475,1.0,6.0698,0
2018-03-20,17.375,17.375,17.375,17.375,-0.1,-0.5722,0
2018-03-21,17.325,17.325,17.325,17.325,-0.05,-0.2878,0
2018-03-22,18.425,18.425,18.425,18.425,1.1,6.3492,0
2018-03-23,19.325,19.325,19.325,19.325,0.9,4.8847,0
2018-03-26,18.625,18.625,18.625,18.625,-0.7,-3.6223,0
2018-03-27,19.525,19.525,19.525,19.525,0.9,4.8322,0
2018-03-28,19.875,19.875,19.875,19.875,0.35,1.7926,0
2018-03-29,19.225,19.225,19.225,19.225,-0.65,-3.2704,0
2018-04-02,20.025,20.025,20.025,20.025,0.8,4.1612,0
2018-04-03,19.675,19.675,19.675,19.675,-0.35,-1.7478,0
2018-04-04,19.225,19.225,19.225,19.225,-0.45,-2.2872,0
2018-04-05,18.675,18.675,18.675,18.675,-0.55,-2.8609,0
2018-04-06,19.525,19.525,19.525,19.525,0.85,4.5515,0
2018-04-09,19.825,19.825,19.825,19.825,0.3,1.5365,0
2018-04-10,19.425,19.425,19.425,19.425,-0.4,-2.0177,0
2018-04-11,19.475,19.475,19.475,19.475,0.05,0.2574,0
2018-04-12,18.725,18.725,18.725,18.725,-0.75,-3.8511,0
2018-04-13,18.125,18.125,18.125,18.125,-0.6,-3.2043,0
2018-04-16,17.275,17.275,17.275,17.275,-0.85,-4.6897,0
2018-04-17,16.375,16.375,16.375,16.375,-0.9,-5.2098,0
2018-04-18,16.425,16.425,16.425,16.425,0.05,0.3053,0
2018-04-19,16.825,16.825,16.825,16.825,0.4,2.4353,0
2018-04-20,17.075,17.075,17.075,17.075,0.25,1.4859,0
2018-04-23,17.025,17.025,17.025,17.025,-0.05,-0.2928,0
2018-04-24,17.475,17.475,17.475,17.475,0.45,2.6432,0
2018-04-25,17.675,17.675,17.675,17.675,0.2,1.1445,0
2018-04-26,17.025,17.025,17.025,17.025,-0.65,-3.6775,0
2018-04-27,16.825,16.825,16.825,16.825,-0.2,-1.1747,0
2018-04-30,16.925,16.925,16.925,16.925,0.1,0.5944,0
2018-05-01,16.475,16.475,16.475,16.475,-0.45,-2.6588,0
2018-05-02,16.775,16.775,16.775,16.775,0.3,1.8209,0
2018-05-03,16.525,16.525,16.525,16.525,-0.25,-1.4903,0
2018-05-04,16.375,16.375,16.375,16.375,-0.15,-0.9077,0
2018-05-07,16.325,16.325,16.325,16.325,-0.05,-0.3053,0
2018-05-08,16.225,16.225,16.225,16.225,-0.1,-0.6126,0
2018-05-09,15.625,15.625,15.625,15.625,-0.6,-3.698,0
2018-05-10,15.075,15.075,15.075,15.075,-0.55,-3.52,0
2018-05-11,14.7,14.7,14.7,14.7,-0.375,-2.4876,0
2018-05-14,14.475,14.475,14.475,14.475,-0.225,-1.5306,0
2018-05-15,15.325,15.325,15.325,15.325,0.85,5.8722,0
2018-05-16,14.675,14.675,14.675,14.675,-0.65,-4.2414,0
2018-05-17,15.075,15.075,15.075,15.075,0.4,2.7257,0
2018-05-18,15.325,15.325,15.325,15.325,0.25,1.6584,0
2018-05-21,14.775,14.775,14.775,14.775,-0.55,-3.5889,0
2018-05-22,14.975,14.975,14.975,14.975,0.2,1.3536,0
2018-05-23,14.725,14.725,14.725,14.725,-0.25,-1.6694,0
2018-05-24,14.6,14.6,14.6,14.6,-0.125,-0.8489,0
2018-05-25,14.825,14.825,14.825,14.825,0.225,1.5411,0
2018-05-29,16.125,16.125,16.125,16.125,1.3,8.769,0
2018-05-30,15.675,15.675,15.675,15.675,-0.45,-2.7907,0
2018-05-31,15.875,15.875,15.875,15.875,0.2,1.2759,0
2018-06-01,15.175,15.175,15.175,15.175,-0.7,-4.4094,0
2018-06-04,14.675,14.675,14.675,14.675,-0.5,-3.2949,0
2018-06-05,14.525,14.525,14.525,14.525,-0.15,-1.0221,0
2018-06-06,14.075,14.075,14.075,14.075,-0.45,-3.0981,0
2018-06-07,14.175,14.175,14.175,14.175,0.1,0.7105,0
2018-06-08,14.225,14.225,14.225,14.225,0.05,0.3527,0
2018-06-11,13.975,13.975,13.975,13.975,-0.25,-1.7575,0
2018-06-12,13.925,13.925,13.925,13.925,-0.05,-0.3578,0
2018-06-13,14.175,14.175,14.175,14.175,0.25,1.7953,0
2018-06-14,13.675,13.675,13.675,13.675,-0.5,-3.5273,0
2018-06-15,13.725,13.725,13.725,13.725,0.05,0.3656,0
2018-06-18,13.675,13.675,13.675,13.675,-0.05,-0.3643,0
2018-06-19,14.225,14.225,14.225,14.225,0.55,4.0219,0
2018-06-20,13.925,13.925,13.925,13.925,-0.3,-2.109,0
2018-06-21,15.275,15.275,15.275,15.275,1.35,9.6948,0
2018-06-22,15.075,15.075,15.075,15.075,-0.2,-1.3093,0
2018-06-25,16.275,16.275,16.275,16.275,1.2,7.9602,0
2018-06-26,16.125,16.125,16.125,16.125,-0.15,-0.9217,0
2018-06-27,16.875,16.875,16.875,16.875,0.75,4.6512,0
2018-06-28,16.575,16.575,16.575,16.575,-0.3,-1.7778,0
2018-06-29,16.375,16.375,16.375,16.375,-0.2,-1.2066,0
2018-07-02,16.325,16.325,16.325,16.325,-0.05,-0.3053,0
2018-07-03,16.725,16.725,16.725,16.725,0.4,2.4502,0
2018-07-05,16.075,16.075,16.075,16.075,-0.65,-3.8864,0
2018-07-06,15.525,15.525,15.525,15.525,-0.55,-3.4215,0
2018-07-09,14.625,14.625,14.625,14.625,-0.9,-5.7971,0
2018-07-10,14.425,14.425,14.425,14.425,-0.2,-1.3675,0
2018-07-11,14.875,14.875,14.875,14.875,0.45,3.1196,0
2018-07-12,14.475,14.475,14.475,14.475,-0.4,-2.6891,0
2018-07-13,14.225,14.225,14.225,14.225,-0.25,-1.7271,0
2018-07-16,14.275,14.275,14.275,14.275,0.05,0.3515,0
2018-07-17,13.975,13.975,13.975,13.975,-0.3,-2.1016,0
2018-07-18,13.925,13.925,13.925,13.925,-0.05,-0.3578,0
2018-07-19,15.025,15.025,15.025,15.025,1.1,7.8995,0
2018-07-20,15.175,15.175,15.175,15.175,0.15,0.9983,0
2018-07-23,15.025,15.025,15.025,15.025,-0.15,-0.9885,0
2018-07-24,14.975,14.975,14.975,14.975,-0.05,-0.3328,0
2018-07-25,14.875,14.875,14.875,14.875,-0.1,-0.6678,0
2018-07-26,14.925,14.925,14.925,14.925,0.05,0.3361,0
2018-07-27,15.175,15.175,15.175,15.175,0.25,1.675,0
2018-07-30,15.625,15.625,15.625,15.625,0.45,2.9654,0
2018-07-31,15.025,15.025,15.025,15.025,-0.6,-3.84,0
2018-08-01,15.125,15.125,15.125,15.125,0.1,0.6656,0
2018-08-02,14.975,14.975,14.975,14.975,-0.15,-0.9917,0
2018-08-03,14.8,14.8,14.8,14.8,-0.175,-1.1686,0
2018-08-06,14.375,14.375,14.375,14.375,-0.425,-2.8716,0
2018-08-07,14.025,14.025,14.025,14.025,-0.35,-2.4348,0
2018-08-08,13.975,13.975,13.975,13.975,-0.05,-0.3565,0
2018-08-09,14.125,14.125,14.125,14.125,0.15,1.0733,0
2018-08-10,14.775,14.775,14.775,14.775,0.65,4.6018,0
2018-08-13,15.475,15.475,15.475,15.475,0.7,4.7377,0
2018-08-14,14.725,14.725,14.725,14.725,-0.75,-4.8465,0
2018-08-15,15.225,15.225,15.225,15.225,0.5,3.3956,0
2018-08-16,14.775,14.775,14.775,14.775,-0.45,-2.9557,0
2018-08-17,14.325,14.325,14.325,14.325,-0.45,-3.0457,0
2018-08-20,14.175,14.175,14.175,14.175,-0.15,-1.0471,0
2018-08-21,14.625,14.625,14.625,14.625,0.45,3.1746,0
2018-08-22,14.175,14.175,14.175,14.175,-0.45,-3.0769,0
2018-08-23,15.175,15.175,15.175,15.175,1.0,7.0547,0
2018-08-24,15.175,15.175,15.175,15.175,0.0,0.0,0
2018-08-27,15.225,15.225,15.225,15.225,0.05,0.3295,0
2018-08-28,15.275,15.275,15.275,15.275,0.05,0.3284,0
2018-08-29,15.225,15.225,15.225,15.225,-0.05,-0.3273,0
2018-08-30,15.675,15.675,15.675,15.675,0.45,2.9557,0
2018-08-31,15.175,15.175,15.175,15.175,-0.5,-3.1898,0
2018-09-04,15.225,15.225,15.225,15.225,0.05,0.3295,0
2018-09-05,15.525,15.525,15.525,15.525,0.3,1.9704,0
2018-09-06,16.025,16.025,16.025,16.025,0.5,3.2206,0
2018-09-07,16.225,16.225,16.225,16.225,0.2,1.248,0
2018-09-10,15.675,15.675,15.675,15.675,-0.55,-3.3898,0
2018-09-11,15.125,15.125,15.125,15.125,-0.55,-3.5088,0
2018-09-12,15.025,15.025,15.025,15.025,-0.1,-0.6612,0
2018-09-13,14.625,14.625,14.625,14.625,-0.4,-2.6622,0
2018-09-14,14.375,14.375,14.375,14.375,-0.25,-1.7094,0
2018-09-17,14.975,14.975,14.975,14.975,0.6,4.1739,0
2018-09-18,14.675,14.675,14.675,14.675,-0.3,-2.0033,0
2018-09-19,14.275,14.275,14.275,14.275,-0.4,-2.7257,0
2018-09-20,14.925,14.925,14.925,14.925,0.65,4.5534,0
2018-09-21,15.075,15.075,15.075,15.075,0.15,1.005,0
2018-09-24,14.925,14.925,14.925,14.925,-0.15,-0.995,0
2018-09-25,14.975,14.975,14.975,14.975,0.05,0.335,0
2018-09-26,15.275,15.275,15.275,15.275,0.3,2.0033,0
2018-09-27,15.025,15.025,15.025,15.025,-0.25,-1.6367,0
2018-09-28,14.975,14.975,14.975,14.975,-0.05,-0.3328,0
2018-10-01,14.875,14.875,14.875,14.875,-0.1,-0.6678,0
2018-10-02,14.925,14.925,14.925,14.925,0.05,0.3361,0
2018-10-03,14.725,14.725,14.725,14.725,-0.2,-1.34,0
2018-10-04,15.225,15.225,15.225,15.225,0.5,3.3956,0
2018-10-05,15.475,15.475,15.475,15.475,0.25,1.642,0
2018-10-08,15.725,15.725,15.725,15.725,0.25,1.6155,0
2018-10-09,15.925,15.925,15.925,15.925,0.2,1.2719,0
2018-10-10,18.525,18.525,18.525,18.525,2.6,16.3265,0
2018-10-11,18.525,18.525,18.525,18.525,0.0,0.0,0
2018-10-12,18.125,18.125,18.125,18.125,-0.4,-2.1592,0
2018-10-15,18.525,18.525,18.525,18.525,0.4,2.2069,0
2018-10-16,17.275,17.275,17.275,17.275,-1.25,-6.7476,0
2018-10-17,17.125,17.125,17.125,17.125,-0.15,-0.8683,0
2018-10-18,18.075,18.075,18.075,18.075,0.95,5.5474,0
2018-10-19,18.175,18.175,18.175,18.175,0.1,0.5533,0
2018-10-22,18.225,18.225,18.225,18.225,0.05,0.2751,0
2018-10-23,18.425,18.425,18.425,18.425,0.2,1.0974,0
2018-10-24,19.625,19.625,19.625,19.625,1.2,6.5129,0
2018-10-25,19.825,19.825,19.825,19.825,0.2,1.0191,0
2018-10-26,20.075,20.075,20.075,20.075,0.25,1.261,0
2018-10-29,20.575,20.575,20.575,20.575,0.5,2.4907,0
2018-10-30,20.225,20.225,20.225,20.225,-0.35,-1.7011,0
2018-10-31,19.775,19.775,19.775,19.775,-0.45,-2.225,0
2018-11-01,19.025,19.025,19.025,19.025,-0.75,-3.7927,0
2018-11-02,19.075,19.075,19.075,19.075,0.05,0.2628,0
2018-11-05,18.825,18.825,18.825,18.825,-0.25,-1.3106,0
2018-11-06,18.225,18.225,18.225,18.225,-0.6,-3.1873,0
2018-11-07,17.125,17.125,17.125,17.125,-1.1,-6.0357,0
2018-11-08,17.175,17.175,17.175,17.175,0.05,0.292,0
2018-11-09,17.675,17.675,17.675,17.675,0.5,2.9112,0
2018-11-12,18.725,18.725,18.725,18.725,1.05,5.9406,0
2018-11-13,18.925,18.925,18.925,18.925,0.2,1.0681,0
2018-11-14,19.425,19.425,19.425,19.425,0.5,2.642,0
2018-11-15,19.125,19.125,19.125,19.125,-0.3,-1.5444,0
2018-11-16,18.325,18.325,18.325,18.325,-0.8,-4.183,0
2018-11-19,19.375,19.375,19.375,19.375,1.05,5.7299,0
2018-11-20,20.425,20.425,20.425,20.425,1.05,5.4194,0
2018-11-21,20.125,20.125,20.125,20.125,-0.3,-1.4688,0
2018-11-23,20.525,20.525,20.525,20.525,0.4,1.9876,0
2018-11-26,19.375,19.375,19.375,19.375,-1.15,-5.6029,0
2018-11-27,19.125,19.125,19.125,19.125,-0.25,-1.2903,0
2018-11-28,18.575,18.575,18.575,18.575,-0.55,-2.8758,0
2018-11-29,18.825,18.825,18.825,18.825,0.25,1.3459,0
2018-11-30,18.175,18.175,18.175,18.175,-0.65,-3.4529,0
2018-12-03,17.375,17.375,17.375,17.375,-0.8,-4.4017,0
2018-12-04,19.275,19.275,19.275,19.275,1.9,10.9353,0
2018-12-05,19.05,19.05,19.05,19.05,-0.225,-1.1673,0
2018-12-06,19.475,19.475,19.475,19.475,0.425,2.231,0
2018-12-07,20.675,20.675,20.675,20.675,1.2,6.1617,0
2018-12-10,20.525,20.525,20.525,20.525,-0.15,-0.7255,0
2018-12-11,20.475,20.475,20.475,20.475,-0.05,-0.2436,0
2018-12-12,20.425,20.425,20.425,20.425,-0.05,-0.2442,0
2018-12-13,20.225,20.225,20.225,20.225,-0.2,-0.9792,0
2018-12-14,20.875,20.875,20.875,20.875,0.65,3.2138,0
2018-12-17,21.675,21.675,21.675,21.675,0.8,3.8323,0
2018-12-18,21.975,21.975,21.975,21.975,0.3,1.3841,0
2018-12-19,22.325,22.325,22.325,22.325,0.35,1.5927,0
2018-12-20,22.075,22.075,22.075,22.075,-0.25,-1.1198,0
2018-12-21,22.925,22.925,22.925,22.925,0.85,3.8505,0
2018-12-24,23.325,23.325,23.325,23.325,0.4,1.7448,0
2018-12-26,22.625,22.625,22.625,22.625,-0.7,-3.0011,0
2018-12-27,22.925,22.925,22.925,22.925,0.3,1.326,0
2018-12-28,22.975,22.975,22.975,22.975,0.05,0.2181,0
2018-12-31,22.275,22.275,22.275,22.275,-0.7,-3.0468,0
2019-01-02,21.875,21.875,21.875,21.875,-0.4,-1.7957,0
2019-01-03,22.775,22.775,22.775,22.775,0.9,4.1143,0
2019-01-04,21.225,21.225,21.225,21.225,-1.55,-6.8057,0
2019-01-07,20.925,20.925,20.925,20.925,-0.3,-1.4134,0
2019-01-08,20.625,20.625,20.625,20.625,-0.3,-1.4337,0
2019-01-09,20.275,20.275,20.275,20.275,-0.35,-1.697,0
2019-01-10,20.025,20.025,20.025,20.025,-0.25,-1.233,0
2019-01-11,19.475,19.475,19.475,19.475,-0.55,-2.7466,0
2019-01-14,19.475,19.475,19.475,19.475,0.0,0.0,0
2019-01-15,18.825,18.825,18.825,18.825,-0.65,-3.3376,0
2019-01-16,19.025,19.025,19.025,19.025,0.2,1.0624,0
2019-01-17,18.775,18.775,18.775,18.775,-0.25,-1.3141,0
2019-01-18,18.625,18.625,18.625,18.625,-0.15,-0.7989,0
2019-01-22,19.725,19.725,19.725,19.725,1.1,5.906,0
2019-01-23,19.575,19.575,19.575,19.575,-0.15,-0.7605,0
2019-01-24,19.225,19.225,19.225,19.225,-0.35,-1.788,0
2019-01-25,18.525,18.525,18.525,18.525,-0.7,-3.6411,0
2019-01-28,19.125,19.125,19.125,19.125,0.6,3.2389,0
2019-01-29,18.875,18.875,18.875,18.875,-0.25,-1.3072,0
2019-01-30,18.375,18.375,18.375,18.375,-0.5,-2.649,0
2019-01-31,17.775,17.775,17.775,17.775,-0.6,-3.2653,0
2019-02-01,17.525,17.525,17.525,17.525,-0.25,-1.4065,0
2019-02-04,17.075,17.075,17.075,17.075,-0.45,-2.5678,0
2019-02-05,16.975,16.975,16.975,16.975,-0.1,-0.5857,0
2019-02-06,16.825,16.825,16.825,16.825,-0.15,-0.8837,0
2019-02-07,17.375,17.375,17.375,17.375,0.55,3.2689,0
2019-02-08,17.075,17.075,17.075,17.075,-0.3,-1.7266,0
2019-02-11,16.975,16.975,16.975,16.975,-0.1,-0.5857,0
2019-02-12,16.725,16.725,16.725,16.725,-0.25,-1.4728,0
2019-02-13,16.675,16.675,16.675,16.675,-0.05,-0.299,0
2019-02-14,17.125,17.125,17.125,17.125,0.45,2.6987,0
2019-02-15,16.625,16.625,16.625,16.625,-0.5,-2.9197,0
2019-02-19,16.625,16.625,16.625,16.625,0.0,0.0,0
2019-02-20,16.225,16.225,16.225,16.225,-0.4,-2.406,0
2019-02-21,16.475,16.475,16.475,16.475,0.25,1.5408,0
2019-02-22,15.925,15.925,15.925,15.925,-0.55,-3.3384,0
2019-02-25,16.125,16.125,16.125,16.125,0.2,1.2559,0
2019-02-26,16.375,16.375,16.375,16.375,0.25,1.5504,0
2019-02-27,16.325,16.325,16.325,16.325,-0.05,-0.3053,0
2019-02-28,16.225,16.225,16.225,16.225,-0.1,-0.6126,0
2019-03-01,15.625,15.625,15.625,15.625,-0.6,-3.698,0
2019-03-04,15.875,15.875,15.875,15.875,0.25,1.6,0
2019-03-05,16.075,16.075,16.075,16.075,0.2,1.2598,0
2019-03-06,16.475,16.475,16.475,16.475,0.4,2.4883,0
2019-03-07,16.875,16.875,16.875,16.875,0.4,2.4279,0
2019-03-08,16.975,16.975,16.975,16.975,0.1,0.5926,0
2019-03-11,15.925,15.925,15.925,15.925,-1.05,-6.1856,0
2019-03-12,15.675,15.675,15.675,15.675,-0.25,-1.5699,0
2019-03-13,15.475,15.475,15.475,15.475,-0.2,-1.2759,0
2019-03-14,15.325,15.325,15.325,15.325,-0.15,-0.9693,0
2019-03-15,14.875,14.875,14.875,14.875,-0.45,-2.9364,0
2019-03-18,15.025,15.025,15.025,15.025,0.15,1.0084,0
2019-03-19,15.125,15.125,15.125,15.125,0.1,0.6656,0
2019-03-20,16.125,16.125,16.125,16.125,1.0,6.6116,0
2019-03-21,15.925,15.925,15.925,15.925,-0.2,-1.2403,0
2019-03-22,17.125,17.125,17.125,17.125,1.2,7.5353,0
2019-03-25,17.225,17.225,17.225,17.225,0.1,0.5839,0
2019-03-26,16.675,16.675,16.675,16.675,-0.55,-3.193,0
2019-03-27,16.975,16.975,16.975,16.975,0.3,1.7991,0
2019-03-28,16.625,16.625,16.625,16.625,-0.35,-2.0619,0
2019-03-29,16.325,16.325,16.325,16.325,-0.3,-1.8045,0
2019-04-01,15.975,15.975,15.975,15.975,-0.35,-2.144,0
2019-04-02,16.075,16.075,16.075,16.075,0.1,0.626,0
2019-04-03,16.025,16.025,16.025,16.025,-0.05,-0.311,0
2019-04-04,15.925,15.925,15.925,15.925,-0.1,-0.624,0
2019-04-05,15.675,15.675,15.675,15.675,-0.25,-1.5699,0
2019-04-08,15.675,15.675,15.675,15.675,0.0,0.0,0
2019-04-09,16.225,16.225,16.225,16.225,0.55,3.5088,0
2019-04-10,15.775,15.775,15.775,15.775,-0.45,-2.7735,0
2019-04-11,15.525,15.525,15.525,15.525,-0.25,-1.5848,0
2019-04-12,14.775,14.775,14.775,14.775,-0.75,-4.8309,0
2019-04-15,14.675,14.675,14.675,14.675,-0.1,-0.6768,0
2019-04-16,14.625,14.625,14.625,14.625,-0.05,-0.3407,0
2019-04-17,14.625,14.625,14.625,14.625,0.0,0.0,0
2019-04-18,15.575,15.575,15.575,15.575,0.95,6.4957,0
2019-04-22,15.375,15.375,15.375,15.375,-0.2,-1.2841,0
2019-04-23,15.325,15.325,15.325,15.325,-0.05,-0.3252,0
2019-04-24,15.625,15.625,15.625,15.625,0.3,1.9576,0
2019-04-25,15.975,15.975,15.975,15.975,0.35,2.24,0
2019-04-26,15.525,15.525,15.525,15.525,-0.45,-2.8169,0
2019-04-29,15.725,15.725,15.725,15.725,0.2,1.2882,0
2019-04-30,15.775,15.775,15.775,15.775,0.05,0.318,0
2019-05-01,16.325,16.325,16.325,16.325,0.55,3.4865,0
2019-05-02,16.225,16.225,16.225,16.225,-0.1,-0.6126,0
2019-05-03,15.575,15.575,15.575,15.575,-0.65,-4.0062,0
2019-05-06,16.325,16.325,16.325,16.325,0.75,4.8154,0
2019-05-07,17.725,17.725,17.725,17.725,1.4,8.5758,0
2019-05-08,17.925,17.925,17.925,17.925,0.2,1.1283,0
2019-05-09,17.875,17.875,17.875,17.875,-0.05,-0.2789,0
2019-05-10,16.825,16.825,16.825,16.825,-1.05,-5.8741,0
2019-05-13,18.975,18.975,18.975,18.975,2.15,12.7786,0
2019-05-14,18.075,18.075,18.075,18.075,-0.9,-4.7431,0
2019-05-15,17.375,17.375,17.375,17.375,-0.7,-3.8728,0
2019-05-16,16.775,16.775,16.775,16.775,-0.6,-3.4532,0
2019-05-17,17.025,17.025,17.025,17.025,0.25,1.4903,0
2019-05-20,17.175,17.175,17.175,17.175,0.15,0.8811,0
2019-05-21,16.275,16.275,16.275,16.275,-0.9,-5.2402,0
2019-05-22,16.225,16.225,16.225,16.225,-0.05,-0.3072,0
2019-05-23,17.625,17.625,17.625,17.625,1.4,8.6287,0
2019-05-24,17.325,17.325,17.325,17.325,-0.3,-1.7021,0
2019-05-28,17.725,17.725,17.725,17.725,0.4,2.3088,0
2019-05-29,18.025,18.025,18.025,18.025,0.3,1.6925,0
2019-05-30,17.825,17.825,17.825,17.825,-0.2,-1.1096,0
2019-05-31,18.375,18.375,18.375,18.375,0.55,3.0856,0
2019-06-03,18.325,18.325,18.325,18.325,-0.05,-0.2721,0
2019-06-04,17.675,17.675,17.675,17.675,-0.65,-3.5471,0
2019-06-05,17.325,17.325,17.325,17.325,-0.35,-1.9802,0
2019-06-06,17.125,17.125,17.125,17.125,-0.2,-1.1544,0
2019-06-07,17.225,17.225,17.225,17.225,0.1,0.5839,0
2019-06-10,17.025,17.025,17.025,17.025,-0.2,-1.1611,0
2019-06-11,17.125,17.125,17.125,17.125,0.1,0.5874,0
2019-06-12,17.025,17.025,17.025,17.025,-0.1,-0.5839,0
2019-06-13,17.025,17.025,17.025,17.025,0.0,0.0,0
2019-06-14,16.775,16.775,16.775,16.775,-0.25,-1.4684,0
2019-06-17,16.625,16.625,16.625,16.625,-0.15,-0.8942,0
2019-06-18,16.625,16.625,16.625,16.625,0.0,0.0,0
2019-06-19,15.875,15.875,15.875,15.875,-0.75,-4.5113,0
2019-06-20,16.725,16.725,16.725,16.725,0.85,5.3543,0
2019-06-21,17.125,17.125,17.125,17.125,0.4,2.3916,0
2019-06-24,16.975,16.975,16.975,16.975,-0.15,-0.8759,0
2019-06-25,17.325,17.325,17.325,17.325,0.35,2.0619,0
2019-06-26,17.275,17.275,17.275,17.275,-0.05,-0.2886,0
2019-06-27,16.975,16.975,16.975,16.975,-0.3,-1.7366,0
2019-06-28,16.575,16.575,16.575,16.575,-0.4,-2.3564,0
2019-07-01,16.125,16.125,16.125,16.125,-0.45,-2.7149,0
2019-07-02,15.575,15.575,15.575,15.575,-0.55,-3.4109,0
2019-07-03,15.525,15.525,15.525,15.525,-0.05,-0.321,0
2019-07-05,15.675,15.675,15.675,15.675,0.15,0.9662,0
2019-07-08,16.025,16.025,16.025,16.025,0.35,2.2329,0
2019-07-09,16.075,16.075,16.075,16.075,0.05,0.312,0
2019-07-10,15.575,15.575,15.575,15.575,-0.5,-3.1104,0
2019-07-11,15.425,15.425,15.425,15.425,-0.15,-0.9631,0
2019-07-12,15.225,15.225,15.225,15.225,-0.2,-1.2966,0
2019-07-15,15.225,15.225,15.225,15.225,0.0,0.0,0
2019-07-16,15.325,15.325,15.325,15.325,0.1,0.6568,0
2019-07-17,15.725,15.725,15.725,15.725,0.4,2.6101,0
2019-07-18,16.375,16.375,16.375,16.375,0.65,4.1335,0
2019-07-19,16.725,16.725,16.725,16.725,0.35,2.1374,0
2019-07-22,16.375,16.375,16.375,16.375,-0.35,-2.0927,0
2019-07-23,16.125,16.125,16.125,16.125,-0.25,-1.5267,0
2019-07-24,15.825,15.825,15.825,15.825,-0.3,-1.8605,0
2019-07-25,16.125,16.125,16.125,16.125,0.3,1.8957,0
2019-07-26,15.825,15.825,15.825,15.825,-0.3,-1.8605,0
2019-07-29,15.925,15.925,15.925,15.925,0.1,0.6319,0
2019-07-30,16.425,16.425,16.425,16.425,0.5,3.1397,0
2019-07-31,17.175,17.175,17.175,17.175,0.75,4.5662,0
2019-08-01,17.775,17.775,17.775,17.775,0.6,3.4934,0
2019-08-02,17.675,17.675,17.675,17.675,-0.1,-0.5626,0
2019-08-05,20.225,20.225,20.225,20.225,2.55,14.4272,0
2019-08-06,19.425,19.425,19.425,19.425,-0.8,-3.9555,0
2019-08-07,19.125,19.125,19.125,19.125,-0.3,-1.5444,0
2019-08-08,18.075,18.075,18.075,18.075,-1.05,-5.4902,0
2019-08-09,18.575,18.575,18.575,18.575,0.5,2.7663,0
2019-08-12,19.975,19.975,19.975,19.975,1.4,7.537,0
2019-08-13,18.475,18.475,18.475,18.475,-1.5,-7.5094,0
2019-08-14,20.425,20.425,20.425,20.425,1.95,10.5548,0
2019-08-15,20.475,20.475,20.475,20.475,0.05,0.2448,0
2019-08-16,19.325,19.325,19.325,19.325,-1.15,-5.6166,0
2019-08-19,18.075,18.075,18.075,18.075,-1.25,-6.4683,0
2019-08-20,18.475,18.475,18.475,18.475,0.4,2.213,0
2019-08-21,17.375,17.375,17.375,17.375,-1.1,-5.954,0
2019-08-22,18.325,18.325,18.325,18.325,0.95,5.4676,0
2019-08-23,19.475,19.475,19.475,19.475,1.15,6.2756,0
2019-08-26,19.425,19.425,19.425,19.425,-0.05,-0.2567,0
2019-08-27,20.075,20.075,20.075,20.075,0.65,3.3462,0
2019-08-28,19.625,19.625,19.625,19.625,-0.45,-2.2416,0
2019-08-29,19.025,19.025,19.025,19.025,-0.6,-3.0573,0
2019-08-30,19.175,19.175,19.175,19.175,0.15,0.7884,0
2019-09-03,19.525,19.525,19.525,19.525,0.35,1.8253,0
2019-09-04,18.675,18.675,18.675,18.675,-0.85,-4.3534,0
2019-09-05,18.225,18.225,18.225,18.225,-0.45,-2.4096,0
2019-09-06,17.725,17.725,17.725,17.725,-0.5,-2.7435,0
2019-09-09,17.675,17.675,17.675,17.675,-0.05,-0.2821,0
2019-09-10,17.675,17.675,17.675,17.675,0.0,0.0,0
2019-09-11,17.325,17.325,17.325,17.325,-0.35,-1.9802,0
2019-09-12,17.025,17.025,17.025,17.025,-0.3,-1.7316,0
2019-09-13,16.875,16.875,16.875,16.875,-0.15,-0.8811,0
2019-09-16,17.275,17.275,17.275,17.275,0.4,2.3704,0
2019-09-17,17.075,17.075,17.075,17.075,-0.2,-1.1577,0
2019-09-18,16.375,16.375,16.375,16.375,-0.7,-4.0996,0
2019-09-19,17.575,17.575,17.575,17.575,1.2,7.3282,0
2019-09-20,18.375,18.375,18.375,18.375,0.8,4.5519,0
2019-09-23,18.025,18.025,18.025,18.025,-0.35,-1.9048,0
2019-09-24,18.675,18.675,18.675,18.675,0.65,3.6061,0
2019-09-25,18.375,18.375,18.375,18.375,-0.3,-1.6064,0
2019-09-26,18.575,18.575,18.575,18.575,0.2,1.0884,0
2019-09-27,19.025,19.025,19.025,19.025,0.45,2.4226,0
2019-09-30,18.275,18.275,18.275,18.275,-0.75,-3.9422,0
2019-10-01,19.325,19.325,19.325,19.325,1.05,5.7456,0
2019-10-02,20.175,20.175,20.175,20.175,0.85,4.3984,0
2019-10-03,19.375,19.375,19.375,19.375,-0.8,-3.9653,0
2019-10-04,18.675,18.675,18.675,18.675,-0.7,-3.6129,0
2019-10-07,18.775,18.775,18.775,18.775,0.1,0.5355,0
2019-10-08,19.975,19.975,19.975,19.975,1.2,6.3915,0
2019-10-09,19.275,19.275,19.275,19.275,-0.7,-3.5044,0
2019-10-10,18.825,18.825,18.825,18.825,-0.45,-2.3346,0
2019-10-11,18.075,18.075,18.075,18.075,-0.75,-3.9841,0
2019-10-14,17.325,17.325,17.325,17.325,-0.75,-4.1494,0
2019-10-15,16.875,16.875,16.875,16.875,-0.45,-2.5974,0
2019-10-16,16.725,16.725,16.725,16.725,-0.15,-0.8889,0
2019-10-17,17.425,17.425,17.425,17.425,0.7,4.1854,0
2019-10-18,17.525,17.525,17.525,17.525,0.1,0.5739,0
2019-10-21,17.225,17.225,17.225,17.225,-0.3,-1.7118,0
2019-10-22,17.575,17.575,17.575,17.575,0.35,2.0319,0
2019-10-23,17.325,17.325,17.325,17.325,-0.25,-1.4225,0
2019-10-24,17.275,17.275,17.275,17.275,-0.05,-0.2886,0
2019-10-25,16.925,16.925,16.925,16.925,-0.35,-2.026,0
2019-10-28,17.025,17.025,17.025,17.025,0.1,0.5908,0
2019-10-29,17.025,17.025,17.025,17.025,0.0,0.0,0
2019-10-30,16.475,16.475,16.475,16.475,-0.55,-3.2305,0
2019-10-31,16.725,16.725,16.725,16.725,0.25,1.5175,0
2019-11-01,16.175,16.175,16.175,16.175,-0.55,-3.2885,0
2019-11-04,16.225,16.225,16.225,16.225,0.05,0.3091,0
2019-11-05,16.575,16.575,16.575,16.575,0.35,2.1572,0
2019-11-06,16.325,16.325,16.325,16.325,-0.25,-1.5083,0
2019-11-07,16.175,16.175,16.175,16.175,-0.15,-0.9188,0
2019-11-08,16.025,16.025,16.025,16.025,-0.15,-0.9274,0
2019-11-11,15.825,15.825,15.825,15.825,-0.2,-1.248,0
2019-11-12,15.825,15.825,15.825,15.825,0.0,0.0,0
2019-11-13,15.825,15.825,15.825,15.825,0.0,0.0,0
2019-11-14,15.625,15.625,15.625,15.625,-0.2,-1.2638,0
2019-11-15,15.125,15.125,15.125,15.125,-0.5,-3.2,0
2019-11-18,15.025,15.025,15.025,15.025,-0.1,-0.6612,0
2019-11-19,15.225,15.225,15.225,15.225,0.2,1.3311,0
2019-11-20,15.175,15.175,15.175,15.175,-0.05,-0.3284,0
2019-11-21,17.025,17.025,17.025,17.025,1.85,12.1911,0
2019-11-22,16.725,16.725,16.725,16.725,-0.3,-1.7621,0
2019-11-25,16.225,16.225,16.225,16.225,-0.5,-2.9895,0
2019-11-26,16.075,16.075,16.075,16.075,-0.15,-0.9245,0
2019-11-27,16.125,16.125,16.125,16.125,0.05,0.311,0
2019-11-29,16.375,16.375,16.375,16.375,0.25,1.5504,0
2019-12-02,17.075,17.075,17.075,17.075,0.7,4.2748,0
2019-12-03,17.575,17.575,17.575,17.575,0.5,2.9283,0
2019-12-04,16.975,16.975,16.975,16.975,-0.6,-3.4139,0
2019-12-05,16.775,16.775,16.775,16.775,-0.2,-1.1782,0
2019-12-06,16.375,16.375,16.375,16.375,-0.4,-2.3845,0
2019-12-09,17.125,17.125,17.125,17.125,0.75,4.5802,0
2019-12-10,16.875,16.875,16.875,16.875,-0.25,-1.4599,0
2019-12-11,16.575,16.575,16.575,16.575,-0.3,-1.7778,0
2019-12-12,15.925,15.925,15.925,15.925,-0.65,-3.9216,0
2019-12-13,15.175,15.175,15.175,15.175,-0.75,-4.7096,0
2019-12-16,14.825,14.825,14.825,14.825,-0.35,-2.3064,0
2019-12-17,14.875,14.875,14.875,14.875,0.05,0.3373,0
2019-12-18,14.825,14.825,14.825,14.825,-0.05,-0.3361,0
2019-12-19,16.275,16.275,16.275,16.275,1.45,9.7808,0
2019-12-20,16.425,16.425,16.425,16.425,0.15,0.9217,0
2019-12-23,16.575,16.575,16.575,16.575,0.15,0.9132,0
2019-12-24,16.475,16.475,16.475,16.475,-0.1,-0.6033,0
2019-12-26,16.575,16.575,16.575,16.575,0.1,0.607,0
2019-12-27,17.025,17.025,17.025,17.025,0.45,2.7149,0
2019-12-30,17.375,17.375,17.375,17.375,0.35,2.0558,0
2019-12-31,16.625,16.625,16.625,16.625,-0.75,-4.3165,0
2020-01-02,16.125,16.125,16.125,16.125,-0.5,-3.0075,0
2020-01-03,16.725,16.725,16.725,16.725,0.6,3.7209,0
2020-01-06,16.675,16.675,16.675,16.675,-0.05,-0.299,0
2020-01-07,16.525,16.525,16.525,16.525,-0.15,-0.8996,0
2020-01-08,16.125,16.125,16.125,16.125,-0.4,-2.4206,0
2020-01-09,15.775,15.775,15.775,15.775,-0.35,-2.1705,0
2020-01-10,15.725,15.725,15.725,15.725,-0.05,-0.317,0
2020-01-13,15.375,15.375,15.375,15.375,-0.35,-2.2258,0
2020-01-14,15.225,15.225,15.225,15.225,-0.15,-0.9756,0
2020-01-15,15.175,15.175,15.175,15.175,-0.05,-0.3284,0
2020-01-16,14.925,14.925,14.925,14.925,-0.25,-1.6474,0
2020-01-17,14.925,14.925,14.925,14.925,0.0,0.0,0
2020-01-21,15.075,15.075,15.075,15.075,0.15,1.005,0
2020-01-22,15.175,15.175,15.175,15.175,0.1,0.6633,0
2020-01-23,15.675,15.675,15.675,15.675,0.5,3.2949,0
2020-01-24,16.225,16.225,16.225,16.225,0.55,3.5088,0
2020-01-27,17.325,17.325,17.325,17.325,1.1,6.7797,0
2020-01-28,16.825,16.825,16.825,16.825,-0.5,-2.886,0
2020-01-29,16.775,16.775,16.775,16.775,-0.05,-0.2972,0
2020-01-30,16.425,16.425,16.425,16.425,-0.35,-2.0864,0
2020-01-31,17.725,17.725,17.725,17.725,1.3,7.9148,0
2020-02-03,17.425,17.425,17.425,17.425,-0.3,-1.6925,0
2020-02-04,16.525,16.525,16.525,16.525,-0.9,-5.165,0
2020-02-05,16.125,16.125,16.125,16.125,-0.4,-2.4206,0
2020-02-06,15.975,15.975,15.975,15.975,-0.15,-0.9302,0
2020-02-07,16.225,16.225,16.225,16.225,0.25,1.5649,0
2020-02-10,15.975,15.975,15.975,15.975,-0.25,-1.5408,0
2020-02-11,15.925,15.925,15.925,15.925,-0.05,-0.313,0
2020-02-12,15.325,15.325,15.325,15.325,-0.6,-3.7677,0
2020-02-13,15.575,15.575,15.575,15.575,0.25,1.6313,0
2020-02-14,15.425,15.425,15.425,15.425,-0.15,-0.9631,0
2020-02-18,15.825,15.825,15.825,15.825,0.4,2.5932,0
2020-02-19,15.375,15.375,15.375,15.375,-0.45,-2.8436,0
2020-02-20,16.825,16.825,16.825,16.825,1.45,9.4309,0
2020-02-21,17.325,17.325,17.325,17.325,0.5,2.9718,0
2020-02-24,19.375,19.375,19.375,19.375,2.05,11.8326,0
2020-02-25,20.875,20.875,20.875,20.875,1.5,7.7419,0
2020-02-26,20.975,20.975,20.975,20.975,0.1,0.479,0
2020-02-27,23.525,23.525,23.525,23.525,2.55,12.1573,0
2020-02-28,23.025,23.025,23.025,23.025,-0.5,-2.1254,0
2020-03-02,23.325,23.325,23.325,23.325,0.3,1.3029,0
2020-03-03,25.525,25.525,25.525,25.525,2.2,9.4319,0
2020-03-04,24.625,24.625,24.625,24.625,-0.9,-3.526,0
2020-03-05,27.525,27.525,27.525,27.525,2.9,11.7766,0
2020-03-06,30.325,30.325,30.325,30.325,2.8,10.1726,0
2020-03-09,36.225,36.225,36.225,36.225,5.9,19.4559,0
2020-03-10,34.775,34.775,34.775,34.775,-1.45,-4.0028,0
2020-03-11,38.575,38.575,38.575,38.575,3.8,10.9274,0
2020-03-12,45.825,45.825,45.825,45.825,7.25,18.7946,0
2020-03-13,43.9,43.9,43.9,43.9,-1.925,-4.2008,0
2020-03-16,59.15,59.15,59.15,59.15,15.25,34.738,0
2020-03-17,61.425,61.425,61.425,61.425,2.275,3.8462,0
2020-03-18,70.475,70.475,70.475,70.475,9.05,14.7334,0
2020-03-19,58.975,58.975,58.975,58.975,-11.5,-16.3178,0
2020-03-20,56.625,56.625,56.625,56.625,-2.35,-3.9847,0
2020-03-23,45.325,45.325,45.325,45.325,-11.3,-19.9558,0
2020-03-24,40.15,40.15,40.15,40.15,-5.175,-11.4175,0
2020-03-25,44.525,44.525,44.525,44.525,4.375,10.8966,0
2020-03-26,39.65,39.65,39.65,39.65,-4.875,-10.9489,0
2020-03-27,44.825,44.825,44.825,44.825,5.175,13.0517,0
2020-03-30,42.75,42.75,42.75,42.75,-2.075,-4.6291,0
2020-03-31,40.925,40.925,40.925,40.925,-1.825,-4.269,0
2020-04-01,44.625,44.625,44.625,44.625,3.7,9.0409,0
2020-04-02,42.025,42.025,42.025,42.025,-2.6,-5.8263,0
2020-04-03,40.9,40.9,40.9,40.9,-1.125,-2.677,0
2020-04-06,37.925,37.925,37.925,37.925,-2.975,-7.2738,0
2020-04-07,39.675,39.675,39.675,39.675,1.75,4.6144,0
2020-04-08,38.3,38.3,38.3,38.3,-1.375,-3.4657,0
2020-04-09,36.925,36.925,36.925,36.925,-1.375,-3.5901,0
2020-04-13,36.125,36.125,36.125,36.125,-0.8,-2.1666,0
2020-04-14,32.975,32.975,32.975,32.975,-3.15,-8.7197,0
2020-04-15,36.575,36.575,36.575,36.575,3.6,10.9174,0
2020-04-16,34.425,34.425,34.425,34.425,-2.15,-5.8783,0
2020-04-17,33.075,33.075,33.075,33.075,-1.35,-3.9216,0
2020-04-20,36.225,36.225,36.225,36.225,3.15,9.5238,0
2020-04-21,38.675,38.675,38.675,38.675,2.45,6.7633,0
2020-04-22,37.375,37.375,37.375,37.375,-1.3,-3.3613,0
2020-04-23,37.725,37.725,37.725,37.725,0.35,0.9365,0
2020-04-24,35.575,35.575,35.575,35.575,-2.15,-5.6991,0
2020-04-27,33.475,33.475,33.475,33.475,-2.1,-5.903,0
2020-04-28,33.825,33.825,33.825,33.825,0.35,1.0456,0
2020-04-29,31.775,31.775,31.775,31.775,-2.05,-6.0606,0
2020-04-30,33.225,33.225,33.225,33.225,1.45,4.5633,0
2020-05-01,35.975,35.975,35.975,35.975,2.75,8.2769,0
2020-05-04,34.975,34.975,34.975,34.975,-1.0,-2.7797,0
2020-05-05,33.775,33.775,33.775,33.775,-1.2,-3.431,0
2020-05-06,34.575,34.575,34.575,34.575,0.8,2.3686,0
2020-05-07,32.625,32.625,32.625,32.625,-1.95,-5.6399,0
2020-05-08,30.725,30.725,30.725,30.725,-1.9,-5.8238,0
2020-05-11,29.025,29.025,29.025,29.025,-1.7,-5.533,0
2020-05-12,32.925,32.925,32.925,32.925,3.9,13.4367,0
2020-05-13,34.925,34.925,34.925,34.925,2.0,6.0744,0
2020-05-14,32.925,32.925,32.925,32.925,-2.0,-5.7266,0
2020-05-15,32.725,32.725,32.725,32.725,-0.2,-0.6074,0
2020-05-18,30.1,30.1,30.1,30.1,-2.625,-8.0214,0
2020-05-19,32.075,32.075,32.075,32.075,1.975,6.5615,0
2020-05-20,29.775,29.775,29.775,29.775,-2.3,-7.1707,0
2020-05-21,31.625,31.625,31.625,31.625,1.85,6.2133,0
2020-05-22,31.075,31.075,31.075,31.075,-0.55,-1.7391,0
2020-05-26,30.475,30.475,30.475,30.475,-0.6,-1.9308,0
2020-05-27,30.075,30.075,30.075,30.075,-0.4,-1.3126,0
2020-05-28,31.125,31.125,31.125,31.125,1.05,3.4913,0
2020-05-29,30.175,30.175,30.175,30.175,-0.95,-3.0522,0
2020-06-01,30.775,30.775,30.775,30.775,0.6,1.9884,0
2020-06-02,30.025,30.025,30.025,30.025,-0.75,-2.437,0
2020-06-03,29.075,29.075,29.075,29.075,-0.95,-3.164,0
2020-06-04,28.725,28.725,28.725,28.725,-0.35,-1.2038,0
2020-06-05,27.175,27.175,27.175,27.175,-1.55,-5.396,0
2020-06-08,27.925,27.925,27.925,27.925,0.75,2.7599,0
2020-06-09,29.575,29.575,29.575,29.575,1.65,5.9087,0
2020-06-10,29.025,29.025,29.025,29.025,-0.55,-1.8597,0
2020-06-11,39.675,39.675,39.675,39.675,10.65,36.6925,0
2020-06-12,34.825,34.825,34.825,34.825,-4.85,-12.2243,0
2020-06-15,34.075,34.075,34.075,34.075,-0.75,-2.1536,0
2020-06-16,33.625,33.625,33.625,33.625,-0.45,-1.3206,0
2020-06-17,33.625,33.625,33.625,33.625,0.0,0.0,0
2020-06-18,33.375,33.375,33.375,33.375,-0.25,-0.7435,0
2020-06-19,34.725,34.725,34.725,34.725,1.35,4.0449,0
2020-06-22,31.675,31.675,31.675,31.675,-3.05,-8.7833,0
2020-06-23,31.925,31.925,31.925,31.925,0.25,0.7893,0
2020-06-24,33.475,33.475,33.475,33.475,1.55,4.8551,0
2020-06-25,32.325,32.325,32.325,32.325,-1.15,-3.4354,0
2020-06-26,34.475,34.475,34.475,34.475,2.15,6.6512,0
2020-06-29,32.825,32.825,32.825,32.825,-1.65,-4.7861,0
2020-06-30,31.825,31.825,31.825,31.825,-1.0,-3.0465,0
2020-07-01,30.825,30.825,30.825,30.825,-1.0,-3.1422,0
2020-07-02,30.075,30.075,30.075,30.075,-0.75,-2.4331,0
2020-07-06,30.2,30.2,30.2,30.2,0.125,0.4156,0
2020-07-07,31.125,31.125,31.125,31.125,0.925,3.0629,0
2020-07-08,30.425,30.425,30.425,30.425,-0.7,-2.249,0
2020-07-09,31.225,31.225,31.225,31.225,0.8,2.6294,0
2020-07-10,30.325,30.325,30.325,30.325,-0.9,-2.8823,0
2020-07-13,32.975,32.975,32.975,32.975,2.65,8.7387,0
2020-07-14,31.275,31.275,31.275,31.275,-1.7,-5.1554,0
2020-07-15,30.375,30.375,30.375,30.375,-0.9,-2.8777,0
2020-07-16,30.275,30.275,30.275,30.275,-0.1,-0.3292,0
2020-07-17,28.975,28.975,28.975,28.975,-1.3,-4.294,0
2020-07-20,27.525,27.525,27.525,27.525,-1.45,-5.0043,0
2020-07-21,27.825,27.825,27.825,27.825,0.3,1.0899,0
2020-07-22,27.25,27.25,27.25,27.25,-0.575,-2.0665,0
2020-07-23,30.275,30.275,30.275,30.275,3.025,11.1009,0
2020-07-24,30.525,30.525,30.525,30.525,0.25,0.8258,0
2020-07-27,29.925,29.925,29.925,29.925,-0.6,-1.9656,0
2020-07-28,29.875,29.875,29.875,29.875,-0.05,-0.1671,0
2020-07-29,29.475,29.475,29.475,29.475,-0.4,-1.3389,0
2020-07-30,29.825,29.825,29.825,29.825,0.35,1.1874,0
2020-07-31,29.625,29.625,29.625,29.625,-0.2,-0.6706,0
2020-08-03,29.375,29.375,29.375,29.375,-0.25,-0.8439,0
2020-08-04,28.425,28.425,28.425,28.425,-0.95,-3.234,0
2020-08-05,28.125,28.125,28.125,28.125,-0.3,-1.0554,0
2020-08-06,27.875,27.875,27.875,27.875,-0.25,-0.8889,0
2020-08-07,27.825,27.825,27.825,27.825,-0.05,-0.1794,0
2020-08-10,27.125,27.125,27.125,27.125,-0.7,-2.5157,0
2020-08-11,28.175,28.175,28.175,28.175,1.05,3.871,0
2020-08-12,26.875,26.875,26.875,26.875,-1.3,-4.614,0
2020-08-13,26.825,26.825,26.825,26.825,-0.05,-0.186,0
2020-08-14,26.975,26.975,26.975,26.975,0.15,0.5592,0
2020-08-17,25.825,25.825,25.825,25.825,-1.15,-4.2632,0
2020-08-18,25.475,25.475,25.475,25.475,-0.35,-1.3553,0
2020-08-19,26.225,26.225,26.225,26.225,0.75,2.9441,0
2020-08-20,29.225,29.225,29.225,29.225,3.0,11.4395,0
2020-08-21,29.575,29.575,29.575,29.575,0.35,1.1976,0
2020-08-24,29.575,29.575,29.575,29.575,0.0,0.0,0
2020-08-25,29.475,29.475,29.475,29.475,-0.1,-0.3381,0
2020-08-26,30.375,30.375,30.375,30.375,0.9,3.0534,0
2020-08-27,31.325,31.325,31.325,31.325,0.95,3.1276,0
2020-08-28,31.675,31.675,31.675,31.675,0.35,1.1173,0
2020-08-31,33.225,33.225,33.225,33.225,1.55,4.8934,0
2020-09-01,33.525,33.525,33.525,33.525,0.3,0.9029,0
2020-09-02,35.325,35.325,35.325,35.325,1.8,5.3691,0
2020-09-03,39.025,39.025,39.025,39.025,3.7,10.4742,0
2020-09-04,36.175,36.175,36.175,36.175,-2.85,-7.303,0
2020-09-08,34.625,34.625,34.625,34.625,-1.55,-4.2847,0
2020-09-09,33.225,33.225,33.225,33.225,-1.4,-4.0433,0
2020-09-10,32.675,32.675,32.675,32.675,-0.55,-1.6554,0
2020-09-11,31.875,31.875,31.875,31.875,-0.8,-2.4484,0
2020-09-14,31.375,31.375,31.375,31.375,-0.5,-1.5686,0
2020-09-15,30.425,30.425,30.425,30.425,-0.95,-3.0279,0
2020-09-16,30.525,30.525,30.525,30.525,0.1,0.3287,0
2020-09-17,30.575,30.575,30.575,30.575,0.05,0.1638,0
2020-09-18,30.675,30.675,30.675,30.675,0.1,0.3271,0
2020-09-21,31.675,31.675,31.675,31.675,1.0,3.26,0
2020-09-22,32.175,32.175,32.175,32.175,0.5,1.5785,0
2020-09-23,33.325,33.325,33.325,33.325,1.15,3.5742,0
2020-09-24,33.675,33.675,33.675,33.675,0.35,1.0503,0
2020-09-25,32.925,32.925,32.925,32.925,-0.75,-2.2272,0
2020-09-28,32.975,32.975,32.975,32.975,0.05,0.1519,0
2020-09-29,32.075,32.075,32.075,32.075,-0.9,-2.7293,0
2020-09-30,32.875,32.875,32.875,32.875,0.8,2.4942,0
2020-10-01,32.475,32.475,32.475,32.475,-0.4,-1.2167,0
2020-10-02,33.175,33.175,33.175,33.175,0.7,2.1555,0
2020-10-05,32.225,32.225,32.225,32.225,-0.95,-2.8636,0
2020-10-06,32.225,32.225,32.225,32.225,0.0,0.0,0
2020-10-07,31.725,31.725,31.725,31.725,-0.5,-1.5516,0
2020-10-08,30.425,30.425,30.425,30.425,-1.3,-4.0977,0
2020-10-09,29.025,29.025,29.025,29.025,-1.4,-4.6015,0
2020-10-12,28.575,28.575,28.575,28.575,-0.45,-1.5504,0
2020-10-13,28.575,28.575,28.575,28.575,0.0,0.0,0
2020-10-14,28.2,28.2,28.2,28.2,-0.375,-1.3123,0
2020-10-15,28.875,28.875,28.875,28.875,0.675,2.3936,0
2020-10-16,29.025,29.025,29.025,29.025,0.15,0.5195,0
2020-10-19,30.225,30.225,30.225,30.225,1.2,4.1344,0
2020-10-20,29.975,29.975,29.975,29.975,-0.25,-0.8271,0
2020-10-21,29.225,29.225,29.225,29.225,-0.75,-2.5021,0
2020-10-22,28.525,28.525,28.525,28.525,-0.7,-2.3952,0
2020-10-23,28.625,28.625,28.625,28.625,0.1,0.3506,0
2020-10-26,30.375,30.375,30.375,30.375,1.75,6.1135,0
2020-10-27,30.925,30.925,30.925,30.925,0.55,1.8107,0
2020-10-28,34.725,34.725,34.725,34.725,3.8,12.2878,0
2020-10-29,32.575,32.575,32.575,32.575,-2.15,-6.1915,0
2020-10-30,34.075,34.075,34.075,34.075,1.5,4.6048,0
2020-11-02,33.175,33.175,33.175,33.175,-0.9,-2.6412,0
2020-11-03,31.575,31.575,31.575,31.575,-1.6,-4.8229,0
2020-11-04,29.175,29.175,29.175,29.175,-2.4,-7.601,0
2020-11-05,28.775,28.775,28.775,28.775,-0.4,-1.371,0
2020-11-06,27.175,27.175,27.175,27.175,-1.6,-5.5604,0
2020-11-09,26.275,26.275,26.275,26.275,-0.9,-3.3119,0
2020-11-10,25.425,25.425,25.425,25.425,-0.85,-3.235,0
2020-11-11,24.975,24.975,24.975,24.975,-0.45,-1.7699,0
2020-11-12,26.575,26.575,26.575,26.575,1.6,6.4064,0
2020-11-13,25.075,25.075,25.075,25.075,-1.5,-5.6444,0
2020-11-16,24.525,24.525,24.525,24.525,-0.55,-2.1934,0
2020-11-17,24.025,24.025,24.025,24.025,-0.5,-2.0387,0
2020-11-18,24.875,24.875,24.875,24.875,0.85,3.538,0
2020-11-19,25.925,25.925,25.925,25.925,1.05,4.2211,0
2020-11-20,25.825,25.825,25.825,25.825,-0.1,-0.3857,0
2020-11-23,25.725,25.725,25.725,25.725,-0.1,-0.3872,0
2020-11-24,25.625,25.625,25.625,25.625,-0.1,-0.3887,0
2020-11-25,24.825,24.825,24.825,24.825,-0.8,-3.122,0
2020-11-27,25.025,25.025,25.025,25.025,0.2,0.8056,0
2020-11-30,24.575,24.575,24.575,24.575,-0.45,-1.7982,0
2020-12-01,24.425,24.425,24.425,24.425,-0.15,-0.6104,0
2020-12-02,24.325,24.325,24.325,24.325,-0.1,-0.4094,0
2020-12-03,24.475,24.475,24.475,24.475,0.15,0.6166,0
2020-12-04,24.225,24.225,24.225,24.225,-0.25,-1.0215,0
2020-12-07,24.325,24.325,24.325,24.325,0.1,0.4128,0
2020-12-08,23.625,23.625,23.625,23.625,-0.7,-2.8777,0
2020-12-09,24.375,24.375,24.375,24.375,0.75,3.1746,0
2020-12-10,24.675,24.675,24.675,24.675,0.3,1.2308,0
2020-12-11,25.575,25.575,25.575,25.575,0.9,3.6474,0
2020-12-14,26.125,26.125,26.125,26.125,0.55,2.1505,0
2020-12-15,24.975,24.975,24.975,24.975,-1.15,-4.4019,0
2020-12-16,24.1,24.1,24.1,24.1,-0.875,-3.5035,0
2020-12-17,25.425,25.425,25.425,25.425,1.325,5.4979,0
2020-12-18,25.725,25.725,25.725,25.725,0.3,1.1799,0
2020-12-21,27.125,27.125,27.125,27.125,1.4,5.4422,0
2020-12-22,26.925,26.925,26.925,26.925,-0.2,-0.7373,0
2020-12-23,26.175,26.175,26.175,26.175,-0.75,-2.7855,0
2020-12-24,25.625,25.625,25.625,25.625,-0.55,-2.1012,0
2020-12-28,25.575,25.575,25.575,25.575,-0.05,-0.1951,0
2020-12-29,26.425,26.425,26.425,26.425,0.85,3.3236,0
2020-12-30,25.625,25.625,25.625,25.625,-0.8,-3.0274,0
2020-12-31,25.575,25.575,25.575,25.575,-0.05,-0.1951,0
2021-01-04,27.125,27.125,27.125,27.125,1.55,6.0606,0
2021-01-05,26.425,26.425,26.425,26.425,-0.7,-2.5806,0
2021-01-06,26.275,26.275,26.275,26.275,-0.15,-0.5676,0
2021-01-07,24.975,24.975,24.975,24.975,-1.3,-4.9477,0
2021-01-08,24.825,24.825,24.825,24.825,-0.15,-0.6006,0
2021-01-11,26.175,26.175,26.175,26.175,1.35,5.4381,0
2021-01-12,25.425,25.425,25.425,25.425,-0.75,-2.8653,0
2021-01-13,25.075,25.075,25.075,25.075,-0.35,-1.3766,0
2021-01-14,25.325,25.325,25.325,25.325,0.25,0.997,0
2021-01-15,25.975,25.975,25.975,25.975,0.65,2.5666,0
2021-01-19,25.225,25.225,25.225,25.225,-0.75,-2.8874,0
2021-01-20,24.775,24.775,24.775,24.775,-0.45,-1.7839,0
2021-01-21,26.225,26.225,26.225,26.225,1.45,5.8527,0
2021-01-22,26.525,26.525,26.525,26.525,0.3,1.1439,0
2021-01-25,27.4004,27.4004,27.4004,27.4004,0.8754,3.3003,0
2021-01-26,27.2267,27.2267,27.2267,27.2267,-0.1737,-0.6339,0
2021-01-27,31.2313,31.2313,31.2313,31.2313,4.0046,14.7084,0
2021-01-28,30.7199,30.7199,30.7199,30.7199,-0.5114,-1.6375,0
2021-01-29,32.4205,32.4205,32.4205,32.4205,1.7006,5.5358,0
2021-02-01,31.0263,31.0263,31.0263,31.0263,-1.3942,-4.3004,0
2021-02-02,28.7376,28.7376,28.7376,28.7376,-2.2887,-7.3766,0
2021-02-03,27.6514,27.6514,27.6514,27.6514,-1.0862,-3.7797,0
2021-02-04,26.7436,26.7436,26.7436,26.7436,-0.9078,-3.283,0
2021-02-05,26.65,26.65,26.65,26.65,-0.0936,-0.35,0
2021-02-08,26.5484,26.5484,26.5484,26.5484,-0.1016,-0.3812,0
2021-02-09,26.6863,26.6863,26.6863,26.6863,0.1379,0.5194,0
2021-02-10,27.2855,27.2855,27.2855,27.2855,0.5992,2.2453,0
2021-02-11,26.692,26.692,26.692,26.692,-0.5935,-2.1751,0
2021-02-12,25.8785,25.8785,25.8785,25.8785,-0.8135,-3.0477,0
2021-02-16,26.1251,26.1251,26.1251,26.1251,0.2466,0.9529,0
2021-02-17,25.6,25.6,25.6,25.6,-0.5251,-2.0099,0
2021-02-18,28.65,28.65,28.65,28.65,3.05,11.9141,0
2021-02-19,27.8902,27.8902,27.8902,27.8902,-0.7598,-2.652,0
2021-02-22,28.6508,28.6508,28.6508,28.6508,0.7606,2.7271,0
2021-02-23,27.8272,27.8272,27.8272,27.8272,-0.8236,-2.8746,0
2021-02-24,26.7495,26.7495,26.7495,26.7495,-1.0777,-3.8728,0
2021-02-25,29.6522,29.6522,29.6522,29.6522,2.9027,10.8514,0
2021-02-26,28.2329,28.2329,28.2329,28.2329,-1.4193,-4.7865,0
2021-03-01,26.9033,26.9033,26.9033,26.9033,-1.3296,-4.7094,0
2021-03-02,27.0329,27.0329,27.0329,27.0329,0.1296,0.4817,0
2021-03-03,27.9008,27.9008,27.9008,27.9008,0.8679,3.2105,0
2021-03-04,28.9361,28.9361,28.9361,28.9361,1.0353,3.7106,0
2021-03-05,27.2112,27.2112,27.2112,27.2112,-1.7249,-5.9611,0
2021-03-08,27.6657,27.6657,27.6657,27.6657,0.4545,1.6703,0
2021-03-09,26.7188,26.7188,26.7188,26.7188,-0.9469,-3.4226,0
2021-03-10,26.4616,26.4616,26.4616,26.4616,-0.2572,-0.9626,0
2021-03-11,25.8013,25.8013,25.8013,25.8013,-0.6603,-2.4953,0
2021-03-12,25.4109,25.4109,25.4109,25.4109,-0.3904,-1.5131,0
2021-03-15,23.9781,23.9781,23.9781,23.9781,-1.4328,-5.6385,0
2021-03-16,24.047,24.047,24.047,24.047,0.0689,0.2873,0
2021-03-17,23.0025,23.0025,23.0025,23.0025,-1.0445,-4.3436,0
2021-03-18,25.8014,25.8014,25.8014,25.8014,2.7989,12.1678,0
2021-03-19,25.2669,25.2669,25.2669,25.2669,-0.5345,-2.0716,0
2021-03-22,23.9449,23.9449,23.9449,23.9449,-1.322,-5.2321,0
2021-03-23,24.7467,24.7467,24.7467,24.7467,0.8018,3.3485,0
2021-03-24,24.7612,24.7612,24.7612,24.7612,0.0145,0.0586,0
2021-03-25,24.2012,24.2012,24.2012,24.2012,-0.56,-2.2616,0
2021-03-26,23.3135,23.3135,23.3135,23.3135,-0.8877,-3.668,0
2021-03-29,23.6502,23.6502,23.6502,23.6502,0.3367,1.4442,0
2021-03-30,22.8076,22.8076,22.8076,22.8076,-0.8426,-3.5628,0
2021-03-31,22.6758,22.6758,22.6758,22.6758,-0.1318,-0.5779,0
2021-04-01,22.0336,22.0336,22.0336,22.0336,-0.6422,-2.8321,0
2021-04-05,21.4914,21.4914,21.4914,21.4914,-0.5422,-2.4608,0
2021-04-06,21.4864,21.4864,21.4864,21.4864,-0.005,-0.0233,0
2021-04-07,21.0655,21.0655,21.0655,21.0655,-0.4209,-1.9589,0
2021-04-08,20.805,20.805,20.805,20.805,-0.2605,-1.2366,0
2021-04-09,20.8262,20.8262,20.8262,20.8262,0.0212,0.1019,0
2021-04-12,20.5653,20.5653,20.5653,20.5653,-0.2609,-1.2527,0
2021-04-13,20.4734,20.4734,20.4734,20.4734,-0.0919,-0.4469,0
2021-04-14,20.9333,20.9333,20.9333,20.9333,0.4599,2.2463,0
2021-04-15,20.2942,20.2942,20.2942,20.2942,-0.6391,-3.053,0
2021-04-16,19.955,19.955,19.955,19.955,-0.3392,-1.6714,0
2021-04-19,20.7006,20.7006,20.7006,20.7006,0.7456,3.7364,0
2021-04-20,21.0528,21.0528,21.0528,21.0528,0.3522,1.7014,0
2021-04-21,19.9955,19.9955,19.9955,19.9955,-1.0573,-5.0221,0
2021-04-22,22.8048,22.8048,22.8048,22.8048,2.8093,14.0497,0
2021-04-23,22.191,22.191,22.191,22.191,-0.6138,-2.6915,0
2021-04-26,22.1001,22.1001,22.1001,22.1001,-0.0909,-0.4096,0
2021-04-27,21.6953,21.6953,21.6953,21.6953,-0.4048,-1.8317,0
2021-04-28,21.7018,21.7018,21.7018,21.7018,0.0065,0.03,0
2021-04-29,21.598,21.598,21.598,21.598,-0.1038,-0.4783,0
2021-04-30,22.2391,22.2391,22.2391,22.2391,0.6411,2.9683,0
2021-05-03,21.5522,21.5522,21.5522,21.5522,-0.6869,-3.0887,0
2021-05-04,22.2357,22.2357,22.2357,22.2357,0.6835,3.1714,0
2021-05-05,21.6758,21.6758,21.6758,21.6758,-0.5599,-2.518,0
2021-05-06,21.6227,21.6227,21.6227,21.6227,-0.0531,-0.245,0
2021-05-07,20.5424,20.5424,20.5424,20.5424,-1.0803,-4.9961,0
2021-05-10,21.3487,21.3487,21.3487,21.3487,0.8063,3.9251,0
2021-05-11,22.8487,22.8487,22.8487,22.8487,1.5,7.0262,0
2021-05-12,26.4334,26.4334,26.4334,26.4334,3.5847,15.6889,0
2021-05-13,24.0809,24.0809,24.0809,24.0809,-2.3525,-8.8997,0
2021-05-14,21.3668,21.3668,21.3668,21.3668,-2.7141,-11.2708,0
2021-05-17,22.1144,22.1144,22.1144,22.1144,0.7476,3.4989,0
2021-05-18,22.3794,22.3794,22.3794,22.3794,0.265,1.1983,0
2021-05-19,23.3861,23.3861,23.3861,23.3861,1.0067,4.4983,0
2021-05-20,23.6346,23.6346,23.6346,23.6346,0.2485,1.0626,0
2021-05-21,23.28,23.28,23.28,23.28,-0.3546,-1.5003,0
2021-05-24,22.4758,22.4758,22.4758,22.4758,-0.8042,-3.4545,0
2021-05-25,22.6499,22.6499,22.6499,22.6499,0.1741,0.7746,0
2021-05-26,21.6727,21.6727,21.6727,21.6727,-0.9772,-4.3144,0
2021-05-27,20.6488,20.6488,20.6488,20.6488,-1.0239,-4.7244,0
2021-05-28,20.8509,20.8509,20.8509,20.8509,0.2021,0.9787,0
2021-06-01,21.3709,21.3709,21.3709,21.3709,0.52,2.4939,0
2021-06-02,21.0457,21.0457,21.0457,21.0457,-0.3252,-1.5217,0
2021-06-03,21.3869,21.3869,21.3869,21.3869,0.3412,1.6212,0
2021-06-04,20.3389,20.3389,20.3389,20.3389,-1.048,-4.9002,0
2021-06-07,20.0021,20.0021,20.0021,20.0021,-0.3368,-1.6559,0
2021-06-08,20.2319,20.2319,20.2319,20.2319,0.2298,1.1489,0
2021-06-09,20.4981,20.4981,20.4981,20.4981,0.2662,1.3157,0
2021-06-10,19.443,19.443,19.443,19.443,-1.0551,-5.1473,0
2021-06-11,18.8501,18.8501,18.8501,18.8501,-0.5929,-3.0494,0
2021-06-14,19.0759,19.0759,19.0759,19.0759,0.2258,1.1979,0
2021-06-15,19.5645,19.5645,19.5645,19.5645,0.4886,2.5613,0
2021-06-16,19.623,19.623,19.623,19.623,0.0585,0.299,0
2021-06-17,20.9062,20.9062,20.9062,20.9062,1.2832,6.5393,0
2021-06-18,22.2601,22.2601,22.2601,22.2601,1.3539,6.4761,0
2021-06-21,21.1897,21.1897,21.1897,21.1897,-1.0704,-4.8086,0
2021-06-22,20.5299,20.5299,20.5299,20.5299,-0.6598,-3.1138,0
2021-06-23,20.1918,20.1918,20.1918,20.1918,-0.3381,-1.6469,0
2021-06-24,19.853,19.853,19.853,19.853,-0.3388,-1.6779,0
2021-06-25,19.6252,19.6252,19.6252,19.6252,-0.2278,-1.1474,0
2021-06-28,19.516,19.516,19.516,19.516,-0.1092,-0.5564,0
2021-06-29,19.953,19.953,19.953,19.953,0.437,2.2392,0
2021-06-30,19.7487,19.7487,19.7487,19.7487,-0.2043,-1.0239,0
2021-07-01,19.5447,19.5447,19.5447,19.5447,-0.204,-1.033,0
2021-07-02,19.4999,19.4999,19.4999,19.4999,-0.0448,-0.2292,0
2021-07-06,19.8513,19.8513,19.8513,19.8513,0.3514,1.8021,0
2021-07-07,19.9455,19.9455,19.9455,19.9455,0.0942,0.4745,0
2021-07-08,20.9988,20.9988,20.9988,20.9988,1.0533,5.2809,0
2021-07-09,19.8444,19.8444,19.8444,19.8444,-1.1544,-5.4975,0
2021-07-12,19.8395,19.8395,19.8395,19.8395,-0.0049,-0.0247,0
2021-07-13,20.0157,20.0157,20.0157,20.0157,0.1762,0.8881,0
2021-07-14,19.6029,19.6029,19.6029,19.6029,-0.4128,-2.0624,0
2021-07-15,19.8149,19.8149,19.8149,19.8149,0.212,1.0815,0
2021-07-16,20.6339,20.6339,20.6339,20.6339,0.819,4.1333,0
2021-07-19,23.6675,23.6675,23.6675,23.6675,3.0336,14.702,0
2021-07-20,21.4852,21.4852,21.4852,21.4852,-2.1823,-9.2207,0
2021-07-21,20.1082,20.1082,20.1082,20.1082,-1.377,-6.4091,0
2021-07-22,21.85,21.85,21.85,21.85,1.7418,8.6621,0
2021-07-23,21.6506,21.6506,21.6506,21.6506,-0.1994,-0.9126,0
2021-07-26,21.6947,21.6947,21.6947,21.6947,0.0441,0.2037,0
2021-07-27,22.2005,22.2005,22.2005,22.2005,0.5058,2.3314,0
2021-07-28,21.7999,21.7999,21.7999,21.7999,-0.4006,-1.8045,0
2021-07-29,21.5483,21.5483,21.5483,21.5483,-0.2516,-1.1541,0
2021-07-30,22.0749,22.0749,22.0749,22.0749,0.5266,2.4438,0
2021-08-02,22.7197,22.7197,22.7197,22.7197,0.6448,2.921,0
2021-08-03,21.8428,21.8428,21.8428,21.8428,-0.8769,-3.8596,0
2021-08-04,21.7559,21.7559,21.7559,21.7559,-0.0869,-0.3978,0
2021-08-05,21.2892,21.2892,21.2892,21.2892,-0.4667,-2.1452,0
2021-08-06,20.751,20.751,20.751,20.751,-0.5382,-2.528,0
2021-08-09,20.6867,20.6867,20.6867,20.6867,-0.0643,-0.3099,0
2021-08-10,20.3456,20.3456,20.3456,20.3456,-0.3411,-1.6489,0
2021-08-11,19.7318,19.7318,19.7318,19.7318,-0.6138,-3.0169,0
2021-08-12,19.3979,19.3979,19.3979,19.3979,-0.3339,-1.6922,0
2021-08-13,19.486,19.486,19.486,19.486,0.0881,0.4542,0
2021-08-16,19.6237,19.6237,19.6237,19.6237,0.1377,0.7067,0
2021-08-17,20.1697,20.1697,20.1697,20.1697,0.546,2.7823,0
2021-08-18,21.7058,21.7058,21.7058,21.7058,1.5361,7.6159,0
2021-08-19,23.1773,23.1773,23.1773,23.1773,1.4715,6.7793,0
2021-08-20,22.1551,22.1551,22.1551,22.1551,-1.0222,-4.4103,0
2021-08-23,21.6622,21.6622,21.6622,21.6622,-0.4929,-2.2248,0
2021-08-24,21.6582,21.6582,21.6582,21.6582,-0.004,-0.0185,0
2021-08-25,21.2899,21.2899,21.2899,21.2899,-0.3683,-1.7005,0
2021-08-26,21.9501,21.9501,21.9501,21.9501,0.6602,3.101,0
2021-08-27,21.1309,21.1309,21.1309,21.1309,-0.8192,-3.7321,0
2021-08-30,20.9491,20.9491,20.9491,20.9491,-0.1818,-0.8604,0
2021-08-31,20.9074,20.9074,20.9074,20.9074,-0.0417,-0.1991,0
2021-09-01,20.446,20.446,20.446,20.446,-0.4614,-2.2069,0
2021-09-02,20.4432,20.4432,20.4432,20.4432,-0.0028,-0.0137,0
2021-09-03,20.5624,20.5624,20.5624,20.5624,0.1192,0.5831,0
2021-09-07,20.9005,20.9005,20.9005,20.9005,0.3381,1.6443,0
2021-09-08,20.9315,20.9315,20.9315,20.9315,0.031,0.1483,0
2021-09-09,21.353,21.353,21.353,21.353,0.4215,2.0137,0
2021-09-10,22.1543,22.1543,22.1543,22.1543,0.8013,3.7526,0
2021-09-13,21.3321,21.3321,21.3321,21.3321,-0.8222,-3.7112,0
2021-09-14,21.5605,21.5605,21.5605,21.5605,0.2284,1.0707,0
2021-09-15,20.8379,20.8379,20.8379,20.8379,-0.7226,-3.3515,0
2021-09-16,22.0021,22.0021,22.0021,22.0021,1.1642,5.5869,0
2021-09-17,22.9489,22.9489,22.9489,22.9489,0.9468,4.3032,0
2021-09-20,24.6975,24.6975,24.6975,24.6975,1.7486,7.6195,0
2021-09-21,24.1154,24.1154,24.1154,24.1154,-0.5821,-2.3569,0
2021-09-22,23.1347,23.1347,23.1347,23.1347,-0.9807,-4.0667,0
2021-09-23,22.2012,22.2012,22.2012,22.2012,-0.9335,-4.0351,0
2021-09-24,21.6471,21.6471,21.6471,21.6471,-0.5541,-2.4958,0
2021-09-27,21.6778,21.6778,21.6778,21.6778,0.0307,0.1418,0
2021-09-28,23.4435,23.4435,23.4435,23.4435,1.7657,8.1452,0
2021-09-29,23.7823,23.7823,23.7823,23.7823,0.3388,1.4452,0
2021-09-30,23.6859,23.6859,23.6859,23.6859,-0.0964,-0.4053,0
2021-10-01,23.2158,23.2158,23.2158,23.2158,-0.4701,-1.9847,0
2021-10-04,23.6992,23.6992,23.6992,23.6992,0.4834,2.0822,0
2021-10-05,23.0271,23.0271,23.0271,23.0271,-0.6721,-2.836,0
2021-10-06,22.6587,22.6587,22.6587,22.6587,-0.3684,-1.5999,0
2021-10-07,22.0851,22.0851,22.0851,22.0851,-0.5736,-2.5315,0
2021-10-08,21.6097,21.6097,21.6097,21.6097,-0.4754,-2.1526,0
2021-10-11,21.8565,21.8565,21.8565,21.8565,0.2468,1.1421,0
2021-10-12,21.4506,21.4506,21.4506,21.4506,-0.4059,-1.8571,0
2021-10-13,21.107,21.107,21.107,21.107,-0.3436,-1.6018,0
2021-10-14,20.0046,20.0046,20.0046,20.0046,-1.1024,-5.2229,0
2021-10-15,20.0983,20.0983,20.0983,20.0983,0.0937,0.4684,0
2021-10-18,19.6962,19.6962,19.6962,19.6962,-0.4021,-2.0007,0
2021-10-19,19.5287,19.5287,19.5287,19.5287,-0.1675,-0.8504,0
2021-10-20,19.3155,19.3155,19.3155,19.3155,-0.2132,-1.0917,0
2021-10-21,20.6504,20.6504,20.6504,20.6504,1.3349,6.911,0
2021-10-22,21.1001,21.1001,21.1001,21.1001,0.4497,2.1777,0
2021-10-25,20.4983,20.4983,20.4983,20.4983,-0.6018,-2.8521,0
2021-10-26,20.8037,20.8037,20.8037,20.8037,0.3054,1.4899,0
2021-10-27,21.2962,21.2962,21.2962,21.2962,0.4925,2.3674,0
2021-10-28,20.8493,20.8493,20.8493,20.8493,-0.4469,-2.0985,0
2021-10-29,21.0533,21.0533,21.0533,21.0533,0.204,0.9785,0
2021-11-01,20.8006,20.8006,20.8006,20.8006,-0.2527,-1.2003,0
2021-11-02,20.3509,20.3509,20.3509,20.3509,-0.4497,-2.162,0
2021-11-03,19.7495,19.7495,19.7495,19.7495,-0.6014,-2.9552,0
2021-11-04,20.084,20.084,20.084,20.084,0.3345,1.6937,0
2021-11-05,20.5057,20.5057,20.5057,20.5057,0.4217,2.0997,0
2021-11-08,20.5003,20.5003,20.5003,20.5003,-0.0054,-0.0263,0
2021-11-09,20.827,20.827,20.827,20.827,0.3267,1.5936,0
2021-11-10,21.0045,21.0045,21.0045,21.0045,0.1775,0.8523,0
2021-11-11,20.7957,20.7957,20.7957,20.7957,-0.2088,-0.9941,0
2021-11-12,20.108,20.108,20.108,20.108,-0.6877,-3.3069,0
2021-11-15,19.891,19.891,19.891,19.891,-0.217,-1.0792,0
2021-11-16,20.0017,20.0017,20.0017,20.0017,0.1107,0.5565,0
2021-11-17,20.2745,20.2745,20.2745,20.2745,0.2728,1.3639,0
2021-11-18,22.6455,22.6455,22.6455,22.6455,2.371,11.6945,0
2021-11-19,22.7497,22.7497,22.7497,22.7497,0.1042,0.4601,0
2021-11-22,23.0998,23.0998,23.0998,23.0998,0.3501,1.5389,0
2021-11-23,22.6656,22.6656,22.6656,22.6656,-0.4342,-1.8797,0
2021-11-24,22.4538,22.4538,22.4538,22.4538,-0.2118,-0.9345,0
2021-11-26,27.0096,27.0096,27.0096,27.0096,4.5558,20.2897,0
2021-11-29,23.7474,23.7474,23.7474,23.7474,-3.2622,-12.0779,0
2021-11-30,26.4777,26.4777,26.4777,26.4777,2.7303,11.4973,0
2021-12-01,27.964,27.964,27.964,27.964,1.4863,5.6134,0
2021-12-02,26.905,26.905,26.905,26.905,-1.059,-3.787,0
2021-12-03,28.6173,28.6173,28.6173,28.6173,1.7123,6.3642,0
2021-12-06,26.6506,26.6506,26.6506,26.6506,-1.9667,-6.8724,0
2021-12-07,24.2002,24.2002,24.2002,24.2002,-2.4504,-9.1945,0
2021-12-08,23.0192,23.0192,23.0192,23.0192,-1.181,-4.8801,0
2021-12-09,23.5593,23.5593,23.5593,23.5593,0.5401,2.3463,0
2021-12-10,22.2662,22.2662,22.2662,22.2662,-1.2931,-5.4887,0
2021-12-13,23.1634,23.1634,23.1634,23.1634,0.8972,4.0294,0
2021-12-14,23.4828,23.4828,23.4828,23.4828,0.3194,1.3789,0
2021-12-15,21.9711,21.9711,21.9711,21.9711,-1.5117,-6.4375,0
2021-12-16,22.8188,22.8188,22.8188,22.8188,0.8477,3.8583,0
2021-12-17,23.5739,23.5739,23.5739,23.5739,0.7551,3.3091,0
2021-12-20,24.3107,24.3107,24.3107,24.3107,0.7368,3.1255,0
2021-12-21,23.1636,23.1636,23.1636,23.1636,-1.1471,-4.7185,0
2021-12-22,21.8007,21.8007,21.8007,21.8007,-1.3629,-5.8838,0
2021-12-23,23.3994,23.3994,23.3994,23.3994,1.5987,7.3333,0
2021-12-27,23.0302,23.0302,23.0302,23.0302,-0.3692,-1.5778,0
2021-12-28,22.6303,22.6303,22.6303,22.6303,-0.3999,-1.7364,0
2021-12-29,22.104,22.104,22.104,22.104,-0.5263,-2.3256,0
2021-12-30,22.047,22.047,22.047,22.047,-0.057,-0.2579,0
2021-12-31,21.9705,21.9705,21.9705,21.9705,-0.0765,-0.347,0
2022-01-03,21.4095,21.4095,21.4095,21.4095,-0.561,-2.5534,0
2022-01-04,21.3187,21.3187,21.3187,21.3187,-0.0908,-0.4241,0
2022-01-05,22.6171,22.6171,22.6171,22.6171,1.2984,6.0904,0
2022-01-06,22.8491,22.8491,22.8491,22.8491,0.232,1.0258,0
2022-01-07,22.0204,22.0204,22.0204,22.0204,-0.8287,-3.6268,0
2022-01-10,21.7049,21.7049,21.7049,21.7049,-0.3155,-1.4328,0
2022-01-11,20.9933,20.9933,20.9933,20.9933,-0.7116,-3.2785,0
2022-01-12,20.9713,20.9713,20.9713,20.9713,-0.022,-0.1048,0
2022-01-13,22.0944,22.0944,22.0944,22.0944,1.1231,5.3554,0
2022-01-14,21.7462,21.7462,21.7462,21.7462,-0.3482,-1.576,0
2022-01-18,23.3922,23.3922,23.3922,23.3922,1.646,7.5691,0
2022-01-19,24.0687,24.0687,24.0687,24.0687,0.6765,2.892,0
2022-01-20,25.1061,25.1061,25.1061,25.1061,1.0374,4.3102,0
2022-01-21,26.8399,26.8399,26.8399,26.8399,1.7338,6.9059,0
2022-01-24,27.4498,27.4498,27.4498,27.4498,0.6099,2.2724,0
2022-01-25,27.7313,27.7313,27.7313,27.7313,0.2815,1.0255,0
2022-01-26,28.1099,28.1099,28.1099,28.1099,0.3786,1.3652,0
2022-01-27,28.486,28.486,28.486,28.486,0.3761,1.338,0
2022-01-28,27.0493,27.0493,27.0493,27.0493,-1.4367,-5.0435,0
2022-01-31,25.5448,25.5448,25.5448,25.5448,-1.5045,-5.5621,0
2022-02-01,23.9061,23.9061,23.9061,23.9061,-1.6387,-6.415,0
2022-02-02,23.6318,23.6318,23.6318,23.6318,-0.2743,-1.1474,0
2022-02-03,26.0671,26.0671,26.0671,26.0671,2.4353,10.3052,0
2022-02-04,25.1484,25.1484,25.1484,25.1484,-0.9187,-3.5244,0
2022-02-07,24.5363,24.5363,24.5363,24.5363,-0.6121,-2.434,0
2022-02-08,23.4098,23.4098,23.4098,23.4098,-1.1265,-4.5912,0
2022-02-09,22.6687,22.6687,22.6687,22.6687,-0.7411,-3.1658,0
2022-02-10,24.5799,24.5799,24.5799,24.5799,1.9112,8.431,0
2022-02-11,27.69,27.69,27.69,27.69,3.1101,12.653,0
2022-02-14,27.7476,27.7476,27.7476,27.7476,0.0576,0.208,0
2022-02-15,25.5484,25.5484,25.5484,25.5484,-2.1992,-7.9257,0
2022-02-16,24.4723,24.4723,24.4723,24.4723,-1.0761,-4.212,0
2022-02-17,26.8288,26.8288,26.8288,26.8288,2.3565,9.6293,0
2022-02-18,27.2767,27.2767,27.2767,27.2767,0.4479,1.6695,0
2022-02-22,27.0851,27.0851,27.0851,27.0851,-0.1916,-0.7024,0
2022-02-23,28.5132,28.5132,28.5132,28.5132,1.4281,5.2726,0
2022-02-24,27.7218,27.7218,27.7218,27.7218,-0.7914,-2.7756,0
2022-02-25,26.9481,26.9481,26.9481,26.9481,-0.7737,-2.7909,0
2022-02-28,28.1501,28.1501,28.1501,28.1501,1.202,4.4604,0
2022-03-01,30.6762,30.6762,30.6762,30.6762,2.5261,8.9737,0
2022-03-02,29.0901,29.0901,29.0901,29.0901,-1.5861,-5.1705,0
2022-03-03,29.4694,29.4694,29.4694,29.4694,0.3793,1.3039,0
2022-03-04,30.3012,30.3012,30.3012,30.3012,0.8318,2.8226,0
2022-03-07,32.86,32.86,32.86,32.86,2.5588,8.4446,0
2022-03-08,32.6065,32.6065,32.6065,32.6065,-0.2535,-0.7715,0
2022-03-09,31.4927,31.4927,31.4927,31.4927,-1.1138,-3.4159,0
2022-03-10,30.1263,30.1263,30.1263,30.1263,-1.3664,-4.3388,0
2022-03-11,30.78,30.78,30.78,30.78,0.6537,2.1699,0
2022-03-14,31.7235,31.7235,31.7235,31.7235,0.9435,3.0653,0
2022-03-15,30.7261,30.7261,30.7261,30.7261,-0.9974,-3.144,0
2022-03-16,27.9725,27.9725,27.9725,27.9725,-2.7536,-8.9618,0
2022-03-17,27.4593,27.4593,27.4593,27.4593,-0.5132,-1.8347,0
2022-03-18,26.2185,26.2185,26.2185,26.2185,-1.2408,-4.5187,0
2022-03-21,26.1731,26.1731,26.1731,26.1731,-0.0454,-0.1732,0
2022-03-22,25.7186,25.7186,25.7186,25.7186,-0.4545,-1.7365,0
2022-03-23,25.7515,25.7515,25.7515,25.7515,0.0329,0.1279,0
2022-03-24,25.4518,25.4518,25.4518,25.4518,-0.2997,-1.1638,0
2022-03-25,24.8564,24.8564,24.8564,24.8564,-0.5954,-2.3393,0
2022-03-28,24.6115,24.6115,24.6115,24.6115,-0.2449,-0.9853,0
2022-03-29,23.7145,23.7145,23.7145,23.7145,-0.897,-3.6446,0
2022-03-30,24.0735,24.0735,24.0735,24.0735,0.359,1.5138,0
2022-03-31,24.9877,24.9877,24.9877,24.9877,0.9142,3.7975,0
2022-04-01,24.2141,24.2141,24.2141,24.2141,-0.7736,-3.0959,0
2022-04-04,23.1475,23.1475,23.1475,23.1475,-1.0666,-4.4049,0
2022-04-05,24.8412,24.8412,24.8412,24.8412,1.6937,7.317,0
2022-04-06,25.3363,25.3363,25.3363,25.3363,0.4951,1.9931,0
2022-04-07,24.7128,24.7128,24.7128,24.7128,-0.6235,-2.4609,0
2022-04-08,24.7489,24.7489,24.7489,24.7489,0.0361,0.1461,0
2022-04-11,25.9219,25.9219,25.9219,25.9219,1.173,4.7396,0
2022-04-12,26.2047,26.2047,26.2047,26.2047,0.2828,1.091,0
2022-04-13,24.4289,24.4289,24.4289,24.4289,-1.7758,-6.7766,0
2022-04-14,25.0983,25.0983,25.0983,25.0983,0.6694,2.7402,0
2022-04-18,24.7867,24.7867,24.7867,24.7867,-0.3116,-1.2415,0
2022-04-19,23.5416,23.5416,23.5416,23.5416,-1.2451,-5.0233,0
2022-04-20,22.9919,22.9919,22.9919,22.9919,-0.5497,-2.335,0
2022-04-21,25.9855,25.9855,25.9855,25.9855,2.9936,13.0202,0
2022-04-22,28.2171,28.2171,28.2171,28.2171,2.2316,8.5879,0
2022-04-25,27.7051,27.7051,27.7051,27.7051,-0.512,-1.8145,0
2022-04-26,29.9546,29.9546,29.9546,29.9546,2.2495,8.1194,0
2022-04-27,30.3942,30.3942,30.3942,30.3942,0.4396,1.4676,0
2022-04-28,29.2815,29.2815,29.2815,29.2815,-1.1127,-3.6609,0
2022-04-29,31.2085,31.2085,31.2085,31.2085,1.927,6.5809,0
2022-05-02,30.9012,30.9012,30.9012,30.9012,-0.3073,-0.9847,0
2022-05-03,29.3377,29.3377,29.3377,29.3377,-1.5635,-5.0597,0
2022-05-04,26.9854,26.9854,26.9854,26.9854,-2.3523,-8.018,0
2022-05-05,31.3722,31.3722,31.3722,31.3722,4.3868,16.2562,0
2022-05-06,30.789,30.789,30.789,30.789,-0.5832,-1.859,0
2022-05-09,33.0703,33.0703,33.0703,33.0703,2.2813,7.4095,0
2022-05-10,31.9614,31.9614,31.9614,31.9614,-1.1089,-3.3532,0
2022-05-11,31.7389,31.7389,31.7389,31.7389,-0.2225,-0.6962,0
2022-05-12,31.261,31.261,31.261,31.261,-0.4779,-1.5057,0
2022-05-13,29.3959,29.3959,29.3959,29.3959,-1.8651,-5.9662,0
2022-05-16,28.0855,28.0855,28.0855,28.0855,-1.3104,-4.4578,0
2022-05-17,27.4896,27.4896,27.4896,27.4896,-0.5959,-2.1217,0
2022-05-18,31.5195,31.5195,31.5195,31.5195,4.0299,14.6597,0
2022-05-19,29.7555,29.7555,29.7555,29.7555,-1.764,-5.5965,0
2022-05-20,29.9611,29.9611,29.9611,29.9611,0.2056,0.691,0
2022-05-23,29.828,29.828,29.828,29.828,-0.1331,-0.4442,0
2022-05-24,29.8518,29.8518,29.8518,29.8518,0.0238,0.0798,0
2022-05-25,29.1357,29.1357,29.1357,29.1357,-0.7161,-2.3989,0
2022-05-26,29.0604,29.0604,29.0604,29.0604,-0.0753,-0.2584,0
2022-05-27,28.174,28.174,28.174,28.174,-0.8864,-3.0502,0
2022-05-31,27.7908,27.7908,27.7908,27.7908,-0.3832,-1.3601,0
2022-06-01,27.5714,27.5714,27.5714,27.5714,-0.2194,-0.7895,0
2022-06-02,27.0828,27.0828,27.0828,27.0828,-0.4886,-1.7721,0
2022-06-03,27.3039,27.3039,27.3039,27.3039,0.2211,0.8164,0
2022-06-06,26.9709,26.9709,26.9709,26.9709,-0.333,-1.2196,0
2022-06-07,26.3045,26.3045,26.3045,26.3045,-0.6664,-2.4708,0
2022-06-08,26.256,26.256,26.256,26.256,-0.0485,-0.1844,0
2022-06-09,27.4994,27.4994,27.4994,27.4994,1.2434,4.7357,0
2022-06-10,29.0858,29.0858,29.0858,29.0858,1.5864,5.7689,0
2022-06-13,32.8934,32.8934,32.8934,32.8934,3.8076,13.0909,0
2022-06-14,31.8115,31.8115,31.8115,31.8115,-1.0819,-3.2891,0
2022-06-15,30.0306,30.0306,30.0306,30.0306,-1.7809,-5.5983,0
2022-06-16,31.4868,31.4868,31.4868,31.4868,1.4562,4.8491,0
2022-06-17,30.6829,30.6829,30.6829,30.6829,-0.8039,-2.5531,0
2022-06-21,30.1912,30.1912,30.1912,30.1912,-0.4917,-1.6025,0
2022-06-22,29.1196,29.1196,29.1196,29.1196,-1.0716,-3.5494,0
2022-06-23,29.1839,29.1839,29.1839,29.1839,0.0643,0.2208,0
2022-06-24,28.7909,28.7909,28.7909,28.7909,-0.393,-1.3466,0
2022-06-27,28.0439,28.0439,28.0439,28.0439,-0.747,-2.5946,0
2022-06-28,28.7361,28.7361,28.7361,28.7361,0.6922,2.4683,0
2022-06-29,28.8152,28.8152,28.8152,28.8152,0.0791,0.2753,0
2022-06-30,29.1774,29.1774,29.1774,29.1774,0.3622,1.257,0
2022-07-01,28.5603,28.5603,28.5603,28.5603,-0.6171,-2.115,0
2022-07-05,28.5555,28.5555,28.5555,28.5555,-0.0048,-0.0168,0
2022-07-06,28.1548,28.1548,28.1548,28.1548,-0.4007,-1.4032,0
2022-07-07,27.8975,27.8975,27.8975,27.8975,-0.2573,-0.9139,0
2022-07-08,27.3988,27.3988,27.3988,27.3988,-0.4987,-1.7876,0
2022-07-11,28.1191,28.1191,28.1191,28.1191,0.7203,2.6289,0
2022-07-12,28.2453,28.2453,28.2453,28.2453,0.1262,0.4488,0
2022-07-13,27.8784,27.8784,27.8784,27.8784,-0.3669,-1.299,0
2022-07-14,27.9454,27.9454,27.9454,27.9454,0.067,0.2403,0
2022-07-15,26.5589,26.5589,26.5589,26.5589,-1.3865,-4.9615,0
2022-07-18,27.3971,27.3971,27.3971,27.3971,0.8382,3.156,0
2022-07-19,27.0352,27.0352,27.0352,27.0352,-0.3619,-1.3209,0
2022-07-20,26.2684,26.2684,26.2684,26.2684,-0.7668,-2.8363,0
2022-07-21,27.2669,27.2669,27.2669,27.2669,0.9985,3.8011,0
2022-07-22,27.1502,27.1502,27.1502,27.1502,-0.1167,-0.428,0
2022-07-25,27.0384,27.0384,27.0384,27.0384,-0.1118,-0.4118,0
2022-07-26,27.4397,27.4397,27.4397,27.4397,0.4013,1.4842,0
2022-07-27,26.6903,26.6903,26.6903,26.6903,-0.7494,-2.7311,0
2022-07-28,25.5516,25.5516,25.5516,25.5516,-1.1387,-4.2663,0
2022-07-29,25.3817,25.3817,25.3817,25.3817,-0.1699,-0.6649,0
2022-08-01,26.0517,26.0517,26.0517,26.0517,0.67,2.6397,0
2022-08-02,26.3001,26.3001,26.3001,26.3001,0.2484,0.9535,0
2022-08-03,25.1488,25.1488,25.1488,25.1488,-1.1513,-4.3775,0
2022-08-04,25.2502,25.2502,25.2502,25.2502,0.1014,0.4032,0
2022-08-05,24.7969,24.7969,24.7969,24.7969,-0.4533,-1.7952,0
2022-08-08,24.8737,24.8737,24.8737,24.8737,0.0768,0.3097,0
2022-08-09,25.0329,25.0329,25.0329,25.0329,0.1592,0.64,0
2022-08-10,23.5999,23.5999,23.5999,23.5999,-1.433,-5.7245,0
2022-08-11,23.8495,23.8495,23.8495,23.8495,0.2496,1.0576,0
2022-08-12,23.6234,23.6234,23.6234,23.6234,-0.2261,-0.948,0
2022-08-15,23.2003,23.2003,23.2003,23.2003,-0.4231,-1.791,0
2022-08-16,23.4392,23.4392,23.4392,23.4392,0.2389,1.0297,0
2022-08-17,23.2813,23.2813,23.2813,23.2813,-0.1579,-0.6737,0
2022-08-18,24.9003,24.9003,24.9003,24.9003,1.619,6.9541,0
2022-08-19,25.8998,25.8998,25.8998,25.8998,0.9995,4.014,0
2022-08-22,27.0156,27.0156,27.0156,27.0156,1.1158,4.3081,0
2022-08-23,26.6492,26.6492,26.6492,26.6492,-0.3664,-1.3563,0
2022-08-24,25.9673,25.9673,25.9673,25.9673,-0.6819,-2.5588,0
2022-08-25,25.3689,25.3689,25.3689,25.3689,-0.5984,-2.3044,0
2022-08-26,27.1727,27.1727,27.1727,27.1727,1.8038,7.1103,0
2022-08-29,27.0047,27.0047,27.0047,27.0047,-0.168,-0.6183,0
2022-08-30,27.4382,27.4382,27.4382,27.4382,0.4335,1.6053,0
2022-08-31,26.9681,26.9681,26.9681,26.9681,-0.4701,-1.7133,0
2022-09-01,26.7581,26.7581,26.7581,26.7581,-0.21,-0.7787,0
2022-09-02,26.8979,26.8979,26.8979,26.8979,0.1398,0.5225,0
2022-09-06,27.429,27.429,27.429,27.429,0.5311,1.9745,0
2022-09-07,26.0503,26.0503,26.0503,26.0503,-1.3787,-5.0264,0
2022-09-08,25.7286,25.7286,25.7286,25.7286,-0.3217,-1.2349,0
2022-09-09,25.5941,25.5941,25.5941,25.5941,-0.1345,-0.5228,0
2022-09-12,25.3904,25.3904,25.3904,25.3904,-0.2037,-0.7959,0
2022-09-13,27.5215,27.5215,27.5215,27.5215,2.1311,8.3933,0
2022-09-14,27.4742,27.4742,27.4742,27.4742,-0.0473,-0.1719,0
2022-09-15,27.3471,27.3471,27.3471,27.3471,-0.1271,-0.4626,0
2022-09-16,27.2494,27.2494,27.2494,27.2494,-0.0977,-0.3573,0
2022-09-19,26.5139,26.5139,26.5139,26.5139,-0.7355,-2.6991,0
2022-09-20,27.3749,27.3749,27.3749,27.3749,0.861,3.2474,0
2022-09-21,28.1968,28.1968,28.1968,28.1968,0.8219,3.0024,0
2022-09-22,27.8839,27.8839,27.8839,27.8839,-0.3129,-1.1097,0
2022-09-23,29.1893,29.1893,29.1893,29.1893,1.3054,4.6816,0
2022-09-26,30.0988,30.0988,30.0988,30.0988,0.9095,3.1159,0
2022-09-27,30.5638,30.5638,30.5638,30.5638,0.465,1.5449,0
2022-09-28,29.6506,29.6506,29.6506,29.6506,-0.9132,-2.9878,0
2022-09-29,30.3747,30.3747,30.3747,30.3747,0.7241,2.4421,0
2022-09-30,31.0717,31.0717,31.0717,31.0717,0.697,2.2947,0
2022-10-03,29.8482,29.8482,29.8482,29.8482,-1.2235,-3.9377,0
2022-10-04,28.8294,28.8294,28.8294,28.8294,-1.0188,-3.4133,0
2022-10-05,29.0451,29.0451,29.0451,29.0451,0.2157,0.7482,0
2022-10-06,29.8446,29.8446,29.8446,29.8446,0.7995,2.7526,0
2022-10-07,31.0177,31.0177,31.0177,31.0177,1.1731,3.9307,0
2022-10-10,31.7382,31.7382,31.7382,31.7382,0.7205,2.3229,0
2022-10-11,32.1758,32.1758,32.1758,32.1758,0.4376,1.3788,0
2022-10-12,31.7784,31.7784,31.7784,31.7784,-0.3974,-1.2351,0
2022-10-13,30.9996,30.9996,30.9996,30.9996,-0.7788,-2.4507,0
2022-10-14,31.5866,31.5866,31.5866,31.5866,0.587,1.8936,0
2022-10-17,30.879,30.879,30.879,30.879,-0.7076,-2.2402,0
2022-10-18,30.1507,30.1507,30.1507,30.1507,-0.7283,-2.3586,0
2022-10-19,30.3978,30.3978,30.3978,30.3978,0.2471,0.8195,0
2022-10-20,29.739,29.739,29.739,29.739,-0.6588,-2.1673,0
2022-10-21,29.6699,29.6699,29.6699,29.6699,-0.0691,-0.2324,0
2022-10-24,29.333,29.333,29.333,29.333,-0.3369,-1.1355,0
2022-10-25,28.3979,28.3979,28.3979,28.3979,-0.9351,-3.1879,0
2022-10-26,27.8973,27.8973,27.8973,27.8973,-0.5006,-1.7628,0
2022-10-27,27.4362,27.4362,27.4362,27.4362,-0.4611,-1.6528,0
2022-10-28,26.9064,26.9064,26.9064,26.9064,-0.5298,-1.931,0
2022-10-31,26.3996,26.3996,26.3996,26.3996,-0.5068,-1.8836,0
2022-11-01,26.0041,26.0041,26.0041,26.0041,-0.3955,-1.4981,0
2022-11-02,26.6968,26.6968,26.6968,26.6968,0.6927,2.6638,0
2022-11-03,26.0972,26.0972,26.0972,26.0972,-0.5996,-2.246,0
2022-11-04,25.8355,25.8355,25.8355,25.8355,-0.2617,-1.0028,0
2022-11-07,25.5002,25.5002,25.5002,25.5002,-0.3353,-1.2978,0
2022-11-08,26.1902,26.1902,26.1902,26.1902,0.69,2.7059,0
2022-11-09,27.0025,27.0025,27.0025,27.0025,0.8123,3.1015,0
2022-11-10,25.6828,25.6828,25.6828,25.6828,-1.3197,-4.8873,0
2022-11-11,25.4502,25.4502,25.4502,25.4502,-0.2326,-0.9057,0
2022-11-14,25.3841,25.3841,25.3841,25.3841,-0.0661,-0.2597,0
2022-11-15,25.75,25.75,25.75,25.75,0.3659,1.4415,0
2022-11-16,25.0542,25.0542,25.0542,25.0542,-0.6958,-2.7021,0
2022-11-17,26.6705,26.6705,26.6705,26.6705,1.6163,6.4512,0
2022-11-18,26.5116,26.5116,26.5116,26.5116,-0.1589,-0.5958,0
2022-11-21,25.9522,25.9522,25.9522,25.9522,-0.5594,-2.11,0
2022-11-22,25.2737,25.2737,25.2737,25.2737,-0.6785,-2.6144,0
2022-11-23,24.8493,24.8493,24.8493,24.8493,-0.4244,-1.6792,0
2022-11-25,25.1004,25.1004,25.1004,25.1004,0.2511,1.0105,0
2022-11-28,25.8527,25.8527,25.8527,25.8527,0.7523,2.9972,0
2022-11-29,25.4652,25.4652,25.4652,25.4652,-0.3875,-1.4989,0
2022-11-30,24.6671,24.6671,24.6671,24.6671,-0.7981,-3.1341,0
2022-12-01,24.3418,24.3418,24.3418,24.3418,-0.3253,-1.3188,0
2022-12-02,23.878,23.878,23.878,23.878,-0.4638,-1.9054,0
2022-12-05,24.2994,24.2994,24.2994,24.2994,0.4214,1.7648,0
2022-12-06,24.7988,24.7988,24.7988,24.7988,0.4994,2.0552,0
2022-12-07,25.1489,25.1489,25.1489,25.1489,0.3501,1.4118,0
2022-12-08,24.6494,24.6494,24.6494,24.6494,-0.4995,-1.9862,0
2022-12-09,25.0979,25.0979,25.0979,25.0979,0.4485,1.8195,0
2022-12-12,24.9368,24.9368,24.9368,24.9368,-0.1611,-0.6419,0
2022-12-13,23.9474,23.9474,23.9474,23.9474,-0.9894,-3.9676,0
2022-12-14,23.2012,23.2012,23.2012,23.2012,-0.7462,-3.116,0
2022-12-15,24.62,24.62,24.62,24.62,1.4188,6.1152,0
2022-12-16,24.681,24.681,24.681,24.681,0.061,0.2478,0
2022-12-19,24.0198,24.0198,24.0198,24.0198,-0.6612,-2.679,0
2022-12-20,23.9359,23.9359,23.9359,23.9359,-0.0839,-0.3493,0
2022-12-21,23.0131,23.0131,23.0131,23.0131,-0.9228,-3.8553,0
2022-12-22,25.301,25.301,25.301,25.301,2.2879,9.9417,0
2022-12-23,24.8909,24.8909,24.8909,24.8909,-0.4101,-1.6209,0
2022-12-27,24.8001,24.8001,24.8001,24.8001,-0.0908,-0.3648,0
2022-12-28,24.7588,24.7588,24.7588,24.7588,-0.0413,-0.1665,0
2022-12-29,24.4999,24.4999,24.4999,24.4999,-0.2589,-1.0457,0
2022-12-30,24.5453,24.5453,24.5453,24.5453,0.0454,0.1853,0
2023-01-03,24.0825,24.0825,24.0825,24.0825,-0.4628,-1.8855,0
2023-01-04,23.3757,23.3757,23.3757,23.3757,-0.7068,-2.9349,0
2023-01-05,23.5365,23.5365,23.5365,23.5365,0.1608,0.6879,0
2023-01-06,22.9488,22.9488,22.9488,22.9488,-0.5877,-2.497,0
2023-01-09,23.0757,23.0757,23.0757,23.0757,0.1269,0.553,0
2023-01-10,22.1945,22.1945,22.1945,22.1945,-0.8812,-3.8187,0
2023-01-11,22.3485,22.3485,22.3485,22.3485,0.154,0.6939,0
2023-01-12,21.252,21.252,21.252,21.252,-1.0965,-4.9064,0
2023-01-13,20.7317,20.7317,20.7317,20.7317,-0.5203,-2.4482,0
2023-01-17,20.9452,20.9452,20.9452,20.9452,0.2135,1.0298,0
2023-01-18,21.6874,21.6874,21.6874,21.6874,0.7422,3.5435,0
2023-01-19,22.6023,22.6023,22.6023,22.6023,0.9149,4.2186,0
2023-01-20,22.032,22.032,22.032,22.032,-0.5703,-2.5232,0
2023-01-23,21.8469,21.8469,21.8469,21.8469,-0.1851,-0.8401,0
2023-01-24,21.0023,21.0023,21.0023,21.0023,-0.8446,-3.866,0
2023-01-25,21.0531,21.0531,21.0531,21.0531,0.0508,0.2419,0
2023-01-26,20.8311,20.8311,20.8311,20.8311,-0.222,-1.0545,0
2023-01-27,20.4616,20.4616,20.4616,20.4616,-0.3695,-1.7738,0
2023-01-30,20.874,20.874,20.874,20.874,0.4124,2.0155,0
2023-01-31,20.4806,20.4806,20.4806,20.4806,-0.3934,-1.8846,0
2023-02-01,19.9559,19.9559,19.9559,19.9559,-0.5247,-2.5619,0
2023-02-02,20.3479,20.3479,20.3479,20.3479,0.392,1.9643,0
2023-02-03,20.5476,20.5476,20.5476,20.5476,0.1997,0.9814,0
2023-02-06,20.95,20.95,20.95,20.95,0.4024,1.9584,0
2023-02-07,20.3507,20.3507,20.3507,20.3507,-0.5993,-2.8606,0
2023-02-08,21.1509,21.1509,21.1509,21.1509,0.8002,3.9321,0
2023-02-09,21.7857,21.7857,21.7857,21.7857,0.6348,3.0013,0
2023-02-10,22.0492,22.0492,22.0492,22.0492,0.2635,1.2095,0
2023-02-13,21.2484,21.2484,21.2484,21.2484,-0.8008,-3.6319,0
2023-02-14,20.4267,20.4267,20.4267,20.4267,-0.8217,-3.8671,0
2023-02-15,20.0523,20.0523,20.0523,20.0523,-0.3744,-1.8329,0
2023-02-16,21.901,21.901,21.901,21.901,1.8487,9.2194,0
2023-02-17,21.9486,21.9486,21.9486,21.9486,0.0476,0.2173,0
2023-02-21,23.2459,23.2459,23.2459,23.2459,1.2973,5.9106,0
2023-02-22,22.7161,22.7161,22.7161,22.7161,-0.5298,-2.2791,0
2023-02-23,22.1509,22.1509,22.1509,22.1509,-0.5652,-2.4881,0
2023-02-24,22.8954,22.8954,22.8954,22.8954,0.7445,3.361,0
2023-02-27,22.25,22.25,22.25,22.25,-0.6454,-2.8189,0
2023-02-28,21.7518,21.7518,21.7518,21.7518,-0.4982,-2.2391,0
2023-03-01,22.0497,22.0497,22.0497,22.0497,0.2979,1.3695,0
2023-03-02,21.2499,21.2499,21.2499,21.2499,-0.7998,-3.6273,0
2023-03-03,20.7153,20.7153,20.7153,20.7153,-0.5346,-2.5158,0
2023-03-06,20.3629,20.3629,20.3629,20.3629,-0.3524,-1.7012,0
2023-03-07,20.8009,20.8009,20.8009,20.8009,0.438,2.151,0
2023-03-08,20.4505,20.4505,20.4505,20.4505,-0.3504,-1.6845,0
2023-03-09,22.4264,22.4264,22.4264,22.4264,1.9759,9.6619,0
2023-03-10,24.7848,24.7848,24.7848,24.7848,2.3584,10.5162,0
2023-03-13,25.5333,25.5333,25.5333,25.5333,0.7485,3.02,0
2023-03-14,23.9083,23.9083,23.9083,23.9083,-1.625,-6.3642,0
2023-03-15,25.8726,25.8726,25.8726,25.8726,1.9643,8.216,0
2023-03-16,23.5506,23.5506,23.5506,23.5506,-2.322,-8.9747,0
2023-03-17,26.1463,26.1463,26.1463,26.1463,2.5957,11.0218,0
2023-03-20,24.942,24.942,24.942,24.942,-1.2043,-4.606,0
2023-03-21,22.7699,22.7699,22.7699,22.7699,-2.1721,-8.7086,0
2023-03-22,23.5,23.5,23.5,23.5,0.7301,3.2064,0
2023-03-23,24.4969,24.4969,24.4969,24.4969,0.9969,4.2421,0
2023-03-24,23.959,23.959,23.959,23.959,-0.5379,-2.1958,0
2023-03-27,23.0993,23.0993,23.0993,23.0993,-0.8597,-3.5882,0
2023-03-28,22.7125,22.7125,22.7125,22.7125,-0.3868,-1.6745,0
2023-03-29,22.1493,22.1493,22.1493,22.1493,-0.5632,-2.4797,0
2023-03-30,22.1587,22.1587,22.1587,22.1587,0.0094,0.0424,0
2023-03-31,22.1285,22.1285,22.1285,22.1285,-0.0302,-0.1363,0
2023-04-03,21.5513,21.5513,21.5513,21.5513,-0.5772,-2.6084,0
2023-04-04,21.9997,21.9997,21.9997,21.9997,0.4484,2.0806,0
2023-04-05,21.8447,21.8447,21.8447,21.8447,-0.155,-0.7046,0
2023-04-06,21.4985,21.4985,21.4985,21.4985,-0.3462,-1.5848,0
2023-04-07,21.55,21.55,21.55,21.55,0.0515,0.2396,0
2023-04-10,21.2259,21.2259,21.2259,21.2259,-0.3241,-1.5039,0
2023-04-11,20.971,20.971,20.971,20.971,-0.2549,-1.2009,0
2023-04-12,21.0517,21.0517,21.0517,21.0517,0.0807,0.3848,0
2023-04-13,20.4359,20.4359,20.4359,20.4359,-0.6158,-2.9252,0
2023-04-14,20.09,20.09,20.09,20.09,-0.3459,-1.6926,0
2023-04-17,19.5767,19.5767,19.5767,19.5767,-0.5133,-2.555,0
2023-04-18,19.4442,19.4442,19.4442,19.4442,-0.1325,-0.6768,0
2023-04-19,19.4007,19.4007,19.4007,19.4007,-0.0435,-0.2237,0
2023-04-20,21.8001,21.8001,21.8001,21.8001,2.3994,12.3676,0
2023-04-21,21.638,21.638,21.638,21.638,-0.1621,-0.7436,0
2023-04-24,21.5595,21.5595,21.5595,21.5595,-0.0785,-0.3628,0
2023-04-25,22.9737,22.9737,22.9737,22.9737,1.4142,6.5595,0
2023-04-26,22.4992,22.4992,22.4992,22.4992,-0.4745,-2.0654,0
2023-04-27,21.8142,21.8142,21.8142,21.8142,-0.685,-3.0446,0
2023-04-28,21.3015,21.3015,21.3015,21.3015,-0.5127,-2.3503,0
2023-05-01,20.8044,20.8044,20.8044,20.8044,-0.4971,-2.3336,0
2023-05-02,21.4668,21.4668,21.4668,21.4668,0.6624,3.1839,0
2023-05-03,21.9995,21.9995,21.9995,21.9995,0.5327,2.4815,0
2023-05-04,22.9204,22.9204,22.9204,22.9204,0.9209,4.186,0
2023-05-05,21.347,21.347,21.347,21.347,-1.5734,-6.8646,0
2023-05-08,20.9454,20.9454,20.9454,20.9454,-0.4016,-1.8813,0
2023-05-09,21.3303,21.3303,21.3303,21.3303,0.3849,1.8376,0
2023-05-10,20.7546,20.7546,20.7546,20.7546,-0.5757,-2.699,0
2023-05-11,20.5239,20.5239,20.5239,20.5239,-0.2307,-1.1116,0
2023-05-12,20.5509,20.5509,20.5509,20.5509,0.027,0.1316,0
2023-05-15,20.0649,20.0649,20.0649,20.0649,-0.486,-2.3649,0
2023-05-16,20.6437,20.6437,20.6437,20.6437,0.5788,2.8846,0
2023-05-17,19.9815,19.9815,19.9815,19.9815,-0.6622,-3.2078,0
2023-05-18,20.9557,20.9557,20.9557,20.9557,0.9742,4.8755,0
2023-05-19,21.4995,21.4995,21.4995,21.4995,0.5438,2.595,0
2023-05-22,21.4467,21.4467,21.4467,21.4467,-0.0528,-0.2456,0
2023-05-23,21.6473,21.6473,21.6473,21.6473,0.2006,0.9353,0
2023-05-24,22.2087,22.2087,22.2087,22.2087,0.5614,2.5934,0
2023-05-25,21.811,21.811,21.811,21.811,-0.3977,-1.7907,0
2023-05-26,21.0499,21.0499,21.0499,21.0499,-0.7611,-3.4895,0
2023-05-30,20.6501,20.6501,20.6501,20.6501,-0.3998,-1.8993,0
2023-05-31,20.446,20.446,20.446,20.446,-0.2041,-0.9884,0
2023-06-01,19.393,19.393,19.393,19.393,-1.053,-5.1502,0
2023-06-02,18.7589,18.7589,18.7589,18.7589,-0.6341,-3.2697,0
2023-06-05,18.3393,18.3393,18.3393,18.3393,-0.4196,-2.2368,0
2023-06-06,17.372,17.372,17.372,17.372,-0.9673,-5.2745,0
2023-06-07,17.4953,17.4953,17.4953,17.4953,0.1233,0.7098,0
2023-06-08,17.0487,17.0487,17.0487,17.0487,-0.4466,-2.5527,0
2023-06-09,17.1289,17.1289,17.1289,17.1289,0.0802,0.4704,0
2023-06-12,17.1041,17.1041,17.1041,17.1041,-0.0248,-0.1448,0
2023-06-13,17.1144,17.1144,17.1144,17.1144,0.0103,0.0602,0
2023-06-14,16.6008,16.6008,16.6008,16.6008,-0.5136,-3.001,0
2023-06-15,17.0878,17.0878,17.0878,17.0878,0.487,2.9336,0
2023-06-16,16.4772,16.4772,16.4772,16.4772,-0.6106,-3.5733,0
2023-06-20,16.5246,16.5246,16.5246,16.5246,0.0474,0.2877,0
2023-06-21,16.179,16.179,16.179,16.179,-0.3456,-2.0914,0
2023-06-22,17.3498,17.3498,17.3498,17.3498,1.1708,7.2365,0
2023-06-23,17.569,17.569,17.569,17.569,0.2192,1.2634,0
2023-06-26,17.3156,17.3156,17.3156,17.3156,-0.2534,-1.4423,0
2023-06-27,16.8875,16.8875,16.8875,16.8875,-0.4281,-2.4723,0
2023-06-28,16.3695,16.3695,16.3695,16.3695,-0.518,-3.0674,0
2023-06-29,16.692,16.692,16.692,16.692,0.3225,1.9701,0
2023-06-30,16.4003,16.4003,16.4003,16.4003,-0.2917,-1.7475,0
2023-07-03,16.3515,16.3515,16.3515,16.3515,-0.0488,-0.2976,0
2023-07-05,16.4596,16.4596,16.4596,16.4596,0.1081,0.6611,0
2023-07-06,17.2288,17.2288,17.2288,17.2288,0.7692,4.6733,0
2023-07-07,16.8278,16.8278,16.8278,16.8278,-0.401,-2.3275,0
2023-07-10,16.6988,16.6988,16.6988,16.6988,-0.129,-0.7666,0
2023-07-11,16.5759,16.5759,16.5759,16.5759,-0.1229,-0.736,0
2023-07-12,15.7668,15.7668,15.7668,15.7668,-0.8091,-4.8812,0
2023-07-13,15.9364,15.9364,15.9364,15.9364,0.1696,1.0757,0
2023-07-14,15.7526,15.7526,15.7526,15.7526,-0.1838,-1.1533,0
2023-07-17,15.7475,15.7475,15.7475,15.7475,-0.0051,-0.0324,0
2023-07-18,15.5365,15.5365,15.5365,15.5365,-0.211,-1.3399,0
2023-07-19,15.905,15.905,15.905,15.905,0.3685,2.3718,0
2023-07-20,17.2747,17.2747,17.2747,17.2747,1.3697,8.6118,0
2023-07-21,17.0242,17.0242,17.0242,17.0242,-0.2505,-1.4501,0
2023-07-24,16.6594,16.6594,16.6594,16.6594,-0.3648,-2.1428,0
2023-07-25,16.7516,16.7516,16.7516,16.7516,0.0922,0.5534,0
2023-07-26,16.3968,16.3968,16.3968,16.3968,-0.3548,-2.118,0
2023-07-27,16.9633,16.9633,16.9633,16.9633,0.5665,3.4549,0
2023-07-28,16.5351,16.5351,16.5351,16.5351,-0.4282,-2.5243,0
2023-07-31,16.3393,16.3393,16.3393,16.3393,-0.1958,-1.1841,0
2023-08-01,16.5652,16.5652,16.5652,16.5652,0.2259,1.3826,0
2023-08-02,17.7566,17.7566,17.7566,17.7566,1.1914,7.1922,0
2023-08-03,17.6502,17.6502,17.6502,17.6502,-0.1064,-0.5992,0
2023-08-04,18.1354,18.1354,18.1354,18.1354,0.4852,2.749,0
2023-08-07,17.4,17.4,17.4,17.4,-0.7354,-4.0551,0
2023-08-08,17.7233,17.7233,17.7233,17.7233,0.3233,1.858,0
2023-08-09,17.5875,17.5875,17.5875,17.5875,-0.1358,-0.7662,0
2023-08-10,17.6997,17.6997,17.6997,17.6997,0.1122,0.638,0
2023-08-11,17.0503,17.0503,17.0503,17.0503,-0.6494,-3.669,0
2023-08-14,16.7773,16.7773,16.7773,16.7773,-0.273,-1.6011,0
2023-08-15,17.696,17.696,17.696,17.696,0.9187,5.4759,0
2023-08-16,18.0118,18.0118,18.0118,18.0118,0.3158,1.7846,0
2023-08-17,19.2015,19.2015,19.2015,19.2015,1.1897,6.6051,0
2023-08-18,18.925,18.925,18.925,18.925,-0.2765,-1.44,0
2023-08-21,18.5019,18.5019,18.5019,18.5019,-0.4231,-2.2357,0
2023-08-22,18.6903,18.6903,18.6903,18.6903,0.1884,1.0183,0
2023-08-23,18.1989,18.1989,18.1989,18.1989,-0.4914,-2.6292,0
2023-08-24,18.7774,18.7774,18.7774,18.7774,0.5785,3.1788,0
2023-08-25,18.0894,18.0894,18.0894,18.0894,-0.688,-3.664,0
2023-08-28,17.5005,17.5005,17.5005,17.5005,-0.5889,-3.2555,0
2023-08-29,17.1967,17.1967,17.1967,17.1967,-0.3038,-1.736,0
2023-08-30,16.7006,16.7006,16.7006,16.7006,-0.4961,-2.8849,0
2023-08-31,16.3736,16.3736,16.3736,16.3736,-0.327,-1.958,0
2023-09-01,16.2094,16.2094,16.2094,16.2094,-0.1642,-1.0028,0
2023-09-05,16.1975,16.1975,16.1975,16.1975,-0.0119,-0.0734,0
2023-09-06,16.4978,16.4978,16.4978,16.4978,0.3003,1.854,0
2023-09-07,16.439,16.439,16.439,16.439,-0.0588,-0.3564,0
2023-09-08,16.1484,16.1484,16.1484,16.1484,-0.2906,-1.7677,0
2023-09-11,15.8099,15.8099,15.8099,15.8099,-0.3385,-2.0962,0
2023-09-12,15.8595,15.8595,15.8595,15.8595,0.0496,0.3137,0
2023-09-13,15.665,15.665,15.665,15.665,-0.1945,-1.2264,0
2023-09-14,15.2378,15.2378,15.2378,15.2378,-0.4272,-2.7271,0
2023-09-15,15.7721,15.7721,15.7721,15.7721,0.5343,3.5064,0
2023-09-18,15.6816,15.6816,15.6816,15.6816,-0.0905,-0.5738,0
2023-09-19,15.5728,15.5728,15.5728,15.5728,-0.1088,-0.6938,0
2023-09-20,16.1696,16.1696,16.1696,16.1696,0.5968,3.8323,0
2023-09-21,17.7975,17.7975,17.7975,17.7975,1.6279,10.0677,0
2023-09-22,17.8893,17.8893,17.8893,17.8893,0.0918,0.5158,0
2023-09-25,17.9872,17.9872,17.9872,17.9872,0.0979,0.5473,0
2023-09-26,19.2555,19.2555,19.2555,19.2555,1.2683,7.0511,0
2023-09-27,18.75,18.75,18.75,18.75,-0.5055,-2.6252,0
2023-09-28,18.0194,18.0194,18.0194,18.0194,-0.7306,-3.8965,0
2023-09-29,18.2463,18.2463,18.2463,18.2463,0.2269,1.2592,0
2023-10-02,18.238,18.238,18.238,18.238,-0.0083,-0.0455,0
2023-10-03,19.7982,19.7982,19.7982,19.7982,1.5602,8.5547,0
2023-10-04,18.9066,18.9066,18.9066,18.9066,-0.8916,-4.5034,0
2023-10-05,18.7461,18.7461,18.7461,18.7461,-0.1605,-0.8489,0
2023-10-06,18.4171,18.4171,18.4171,18.4171,-0.329,-1.755,0
2023-10-09,18.2263,18.2263,18.2263,18.2263,-0.1908,-1.036,0
2023-10-10,17.6168,17.6168,17.6168,17.6168,-0.6095,-3.3441,0
2023-10-11,17.3537,17.3537,17.3537,17.3537,-0.2631,-1.4935,0
2023-10-12,17.7476,17.7476,17.7476,17.7476,0.3939,2.2698,0
2023-10-13,19.9214,19.9214,19.9214,19.9214,2.1738,12.2484,0
2023-10-16,17.978,17.978,17.978,17.978,-1.9434,-9.7553,0
2023-10-17,18.4362,18.4362,18.4362,18.4362,0.4582,2.5487,0
2023-10-18,19.5967,19.5967,19.5967,19.5967,1.1605,6.2947,0
2023-10-19,20.5479,20.5479,20.5479,20.5479,0.9512,4.8539,0
2023-10-20,20.6987,20.6987,20.6987,20.6987,0.1508,0.7339,0
2023-10-23,20.0471,20.0471,20.0471,20.0471,-0.6516,-3.148,0
2023-10-24,19.2673,19.2673,19.2673,19.2673,-0.7798,-3.8898,0
2023-10-25,20.3601,20.3601,20.3601,20.3601,1.0928,5.6718,0
2023-10-26,20.4999,20.4999,20.4999,20.4999,0.1398,0.6866,0
2023-10-27,21.2116,21.2116,21.2116,21.2116,0.7117,3.4717,0
2023-10-30,19.707,19.707,19.707,19.707,-1.5046,-7.0933,0
2023-10-31,18.6006,18.6006,18.6006,18.6006,-1.1064,-5.6142,0
2023-11-01,17.8499,17.8499,17.8499,17.8499,-0.7507,-4.0359,0
2023-11-02,17.3431,17.3431,17.3431,17.3431,-0.5068,-2.8392,0
2023-11-03,16.9746,16.9746,16.9746,16.9746,-0.3685,-2.1248,0
2023-11-06,16.3841,16.3841,16.3841,16.3841,-0.5905,-3.4787,0
2023-11-07,16.3245,16.3245,16.3245,16.3245,-0.0596,-0.3638,0
2023-11-08,16.046,16.046,16.046,16.046,-0.2785,-1.706,0
2023-11-09,16.6544,16.6544,16.6544,16.6544,0.6084,3.7916,0
2023-11-10,15.997,15.997,15.997,15.997,-0.6574,-3.9473,0
2023-11-13,15.8467,15.8467,15.8467,15.8467,-0.1503,-0.9396,0
2023-11-14,15.7429,15.7429,15.7429,15.7429,-0.1038,-0.655,0
2023-11-15,15.3507,15.3507,15.3507,15.3507,-0.3922,-2.4913,0
2023-11-16,16.6024,16.6024,16.6024,16.6024,1.2517,8.154,0
2023-11-17,16.4004,16.4004,16.4004,16.4004,-0.202,-1.2167,0
2023-11-20,16.3301,16.3301,16.3301,16.3301,-0.0703,-0.4286,0
2023-11-21,16.0213,16.0213,16.0213,16.0213,-0.3088,-1.891,0
2023-11-22,16.2486,16.2486,16.2486,16.2486,0.2273,1.4187,0
2023-11-24,15.6449,15.6449,15.6449,15.6449,-0.6037,-3.7154,0
2023-11-27,15.7645,15.7645,15.7645,15.7645,0.1196,0.7645,0
2023-11-28,15.5543,15.5543,15.5543,15.5543,-0.2102,-1.3334,0
2023-11-29,15.8501,15.8501,15.8501,15.8501,0.2958,1.9017,0
2023-11-30,15.5681,15.5681,15.5681,15.5681,-0.282,-1.7792,0
2023-12-01,15.5089,15.5089,15.5089,15.5089,-0.0592,-0.3803,0
2023-12-04,15.549,15.549,15.549,15.549,0.0401,0.2586,0
2023-12-05,15.417,15.417,15.417,15.417,-0.132,-0.8489,0
2023-12-06,15.5667,15.5667,15.5667,15.5667,0.1497,0.971,0
2023-12-07,15.5478,15.5478,15.5478,15.5478,-0.0189,-0.1214,0
2023-12-08,15.0638,15.0638,15.0638,15.0638,-0.484,-3.113,0
2023-12-11,14.7916,14.7916,14.7916,14.7916,-0.2722,-1.807,0
2023-12-12,14.3962,14.3962,14.3962,14.3962,-0.3954,-2.6731,0
2023-12-13,14.2146,14.2146,14.2146,14.2146,-0.1816,-1.2614,0
2023-12-14,14.1515,14.1515,14.1515,14.1515,-0.0631,-0.4439,0
2023-12-15,14.6252,14.6252,14.6252,14.6252,0.4737,3.3473,0
2023-12-18,14.6414,14.6414,14.6414,14.6414,0.0162,0.1108,0
2023-12-19,14.8894,14.8894,14.8894,14.8894,0.248,1.6938,0
2023-12-20,15.8061,15.8061,15.8061,15.8061,0.9167,6.1567,0
2023-12-21,16.5186,16.5186,16.5186,16.5186,0.7125,4.5078,0
2023-12-22,16.296,16.296,16.296,16.296,-0.2226,-1.3476,0
2023-12-26,15.9198,15.9198,15.9198,15.9198,-0.3762,-2.3085,0
2023-12-27,15.3641,15.3641,15.3641,15.3641,-0.5557,-3.4906,0
2023-12-28,15.3042,15.3042,15.3042,15.3042,-0.0599,-0.3899,0
2023-12-29,15.2954,15.2954,15.2954,15.2954,-0.0088,-0.0575,0
2024-01-02,15.1958,15.1958,15.1958,15.1958,-0.0996,-0.6512,0
2024-01-03,15.6212,15.6212,15.6212,15.6212,0.4254,2.7995,0
2024-01-04,15.6042,15.6042,15.6042,15.6042,-0.017,-0.1088,0
2024-01-05,15.0979,15.0979,15.0979,15.0979,-0.5063,-3.2446,0
2024-01-08,14.7882,14.7882,14.7882,14.7882,-0.3097,-2.0513,0
2024-01-09,14.4285,14.4285,14.4285,14.4285,-0.3597,-2.4323,0
2024-01-10,14.2977,14.2977,14.2977,14.2977,-0.1308,-0.9065,0
2024-01-11,14.2522,14.2522,14.2522,14.2522,-0.0455,-0.3182,0
2024-01-12,14.4647,14.4647,14.4647,14.4647,0.2125,1.491,0
2024-01-16,14.9876,14.9876,14.9876,14.9876,0.5229,3.615,0
2024-01-17,15.5187,15.5187,15.5187,15.5187,0.5311,3.5436,0
2024-01-18,15.9966,15.9966,15.9966,15.9966,0.4779,3.0795,0
2024-01-19,15.6997,15.6997,15.6997,15.6997,-0.2969,-1.856,0
2024-01-22,15.1727,15.1727,15.1727,15.1727,-0.527,-3.3568,0
2024-01-23,14.7723,14.7723,14.7723,14.7723,-0.4004,-2.639,0
2024-01-24,15.1205,15.1205,15.1205,15.1205,0.3482,2.3571,0
2024-01-25,15.309,15.309,15.309,15.309,0.1885,1.2467,0
2024-01-26,15.1767,15.1767,15.1767,15.1767,-0.1323,-0.8642,0
2024-01-29,15.2503,15.2503,15.2503,15.2503,0.0736,0.485,0
2024-01-30,15.0432,15.0432,15.0432,15.0432,-0.2071,-1.358,0
2024-01-31,15.6748,15.6748,15.6748,15.6748,0.6316,4.1986,0
2024-02-01,15.5533,15.5533,15.5533,15.5533,-0.1215,-0.7751,0
2024-02-02,15.5485,15.5485,15.5485,15.5485,-0.0048,-0.0309,0
2024-02-05,15.0004,15.0004,15.0004,15.0004,-0.5481,-3.5251,0
2024-02-06,14.6468,14.6468,14.6468,14.6468,-0.3536,-2.3573,0
2024-02-07,14.6441,14.6441,14.6441,14.6441,-0.0027,-0.0184,0
2024-02-08,14.5328,14.5328,14.5328,14.5328,-0.1113,-0.76,0
2024-02-09,14.6955,14.6955,14.6955,14.6955,0.1627,1.1195,0
2024-02-12,14.9534,14.9534,14.9534,14.9534,0.2579,1.755,0
2024-02-13,16.0148,16.0148,16.0148,16.0148,1.0614,7.0981,0
2024-02-14,15.1396,15.1396,15.1396,15.1396,-0.8752,-5.4649,0
2024-02-15,15.9688,15.9688,15.9688,15.9688,0.8292,5.477,0
2024-02-16,15.8956,15.8956,15.8956,15.8956,-0.0732,-0.4584,0
2024-02-20,16.2898,16.2898,16.2898,16.2898,0.3942,2.4799,0
2024-02-21,16.0978,16.0978,16.0978,16.0978,-0.192,-1.1787,0
2024-02-22,15.9232,15.9232,15.9232,15.9232,-0.1746,-1.0846,0
2024-02-23,15.4033,15.4033,15.4033,15.4033,-0.5199,-3.265,0
2024-02-26,15.2524,15.2524,15.2524,15.2524,-0.1509,-0.9797,0
2024-02-27,15.0229,15.0229,15.0229,15.0229,-0.2295,-1.5047,0
2024-02-28,15.2325,15.2325,15.2325,15.2325,0.2096,1.3952,0
2024-02-29,15.0507,15.0507,15.0507,15.0507,-0.1818,-1.1935,0
2024-03-01,15.0964,15.0964,15.0964,15.0964,0.0457,0.3036,0
2024-03-04,15.051,15.051,15.051,15.051,-0.0454,-0.3007,0
2024-03-05,15.6063,15.6063,15.6063,15.6063,0.5553,3.6895,0
2024-03-06,15.6097,15.6097,15.6097,15.6097,0.0034,0.0218,0
2024-03-07,15.6174,15.6174,15.6174,15.6174,0.0077,0.0493,0
2024-03-08,15.9453,15.9453,15.9453,15.9453,0.3279,2.0996,0
2024-03-11,15.8192,15.8192,15.8192,15.8192,-0.1261,-0.7908,0
2024-03-12,15.1004,15.1004,15.1004,15.1004,-0.7188,-4.5438,0
2024-03-13,15.0363,15.0363,15.0363,15.0363,-0.0641,-0.4245,0
2024-03-14,15.4042,15.4042,15.4042,15.4042,0.3679,2.4467,0
2024-03-15,15.6778,15.6778,15.6778,15.6778,0.2736,1.7761,0
2024-03-18,15.3308,15.3308,15.3308,15.3308,-0.347,-2.2133,0
2024-03-19,14.9214,14.9214,14.9214,14.9214,-0.4094,-2.6704,0
2024-03-20,14.5645,14.5645,14.5645,14.5645,-0.3569,-2.3919,0
2024-03-21,15.5371,15.5371,15.5371,15.5371,0.9726,6.6779,0
2024-03-22,15.5795,15.5795,15.5795,15.5795,0.0424,0.2729,0
2024-03-25,15.4969,15.4969,15.4969,15.4969,-0.0826,-0.5302,0
2024-03-26,15.3954,15.3954,15.3954,15.3954,-0.1015,-0.655,0
2024-03-27,15.1988,15.1988,15.1988,15.1988,-0.1966,-1.277,0
2024-03-28,15.4185,15.4185,15.4185,15.4185,0.2197,1.4455,0
2024-04-01,15.4306,15.4306,15.4306,15.4306,0.0121,0.0785,0
2024-04-02,15.7777,15.7777,15.7777,15.7777,0.3471,2.2494,0
2024-04-03,15.644,15.644,15.644,15.644,-0.1337,-0.8474,0
2024-04-04,16.2118,16.2118,16.2118,16.2118,0.5678,3.6295,0
2024-04-05,16.5142,16.5142,16.5142,16.5142,0.3024,1.8653,0
2024-04-08,15.9546,15.9546,15.9546,15.9546,-0.5596,-3.3886,0
2024-04-09,15.8977,15.8977,15.8977,15.8977,-0.0569,-0.3566,0
2024-04-10,16.1527,16.1527,16.1527,16.1527,0.255,1.604,0
2024-04-11,15.8992,15.8992,15.8992,15.8992,-0.2535,-1.5694,0
2024-04-12,17.1165,17.1165,17.1165,17.1165,1.2173,7.6564,0
2024-04-15,18.0133,18.0133,18.0133,18.0133,0.8968,5.2394,0
2024-04-16,17.4557,17.4557,17.4557,17.4557,-0.5576,-3.0955,0
2024-04-17,17.2093,17.2093,17.2093,17.2093,-0.2464,-1.4116,0
2024-04-18,17.6459,17.6459,17.6459,17.6459,0.4366,2.537,0
2024-04-19,17.9513,17.9513,17.9513,17.9513,0.3054,1.7307,0
2024-04-22,16.8052,16.8052,16.8052,16.8052,-1.1461,-6.3845,0
2024-04-23,16.2121,16.2121,16.2121,16.2121,-0.5931,-3.5293,0
2024-04-24,16.0272,16.0272,16.0272,16.0272,-0.1849,-1.1405,0
2024-04-25,16.2415,16.2415,16.2415,16.2415,0.2143,1.3371,0
2024-04-26,15.9111,15.9111,15.9111,15.9111,-0.3304,-2.0343,0
2024-04-29,15.6545,15.6545,15.6545,15.6545,-0.2566,-1.6127,0
2024-04-30,15.952,15.952,15.952,15.952,0.2975,1.9004,0
2024-05-01,16.0814,16.0814,16.0814,16.0814,0.1294,0.8112,0
2024-05-02,15.6452,15.6452,15.6452,15.6452,-0.4362,-2.7125,0
2024-05-03,15.1674,15.1674,15.1674,15.1674,-0.4778,-3.054,0
2024-05-06,14.7946,14.7946,14.7946,14.7946,-0.3728,-2.4579,0
2024-05-07,14.7108,14.7108,14.7108,14.7108,-0.0838,-0.5664,0
2024-05-08,14.6128,14.6128,14.6128,14.6128,-0.098,-0.6662,0
2024-05-09,14.5709,14.5709,14.5709,14.5709,-0.0419,-0.2867,0
2024-05-10,14.3785,14.3785,14.3785,14.3785,-0.1924,-1.3204,0
2024-05-13,14.5261,14.5261,14.5261,14.5261,0.1476,1.0265,0
2024-05-14,14.2591,14.2591,14.2591,14.2591,-0.267,-1.8381,0
2024-05-15,13.7759,13.7759,13.7759,13.7759,-0.4832,-3.3887,0
2024-05-16,13.7394,13.7394,13.7394,13.7394,-0.0365,-0.265,0
2024-05-17,13.6146,13.6146,13.6146,13.6146,-0.1248,-0.9083,0
2024-05-20,13.6021,13.6021,13.6021,13.6021,-0.0125,-0.0918,0
2024-05-21,13.3887,13.3887,13.3887,13.3887,-0.2134,-1.5689,0
2024-05-22,13.6649,13.6649,13.6649,13.6649,0.2762,2.0629,0
2024-05-23,14.6702,14.6702,14.6702,14.6702,1.0053,7.3568,0
2024-05-24,14.3147,14.3147,14.3147,14.3147,-0.3555,-2.4233,0
2024-05-28,14.5635,14.5635,14.5635,14.5635,0.2488,1.7381,0
2024-05-29,14.9519,14.9519,14.9519,14.9519,0.3884,2.6669,0
2024-05-30,14.903,14.903,14.903,14.903,-0.0489,-0.327,0
2024-05-31,14.5813,14.5813,14.5813,14.5813,-0.3217,-2.1586,0
2024-06-03,14.5124,14.5124,14.5124,14.5124,-0.0689,-0.4725,0
2024-06-04,14.5892,14.5892,14.5892,14.5892,0.0768,0.5292,0
2024-06-05,14.3946,14.3946,14.3946,14.3946,-0.1946,-1.3339,0
2024-06-06,14.3165,14.3165,14.3165,14.3165,-0.0781,-0.5426,0
2024-06-07,14.2232,14.2232,14.2232,14.2232,-0.0933,-0.6517,0
2024-06-10,14.2355,14.2355,14.2355,14.2355,0.0123,0.0865,0
2024-06-11,14.2445,14.2445,14.2445,14.2445,0.009,0.0632,0
2024-06-12,13.9677,13.9677,13.9677,13.9677,-0.2768,-1.9432,0
2024-06-13,13.9653,13.9653,13.9653,13.9653,-0.0024,-0.0172,0
2024-06-14,14.4134,14.4134,14.4134,14.4134,0.4481,3.2087,0
2024-06-17,14.3193,14.3193,14.3193,14.3193,-0.0941,-0.6529,0
2024-06-18,14.2961,14.2961,14.2961,14.2961,-0.0232,-0.162,0
2024-06-20,15.6549,15.6549,15.6549,15.6549,1.3588,9.5047,0
2024-06-21,15.3433,15.3433,15.3433,15.3433,-0.3116,-1.9904,0
2024-06-24,15.2751,15.2751,15.2751,15.2751,-0.0682,-0.4445,0
2024-06-25,14.9865,14.9865,14.9865,14.9865,-0.2886,-1.8893,0
2024-06-26,14.8901,14.8901,14.8901,14.8901,-0.0964,-0.6432,0
2024-06-27,14.818,14.818,14.818,14.818,-0.0721,-0.4842,0
2024-06-28,14.9402,14.9402,14.9402,14.9402,0.1222,0.8247,0
2024-07-01,14.4308,14.4308,14.4308,14.4308,-0.5094,-3.4096,0
2024-07-02,14.296,14.296,14.296,14.296,-0.1348,-0.9341,0
2024-07-03,14.3482,14.3482,14.3482,14.3482,0.0522,0.3651,0
2024-07-05,14.3738,14.3738,14.3738,14.3738,0.0256,0.1784,0
2024-07-08,14.1818,14.1818,14.1818,14.1818,-0.192,-1.3358,0
2024-07-09,14.2194,14.2194,14.2194,14.2194,0.0376,0.2651,0
2024-07-10,14.1545,14.1545,14.1545,14.1545,-0.0649,-0.4564,0
2024-07-11,14.1965,14.1965,14.1965,14.1965,0.042,0.2967,0
2024-07-12,14.0232,14.0232,14.0232,14.0232,-0.1733,-1.2207,0
2024-07-15,14.219,14.219,14.219,14.219,0.1958,1.3963,0
2024-07-16,14.3356,14.3356,14.3356,14.3356,0.1166,0.82,0
2024-07-17,14.808,14.808,14.808,14.808,0.4724,3.2953,0
2024-07-18,16.0481,16.0481,16.0481,16.0481,1.2401,8.3745,0
2024-07-19,16.5074,16.5074,16.5074,16.5074,0.4593,2.862,0
2024-07-22,15.7971,15.7971,15.7971,15.7971,-0.7103,-4.3029,0
2024-07-23,15.6963,15.6963,15.6963,15.6963,-0.1008,-0.6381,0
2024-07-24,17.4566,17.4566,17.4566,17.4566,1.7603,11.2147,0
2024-07-25,17.5661,17.5661,17.5661,17.5661,0.1095,0.6273,0
2024-07-26,16.718,16.718,16.718,16.718,-0.8481,-4.828,0
2024-07-29,16.3991,16.3991,16.3991,16.3991,-0.3189,-1.9075,0
2024-07-30,16.8294,16.8294,16.8294,16.8294,0.4303,2.6239,0
2024-07-31,16.4934,16.4934,16.4934,16.4934,-0.336,-1.9965,0
2024-08-01,17.8469,17.8469,17.8469,17.8469,1.3535,8.2063,0
2024-08-02,21.9844,21.9844,21.9844,21.9844,4.1375,23.1833,0
2024-08-05,30.3911,30.3911,30.3911,30.3911,8.4067,38.2394,0
2024-08-06,24.8657,24.8657,24.8657,24.8657,-5.5254,-18.181,0
2024-08-07,23.5773,23.5773,23.5773,23.5773,-1.2884,-5.1814,0
2024-08-08,21.7279,21.7279,21.7279,21.7279,-1.8494,-7.844,0
2024-08-09,18.8533,18.8533,18.8533,18.8533,-2.8746,-13.23,0
2024-08-12,18.8303,18.8303,18.8303,18.8303,-0.023,-0.122,0
2024-08-13,17.4046,17.4046,17.4046,17.4046,-1.4257,-7.5713,0
2024-08-14,16.2629,16.2629,16.2629,16.2629,-1.1417,-6.5598,0
2024-08-15,15.7452,15.7452,15.7452,15.7452,-0.5177,-3.1833,0
2024-08-16,15.6896,15.6896,15.6896,15.6896,-0.0556,-0.3531,0
2024-08-19,15.3728,15.3728,15.3728,15.3728,-0.3168,-2.0192,0
2024-08-20,16.0407,16.0407,16.0407,16.0407,0.6679,4.3447,0
2024-08-21,16.228,16.228,16.228,16.228,0.1873,1.1677,0
2024-08-22,19.0438,19.0438,19.0438,19.0438,2.8158,17.3515,0
2024-08-23,18.0591,18.0591,18.0591,18.0591,-0.9847,-5.1707,0
2024-08-26,17.9583,17.9583,17.9583,17.9583,-0.1008,-0.5582,0
2024-08-27,17.6572,17.6572,17.6572,17.6572,-0.3011,-1.6767,0
2024-08-28,18.3952,18.3952,18.3952,18.3952,0.738,4.1796,0
2024-08-29,17.8579,17.8579,17.8579,17.8579,-0.5373,-2.9209,0
2024-08-30,17.4021,17.4021,17.4021,17.4021,-0.4558,-2.5524,0
2024-09-03,20.1829,20.1829,20.1829,20.1829,2.7808,15.9797,0
2024-09-04,20.5578,20.5578,20.5578,20.5578,0.3749,1.8575,0
2024-09-05,19.6891,19.6891,19.6891,19.6891,-0.8687,-4.2256,0
2024-09-06,20.9192,20.9192,20.9192,20.9192,1.2301,6.2476,0
2024-09-09,19.7187,19.7187,19.7187,19.7187,-1.2005,-5.7387,0
2024-09-10,19.3349,19.3349,19.3349,19.3349,-0.3838,-1.9464,0
2024-09-11,18.6085,18.6085,18.6085,18.6085,-0.7264,-3.7569,0
2024-09-12,18.5068,18.5068,18.5068,18.5068,-0.1017,-0.5465,0
2024-09-13,18.4866,18.4866,18.4866,18.4866,-0.0202,-0.1091,0
2024-09-16,18.6622,18.6622,18.6622,18.6622,0.1756,0.9499,0
2024-09-17,19.032,19.032,19.032,19.032,0.3698,1.9815,0
2024-09-18,18.7393,18.7393,18.7393,18.7393,-0.2927,-1.5379,0
2024-09-19,17.7952,17.7952,17.7952,17.7952,-0.9441,-5.0381,0
2024-09-20,17.7076,17.7076,17.7076,17.7076,-0.0876,-0.4923,0
2024-09-23,17.7088,17.7088,17.7088,17.7088,0.0012,0.0068,0
2024-09-24,17.6609,17.6609,17.6609,17.6609,-0.0479,-0.2705,0
2024-09-25,17.9062,17.9062,17.9062,17.9062,0.2453,1.3889,0
2024-09-26,17.844,17.844,17.844,17.844,-0.0622,-0.3474,0
2024-09-27,18.5204,18.5204,18.5204,18.5204,0.6764,3.7906,0
2024-09-30,18.0975,18.0975,18.0975,18.0975,-0.4229,-2.2834,0
2024-10-01,19.2892,19.2892,19.2892,19.2892,1.1917,6.5849,0
2024-10-02,19.1061,19.1061,19.1061,19.1061,-0.1831,-0.9492,0
2024-10-03,19.9132,19.9132,19.9132,19.9132,0.8071,4.2243,0
2024-10-04,19.1629,19.1629,19.1629,19.1629,-0.7503,-3.7679,0
2024-10-07,20.6485,20.6485,20.6485,20.6485,1.4856,7.7525,0
2024-10-08,19.894,19.894,19.894,19.894,-0.7545,-3.654,0
2024-10-09,19.3484,19.3484,19.3484,19.3484,-0.5456,-2.7425,0
2024-10-10,19.5553,19.5553,19.5553,19.5553,0.2069,1.0693,0
2024-10-11,19.3402,19.3402,19.3402,19.3402,-0.2151,-1.1,0
2024-10-14,18.6485,18.6485,18.6485,18.6485,-0.6917,-3.5765,0
2024-10-15,19.305,19.305,19.305,19.305,0.6565,3.5204,0
2024-10-16,19.0531,19.0531,19.0531,19.0531,-0.2519,-1.3048,0
2024-10-17,18.3153,18.3153,18.3153,18.3153,-0.7378,-3.8723,0
2024-10-18,17.9419,17.9419,17.9419,17.9419,-0.3734,-2.0387,0
2024-10-21,17.9371,17.9371,17.9371,17.9371,-0.0048,-0.0268,0
2024-10-22,17.844,17.844,17.844,17.844,-0.0931,-0.519,0
2024-10-23,18.6272,18.6272,18.6272,18.6272,0.7832,4.3892,0
2024-10-24,18.3654,18.3654,18.3654,18.3654,-0.2618,-1.4055,0
2024-10-25,19.0437,19.0437,19.0437,19.0437,0.6783,3.6934,0
2024-10-28,18.2452,18.2452,18.2452,18.2452,-0.7985,-4.193,0
2024-10-29,18.1953,18.1953,18.1953,18.1953,-0.0499,-0.2735,0
2024-10-30,18.5536,18.5536,18.5536,18.5536,0.3583,1.9692,0
2024-10-31,19.7307,19.7307,19.7307,19.7307,1.1771,6.3443,0
2024-11-01,19.4768,19.4768,19.4768,19.4768,-0.2539,-1.2868,0
2024-11-04,18.7211,18.7211,18.7211,18.7211,-0.7557,-3.88,0
2024-11-05,17.8957,17.8957,17.8957,17.8957,-0.8254,-4.4089,0
2024-11-06,16.2785,16.2785,16.2785,16.2785,-1.6172,-9.0368,0
2024-11-07,15.8303,15.8303,15.8303,15.8303,-0.4482,-2.7533,0
2024-11-08,15.7606,15.7606,15.7606,15.7606,-0.0697,-0.4403,0
2024-11-11,15.7216,15.7216,15.7216,15.7216,-0.039,-0.2475,0
2024-11-12,15.7362,15.7362,15.7362,15.7362,0.0146,0.0929,0
2024-11-13,15.4598,15.4598,15.4598,15.4598,-0.2764,-1.7565,0
2024-11-14,15.4412,15.4412,15.4412,15.4412,-0.0186,-0.1203,0
2024-11-15,16.3703,16.3703,16.3703,16.3703,0.9291,6.017,0
2024-11-18,15.8517,15.8517,15.8517,15.8517,-0.5186,-3.1679,0
2024-11-19,16.4057,16.4057,16.4057,16.4057,0.554,3.4949,0
2024-11-20,16.9522,16.9522,16.9522,16.9522,0.5465,3.3312,0
2024-11-21,17.2813,17.2813,17.2813,17.2813,0.3291,1.9413,0
2024-11-22,16.8433,16.8433,16.8433,16.8433,-0.438,-2.5345,0
2024-11-25,16.4269,16.4269,16.4269,16.4269,-0.4164,-2.4722,0
2024-11-26,16.3418,16.3418,16.3418,16.3418,-0.0851,-0.5181,0
2024-11-27,16.2576,16.2576,16.2576,16.2576,-0.0842,-0.5152,0
2024-11-29,16.0529,16.0529,16.0529,16.0529,-0.2047,-1.2591,0
2024-12-02,16.0326,16.0326,16.0326,16.0326,-0.0203,-0.1265,0
2024-12-03,15.937,15.937,15.937,15.937,-0.0956,-0.5963,0
2024-12-04,16.0881,16.0881,16.0881,16.0881,0.1511,0.9481,0
2024-12-05,16.201,16.201,16.201,16.201,0.1129,0.7018,0
2024-12-06,15.9521,15.9521,15.9521,15.9521,-0.2489,-1.5363,0
2024-12-09,16.2983,16.2983,16.2983,16.2983,0.3462,2.1702,0
2024-12-10,16.2662,16.2662,16.2662,16.2662,-0.0321,-0.197,0
2024-12-11,16.1838,16.1838,16.1838,16.1838,-0.0824,-0.5066,0
2024-12-12,16.2991,16.2991,16.2991,16.2991,0.1153,0.7124,0
2024-12-13,16.2782,16.2782,16.2782,16.2782,-0.0209,-0.1282,0
2024-12-16,16.6091,16.6091,16.6091,16.6091,0.3309,2.0328,0
2024-12-17,16.9531,16.9531,16.9531,16.9531,0.344,2.0712,0
2024-12-18,19.762,19.762,19.762,19.762,2.8089,16.5687,0
2024-12-19,21.0178,21.0178,21.0178,21.0178,1.2558,6.3546,0
2024-12-20,18.5862,18.5862,18.5862,18.5862,-2.4316,-11.5692,0
2024-12-23,17.56,17.56,17.56,17.56,-1.0262,-5.5213,0
2024-12-24,16.8502,16.8502,16.8502,16.8502,-0.7098,-4.0421,0
2024-12-26,16.9782,16.9782,16.9782,16.9782,0.128,0.7596,0
2024-12-27,17.5586,17.5586,17.5586,17.5586,0.5804,3.4185,0
2024-12-30,17.7923,17.7923,17.7923,17.7923,0.2337,1.331,0
2024-12-31,17.8708,17.8708,17.8708,17.8708,0.0785,0.4412,0
2025-01-02,18.2685,18.2685,18.2685,18.2685,0.3977,2.2254,0
2025-01-03,17.4356,17.4356,17.4356,17.4356,-0.8329,-4.5592,0
2025-01-06,17.3787,17.3787,17.3787,17.3787,-0.0569,-0.3263,0
2025-01-07,18.2637,18.2637,18.2637,18.2637,0.885,5.0924,0
2025-01-08,18.1515,18.1515,18.1515,18.1515,-0.1122,-0.6143,0
2025-01-09,18.325,18.325,18.325,18.325,0.1735,0.9558,0
2025-01-10,19.2947,19.2947,19.2947,19.2947,0.9697,5.2917,0
2025-01-13,18.9083,18.9083,18.9083,18.9083,-0.3864,-2.0026,0
2025-01-14,18.5544,18.5544,18.5544,18.5544,-0.3539,-1.8717,0
2025-01-15,17.063,17.063,17.063,17.063,-1.4914,-8.038,0
2025-01-16,17.0997,17.0997,17.0997,17.0997,0.0367,0.2151,0
2025-01-17,17.2382,17.2382,17.2382,17.2382,0.1385,0.81,0
2025-01-21,16.5367,16.5367,16.5367,16.5367,-0.7015,-4.0695,0
2025-01-22,16.7432,16.7432,16.7432,16.7432,0.2065,1.2487,0
2025-01-23,17.3441,17.3441,17.3441,17.3441,0.6009,3.5889,0
2025-01-24,17.2994,17.2994,17.2994,17.2994,-0.0447,-0.2577,0
2025-01-27,18.0353,18.0353,18.0353,18.0353,0.7359,4.2539,0
2025-01-28,17.4803,17.4803,17.4803,17.4803,-0.555,-3.0773,0
2025-01-29,17.4988,17.4988,17.4988,17.4988,0.0185,0.1058,0
2025-01-30,17.5228,17.5228,17.5228,17.5228,0.024,0.1372,0
2025-01-31,17.986,17.986,17.986,17.986,0.4632,2.6434,0
2025-02-03,18.1335,18.1335,18.1335,18.1335,0.1475,0.8201,0
2025-02-04,17.7673,17.7673,17.7673,17.7673,-0.3662,-2.0195,0
2025-02-05,17.491,17.491,17.491,17.491,-0.2763,-1.5551,0
2025-02-06,17.4335,17.4335,17.4335,17.4335,-0.0575,-0.3287,0
2025-02-07,17.9512,17.9512,17.9512,17.9512,0.5177,2.9696,0
2025-02-10,17.5244,17.5244,17.5244,17.5244,-0.4268,-2.3776,0
2025-02-11,17.5614,17.5614,17.5614,17.5614,0.037,0.2111,0
2025-02-12,17.4799,17.4799,17.4799,17.4799,-0.0815,-0.4641,0
2025-02-13,17.2427,17.2427,17.2427,17.2427,-0.2372,-1.357,0
2025-02-14,17.1818,17.1818,17.1818,17.1818,-0.0609,-0.3532,0
2025-02-18,17.1256,17.1256,17.1256,17.1256,-0.0562,-0.3271,0
2025-02-19,16.9066,16.9066,16.9066,16.9066,-0.219,-1.2788,0
2025-02-20,17.8579,17.8579,17.8579,17.8579,0.9513,5.6268,0
2025-02-21,18.699,18.699,18.699,18.699,0.8411,4.71,0
2025-02-24,18.7684,18.7684,18.7684,18.7684,0.0694,0.3711,0
2025-02-25,18.7907,18.7907,18.7907,18.7907,0.0223,0.1188,0
2025-02-26,18.6034,18.6034,18.6034,18.6034,-0.1873,-0.9968,0
2025-02-27,19.4276,19.4276,19.4276,19.4276,0.8242,4.4304,0
2025-02-28,19.0461,19.0461,19.0461,19.0461,-0.3815,-1.9637,0
2025-03-03,20.4435,20.4435,20.4435,20.4435,1.3974,7.3369,0
2025-03-04,20.7993,20.7993,20.7993,20.7993,0.3558,1.7404,0
2025-03-05,19.9017,19.9017,19.9017,19.9017,-0.8976,-4.3155,0
2025-03-06,21.7923,21.7923,21.7923,21.7923,1.8906,9.4997,0
2025-03-07,20.7863,20.7863,20.7863,20.7863,-1.006,-4.6163,0
2025-03-10,22.7978,22.7978,22.7978,22.7978,2.0115,9.677,0
2025-03-11,22.7661,22.7661,22.7661,22.7661,-0.0317,-0.139,0
2025-03-12,21.7139,21.7139,21.7139,21.7139,-1.0522,-4.6218,0
2025-03-13,22.6331,22.6331,22.6331,22.6331,0.9192,4.2332,0
2025-03-14,20.6804,20.6804,20.6804,20.6804,-1.9527,-8.6276,0
2025-03-17,19.9169,19.9169,19.9169,19.9169,-0.7635,-3.6919,0
2025-03-18,20.4806,20.4806,20.4806,20.4806,0.5637,2.8303,0
2025-03-19,19.7468,19.7468,19.7468,19.7468,-0.7338,-3.5829,0
2025-03-20,19.4706,19.4706,19.4706,19.4706,-0.2762,-1.3987,0
2025-03-21,19.4739,19.4739,19.4739,19.4739,0.0033,0.0169,0
2025-03-24,18.4989,18.4989,18.4989,18.4989,-0.975,-5.0067,0
2025-03-25,18.6554,18.6554,18.6554,18.6554,0.1565,0.846,0
2025-03-26,19.1501,19.1501,19.1501,19.1501,0.4947,2.6518,0
2025-03-27,19.1588,19.1588,19.1588,19.1588,0.0087,0.0454,0
2025-03-28,20.5492,20.5492,20.5492,20.5492,1.3904,7.2572,0
2025-03-31,20.4872,20.4872,20.4872,20.4872,-0.062,-0.3017,0
2025-04-01,20.5138,20.5138,20.5138,20.5138,0.0266,0.1298,0
2025-04-02,20.0227,20.0227,20.0227,20.0227,-0.4911,-2.394,0
2025-04-03,24.1926,24.1926,24.1926,24.1926,4.1699,20.8259,0
2025-04-04,28.5193,28.5193,28.5193,28.5193,4.3267,17.8844,0
2025-04-07,28.1411,28.1411,28.1411,28.1411,-0.3782,-1.3261,0
2025-04-08,31.4333,31.4333,31.4333,31.4333,3.2922,11.6989,0
2025-04-09,25.1944,25.1944,25.1944,25.1944,-6.2389,-19.8481,0
2025-04-10,29.871,29.871,29.871,29.871,4.6766,18.5621,0
2025-04-11,28.8917,28.8917,28.8917,28.8917,-0.9793,-3.2784,0
2025-04-14,25.6983,25.6983,25.6983,25.6983,-3.1934,-11.053,0
2025-04-15,25.4674,25.4674,25.4674,25.4674,-0.2309,-0.8985,0
2025-04-16,27.6258,27.6258,27.6258,27.6258,2.1584,8.4751,0
2025-04-17,25.7621,25.7621,25.7621,25.7621,-1.8637,-6.7462,0
2025-04-21,27.0167,27.0167,27.0167,27.0167,1.2546,4.8699,0
2025-04-22,25.7021,25.7021,25.7021,25.7021,-1.3146,-4.8659,0
2025-04-23,24.8708,24.8708,24.8708,24.8708,-0.8313,-3.2344,0
2025-04-24,24.0525,24.0525,24.0525,24.0525,-0.8183,-3.2902,0
2025-04-25,23.2525,23.2525,23.2525,23.2525,-0.8,-3.3261,0
2025-04-28,23.3132,23.3132,23.3132,23.3132,0.0607,0.261,0
2025-04-29,23.1101,23.1101,23.1101,23.1101,-0.2031,-0.8712,0
2025-04-30,23.5652,23.5652,23.5652,23.5652,0.4551,1.9693,0
2025-05-01,23.261,23.261,23.261,23.261,-0.3042,-1.2909,0
2025-05-02,22.4001,22.4001,22.4001,22.4001,-0.8609,-3.701,0
2025-05-05,22.8084,22.8084,22.8084,22.8084,0.4083,1.8228,0
2025-05-06,23.5229,23.5229,23.5229,23.5229,0.7145,3.1326,0
2025-05-07,22.9534,22.9534,22.9534,22.9534,-0.5695,-2.421,0
2025-05-08,22.229,22.229,22.229,22.229,-0.7244,-3.156,0
2025-05-09,22.092,22.092,22.092,22.092,-0.137,-0.6163,0
2025-05-12,19.4058,19.4058,19.4058,19.4058,-2.6862,-12.1592,0
2025-05-13,19.2945,19.2945,19.2945,19.2945,-0.1113,-0.5735,0
2025-05-14,19.744,19.744,19.744,19.744,0.4495,2.3297,0
2025-05-15,19.4628,19.4628,19.4628,19.4628,-0.2812,-1.4242,0
2025-05-16,19.4121,19.4121,19.4121,19.4121,-0.0507,-0.2605,0
2025-05-19,19.6515,19.6515,19.6515,19.6515,0.2394,1.2333,0
2025-05-20,19.4966,19.4966,19.4966,19.4966,-0.1549,-0.7882,0
2025-05-21,20.7904,20.7904,20.7904,20.7904,1.2938,6.636,0
2025-05-22,21.2388,21.2388,21.2388,21.2388,0.4484,2.1568,0
2025-05-23,22.2839,22.2839,22.2839,22.2839,1.0451,4.9207,0
2025-05-27,20.522,20.522,20.522,20.522,-1.7619,-7.9066,0
2025-05-28,20.7911,20.7911,20.7911,20.7911,0.2691,1.3113,0
2025-05-29,20.8552,20.8552,20.8552,20.8552,0.0641,0.3083,0
2025-05-30,21.0379,21.0379,21.0379,21.0379,0.1827,0.876,0
2025-06-02,20.8963,20.8963,20.8963,20.8963,-0.1416,-0.6731,0
2025-06-03,20.574,20.574,20.574,20.574,-0.3223,-1.5424,0
2025-06-04,20.498,20.498,20.498,20.498,-0.076,-0.3694,0
2025-06-05,20.8932,20.8932,20.8932,20.8932,0.3952,1.928,0
2025-06-06,20.1545,20.1545,20.1545,20.1545,-0.7387,-3.5356,0
2025-06-09,20.0001,20.0001,20.0001,20.0001,-0.1544,-0.7661,0
2025-06-10,19.971,19.971,19.971,19.971,-0.0291,-0.1455,0
2025-06-11,20.0947,20.0947,20.0947,20.0947,0.1237,0.6194,0
2025-06-12,20.2997,20.2997,20.2997,20.2997,0.205,1.0202,0
2025-06-13,21.8201,21.8201,21.8201,21.8201,1.5204,7.4898,0
2025-06-16,20.2816,20.2816,20.2816,20.2816,-1.5385,-7.0508,0
2025-06-17,21.4052,21.4052,21.4052,21.4052,1.1236,5.54,0
2025-06-18,20.8053,20.8053,20.8053,20.8053,-0.5999,-2.8026,0
2025-06-20,21.6516,21.6516,21.6516,21.6516,0.8463,4.0677,0
2025-06-23,21.499,21.499,21.499,21.499,-0.1526,-0.7048,0
2025-06-24,20.446,20.446,20.446,20.446,-1.053,-4.8979,0
2025-06-25,20.2389,20.2389,20.2389,20.2389,-0.2071,-1.0129,0
2025-06-26,20.1218,20.1218,20.1218,20.1218,-0.1171,-0.5786,0
2025-06-27,20.1951,20.1951,20.1951,20.1951,0.0733,0.3643,0
2025-06-30,20.0976,20.0976,20.0976,20.0976,-0.0975,-0.4828,0
2025-07-01,20.1918,20.1918,20.1918,20.1918,0.0942,0.4687,0
2025-07-02,20.1827,20.1827,20.1827,20.1827,-0.0091,-0.0451,0
2025-07-03,20.0767,20.0767,20.0767,20.0767,-0.106,-0.5252,0
2025-07-07,20.2403,20.2403,20.2403,20.2403,0.1636,0.8149,0
2025-07-08,19.8183,19.8183,19.8183,19.8183,-0.422,-2.0849,0
2025-07-09,19.2593,19.2593,19.2593,19.2593,-0.559,-2.8206,0
2025-07-10,19.1121,19.1121,19.1121,19.1121,-0.1472,-0.7643,0
2025-07-11,19.1936,19.1936,19.1936,19.1936,0.0815,0.4264,0
2025-07-14,19.4824,19.4824,19.4824,19.4824,0.2888,1.5047,0
2025-07-15,19.3911,19.3911,19.3911,19.3911,-0.0913,-0.4686,0
2025-07-16,19.5255,19.5255,19.5255,19.5255,0.1344,0.6931,0
2025-07-17,20.9494,20.9494,20.9494,20.9494,1.4239,7.2925,0
2025-07-18,20.8192,20.8192,20.8192,20.8192,-0.1302,-0.6215,0
2025-07-21,20.6923,20.6923,20.6923,20.6923,-0.1269,-0.6095,0
2025-07-22,20.705,20.705,20.705,20.705,0.0127,0.0614,0
2025-07-23,20.0524,20.0524,20.0524,20.0524,-0.6526,-3.1519,0
2025-07-24,19.8785,19.8785,19.8785,19.8785,-0.1739,-0.8672,0
2025-07-25,19.7887,19.7887,19.7887,19.7887,-0.0898,-0.4517,0
2025-07-28,19.3055,19.3055,19.3055,19.3055,-0.4832,-2.4418,0
2025-07-29,19.7103,19.7103,19.7103,19.7103,0.4048,2.0968,0
2025-07-30,19.7879,19.7879,19.7879,19.7879,0.0776,0.3937,0
2025-07-31,19.8708,19.8708,19.8708,19.8708,0.0829,0.4189,0
2025-08-01,21.1103,21.1103,21.1103,21.1103,1.2395,6.2378,0
2025-08-04,19.9853,19.9853,19.9853,19.9853,-1.125,-5.3292,0
2025-08-05,20.1609,20.1609,20.1609,20.1609,0.1756,0.8786,0
2025-08-06,19.5688,19.5688,19.5688,19.5688,-0.5921,-2.9369,0
2025-08-07,19.7075,19.7075,19.7075,19.7075,0.1387,0.7088,0
2025-08-08,19.1604,19.1604,19.1604,19.1604,-0.5471,-2.7761,0
2025-08-11,19.2976,19.2976,19.2976,19.2976,0.1372,0.7161,0
2025-08-12,18.5508,18.5508,18.5508,18.5508,-0.7468,-3.8699,0
2025-08-13,18.4996,18.4996,18.4996,18.4996,-0.0512,-0.276,0
2025-08-14,18.5444,18.5444,18.5444,18.5444,0.0448,0.2422,0
2025-08-15,18.4744,18.4744,18.4744,18.4744,-0.07,-0.3775,0
2025-08-18,18.009,18.009,18.009,18.009,-0.4654,-2.5192,0
2025-08-19,18.3931,18.3931,18.3931,18.3931,0.3841,2.1328,0
2025-08-20,18.3008,18.3008,18.3008,18.3008,-0.0923,-0.5018,0
2025-08-21,20.3754,20.3754,20.3754,20.3754,2.0746,11.3361,0
2025-08-22,19.0513,19.0513,19.0513,19.0513,-1.3241,-6.4985,0
2025-08-25,19.1565,19.1565,19.1565,19.1565,0.1052,0.5522,0
2025-08-26,19.0898,19.0898,19.0898,19.0898,-0.0667,-0.3482,0
2025-08-27,19.1748,19.1748,19.1748,19.1748,0.085,0.4453,0
2025-08-28,19.0363,19.0363,19.0363,19.0363,-0.1385,-0.7223,0
2025-08-29,19.3442,19.3442,19.3442,19.3442,0.3079,1.6174,0
2025-09-02,19.8497,19.8497,19.8497,19.8497,0.5055,2.6132,0
2025-09-03,19.4266,19.4266,19.4266,19.4266,-0.4231,-2.1315,0
2025-09-04,18.8515,18.8515,18.8515,18.8515,-0.5751,-2.9604,0
2025-09-05,18.8991,18.8991,18.8991,18.8991,0.0476,0.2525,0
2025-09-08,18.5378,18.5378,18.5378,18.5378,-0.3613,-1.9117,0
2025-09-09,18.4396,18.4396,18.4396,18.4396,-0.0982,-0.5297,0
2025-09-10,18.3931,18.3931,18.3931,18.3931,-0.0465,-0.2522,0
2025-09-11,17.995,17.995,17.995,17.995,-0.3981,-2.1644,0
2025-09-12,17.9471,17.9471,17.9471,17.9471,-0.0479,-0.2662,0
2025-09-15,18.1366,18.1366,18.1366,18.1366,0.1895,1.0559,0
2025-09-16,18.4512,18.4512,18.4512,18.4512,0.3146,1.7346,0
2025-09-17,17.7786,17.7786,17.7786,17.7786,-0.6726,-3.6453,0
2025-09-18,19.25,19.25,19.25,19.25,1.4714,8.2762,0
2025-09-19,19.2825,19.2825,19.2825,19.2825,0.0325,0.1688,0
2025-09-22,19.534,19.534,19.534,19.534,0.2515,1.3043,0
2025-09-23,19.708,19.708,19.708,19.708,0.174,0.8908,0
2025-09-24,19.5247,19.5247,19.5247,19.5247,-0.1833,-0.9301,0
2025-09-25,19.7125,19.7125,19.7125,19.7125,0.1878,0.9619,0
2025-09-26,19.0568,19.0568,19.0568,19.0568,-0.6557,-3.3263,0
2025-09-29,19.2967,19.2967,19.2967,19.2967,0.2399,1.2589,0
2025-09-30,19.2492,19.2492,19.2492,19.2492,-0.0475,-0.2462,0
2025-10-01,19.1491,19.1491,19.1491,19.1491,-0.1001,-0.52,0
2025-10-02,19.3483,19.3483,19.3483,19.3483,0.1992,1.0403,0
2025-10-03,19.2466,19.2466,19.2466,19.2466,-0.1017,-0.5256,0
2025-10-06,19.1017,19.1017,19.1017,19.1017,-0.1449,-0.7529,0
2025-10-07,19.491,19.491,19.491,19.491,0.3893,2.038,0
2025-10-08,19.2059,19.2059,19.2059,19.2059,-0.2851,-1.4627,0
2025-10-09,19.2535,19.2535,19.2535,19.2535,0.0476,0.2478,0
2025-10-10,21.2344,21.2344,21.2344,21.2344,1.9809,10.2885,0
2025-10-13,19.6943,19.6943,19.6943,19.6943,-1.5401,-7.2529,0
2025-10-14,20.4843,20.4843,20.4843,20.4843,0.79,4.0113,0
2025-10-15,20.6812,20.6812,20.6812,20.6812,0.1969,0.9612,0
2025-10-16,22.4142,22.4142,22.4142,22.4142,1.733,8.3796,0
2025-10-17,20.7096,20.7096,20.7096,20.7096,-1.7046,-7.605,0
2025-10-20,19.1805,19.1805,19.1805,19.1805,-1.5291,-7.3835,0
2025-10-21,19.0436,19.0436,19.0436,19.0436,-0.1369,-0.7137,0
2025-10-22,19.3039,19.3039,19.3039,19.3039,0.2603,1.3669,0
2025-10-23,19.6218,19.6218,19.6218,19.6218,0.3179,1.6468,0
2025-10-24,19.3431,19.3431,19.3431,19.3431,-0.2787,-1.4204,0
2025-10-27,18.9361,18.9361,18.9361,18.9361,-0.407,-2.1041,0
2025-10-28,19.4043,19.4043,19.4043,19.4043,0.4682,2.4725,0
2025-10-29,19.6877,19.6877,19.6877,19.6877,0.2834,1.4605,0
2025-10-30,19.9203,19.9203,19.9203,19.9203,0.2326,1.1814,0
2025-10-31,19.9632,19.9632,19.9632,19.9632,0.0429,0.2154,0
2025-11-03,19.8978,19.8978,19.8978,19.8978,-0.0654,-0.3276,0
2025-11-04,20.5025,20.5025,20.5025,20.5025,0.6047,3.039,0
2025-11-05,19.7592,19.7592,19.7592,19.7592,-0.7433,-3.6254,0
2025-11-06,20.3851,20.3851,20.3851,20.3851,0.6259,3.1676,0
2025-11-07,20.2058,20.2058,20.2058,20.2058,-0.1793,-0.8796,0
2025-11-10,19.2457,19.2457,19.2457,19.2457,-0.9601,-4.7516,0
2025-11-11,19.2449,19.2449,19.2449,19.2449,-0.0008,-0.0042,0
2025-11-12,19.3997,19.3997,19.3997,19.3997,0.1548,0.8044,0
2025-11-13,20.5383,20.5383,20.5383,20.5383,1.1386,5.8692,0
2025-11-14,20.1248,20.1248,20.1248,20.1248,-0.4135,-2.0133,0
2025-11-17,21.1688,21.1688,21.1688,21.1688,1.044,5.1876,0
2025-11-18,21.7706,21.7706,21.7706,21.7706,0.6018,2.8429,0
2025-11-19,21.2323,21.2323,21.2323,21.2323,-0.5383,-2.4726,0
2025-11-20,23.2206,23.2206,23.2206,23.2206,1.9883,9.3645,0
2025-11-21,22.4099,22.4099,22.4099,22.4099,-0.8107,-3.4913,0
2025-11-24,21.1013,21.1013,21.1013,21.1013,-1.3086,-5.8394,0
2025-11-25,20.5594,20.5594,20.5594,20.5594,-0.5419,-2.5681,0
2025-11-26,20.1608,20.1608,20.1608,20.1608,-0.3986,-1.9388,0
2025-11-28,19.867,19.867,19.867,19.867,-0.2938,-1.4573,0
2025-12-01,19.8539,19.8539,19.8539,19.8539,-0.0131,-0.0659,0
2025-12-02,19.5901,19.5901,19.5901,19.5901,-0.2638,-1.3287,0
2025-12-03,19.5796,19.5796,19.5796,19.5796,-0.0105,-0.0536,0
2025-12-04,19.4156,19.4156,19.4156,19.4156,-0.164,-0.8376,0
2025-12-05,19.2329,19.2329,19.2329,19.2329,-0.1827,-0.941,0
2025-12-08,19.4845,19.4845,19.4845,19.4845,0.2516,1.3082,0
2025-12-09,19.4999,19.4999,19.4999,19.4999,0.0154,0.079,0
2025-12-10,18.8164,18.8164,18.8164,18.8164,-0.6835,-3.5051,0
2025-12-11,18.5716,18.5716,18.5716,18.5716,-0.2448,-1.301,0
2025-12-12,18.5508,18.5508,18.5508,18.5508,-0.0208,-0.112,0
2025-12-15,18.5302,18.5302,18.5302,18.5302,-0.0206,-0.111,0
2025-12-16,18.5123,18.5123,18.5123,18.5123,-0.0179,-0.0966,0
2025-12-17,18.8033,18.8033,18.8033,18.8033,0.291,1.5719,0
2025-12-18,19.6653,19.6653,19.6653,19.6653,0.862,4.5843,0
2025-12-19,19.1272,19.1272,19.1272,19.1272,-0.5381,-2.7363,0
2025-12-22,18.6258,18.6258,18.6258,18.6258,-0.5014,-2.6214,0
2025-12-23,18.7306,18.7306,18.7306,18.7306,0.1048,0.5627,0
2025-12-24,18.8012,18.8012,18.8012,18.8012,0.0706,0.3769,0
2025-12-26,18.8394,18.8394,18.8394,18.8394,0.0382,0.2032,0
2025-12-29,18.5604,18.5604,18.5604,18.5604,-0.279,-1.4809,0
2025-12-30,18.3952,18.3952,18.3952,18.3952,-0.1652,-0.8901,0
2025-12-31,18.534,18.534,18.534,18.534,0.1388,0.7545,0
2026-01-02,18.2916,18.2916,18.2916,18.2916,-0.2424,-1.3079,0
2026-01-05,18.406,18.406,18.406,18.406,0.1144,0.6254,0
2026-01-06,18.1904,18.1904,18.1904,18.1904,-0.2156,-1.1714,0
2026-01-07,18.3472,18.3472,18.3472,18.3472,0.1568,0.862,0
2026-01-08,18.1492,18.1492,18.1492,18.1492,-0.198,-1.0792,0
2026-01-09,17.8657,17.8657,17.8657,17.8657,-0.2835,-1.5621,0
2026-01-12,17.9274,17.9274,17.9274,17.9274,0.0617,0.3454,0
2026-01-13,21.2,21.5,21.1,21.3,+0.0422,+0.20%,477
2026-01-14,21.4,21.65,21.34,21.4828,+0.1828,+0.86%,467
2026-01-15,21.35,21.37,21.27,21.3497,-0.1331,-0.62%,426
2026-01-16,21.39,21.47,21.25,21.3773,+0.0276,+0.13%,20
2026-01-19,21.53,21.55,21.5,21.55,+0.1727,+0.81%,20
2026-01-20,21.65,21.75,21.49,21.525,-0.0250,-0.12%,276
2026-01-21,21.75,21.78,21.17,21.2507,-0.2743,-1.27%,854
2026-01-22,21.1,21.28,21.06,21.2196,-0.0311,-0.15%,"1,269"
2026-01-23,21.25,21.3,21.11,21.275,+0.0554,+0.26%,751
2026-01-26,21.35,21.4,21.15,21.375,+0.1000,+0.47%,591
2026-01-27,21.32,21.5,21.3,21.4722,+0.0972,+0.45%,429
2026-01-28,21.4,21.6,21.35,21.5067,+0.0345,+0.16%,542
2026-01-29,21.5,21.87,21.5,21.6692,+0.1625,+0.76%,923
2026-01-30,21.7,21.87,21.5,21.7301,+0.0609,+0.28%,700
2026-02-02,22.2,22.4,21.37,21.4766,-0.2535,-1.17%,983
2026-02-03,21.45,21.85,21.4,21.6952,+0.2186,+1.02%,649
2026-02-04,21.65,21.95,21.6,21.95,+0.2548,+1.17%,"1,182"
2026-02-05,21.85,22.25,21.85,22.1508,+0.2008,+0.91%,"2,066"
2026-02-06,22.26,22.35,21.55,21.6494,-0.5014,-2.26%,"1,417"
2026-02-09,21.75,21.9,21.65,21.825,-0.1280,-0.58%,403
2026-02-10,21.75,22.025,21.75,22.025,+0.2000,+0.92%,61
2026-02-11,22.05,22.1,21.9,22.025,unch,unch,75
2026-02-12,22.05,22.4,21.89,22.35,+0.3250,+1.48%,561
2026-02-13,22.23,22.6,22.1,22.3742,+0.0242,+0.11%,18
2026-02-16,22.45,22.45,22.3,22.35,-0.0242,-0.11%,18
2026-02-17,22.42,22.65,22.12,22.1682,-0.1818,-0.81%,286
2026-02-18,22.17,22.42,22.05,22.2995,+0.1313,+0.59%,743
2026-02-19,22.22,22.6,22.2,22.4661,+0.1666,+0.75%,765
2026-02-20,22.45,22.57,22.2,22.3715,-0.0946,-0.42%,642
2026-02-23,22.36,22.6,22.35,22.525,+0.1535,+0.69%,485
2026-02-24,22.37,22.56,22.28,22.475,-0.0500,-0.22%,"1,120"
2026-02-25,22.45,22.55,22.27,22.325,-0.1500,-0.67%,"1,304"
2026-02-26,22.35,22.65,22.27,22.525,+0.2000,+0.90%,"1,089"
2026-02-27,22.59,22.85,22.55,22.675,+0.1500,+0.67%,"1,237"
2026-03-02,23.35,23.81,22.4,22.775,+0.1000,+0.44%,"1,474"
2026-03-03,22.8,23.4,22.75,22.825,+0.0500,+0.22%,"1,662"
2026-03-04,22.87,23.05,22.51,22.6425,-0.1825,-0.80%,682
2026-03-05,22.61,23.5,22.61,22.9992,+0.3567,+1.58%,875
2026-03-06,22.88,23.67,22.85,23.5664,+0.5672,+2.47%,"2,118"
2026-03-09,23.27,24.5,23.2,23.325,-0.2414,-1.02%,"2,987"
2026-03-10,23.45,23.7,23.1,23.6737,+0.3487,+1.49%,"2,342"
2026-03-11,23.57,23.75,23.4,23.4283,-0.2454,-1.04%,"1,857"
2026-03-12,23.4,23.85,23.4,23.85,+0.4217,+1.80%,"1,499"
2026-03-13,23.77,24.05,23.63,24.0325,+0.1825,+0.77%,"2,381"
2026-03-16,24.11,24.12,23.42,23.4715,-0.5610,-2.33%,"2,165"
2026-03-17,23.5,23.6,23.2,23.425,-0.0465,-0.20%,"1,934"
2026-03-18,23.45,24.15,23.2,24.0431,+0.6181,+2.64%,"2,921"
2026-03-19,24.1,24.5,23.75,23.9481,-0.0950,-0.40%,"3,811"
2026-03-20,23.94,24.45,23.87,24.4272,+0.4791,+2.00%,"3,957"
2026-03-23,24.3,24.6,23.4,23.6506,-0.7766,-3.18%,"3,469"
2026-03-24,23.58,23.95,23.45,23.85,+0.1994,+0.84%,"2,092"
2026-03-25,23.55,23.9,23.45,23.825,-0.0250,-0.10%,"2,338"
2026-03-26,23.65,24.2,23.65,24.1496,+0.3246,+1.36%,152
2026-03-27,23.96,24.85,23.85,24.7818,+0.6322,+2.62%,"3,262"
2026-03-30,24.8,24.92,24.42,24.791,+0.0092,+0.04%,"3,499"
2026-03-31,24.82,24.85,24.05,24.35,-0.4410,-1.78%,"5,097"
2026-04-01,24.25,24.37,23.82,23.9034,-0.4466,-1.83%,"4,443"
2026-04-02,23.9,24.49,23.7,23.725,-0.1784,-0.75%,152
2026-04-03,23.8,23.8,23.6,23.77,+0.0450,+0.19%,152
2026-04-06,23.05,24.85,23.05,23.6653,-0.1047,-0.44%,"5,142"
2026-04-07,23.63,24.08,23.52,23.7369,+0.0716,+0.30%,"4,687"
2026-04-08,23.65,23.75,22.82,22.8944,-0.8425,-3.55%,"5,168"
2026-04-09,22.9,23.02,22.5,22.6755,-0.2189,-0.96%,"3,895"
2026-04-10,22.6,22.83,22.55,22.7908,+0.1153,+0.51%,"2,785"
2026-04-13,23.05,23.11,22.4,22.4304,-0.3604,-1.58%,"4,030"
2026-04-14,22.35,22.4,22.2,22.3165,-0.1139,-0.51%,"3,995"
2026-04-15,22.2,22.5,22.15,22.3925,+0.0760,+0.34%,"3,759"
2026-04-16,22.35,22.51,22.26,22.3491,-0.0434,-0.19%,"4,108"
2026-04-17,22.31,22.38,22.05,22.2577,-0.0914,-0.41%,"2,748"
2026-04-20,22.5,22.66,22.32,22.5058,+0.2481,+1.11%,"3,650"
2026-04-21,22.47,22.78,22.3,22.6738,+0.1680,+0.75%,"5,321"
2026-04-22,22.5,22.61,22.45,22.5076,-0.1662,-0.73%,"3,538"
2026-04-23,22.47,22.83,22.4,22.5546,+0.0470,+0.21%,"5,931"
2026-04-24,22.55,22.62,22.4,22.565,+0.0104,+0.05%,"3,273"
2026-04-27,22.56,22.65,22.37,22.5694,+0.0044,+0.02%,"3,683"
2026-04-28,22.55,22.8,22.4,22.4653,-0.1041,-0.46%,"3,700"
2026-04-29,22.4,22.6,22.3,22.534,+0.0687,+0.31%,"4,955"
2026-04-30,22.55,22.6,22.17,22.225,-0.3090,-1.37%,"5,686"
2026-05-01,22.15,22.33,22.0,22.225,unch,unch,"4,656"
2026-05-04,22.2,22.52,22.0,22.4218,+0.1968,+0.89%,"6,415"
2026-05-05,22.45,22.55,22.25,22.5419,+0.1201,+0.54%,"5,089"
2026-05-06,22.33,22.37,22.02,22.2913,-0.2506,-1.11%,"5,343"
2026-05-07,22.24,22.32,22.1,22.28,-0.0113,-0.05%,"4,722"
2026-05-08,22.32,22.35,22.1,22.3345,+0.0545,+0.24%,"6,263"
2026-05-11,22.27,22.55,22.22,22.5121,+0.1776,+0.80%,"5,493"
2026-05-12,22.49,22.63,22.27,22.3513,-0.1608,-0.71%,"7,029"
2026-05-13,22.33,22.61,22.3,22.5766,+0.2253,+1.01%,"7,785"
2026-05-14,22.55,22.71,22.35,22.4993,-0.0773,-0.34%,"10,470"
2026-05-15,22.47,22.86,22.45,22.575,+0.0757,+0.34%,"7,245"
2026-05-18,22.49,22.61,22.3,22.5004,-0.0746,-0.33%,"11,049"
2026-05-19,22.4,22.58,22.32,22.5276,+0.0272,+0.12%,"8,276"
2026-05-20,22.54,22.65,22.3,22.325,-0.2026,-0.90%,"5,377"
2026-05-21,22.3,22.42,22.0,22.1,-0.2250,-1.01%,"5,198"
2026-05-22,22.15,22.28,22.1,22.1961,+0.0961,+0.43%,773
2026-05-25,22.05,22.05,21.85,21.85,-0.3461,-1.56%,0
2026-05-26,21.8,21.96,21.8,21.925,+0.0750,+0.34%,"3,976"
2026-05-27,21.85,21.95,21.65,21.7057,-0.2193,-1.00%,"5,055"
2026-05-28,21.66,21.95,21.41,21.5825,-0.1232,-0.57%,"4,844"
2026-05-29,21.52,21.6,21.3,21.4,-0.1825,-0.85%,"4,947"
2026-06-01,21.45,21.77,21.35,21.7163,+0.3163,+1.48%,"6,899"
2026-06-02,21.75,21.8,21.57,21.6631,-0.0532,-0.24%,"6,645"
2026-06-03,21.69,21.87,21.62,21.7692,+0.1061,+0.49%,"7,173"
2026-06-04,21.81,21.93,21.45,21.475,-0.2942,-1.35%,"7,577"
2026-06-05,21.54,22.03,21.5,21.775,+0.3000,+1.40%,"12,627"
2026-06-08,21.95,22.05,21.3,21.5038,-0.2712,-1.25%,"12,899"
2026-06-09,21.6,22.15,21.35,21.6951,+0.1913,+0.89%,"14,315"
2026-06-10,21.61,22.27,21.6,22.1764,+0.4813,+2.22%,"12,949"
2026-06-11,22.25,22.72,21.65,21.7018,-0.4746,-2.14%,"1,170"
2026-06-12,21.72,21.8,21.3,21.3794,-0.3224,-1.49%,"9,933"
2026-06-15,20.95,20.99,20.6,20.6482,-0.7312,-3.42%,"11,964"
2026-06-16,20.76,20.85,20.62,20.7353,+0.0871,+0.42%,"11,425"
2026-06-17,20.7,21.25,20.55,21.0532,+0.3179,+1.53%,"19,965"
2026-06-18,20.9,20.91,20.6,20.675,-0.3782,-1.80%,"1,170"
2026-06-19,20.7,20.85,20.6,20.6,-0.0750,-0.36%,"1,170"
2026-06-22,20.65,20.74,20.3,20.4978,-0.1022,-0.50%,"12,026"
2026-06-23,20.49,21.1,20.49,20.8242,+0.3264,+1.59%,"15,996"
2026-06-24,20.77,20.88,20.44,20.6949,-0.1293,-0.62%,"12,708"
2026-06-25,20.4,20.57,20.2,20.4242,-0.2707,-1.31%,"1,116"
2026-06-26,20.4,20.82,20.25,20.4315,+0.0073,+0.04%,"14,927"
2026-06-29,20.5,20.51,19.97,20.0277,-0.4038,-1.98%,"12,027"
2026-06-30,20.05,20.11,19.63,19.7061,-0.3216,-1.61%,"11,647"
2026-07-01,19.7,19.9,19.59,19.7654,+0.0593,+0.30%,"12,589"
2026-07-02,19.91,20.0,19.55,19.7416,-0.0238,-0.12%,"1,116"
2026-07-03,19.8,19.83,19.5,19.5,-0.2416,-1.22%,"1,116"
2026-07-06,19.5,19.6,19.41,19.5502,+0.0502,+0.26%,"10,433"
2026-07-07,19.5,19.75,19.4,19.5978,+0.0476,+0.24%,"14,547"
2026-07-08,19.6,20.18,19.47,19.6425,+0.0447,+0.23%,"22,816"
2026-07-09,19.75,19.77,19.5,19.6142,-0.0283,-0.14%,"14,958"
2026-07-10,19.61,19.84,19.35,19.4477,-0.1665,-0.85%,"17,343"
2026-07-13,19.45,19.8,19.36,19.6476,+0.1999,+1.03%,"19,205"
2026-07-14,19.74,19.84,19.31,19.5489,-0.0987,-0.50%,"19,255"
2026-07-15,19.5,19.6,19.15,19.2317,-0.3172,-1.62%,"17,242"
2026-07-16,19.2,19.58,19.15,19.4492,+0.2175,+1.13%,"20,078"
2026-07-17,19.55,20.27,19.55,19.9508,+0.5016,+2.58%,"29,314"
2026-07-20,19.95,20.0,19.34,19.7536,-0.1972,-0.99%,"28,191"
2026-07-21,19.8,19.87,19.3,19.4453,-0.3083,-1.56%,"28,468"
2026-07-22,19.4,19.75,19.37,19.5928,+0.1475,+0.76%,"36,438"
2026-07-23,19.6,20.57,19.5,20.2246,+0.6318,+3.22%,"63,942"
2026-07-24,20.1,20.32,19.7,19.9851,-0.2395,-1.18%,"50,956"
2026-07-27,19.9,20.15,19.4,19.8291,-0.1560,-0.78%,"50,264"
2026-07-28,19.8,20.01,19.5,19.7005,-0.1286,-0.65%,"50,270"
