Time,Open,High,Low,Last,Change,%Chg,Volume
2004-03-29,19.8,19.8,19.8,19.8,-0.52,-2.5591,0
2004-03-30,19.62,19.62,19.62,19.62,-0.18,-0.9091,0
2004-03-31,19.75,19.75,19.75,19.75,0.13,0.6626,0
2004-04-01,19.62,19.62,19.62,19.62,-0.13,-0.6582,0
2004-04-02,18.89,18.89,18.89,18.89,-0.73,-3.7207,0
2004-04-05,18.53,18.53,18.53,18.53,-0.36,-1.9058,0
2004-04-06,18.79,18.79,18.79,18.79,0.26,1.4031,0
2004-04-07,19.09,19.09,19.09,19.09,0.3,1.5966,0
2004-04-08,19.05,19.05,19.05,19.05,-0.04,-0.2095,0
2004-04-12,18.67,18.67,18.67,18.67,-0.38,-1.9948,0
2004-04-13,19.3,19.3,19.3,19.3,0.63,3.3744,0
2004-04-14,19.46,19.46,19.46,19.46,0.16,0.829,0
2004-04-15,19.35,19.35,19.35,19.35,-0.11,-0.5653,0
2004-04-16,19.0,19.0,19.0,19.0,-0.35,-1.8088,0
2004-04-19,18.87,18.87,18.87,18.87,-0.13,-0.6842,0
2004-04-20,19.15,19.15,19.15,19.15,0.28,1.4838,0
2004-04-21,18.68,18.68,18.68,18.68,-0.47,-2.4543,0
2004-04-22,17.35,17.35,17.35,17.35,-1.33,-7.1199,0
2004-04-23,17.34,17.34,17.34,17.34,-0.01,-0.0576,0
2004-04-26,17.13,17.13,17.13,17.13,-0.21,-1.2111,0
2004-04-27,16.8,16.8,16.8,16.8,-0.33,-1.9264,0
2004-04-28,17.37,17.37,17.37,17.37,0.57,3.3929,0
2004-04-29,17.77,17.77,17.77,17.77,0.4,2.3028,0
2004-04-30,18.22,18.22,18.22,18.22,0.45,2.5324,0
2004-05-03,17.69,17.69,17.69,17.69,-0.53,-2.9089,0
2004-05-04,17.31,17.31,17.31,17.31,-0.38,-2.1481,0
2004-05-05,16.62,16.62,16.62,16.62,-0.69,-3.9861,0
2004-05-06,17.48,17.48,17.48,17.48,0.86,5.1745,0
2004-05-07,18.31,18.31,18.31,18.31,0.83,4.7483,0
2004-05-10,19.35,19.35,19.35,19.35,1.04,5.68,0
2004-05-11,18.38,18.38,18.38,18.38,-0.97,-5.0129,0
2004-05-12,18.2,18.2,18.2,18.2,-0.18,-0.9793,0
2004-05-13,18.38,18.38,18.38,18.38,0.18,0.989,0
2004-05-14,18.55,18.55,18.55,18.55,0.17,0.9249,0
2004-05-17,19.37,19.37,19.37,19.37,0.82,4.4205,0
2004-05-18,19.25,19.25,19.25,19.25,-0.12,-0.6195,0
2004-05-19,19.17,19.17,19.17,19.17,-0.08,-0.4156,0
2004-05-20,19.34,19.34,19.34,19.34,0.17,0.8868,0
2004-05-21,19.17,19.17,19.17,19.17,-0.17,-0.879,0
2004-05-24,18.77,18.77,18.77,18.77,-0.4,-2.0866,0
2004-05-25,17.5,17.5,17.5,17.5,-1.27,-6.7661,0
2004-05-26,17.61,17.61,17.61,17.61,0.11,0.6286,0
2004-05-27,17.35,17.35,17.35,17.35,-0.26,-1.4764,0
2004-05-28,17.58,17.58,17.58,17.58,0.23,1.3256,0
2004-06-01,17.6,17.6,17.6,17.6,0.02,0.1138,0
2004-06-02,17.65,17.65,17.65,17.65,0.05,0.2841,0
2004-06-03,17.6,17.6,17.6,17.6,-0.05,-0.2833,0
2004-06-04,17.28,17.28,17.28,17.28,-0.32,-1.8182,0
2004-06-07,16.58,16.58,16.58,16.58,-0.7,-4.0509,0
2004-06-08,16.18,16.18,16.18,16.18,-0.4,-2.4125,0
2004-06-09,16.2,16.2,16.2,16.2,0.02,0.1236,0
2004-06-10,15.71,15.71,15.71,15.71,-0.49,-3.0247,0
2004-06-14,16.29,16.29,16.29,16.29,0.58,3.6919,0
2004-06-15,15.03,15.03,15.03,15.03,-1.26,-7.7348,0
2004-06-16,17.1,17.1,17.1,17.1,2.07,13.7725,0
2004-06-17,17.14,17.14,17.14,17.14,0.04,0.2339,0
2004-06-18,17.0,17.0,17.0,17.0,-0.14,-0.8168,0
2004-06-21,17.26,17.26,17.26,17.26,0.26,1.5294,0
2004-06-22,16.77,16.77,16.77,16.77,-0.49,-2.8389,0
2004-06-23,15.79,15.79,15.79,15.79,-0.98,-5.8438,0
2004-06-24,16.02,16.02,16.02,16.02,0.23,1.4566,0
2004-06-25,16.23,16.23,16.23,16.23,0.21,1.3109,0
2004-06-28,16.37,16.37,16.37,16.37,0.14,0.8626,0
2004-06-29,15.98,15.98,15.98,15.98,-0.39,-2.3824,0
2004-06-30,15.38,15.38,15.38,15.38,-0.6,-3.7547,0
2004-07-01,15.67,15.67,15.67,15.67,0.29,1.8856,0
2004-07-02,15.56,15.56,15.56,15.56,-0.11,-0.702,0
2004-07-06,16.22,16.22,16.22,16.22,0.66,4.2416,0
2004-07-07,15.67,15.67,15.67,15.67,-0.55,-3.3909,0
2004-07-08,15.94,15.94,15.94,15.94,0.27,1.723,0
2004-07-09,15.74,15.74,15.74,15.74,-0.2,-1.2547,0
2004-07-12,15.09,15.09,15.09,15.09,-0.65,-4.1296,0
2004-07-13,14.31,14.31,14.31,14.31,-0.78,-5.169,0
2004-07-14,18.74,18.74,18.74,18.74,4.43,30.9574,0
2004-07-15,18.83,18.83,18.83,18.83,0.09,0.4803,0
2004-07-16,18.95,18.95,18.95,18.95,0.12,0.6373,0
2004-07-19,18.98,18.98,18.98,18.98,0.03,0.1583,0
2004-07-20,18.46,18.46,18.46,18.46,-0.52,-2.7397,0
2004-07-21,19.14,19.14,19.14,19.14,0.68,3.6836,0
2004-07-22,18.42,18.42,18.42,18.42,-0.72,-3.7618,0
2004-07-23,18.39,18.39,18.39,18.39,-0.03,-0.1629,0
2004-07-26,18.55,18.55,18.55,18.55,0.16,0.87,0
2004-07-27,17.88,17.88,17.88,17.88,-0.67,-3.6119,0
2004-07-28,17.5,17.5,17.5,17.5,-0.38,-2.1253,0
2004-07-29,16.86,16.86,16.86,16.86,-0.64,-3.6571,0
2004-07-30,16.68,16.68,16.68,16.68,-0.18,-1.0676,0
2004-08-02,16.41,16.41,16.41,16.41,-0.27,-1.6187,0
2004-08-03,16.58,16.58,16.58,16.58,0.17,1.036,0
2004-08-04,16.73,16.73,16.73,16.73,0.15,0.9047,0
2004-08-05,17.61,17.61,17.61,17.61,0.88,5.26,0
2004-08-06,18.37,18.37,18.37,18.37,0.76,4.3157,0
2004-08-09,18.0,18.0,18.0,18.0,-0.37,-2.0142,0
2004-08-10,17.43,17.43,17.43,17.43,-0.57,-3.1667,0
2004-08-11,17.49,17.49,17.49,17.49,0.06,0.3442,0
2004-08-12,18.12,18.12,18.12,18.12,0.63,3.6021,0
2004-08-13,17.87,17.87,17.87,17.87,-0.25,-1.3797,0
2004-08-16,17.2,17.2,17.2,17.2,-0.67,-3.7493,0
2004-08-17,16.6,16.6,16.6,16.6,-0.6,-3.4884,0
2004-08-18,17.81,17.81,17.81,17.81,1.21,7.2892,0
2004-08-19,17.89,17.89,17.89,17.89,0.08,0.4492,0
2004-08-20,17.65,17.65,17.65,17.65,-0.24,-1.3415,0
2004-08-23,17.47,17.47,17.47,17.47,-0.18,-1.0198,0
2004-08-24,17.1,17.1,17.1,17.1,-0.37,-2.1179,0
2004-08-25,16.5,16.5,16.5,16.5,-0.6,-3.5088,0
2004-08-26,16.41,16.41,16.41,16.41,-0.09,-0.5455,0
2004-08-27,16.15,16.15,16.15,16.15,-0.26,-1.5844,0
2004-08-30,16.44,16.44,16.44,16.44,0.29,1.7957,0
2004-08-31,16.17,16.17,16.17,16.17,-0.27,-1.6423,0
2004-09-01,16.02,16.02,16.02,16.02,-0.15,-0.9276,0
2004-09-02,15.39,15.39,15.39,15.39,-0.63,-3.9326,0
2004-09-03,15.26,15.26,15.26,15.26,-0.13,-0.8447,0
2004-09-07,14.89,14.89,14.89,14.89,-0.37,-2.4246,0
2004-09-08,14.59,14.59,14.59,14.59,-0.3,-2.0148,0
2004-09-09,14.46,14.46,14.46,14.46,-0.13,-0.891,0
2004-09-10,14.29,14.29,14.29,14.29,-0.17,-1.1757,0
2004-09-13,13.73,13.73,13.73,13.73,-0.56,-3.9188,0
2004-09-14,13.5,13.5,13.5,13.5,-0.23,-1.6752,0
2004-09-15,15.48,15.48,15.48,15.48,1.98,14.6667,0
2004-09-16,15.51,15.51,15.51,15.51,0.03,0.1938,0
2004-09-17,15.54,15.54,15.54,15.54,0.03,0.1934,0
2004-09-20,15.66,15.66,15.66,15.66,0.12,0.7722,0
2004-09-21,15.34,15.34,15.34,15.34,-0.32,-2.0434,0
2004-09-22,15.6,15.6,15.6,15.6,0.26,1.6949,0
2004-09-23,15.61,15.61,15.61,15.61,0.01,0.0641,0
2004-09-24,15.35,15.35,15.35,15.35,-0.26,-1.6656,0
2004-09-27,15.52,15.52,15.52,15.52,0.17,1.1075,0
2004-09-28,14.95,14.95,14.95,14.95,-0.57,-3.6727,0
2004-09-29,14.35,14.35,14.35,14.35,-0.6,-4.0134,0
2004-09-30,14.23,14.23,14.23,14.23,-0.12,-0.8362,0
2004-10-01,13.57,13.57,13.57,13.57,-0.66,-4.6381,0
2004-10-04,13.82,13.82,13.82,13.82,0.25,1.8423,0
2004-10-05,13.87,13.87,13.87,13.87,0.05,0.3618,0
2004-10-06,13.55,13.55,13.55,13.55,-0.32,-2.3071,0
2004-10-07,14.15,14.15,14.15,14.15,0.6,4.428,0
2004-10-08,14.73,14.73,14.73,14.73,0.58,4.0989,0
2004-10-11,14.81,14.81,14.81,14.81,0.08,0.5431,0
2004-10-12,15.02,15.02,15.02,15.02,0.21,1.418,0
2004-10-13,15.99,15.99,15.99,15.99,0.97,6.4581,0
2004-10-14,16.3,16.3,16.3,16.3,0.31,1.9387,0
2004-10-15,15.99,15.99,15.99,15.99,-0.31,-1.9018,0
2004-10-18,15.47,15.47,15.47,15.47,-0.52,-3.252,0
2004-10-19,15.6,15.6,15.6,15.6,0.13,0.8403,0
2004-10-20,16.05,16.05,16.05,16.05,0.45,2.8846,0
2004-10-21,15.32,15.32,15.32,15.32,-0.73,-4.5483,0
2004-10-22,15.65,15.65,15.65,15.65,0.33,2.154,0
2004-10-25,16.11,16.11,16.11,16.11,0.46,2.9393,0
2004-10-26,15.76,15.76,15.76,15.76,-0.35,-2.1726,0
2004-10-27,15.81,15.81,15.81,15.81,0.05,0.3173,0
2004-10-28,15.56,15.56,15.56,15.56,-0.25,-1.5813,0
2004-10-29,15.6,15.6,15.6,15.6,0.04,0.2571,0
2004-11-01,15.72,15.72,15.72,15.72,0.12,0.7692,0
2004-11-02,15.22,15.22,15.22,15.22,-0.5,-3.1807,0
2004-11-03,14.29,14.29,14.29,14.29,-0.93,-6.1104,0
2004-11-04,13.72,13.72,13.72,13.72,-0.57,-3.9888,0
2004-11-05,13.68,13.68,13.68,13.68,-0.04,-0.2915,0
2004-11-08,13.84,13.84,13.84,13.84,0.16,1.1696,0
2004-11-09,13.64,13.64,13.64,13.64,-0.2,-1.4451,0
2004-11-10,13.12,13.12,13.12,13.12,-0.52,-3.8123,0
2004-11-11,12.74,12.74,12.74,12.74,-0.38,-2.8963,0
2004-11-12,12.8,12.8,12.8,12.8,0.06,0.471,0
2004-11-15,12.71,12.71,12.71,12.71,-0.09,-0.7031,0
2004-11-16,12.58,12.58,12.58,12.58,-0.13,-1.0228,0
2004-11-17,15.12,15.12,15.12,15.12,2.54,20.1908,0
2004-11-18,15.12,15.12,15.12,15.12,0.0,0.0,0
2004-11-19,15.45,15.45,15.45,15.45,0.33,2.1825,0
2004-11-22,15.22,15.22,15.22,15.22,-0.23,-1.4887,0
2004-11-23,15.15,15.15,15.15,15.15,-0.07,-0.4599,0
2004-11-24,15.03,15.03,15.03,15.03,-0.12,-0.7921,0
2004-11-26,15.01,15.01,15.01,15.01,-0.02,-0.1331,0
2004-11-29,15.06,15.06,15.06,15.06,0.05,0.3331,0
2004-11-30,15.08,15.08,15.08,15.08,0.02,0.1328,0
2004-12-01,14.88,14.88,14.88,14.88,-0.2,-1.3263,0
2004-12-02,14.82,14.82,14.82,14.82,-0.06,-0.4032,0
2004-12-03,14.81,14.81,14.81,14.81,-0.01,-0.0675,0
2004-12-06,14.24,14.24,14.24,14.24,-0.57,-3.8488,0
2004-12-07,14.47,14.47,14.47,14.47,0.23,1.6152,0
2004-12-08,14.3,14.3,14.3,14.3,-0.17,-1.1748,0
2004-12-09,14.22,14.22,14.22,14.22,-0.08,-0.5594,0
2004-12-10,14.16,14.16,14.16,14.16,-0.06,-0.4219,0
2004-12-13,13.87,13.87,13.87,13.87,-0.29,-2.048,0
2004-12-14,13.89,13.89,13.89,13.89,0.02,0.1442,0
2004-12-15,13.93,13.93,13.93,13.93,0.04,0.288,0
2004-12-16,13.77,13.77,13.77,13.77,-0.16,-1.1486,0
2004-12-17,13.8,13.8,13.8,13.8,0.03,0.2179,0
2004-12-20,13.77,13.77,13.77,13.77,-0.03,-0.2174,0
2004-12-21,13.5,13.5,13.5,13.5,-0.27,-1.9608,0
2004-12-22,13.53,13.53,13.53,13.53,0.03,0.2222,0
2004-12-23,13.45,13.45,13.45,13.45,-0.08,-0.5913,0
2004-12-27,13.47,13.47,13.47,13.47,0.02,0.1487,0
2004-12-28,13.43,13.43,13.43,13.43,-0.04,-0.297,0
2004-12-29,13.42,13.42,13.42,13.42,-0.01,-0.0745,0
2004-12-30,13.48,13.48,13.48,13.48,0.06,0.4471,0
2004-12-31,13.52,13.52,13.52,13.52,0.04,0.2967,0
2005-01-03,13.83,13.83,13.83,13.83,0.31,2.2929,0
2005-01-04,13.92,13.92,13.92,13.92,0.09,0.6508,0
2005-01-05,13.99,13.99,13.99,13.99,0.07,0.5029,0
2005-01-06,13.74,13.74,13.74,13.74,-0.25,-1.787,0
2005-01-07,13.67,13.67,13.67,13.67,-0.07,-0.5095,0
2005-01-10,13.59,13.59,13.59,13.59,-0.08,-0.5852,0
2005-01-11,13.72,13.72,13.72,13.72,0.13,0.9566,0
2005-01-12,13.24,13.24,13.24,13.24,-0.48,-3.4985,0
2005-01-13,13.05,13.05,13.05,13.05,-0.19,-1.435,0
2005-01-14,12.93,12.93,12.93,12.93,-0.12,-0.9195,0
2005-01-18,12.32,12.32,12.32,12.32,-0.61,-4.7177,0
2005-01-19,13.78,13.78,13.78,13.78,1.46,11.8506,0
2005-01-20,13.93,13.93,13.93,13.93,0.15,1.0885,0
2005-01-21,14.22,14.22,14.22,14.22,0.29,2.0818,0
2005-01-24,14.15,14.15,14.15,14.15,-0.07,-0.4923,0
2005-01-25,14.01,14.01,14.01,14.01,-0.14,-0.9894,0
2005-01-26,13.71,13.71,13.71,13.71,-0.3,-2.1413,0
2005-01-27,13.55,13.55,13.55,13.55,-0.16,-1.167,0
2005-01-28,13.38,13.38,13.38,13.38,-0.17,-1.2546,0
2005-01-31,13.26,13.26,13.26,13.26,-0.12,-0.8969,0
2005-02-01,12.83,12.83,12.83,12.83,-0.43,-3.2428,0
2005-02-02,12.19,12.19,12.19,12.19,-0.64,-4.9883,0
2005-02-03,12.29,12.29,12.29,12.29,0.1,0.8203,0
2005-02-04,11.48,11.48,11.48,11.48,-0.81,-6.5907,0
2005-02-07,11.59,11.59,11.59,11.59,0.11,0.9582,0
2005-02-08,11.54,11.54,11.54,11.54,-0.05,-0.4314,0
2005-02-09,11.88,11.88,11.88,11.88,0.34,2.9463,0
2005-02-10,11.65,11.65,11.65,11.65,-0.23,-1.936,0
2005-02-11,11.37,11.37,11.37,11.37,-0.28,-2.4034,0
2005-02-14,11.37,11.37,11.37,11.37,0.0,0.0,0
2005-02-15,11.25,11.25,11.25,11.25,-0.12,-1.0554,0
2005-02-16,11.93,11.93,11.93,11.93,0.68,6.0444,0
2005-02-17,12.04,12.04,12.04,12.04,0.11,0.922,0
2005-02-18,12.05,12.05,12.05,12.05,0.01,0.0831,0
2005-02-22,12.5,12.5,12.5,12.5,0.45,3.7344,0
2005-02-23,12.43,12.43,12.43,12.43,-0.07,-0.56,0
2005-02-24,12.27,12.27,12.27,12.27,-0.16,-1.2872,0
2005-02-25,12.04,12.04,12.04,12.04,-0.23,-1.8745,0
2005-02-28,12.34,12.34,12.34,12.34,0.3,2.4917,0
2005-03-01,12.2,12.2,12.2,12.2,-0.14,-1.1345,0
2005-03-02,12.46,12.46,12.46,12.46,0.26,2.1311,0
2005-03-03,12.82,12.82,12.82,12.82,0.36,2.8892,0
2005-03-04,12.33,12.33,12.33,12.33,-0.49,-3.8222,0
2005-03-07,12.28,12.28,12.28,12.28,-0.05,-0.4055,0
2005-03-08,12.5,12.5,12.5,12.5,0.22,1.7915,0
2005-03-09,12.72,12.72,12.72,12.72,0.22,1.76,0
2005-03-10,12.65,12.65,12.65,12.65,-0.07,-0.5503,0
2005-03-11,12.72,12.72,12.72,12.72,0.07,0.5534,0
2005-03-14,12.7,12.7,12.7,12.7,-0.02,-0.1572,0
2005-03-15,13.08,13.08,13.08,13.08,0.38,2.9921,0
2005-03-16,14.08,14.08,14.08,14.08,1.0,7.6453,0
2005-03-17,14.13,14.13,14.13,14.13,0.05,0.3551,0
2005-03-18,14.13,14.13,14.13,14.13,0.0,0.0,0
2005-03-21,14.25,14.25,14.25,14.25,0.12,0.8493,0
2005-03-22,14.56,14.56,14.56,14.56,0.31,2.1754,0
2005-03-23,14.64,14.64,14.64,14.64,0.08,0.5495,0
2005-03-24,14.44,14.44,14.44,14.44,-0.2,-1.3661,0
2005-03-28,14.55,14.55,14.55,14.55,0.11,0.7618,0
2005-03-29,15.02,15.02,15.02,15.02,0.47,3.2302,0
2005-03-30,14.56,14.56,14.56,14.56,-0.46,-3.0626,0
2005-03-31,14.55,14.55,14.55,14.55,-0.01,-0.0687,0
2005-04-01,14.78,14.78,14.78,14.78,0.23,1.5808,0
2005-04-04,15.0,15.0,15.0,15.0,0.22,1.4885,0
2005-04-05,14.88,14.88,14.88,14.88,-0.12,-0.8,0
2005-04-06,14.35,14.35,14.35,14.35,-0.53,-3.5618,0
2005-04-07,14.05,14.05,14.05,14.05,-0.3,-2.0906,0
2005-04-08,14.04,14.04,14.04,14.04,-0.01,-0.0712,0
2005-04-11,13.95,13.95,13.95,13.95,-0.09,-0.641,0
2005-04-12,13.61,13.61,13.61,13.61,-0.34,-2.4373,0
2005-04-13,14.12,14.12,14.12,14.12,0.51,3.7472,0
2005-04-14,14.93,14.93,14.93,14.93,0.81,5.7365,0
2005-04-15,15.7,15.7,15.7,15.7,0.77,5.1574,0
2005-04-18,15.6,15.6,15.6,15.6,-0.1,-0.6369,0
2005-04-19,15.01,15.01,15.01,15.01,-0.59,-3.7821,0
2005-04-20,15.4,15.4,15.4,15.4,0.39,2.5983,0
2005-04-21,14.57,14.57,14.57,14.57,-0.83,-5.3896,0
2005-04-22,15.03,15.03,15.03,15.03,0.46,3.1572,0
2005-04-25,14.42,14.42,14.42,14.42,-0.61,-4.0585,0
2005-04-26,14.76,14.76,14.76,14.76,0.34,2.3578,0
2005-04-27,14.78,14.78,14.78,14.78,0.02,0.1355,0
2005-04-28,15.55,15.55,15.55,15.55,0.77,5.2097,0
2005-04-29,15.4,15.4,15.4,15.4,-0.15,-0.9646,0
2005-05-02,14.95,14.95,14.95,14.95,-0.45,-2.9221,0
2005-05-03,14.84,14.84,14.84,14.84,-0.11,-0.7358,0
2005-05-04,14.21,14.21,14.21,14.21,-0.63,-4.2453,0
2005-05-05,14.09,14.09,14.09,14.09,-0.12,-0.8445,0
2005-05-06,14.19,14.19,14.19,14.19,0.1,0.7097,0
2005-05-09,13.96,13.96,13.96,13.96,-0.23,-1.6209,0
2005-05-10,14.42,14.42,14.42,14.42,0.46,3.2951,0
2005-05-11,14.52,14.52,14.52,14.52,0.1,0.6935,0
2005-05-12,15.41,15.41,15.41,15.41,0.89,6.1295,0
2005-05-13,15.93,15.93,15.93,15.93,0.52,3.3744,0
2005-05-16,15.53,15.53,15.53,15.53,-0.4,-2.511,0
2005-05-17,14.65,14.65,14.65,14.65,-0.88,-5.6665,0
2005-05-18,14.31,14.31,14.31,14.31,-0.34,-2.3208,0
2005-05-19,14.05,14.05,14.05,14.05,-0.26,-1.8169,0
2005-05-20,13.85,13.85,13.85,13.85,-0.2,-1.4235,0
2005-05-23,13.55,13.55,13.55,13.55,-0.3,-2.1661,0
2005-05-24,13.48,13.48,13.48,13.48,-0.07,-0.5166,0
2005-05-25,13.61,13.61,13.61,13.61,0.13,0.9644,0
2005-05-26,13.1,13.1,13.1,13.1,-0.51,-3.7472,0
2005-05-27,13.17,13.17,13.17,13.17,0.07,0.5344,0
2005-05-31,13.27,13.27,13.27,13.27,0.1,0.7593,0
2005-06-01,12.94,12.94,12.94,12.94,-0.33,-2.4868,0
2005-06-02,12.83,12.83,12.83,12.83,-0.11,-0.8501,0
2005-06-03,12.82,12.82,12.82,12.82,-0.01,-0.0779,0
2005-06-06,12.49,12.49,12.49,12.49,-0.33,-2.5741,0
2005-06-07,12.14,12.14,12.14,12.14,-0.35,-2.8022,0
2005-06-08,12.25,12.25,12.25,12.25,0.11,0.9061,0
2005-06-09,12.23,12.23,12.23,12.23,-0.02,-0.1633,0
2005-06-10,12.08,12.08,12.08,12.08,-0.15,-1.2265,0
2005-06-13,11.45,11.45,11.45,11.45,-0.63,-5.2152,0
2005-06-14,11.16,11.16,11.16,11.16,-0.29,-2.5328,0
2005-06-15,13.9,13.9,13.9,13.9,2.74,24.552,0
2005-06-16,13.87,13.87,13.87,13.87,-0.03,-0.2158,0
2005-06-17,14.0,14.0,14.0,14.0,0.13,0.9373,0
2005-06-20,14.0,14.0,14.0,14.0,0.0,0.0,0
2005-06-21,13.88,13.88,13.88,13.88,-0.12,-0.8571,0
2005-06-22,13.88,13.88,13.88,13.88,0.0,0.0,0
2005-06-23,13.96,13.96,13.96,13.96,0.08,0.5764,0
2005-06-24,14.26,14.26,14.26,14.26,0.3,2.149,0
2005-06-27,14.12,14.12,14.12,14.12,-0.14,-0.9818,0
2005-06-28,13.87,13.87,13.87,13.87,-0.25,-1.7705,0
2005-06-29,14.05,14.05,14.05,14.05,0.18,1.2978,0
2005-06-30,14.08,14.08,14.08,14.08,0.03,0.2135,0
2005-07-01,14.06,14.06,14.06,14.06,-0.02,-0.142,0
2005-07-05,13.84,13.84,13.84,13.84,-0.22,-1.5647,0
2005-07-06,13.96,13.96,13.96,13.96,0.12,0.8671,0
2005-07-07,14.06,14.06,14.06,14.06,0.1,0.7163,0
2005-07-08,13.69,13.69,13.69,13.69,-0.37,-2.6316,0
2005-07-11,13.53,13.53,13.53,13.53,-0.16,-1.1687,0
2005-07-12,13.39,13.39,13.39,13.39,-0.14,-1.0347,0
2005-07-13,13.18,13.18,13.18,13.18,-0.21,-1.5683,0
2005-07-14,13.01,13.01,13.01,13.01,-0.17,-1.2898,0
2005-07-15,12.89,12.89,12.89,12.89,-0.12,-0.9224,0
2005-07-18,12.81,12.81,12.81,12.81,-0.08,-0.6206,0
2005-07-19,12.64,12.64,12.64,12.64,-0.17,-1.3271,0
2005-07-20,12.51,12.51,12.51,12.51,-0.13,-1.0285,0
2005-07-21,12.45,12.45,12.45,12.45,-0.06,-0.4796,0
2005-07-22,12.26,12.26,12.26,12.26,-0.19,-1.5261,0
2005-07-25,12.35,12.35,12.35,12.35,0.09,0.7341,0
2005-07-26,12.44,12.44,12.44,12.44,0.09,0.7287,0
2005-07-27,12.31,12.31,12.31,12.31,-0.13,-1.045,0
2005-07-28,12.12,12.12,12.12,12.12,-0.19,-1.5435,0
2005-07-29,12.31,12.31,12.31,12.31,0.19,1.5677,0
2005-08-01,12.45,12.45,12.45,12.45,0.14,1.1373,0
2005-08-02,12.4,12.4,12.4,12.4,-0.05,-0.4016,0
2005-08-03,12.45,12.45,12.45,12.45,0.05,0.4032,0
2005-08-04,12.7,12.7,12.7,12.7,0.25,2.008,0
2005-08-05,12.78,12.78,12.78,12.78,0.08,0.6299,0
2005-08-08,12.88,12.88,12.88,12.88,0.1,0.7825,0
2005-08-09,12.4,12.4,12.4,12.4,-0.48,-3.7267,0
2005-08-10,12.09,12.09,12.09,12.09,-0.31,-2.5,0
2005-08-11,11.98,11.98,11.98,11.98,-0.11,-0.9098,0
2005-08-12,12.05,12.05,12.05,12.05,0.07,0.5843,0
2005-08-15,11.82,11.82,11.82,11.82,-0.23,-1.9087,0
2005-08-16,12.61,12.61,12.61,12.61,0.79,6.6836,0
2005-08-17,14.49,14.49,14.49,14.49,1.88,14.9088,0
2005-08-18,14.38,14.38,14.38,14.38,-0.11,-0.7591,0
2005-08-19,14.33,14.33,14.33,14.33,-0.05,-0.3477,0
2005-08-22,14.24,14.24,14.24,14.24,-0.09,-0.6281,0
2005-08-23,14.25,14.25,14.25,14.25,0.01,0.0702,0
2005-08-24,14.26,14.26,14.26,14.26,0.01,0.0702,0
2005-08-25,14.28,14.28,14.28,14.28,0.02,0.1403,0
2005-08-26,14.36,14.36,14.36,14.36,0.08,0.5602,0
2005-08-29,14.2,14.2,14.2,14.2,-0.16,-1.1142,0
2005-08-30,14.3,14.3,14.3,14.3,0.1,0.7042,0
2005-08-31,14.11,14.11,14.11,14.11,-0.19,-1.3287,0
2005-09-01,14.18,14.18,14.18,14.18,0.07,0.4961,0
2005-09-02,14.23,14.23,14.23,14.23,0.05,0.3526,0
2005-09-06,14.09,14.09,14.09,14.09,-0.14,-0.9838,0
2005-09-07,13.92,13.92,13.92,13.92,-0.17,-1.2065,0
2005-09-08,13.94,13.94,13.94,13.94,0.02,0.1437,0
2005-09-09,13.71,13.71,13.71,13.71,-0.23,-1.6499,0
2005-09-12,13.65,13.65,13.65,13.65,-0.06,-0.4376,0
2005-09-13,13.78,13.78,13.78,13.78,0.13,0.9524,0
2005-09-14,13.77,13.77,13.77,13.77,-0.01,-0.0726,0
2005-09-15,13.71,13.71,13.71,13.71,-0.06,-0.4357,0
2005-09-16,13.58,13.58,13.58,13.58,-0.13,-0.9482,0
2005-09-19,13.69,13.69,13.69,13.69,0.11,0.81,0
2005-09-20,13.66,13.66,13.66,13.66,-0.03,-0.2191,0
2005-09-21,14.05,14.05,14.05,14.05,0.39,2.8551,0
2005-09-22,14.18,14.18,14.18,14.18,0.13,0.9253,0
2005-09-23,13.95,13.95,13.95,13.95,-0.23,-1.622,0
2005-09-26,13.75,13.75,13.75,13.75,-0.2,-1.4337,0
2005-09-27,13.63,13.63,13.63,13.63,-0.12,-0.8727,0
2005-09-28,13.43,13.43,13.43,13.43,-0.2,-1.4674,0
2005-09-29,13.15,13.15,13.15,13.15,-0.28,-2.0849,0
2005-09-30,12.94,12.94,12.94,12.94,-0.21,-1.597,0
2005-10-03,12.86,12.86,12.86,12.86,-0.08,-0.6182,0
2005-10-04,13.18,13.18,13.18,13.18,0.32,2.4883,0
2005-10-05,13.8,13.8,13.8,13.8,0.62,4.7041,0
2005-10-06,14.1,14.1,14.1,14.1,0.3,2.1739,0
2005-10-07,14.05,14.05,14.05,14.05,-0.05,-0.3546,0
2005-10-10,14.56,14.56,14.56,14.56,0.51,3.6299,0
2005-10-11,14.63,14.63,14.63,14.63,0.07,0.4808,0
2005-10-12,14.77,14.77,14.77,14.77,0.14,0.9569,0
2005-10-13,15.36,15.36,15.36,15.36,0.59,3.9946,0
2005-10-14,14.77,14.77,14.77,14.77,-0.59,-3.8411,0
2005-10-17,14.3,14.3,14.3,14.3,-0.47,-3.1821,0
2005-10-18,14.57,14.57,14.57,14.57,0.27,1.8881,0
2005-10-19,14.61,14.61,14.61,14.61,0.04,0.2745,0
2005-10-20,15.17,15.17,15.17,15.17,0.56,3.833,0
2005-10-21,15.11,15.11,15.11,15.11,-0.06,-0.3955,0
2005-10-24,14.66,14.66,14.66,14.66,-0.45,-2.9782,0
2005-10-25,14.54,14.54,14.54,14.54,-0.12,-0.8186,0
2005-10-26,14.37,14.37,14.37,14.37,-0.17,-1.1692,0
2005-10-27,14.95,14.95,14.95,14.95,0.58,4.0362,0
2005-10-28,14.51,14.51,14.51,14.51,-0.44,-2.9431,0
2005-10-31,14.47,14.47,14.47,14.47,-0.04,-0.2757,0
2005-11-01,14.3,14.3,14.3,14.3,-0.17,-1.1748,0
2005-11-02,13.89,13.89,13.89,13.89,-0.41,-2.8671,0
2005-11-03,13.29,13.29,13.29,13.29,-0.6,-4.3197,0
2005-11-04,13.21,13.21,13.21,13.21,-0.08,-0.602,0
2005-11-07,13.12,13.12,13.12,13.12,-0.09,-0.6813,0
2005-11-08,13.18,13.18,13.18,13.18,0.06,0.4573,0
2005-11-09,12.9,12.9,12.9,12.9,-0.28,-2.1244,0
2005-11-10,12.39,12.39,12.39,12.39,-0.51,-3.9535,0
2005-11-11,11.89,11.89,11.89,11.89,-0.5,-4.0355,0
2005-11-14,11.94,11.94,11.94,11.94,0.05,0.4205,0
2005-11-15,11.87,11.87,11.87,11.87,-0.07,-0.5863,0
2005-11-16,12.76,12.76,12.76,12.76,0.89,7.4979,0
2005-11-17,12.42,12.42,12.42,12.42,-0.34,-2.6646,0
2005-11-18,12.05,12.05,12.05,12.05,-0.37,-2.9791,0
2005-11-21,12.08,12.08,12.08,12.08,0.03,0.249,0
2005-11-22,12.01,12.01,12.01,12.01,-0.07,-0.5795,0
2005-11-23,11.94,11.94,11.94,11.94,-0.07,-0.5828,0
2005-11-25,11.96,11.96,11.96,11.96,0.02,0.1675,0
2005-11-28,12.06,12.06,12.06,12.06,0.1,0.8361,0
2005-11-29,12.11,12.11,12.11,12.11,0.05,0.4146,0
2005-11-30,12.19,12.19,12.19,12.19,0.08,0.6606,0
2005-12-01,12.03,12.03,12.03,12.03,-0.16,-1.3126,0
2005-12-02,11.77,11.77,11.77,11.77,-0.26,-2.1613,0
2005-12-05,11.83,11.83,11.83,11.83,0.06,0.5098,0
2005-12-06,11.81,11.81,11.81,11.81,-0.02,-0.1691,0
2005-12-07,12.15,12.15,12.15,12.15,0.34,2.8789,0
2005-12-08,12.15,12.15,12.15,12.15,0.0,0.0,0
2005-12-09,12.01,12.01,12.01,12.01,-0.14,-1.1523,0
2005-12-12,11.96,11.96,11.96,11.96,-0.05,-0.4163,0
2005-12-13,11.68,11.68,11.68,11.68,-0.28,-2.3411,0
2005-12-14,11.33,11.33,11.33,11.33,-0.35,-2.9966,0
2005-12-15,11.16,11.16,11.16,11.16,-0.17,-1.5004,0
2005-12-16,11.02,11.02,11.02,11.02,-0.14,-1.2545,0
2005-12-19,11.11,11.11,11.11,11.11,0.09,0.8167,0
2005-12-20,11.15,11.15,11.15,11.15,0.04,0.36,0
2005-12-21,12.59,12.59,12.59,12.59,1.44,12.9148,0
2005-12-22,12.48,12.48,12.48,12.48,-0.11,-0.8737,0
2005-12-23,12.21,12.21,12.21,12.21,-0.27,-2.1635,0
2005-12-27,12.45,12.45,12.45,12.45,0.24,1.9656,0
2005-12-28,12.32,12.32,12.32,12.32,-0.13,-1.0442,0
2005-12-29,12.32,12.32,12.32,12.32,0.0,0.0,0
2005-12-30,12.45,12.45,12.45,12.45,0.13,1.0552,0
2006-01-03,12.02,12.02,12.02,12.02,-0.43,-3.4538,0
2006-01-04,11.84,11.84,11.84,11.84,-0.18,-1.4975,0
2006-01-05,11.83,11.83,11.83,11.83,-0.01,-0.0845,0
2006-01-06,11.56,11.56,11.56,11.56,-0.27,-2.2823,0
2006-01-09,11.33,11.33,11.33,11.33,-0.23,-1.9896,0
2006-01-10,11.22,11.22,11.22,11.22,-0.11,-0.9709,0
2006-01-11,11.19,11.19,11.19,11.19,-0.03,-0.2674,0
2006-01-12,11.3,11.3,11.3,11.3,0.11,0.983,0
2006-01-13,11.32,11.32,11.32,11.32,0.02,0.177,0
2006-01-17,11.71,11.71,11.71,11.71,0.39,3.4452,0
2006-01-18,13.27,13.27,13.27,13.27,1.56,13.3219,0
2006-01-19,13.11,13.11,13.11,13.11,-0.16,-1.2057,0
2006-01-20,13.53,13.53,13.53,13.53,0.42,3.2037,0
2006-01-23,13.74,13.74,13.74,13.74,0.21,1.5521,0
2006-01-24,13.56,13.56,13.56,13.56,-0.18,-1.31,0
2006-01-25,13.32,13.32,13.32,13.32,-0.24,-1.7699,0
2006-01-26,12.92,12.92,12.92,12.92,-0.4,-3.003,0
2006-01-27,12.72,12.72,12.72,12.72,-0.2,-1.548,0
2006-01-30,12.53,12.53,12.53,12.53,-0.19,-1.4937,0
2006-01-31,12.7,12.7,12.7,12.7,0.17,1.3567,0
2006-02-01,12.66,12.66,12.66,12.66,-0.04,-0.315,0
2006-02-02,12.86,12.86,12.86,12.86,0.2,1.5798,0
2006-02-03,12.87,12.87,12.87,12.87,0.01,0.0778,0
2006-02-06,12.8,12.8,12.8,12.8,-0.07,-0.5439,0
2006-02-07,13.02,13.02,13.02,13.02,0.22,1.7187,0
2006-02-08,12.47,12.47,12.47,12.47,-0.55,-4.2243,0
2006-02-09,12.41,12.41,12.41,12.41,-0.06,-0.4812,0
2006-02-10,12.37,12.37,12.37,12.37,-0.04,-0.3223,0
2006-02-13,12.65,12.65,12.65,12.65,0.28,2.2635,0
2006-02-14,11.95,11.95,11.95,11.95,-0.7,-5.5336,0
2006-02-15,12.99,12.99,12.99,12.99,1.04,8.7029,0
2006-02-16,12.74,12.74,12.74,12.74,-0.25,-1.9246,0
2006-02-17,12.6,12.6,12.6,12.6,-0.14,-1.0989,0
2006-02-21,12.44,12.44,12.44,12.44,-0.16,-1.2698,0
2006-02-22,12.19,12.19,12.19,12.19,-0.25,-2.0096,0
2006-02-23,12.2,12.2,12.2,12.2,0.01,0.082,0
2006-02-24,12.1,12.1,12.1,12.1,-0.1,-0.8197,0
2006-02-27,11.96,11.96,11.96,11.96,-0.14,-1.157,0
2006-02-28,12.19,12.19,12.19,12.19,0.23,1.9231,0
2006-03-01,12.05,12.05,12.05,12.05,-0.14,-1.1485,0
2006-03-02,12.07,12.07,12.07,12.07,0.02,0.166,0
2006-03-03,12.11,12.11,12.11,12.11,0.04,0.3314,0
2006-03-06,12.34,12.34,12.34,12.34,0.23,1.8993,0
2006-03-07,12.44,12.44,12.44,12.44,0.1,0.8104,0
2006-03-08,12.25,12.25,12.25,12.25,-0.19,-1.5273,0
2006-03-09,12.38,12.38,12.38,12.38,0.13,1.0612,0
2006-03-10,12.21,12.21,12.21,12.21,-0.17,-1.3732,0
2006-03-13,11.88,11.88,11.88,11.88,-0.33,-2.7027,0
2006-03-14,11.51,11.51,11.51,11.51,-0.37,-3.1145,0
2006-03-15,11.48,11.48,11.48,11.48,-0.03,-0.2606,0
2006-03-16,11.45,11.45,11.45,11.45,-0.03,-0.2613,0
2006-03-17,11.66,11.66,11.66,11.66,0.21,1.8341,0
2006-03-20,11.5,11.5,11.5,11.5,-0.16,-1.3722,0
2006-03-21,11.53,11.53,11.53,11.53,0.03,0.2609,0
2006-03-22,12.43,12.43,12.43,12.43,0.9,7.8057,0
2006-03-23,12.45,12.45,12.45,12.45,0.02,0.1609,0
2006-03-24,12.36,12.36,12.36,12.36,-0.09,-0.7229,0
2006-03-27,12.38,12.38,12.38,12.38,0.02,0.1618,0
2006-03-28,12.35,12.35,12.35,12.35,-0.03,-0.2423,0
2006-03-29,12.06,12.06,12.06,12.06,-0.29,-2.3482,0
2006-03-30,12.0,12.0,12.0,12.0,-0.06,-0.4975,0
2006-03-31,12.12,12.12,12.12,12.12,0.12,1.0,0
2006-04-03,12.09,12.09,12.09,12.09,-0.03,-0.2475,0
2006-04-04,12.0,12.0,12.0,12.0,-0.09,-0.7444,0
2006-04-05,11.9,11.9,11.9,11.9,-0.1,-0.8333,0
2006-04-06,11.92,11.92,11.92,11.92,0.02,0.1681,0
2006-04-07,12.07,12.07,12.07,12.07,0.15,1.2584,0
2006-04-10,12.3,12.3,12.3,12.3,0.23,1.9056,0
2006-04-11,12.61,12.61,12.61,12.61,0.31,2.5203,0
2006-04-12,12.63,12.63,12.63,12.63,0.02,0.1586,0
2006-04-13,12.57,12.57,12.57,12.57,-0.06,-0.4751,0
2006-04-17,12.61,12.61,12.61,12.61,0.04,0.3182,0
2006-04-18,11.48,11.48,11.48,11.48,-1.13,-8.9611,0
2006-04-19,12.61,12.61,12.61,12.61,1.13,9.8432,0
2006-04-20,12.44,12.44,12.44,12.44,-0.17,-1.3481,0
2006-04-21,12.64,12.64,12.64,12.64,0.2,1.6077,0
2006-04-24,12.59,12.59,12.59,12.59,-0.05,-0.3956,0
2006-04-25,12.59,12.59,12.59,12.59,0.0,0.0,0
2006-04-26,12.42,12.42,12.42,12.42,-0.17,-1.3503,0
2006-04-27,12.35,12.35,12.35,12.35,-0.07,-0.5636,0
2006-04-28,12.23,12.23,12.23,12.23,-0.12,-0.9717,0
2006-05-01,12.53,12.53,12.53,12.53,0.3,2.453,0
2006-05-02,12.31,12.31,12.31,12.31,-0.22,-1.7558,0
2006-05-03,12.41,12.41,12.41,12.41,0.1,0.8123,0
2006-05-04,12.26,12.26,12.26,12.26,-0.15,-1.2087,0
2006-05-05,12.1,12.1,12.1,12.1,-0.16,-1.3051,0
2006-05-08,12.08,12.08,12.08,12.08,-0.02,-0.1653,0
2006-05-09,11.96,11.96,11.96,11.96,-0.12,-0.9934,0
2006-05-10,11.98,11.98,11.98,11.98,0.02,0.1672,0
2006-05-11,12.36,12.36,12.36,12.36,0.38,3.172,0
2006-05-12,13.12,13.12,13.12,13.12,0.76,6.1489,0
2006-05-15,13.17,13.17,13.17,13.17,0.05,0.3811,0
2006-05-16,12.98,12.98,12.98,12.98,-0.19,-1.4427,0
2006-05-17,14.42,14.42,14.42,14.42,1.44,11.094,0
2006-05-18,14.63,14.63,14.63,14.63,0.21,1.4563,0
2006-05-19,14.86,14.86,14.86,14.86,0.23,1.5721,0
2006-05-22,15.84,15.84,15.84,15.84,0.98,6.5949,0
2006-05-23,15.71,15.71,15.71,15.71,-0.13,-0.8207,0
2006-05-24,16.19,16.19,16.19,16.19,0.48,3.0554,0
2006-05-25,15.4,15.4,15.4,15.4,-0.79,-4.8796,0
2006-05-26,14.9,14.9,14.9,14.9,-0.5,-3.2468,0
2006-05-30,16.34,16.34,16.34,16.34,1.44,9.6644,0
2006-05-31,15.9,15.9,15.9,15.9,-0.44,-2.6928,0
2006-06-01,15.13,15.13,15.13,15.13,-0.77,-4.8428,0
2006-06-02,14.73,14.73,14.73,14.73,-0.4,-2.6438,0
2006-06-05,15.87,15.87,15.87,15.87,1.14,7.7393,0
2006-06-06,16.32,16.32,16.32,16.32,0.45,2.8355,0
2006-06-07,16.67,16.67,16.67,16.67,0.35,2.1446,0
2006-06-08,17.13,17.13,17.13,17.13,0.46,2.7594,0
2006-06-09,17.43,17.43,17.43,17.43,0.3,1.7513,0
2006-06-12,18.21,18.21,18.21,18.21,0.78,4.475,0
2006-06-13,20.78,20.78,20.78,20.78,2.57,14.1131,0
2006-06-14,21.62,21.62,21.62,21.62,0.84,4.0423,0
2006-06-15,16.1,16.1,16.1,16.1,-5.52,-25.5319,0
2006-06-16,16.65,16.65,16.65,16.65,0.55,3.4161,0
2006-06-19,16.99,16.99,16.99,16.99,0.34,2.042,0
2006-06-20,16.94,16.94,16.94,16.94,-0.05,-0.2943,0
2006-06-21,15.67,15.67,15.67,15.67,-1.27,-7.497,0
2006-06-22,15.76,15.76,15.76,15.76,0.09,0.5743,0
2006-06-23,15.69,15.69,15.69,15.69,-0.07,-0.4442,0
2006-06-26,15.56,15.56,15.56,15.56,-0.13,-0.8286,0
2006-06-27,15.93,15.93,15.93,15.93,0.37,2.3779,0
2006-06-28,15.96,15.96,15.96,15.96,0.03,0.1883,0
2006-06-29,14.34,14.34,14.34,14.34,-1.62,-10.1504,0
2006-06-30,14.02,14.02,14.02,14.02,-0.32,-2.2315,0
2006-07-03,13.72,13.72,13.72,13.72,-0.3,-2.1398,0
2006-07-05,14.4,14.4,14.4,14.4,0.68,4.9563,0
2006-07-06,14.16,14.16,14.16,14.16,-0.24,-1.6667,0
2006-07-07,14.36,14.36,14.36,14.36,0.2,1.4124,0
2006-07-10,14.32,14.32,14.32,14.32,-0.04,-0.2786,0
2006-07-11,13.9,13.9,13.9,13.9,-0.42,-2.933,0
2006-07-12,14.44,14.44,14.44,14.44,0.54,3.8849,0
2006-07-13,16.36,16.36,16.36,16.36,1.92,13.2964,0
2006-07-14,17.27,17.27,17.27,17.27,0.91,5.5623,0
2006-07-17,17.35,17.35,17.35,17.35,0.08,0.4632,0
2006-07-18,17.86,17.86,17.86,17.86,0.51,2.9395,0
2006-07-19,15.81,15.81,15.81,15.81,-2.05,-11.4782,0
2006-07-20,16.33,16.33,16.33,16.33,0.52,3.2891,0
2006-07-21,16.71,16.71,16.71,16.71,0.38,2.327,0
2006-07-24,15.41,15.41,15.41,15.41,-1.3,-7.7798,0
2006-07-25,14.99,14.99,14.99,14.99,-0.42,-2.7255,0
2006-07-26,14.87,14.87,14.87,14.87,-0.12,-0.8005,0
2006-07-27,15.13,15.13,15.13,15.13,0.26,1.7485,0
2006-07-28,14.61,14.61,14.61,14.61,-0.52,-3.4369,0
2006-07-31,14.71,14.71,14.71,14.71,0.1,0.6845,0
2006-08-01,15.06,15.06,15.06,15.06,0.35,2.3793,0
2006-08-02,14.73,14.73,14.73,14.73,-0.33,-2.1912,0
2006-08-03,14.6,14.6,14.6,14.6,-0.13,-0.8826,0
2006-08-04,14.84,14.84,14.84,14.84,0.24,1.6438,0
2006-08-07,15.03,15.03,15.03,15.03,0.19,1.2803,0
2006-08-08,14.98,14.98,14.98,14.98,-0.05,-0.3327,0
2006-08-09,14.96,14.96,14.96,14.96,-0.02,-0.1335,0
2006-08-10,14.77,14.77,14.77,14.77,-0.19,-1.2701,0
2006-08-11,14.73,14.73,14.73,14.73,-0.04,-0.2708,0
2006-08-14,13.95,13.95,13.95,13.95,-0.78,-5.2953,0
2006-08-15,13.23,13.23,13.23,13.23,-0.72,-5.1613,0
2006-08-16,14.19,14.19,14.19,14.19,0.96,7.2562,0
2006-08-17,14.08,14.08,14.08,14.08,-0.11,-0.7752,0
2006-08-18,13.85,13.85,13.85,13.85,-0.23,-1.6335,0
2006-08-21,13.69,13.69,13.69,13.69,-0.16,-1.1552,0
2006-08-22,13.6,13.6,13.6,13.6,-0.09,-0.6574,0
2006-08-23,13.93,13.93,13.93,13.93,0.33,2.4265,0
2006-08-24,13.86,13.86,13.86,13.86,-0.07,-0.5025,0
2006-08-25,13.54,13.54,13.54,13.54,-0.32,-2.3088,0
2006-08-28,13.31,13.31,13.31,13.31,-0.23,-1.6987,0
2006-08-29,13.56,13.56,13.56,13.56,0.25,1.8783,0
2006-08-30,13.46,13.46,13.46,13.46,-0.1,-0.7375,0
2006-08-31,13.23,13.23,13.23,13.23,-0.23,-1.7088,0
2006-09-01,12.95,12.95,12.95,12.95,-0.28,-2.1164,0
2006-09-05,12.99,12.99,12.99,12.99,0.04,0.3089,0
2006-09-06,13.69,13.69,13.69,13.69,0.7,5.3888,0
2006-09-07,13.83,13.83,13.83,13.83,0.14,1.0226,0
2006-09-08,13.68,13.68,13.68,13.68,-0.15,-1.0846,0
2006-09-11,13.6,13.6,13.6,13.6,-0.08,-0.5848,0
2006-09-12,12.57,12.57,12.57,12.57,-1.03,-7.5735,0
2006-09-13,12.22,12.22,12.22,12.22,-0.35,-2.7844,0
2006-09-14,12.3,12.3,12.3,12.3,0.08,0.6547,0
2006-09-15,12.09,12.09,12.09,12.09,-0.21,-1.7073,0
2006-09-18,11.88,11.88,11.88,11.88,-0.21,-1.737,0
2006-09-19,11.82,11.82,11.82,11.82,-0.06,-0.5051,0
2006-09-20,13.59,13.59,13.59,13.59,1.77,14.9746,0
2006-09-21,13.96,13.96,13.96,13.96,0.37,2.7226,0
2006-09-22,13.99,13.99,13.99,13.99,0.03,0.2149,0
2006-09-25,13.5,13.5,13.5,13.5,-0.49,-3.5025,0
2006-09-26,13.22,13.22,13.22,13.22,-0.28,-2.0741,0
2006-09-27,13.21,13.21,13.21,13.21,-0.01,-0.0756,0
2006-09-28,13.18,13.18,13.18,13.18,-0.03,-0.2271,0
2006-09-29,13.1,13.1,13.1,13.1,-0.08,-0.607,0
2006-10-02,13.37,13.37,13.37,13.37,0.27,2.0611,0
2006-10-03,13.49,13.49,13.49,13.49,0.12,0.8975,0
2006-10-04,12.72,12.72,12.72,12.72,-0.77,-5.7079,0
2006-10-05,12.58,12.58,12.58,12.58,-0.14,-1.1006,0
2006-10-06,12.48,12.48,12.48,12.48,-0.1,-0.7949,0
2006-10-09,12.23,12.23,12.23,12.23,-0.25,-2.0032,0
2006-10-10,11.72,11.72,11.72,11.72,-0.51,-4.1701,0
2006-10-11,11.62,11.62,11.62,11.62,-0.1,-0.8532,0
2006-10-12,11.36,11.36,11.36,11.36,-0.26,-2.2375,0
2006-10-13,11.18,11.18,11.18,11.18,-0.18,-1.5845,0
2006-10-16,10.62,10.62,10.62,10.62,-0.56,-5.0089,0
2006-10-17,11.23,11.23,11.23,11.23,0.61,5.7439,0
2006-10-18,12.59,12.59,12.59,12.59,1.36,12.1104,0
2006-10-19,12.52,12.52,12.52,12.52,-0.07,-0.556,0
2006-10-20,12.28,12.28,12.28,12.28,-0.24,-1.9169,0
2006-10-23,11.95,11.95,11.95,11.95,-0.33,-2.6873,0
2006-10-24,11.78,11.78,11.78,11.78,-0.17,-1.4226,0
2006-10-25,11.49,11.49,11.49,11.49,-0.29,-2.4618,0
2006-10-26,11.25,11.25,11.25,11.25,-0.24,-2.0888,0
2006-10-27,11.31,11.31,11.31,11.31,0.06,0.5333,0
2006-10-30,11.35,11.35,11.35,11.35,0.04,0.3537,0
2006-10-31,11.31,11.31,11.31,11.31,-0.04,-0.3524,0
2006-11-01,11.55,11.55,11.55,11.55,0.24,2.122,0
2006-11-02,11.65,11.65,11.65,11.65,0.1,0.8658,0
2006-11-03,11.5,11.5,11.5,11.5,-0.15,-1.2876,0
2006-11-06,11.12,11.12,11.12,11.12,-0.38,-3.3043,0
2006-11-07,11.18,11.18,11.18,11.18,0.06,0.5396,0
2006-11-08,10.92,10.92,10.92,10.92,-0.26,-2.3256,0
2006-11-09,10.99,10.99,10.99,10.99,0.07,0.641,0
2006-11-10,10.99,10.99,10.99,10.99,0.0,0.0,0
2006-11-13,10.59,10.59,10.59,10.59,-0.4,-3.6397,0
2006-11-14,10.25,10.25,10.25,10.25,-0.34,-3.2106,0
2006-11-15,11.62,11.62,11.62,11.62,1.37,13.3659,0
2006-11-16,11.58,11.58,11.58,11.58,-0.04,-0.3442,0
2006-11-17,11.67,11.67,11.67,11.67,0.09,0.7772,0
2006-11-20,11.43,11.43,11.43,11.43,-0.24,-2.0566,0
2006-11-21,11.5,11.5,11.5,11.5,0.07,0.6124,0
2006-11-22,11.61,11.61,11.61,11.61,0.11,0.9565,0
2006-11-24,11.71,11.71,11.71,11.71,0.1,0.8613,0
2006-11-27,12.46,12.46,12.46,12.46,0.75,6.4048,0
2006-11-28,12.0,12.0,12.0,12.0,-0.46,-3.6918,0
2006-11-29,11.46,11.46,11.46,11.46,-0.54,-4.5,0
2006-11-30,11.37,11.37,11.37,11.37,-0.09,-0.7853,0
2006-12-01,11.65,11.65,11.65,11.65,0.28,2.4626,0
2006-12-04,11.49,11.49,11.49,11.49,-0.16,-1.3734,0
2006-12-05,11.52,11.52,11.52,11.52,0.03,0.2611,0
2006-12-06,11.55,11.55,11.55,11.55,0.03,0.2604,0
2006-12-07,12.0,12.0,12.0,12.0,0.45,3.8961,0
2006-12-08,11.98,11.98,11.98,11.98,-0.02,-0.1667,0
2006-12-11,11.43,11.43,11.43,11.43,-0.55,-4.591,0
2006-12-12,11.18,11.18,11.18,11.18,-0.25,-2.1872,0
2006-12-13,10.54,10.54,10.54,10.54,-0.64,-5.7245,0
2006-12-14,10.37,10.37,10.37,10.37,-0.17,-1.6129,0
2006-12-15,10.44,10.44,10.44,10.44,0.07,0.675,0
2006-12-18,10.56,10.56,10.56,10.56,0.12,1.1494,0
2006-12-19,10.57,10.57,10.57,10.57,0.01,0.0947,0
2006-12-20,12.35,12.35,12.35,12.35,1.78,16.8401,0
2006-12-21,12.44,12.44,12.44,12.44,0.09,0.7287,0
2006-12-22,12.62,12.62,12.62,12.62,0.18,1.4469,0
2006-12-26,12.27,12.27,12.27,12.27,-0.35,-2.7734,0
2006-12-27,11.95,11.95,11.95,11.95,-0.32,-2.608,0
2006-12-28,12.09,12.09,12.09,12.09,0.14,1.1715,0
2006-12-29,12.3,12.3,12.3,12.3,0.21,1.737,0
2007-01-03,12.3,12.3,12.3,12.3,0.0,0.0,0
2007-01-04,12.11,12.11,12.11,12.11,-0.19,-1.5447,0
2007-01-05,12.38,12.38,12.38,12.38,0.27,2.2296,0
2007-01-08,12.25,12.25,12.25,12.25,-0.13,-1.0501,0
2007-01-09,12.34,12.34,12.34,12.34,0.09,0.7347,0
2007-01-10,11.9,11.9,11.9,11.9,-0.44,-3.5656,0
2007-01-11,10.98,10.98,10.98,10.98,-0.92,-7.7311,0
2007-01-12,10.66,10.66,10.66,10.66,-0.32,-2.9144,0
2007-01-16,10.59,10.59,10.59,10.59,-0.07,-0.6567,0
2007-01-17,11.91,11.91,11.91,11.91,1.32,12.4646,0
2007-01-18,12.06,12.06,12.06,12.06,0.15,1.2594,0
2007-01-19,11.69,11.69,11.69,11.69,-0.37,-3.068,0
2007-01-22,11.85,11.85,11.85,11.85,0.16,1.3687,0
2007-01-23,11.47,11.47,11.47,11.47,-0.38,-3.2068,0
2007-01-24,11.32,11.32,11.32,11.32,-0.15,-1.3078,0
2007-01-25,11.83,11.83,11.83,11.83,0.51,4.5053,0
2007-01-26,11.88,11.88,11.88,11.88,0.05,0.4227,0
2007-01-29,11.81,11.81,11.81,11.81,-0.07,-0.5892,0
2007-01-30,11.6,11.6,11.6,11.6,-0.21,-1.7782,0
2007-01-31,11.51,11.51,11.51,11.51,-0.09,-0.7759,0
2007-02-01,11.28,11.28,11.28,11.28,-0.23,-1.9983,0
2007-02-02,11.2,11.2,11.2,11.2,-0.08,-0.7092,0
2007-02-05,11.16,11.16,11.16,11.16,-0.04,-0.3571,0
2007-02-06,11.16,11.16,11.16,11.16,0.0,0.0,0
2007-02-07,10.95,10.95,10.95,10.95,-0.21,-1.8817,0
2007-02-08,11.01,11.01,11.01,11.01,0.06,0.5479,0
2007-02-09,11.23,11.23,11.23,11.23,0.22,1.9982,0
2007-02-12,11.36,11.36,11.36,11.36,0.13,1.1576,0
2007-02-13,10.43,10.43,10.43,10.43,-0.93,-8.1866,0
2007-02-14,11.63,11.63,11.63,11.63,1.2,11.5053,0
2007-02-15,11.55,11.55,11.55,11.55,-0.08,-0.6879,0
2007-02-16,11.56,11.56,11.56,11.56,0.01,0.0866,0
2007-02-20,11.37,11.37,11.37,11.37,-0.19,-1.6436,0
2007-02-21,11.24,11.24,11.24,11.24,-0.13,-1.1434,0
2007-02-22,11.15,11.15,11.15,11.15,-0.09,-0.8007,0
2007-02-23,11.59,11.59,11.59,11.59,0.44,3.9462,0
2007-02-26,11.44,11.44,11.44,11.44,-0.15,-1.2942,0
2007-02-27,14.81,14.81,14.81,14.81,3.37,29.458,0
2007-02-28,13.5,13.5,13.5,13.5,-1.31,-8.8454,0
2007-03-01,14.16,14.16,14.16,14.16,0.66,4.8889,0
2007-03-02,15.19,15.19,15.19,15.19,1.03,7.274,0
2007-03-05,16.15,16.15,16.15,16.15,0.96,6.3199,0
2007-03-06,15.03,15.03,15.03,15.03,-1.12,-6.935,0
2007-03-07,14.37,14.37,14.37,14.37,-0.66,-4.3912,0
2007-03-08,13.75,13.75,13.75,13.75,-0.62,-4.3145,0
2007-03-09,13.6,13.6,13.6,13.6,-0.15,-1.0909,0
2007-03-12,13.14,13.14,13.14,13.14,-0.46,-3.3824,0
2007-03-13,15.34,15.34,15.34,15.34,2.2,16.7428,0
2007-03-14,15.81,15.81,15.81,15.81,0.47,3.0639,0
2007-03-15,15.4,15.4,15.4,15.4,-0.41,-2.5933,0
2007-03-16,15.99,15.99,15.99,15.99,0.59,3.8312,0
2007-03-19,14.32,14.32,14.32,14.32,-1.67,-10.444,0
2007-03-20,13.06,13.06,13.06,13.06,-1.26,-8.7989,0
2007-03-21,13.28,13.28,13.28,13.28,0.22,1.6845,0
2007-03-22,13.36,13.36,13.36,13.36,0.08,0.6024,0
2007-03-23,13.33,13.33,13.33,13.33,-0.03,-0.2246,0
2007-03-26,13.38,13.38,13.38,13.38,0.05,0.3751,0
2007-03-27,13.93,13.93,13.93,13.93,0.55,4.1106,0
2007-03-28,14.72,14.72,14.72,14.72,0.79,5.6712,0
2007-03-29,14.6,14.6,14.6,14.6,-0.12,-0.8152,0
2007-03-30,14.49,14.49,14.49,14.49,-0.11,-0.7534,0
2007-04-02,14.7,14.7,14.7,14.7,0.21,1.4493,0
2007-04-03,14.0,14.0,14.0,14.0,-0.7,-4.7619,0
2007-04-04,13.65,13.65,13.65,13.65,-0.35,-2.5,0
2007-04-05,13.53,13.53,13.53,13.53,-0.12,-0.8791,0
2007-04-09,13.3,13.3,13.3,13.3,-0.23,-1.6999,0
2007-04-10,12.71,12.71,12.71,12.71,-0.59,-4.4361,0
2007-04-11,13.28,13.28,13.28,13.28,0.57,4.4847,0
2007-04-12,12.87,12.87,12.87,12.87,-0.41,-3.0873,0
2007-04-13,12.39,12.39,12.39,12.39,-0.48,-3.7296,0
2007-04-16,11.67,11.67,11.67,11.67,-0.72,-5.8111,0
2007-04-17,11.87,11.87,11.87,11.87,0.2,1.7138,0
2007-04-18,13.13,13.13,13.13,13.13,1.26,10.615,0
2007-04-19,13.02,13.02,13.02,13.02,-0.11,-0.8378,0
2007-04-20,13.03,13.03,13.03,13.03,0.01,0.0768,0
2007-04-23,13.22,13.22,13.22,13.22,0.19,1.4582,0
2007-04-24,13.21,13.21,13.21,13.21,-0.01,-0.0756,0
2007-04-25,13.1,13.1,13.1,13.1,-0.11,-0.8327,0
2007-04-26,13.11,13.11,13.11,13.11,0.01,0.0763,0
2007-04-27,13.02,13.02,13.02,13.02,-0.09,-0.6865,0
2007-04-30,13.41,13.41,13.41,13.41,0.39,2.9954,0
2007-05-01,13.43,13.43,13.43,13.43,0.02,0.1491,0
2007-05-02,13.16,13.16,13.16,13.16,-0.27,-2.0104,0
2007-05-03,13.08,13.08,13.08,13.08,-0.08,-0.6079,0
2007-05-04,13.14,13.14,13.14,13.14,0.06,0.4587,0
2007-05-07,13.22,13.22,13.22,13.22,0.08,0.6088,0
2007-05-08,13.33,13.33,13.33,13.33,0.11,0.8321,0
2007-05-09,12.94,12.94,12.94,12.94,-0.39,-2.9257,0
2007-05-10,13.35,13.35,13.35,13.35,0.41,3.1685,0
2007-05-11,12.77,12.77,12.77,12.77,-0.58,-4.3446,0
2007-05-14,13.34,13.34,13.34,13.34,0.57,4.4636,0
2007-05-15,13.96,13.96,13.96,13.96,0.62,4.6477,0
2007-05-16,14.06,14.06,14.06,14.06,0.1,0.7163,0
2007-05-17,14.16,14.16,14.16,14.16,0.1,0.7112,0
2007-05-18,13.99,13.99,13.99,13.99,-0.17,-1.2006,0
2007-05-21,13.78,13.78,13.78,13.78,-0.21,-1.5011,0
2007-05-22,13.81,13.81,13.81,13.81,0.03,0.2177,0
2007-05-23,13.75,13.75,13.75,13.75,-0.06,-0.4345,0
2007-05-24,14.2,14.2,14.2,14.2,0.45,3.2727,0
2007-05-25,13.96,13.96,13.96,13.96,-0.24,-1.6901,0
2007-05-29,13.83,13.83,13.83,13.83,-0.13,-0.9312,0
2007-05-30,13.56,13.56,13.56,13.56,-0.27,-1.9523,0
2007-05-31,13.57,13.57,13.57,13.57,0.01,0.0737,0
2007-06-01,13.41,13.41,13.41,13.41,-0.16,-1.1791,0
2007-06-04,13.57,13.57,13.57,13.57,0.16,1.1931,0
2007-06-05,13.71,13.71,13.71,13.71,0.14,1.0317,0
2007-06-06,14.33,14.33,14.33,14.33,0.62,4.5222,0
2007-06-07,15.82,15.82,15.82,15.82,1.49,10.3978,0
2007-06-08,15.08,15.08,15.08,15.08,-0.74,-4.6776,0
2007-06-11,14.69,14.69,14.69,14.69,-0.39,-2.5862,0
2007-06-12,15.5,15.5,15.5,15.5,0.81,5.514,0
2007-06-13,14.78,14.78,14.78,14.78,-0.72,-4.6452,0
2007-06-14,13.86,13.86,13.86,13.86,-0.92,-6.2246,0
2007-06-15,13.64,13.64,13.64,13.64,-0.22,-1.5873,0
2007-06-18,13.41,13.41,13.41,13.41,-0.23,-1.6862,0
2007-06-19,12.88,12.88,12.88,12.88,-0.53,-3.9523,0
2007-06-20,15.03,15.03,15.03,15.03,2.15,16.6925,0
2007-06-21,15.07,15.07,15.07,15.07,0.04,0.2661,0
2007-06-22,15.77,15.77,15.77,15.77,0.7,4.645,0
2007-06-25,15.99,15.99,15.99,15.99,0.22,1.3951,0
2007-06-26,16.64,16.64,16.64,16.64,0.65,4.065,0
2007-06-27,15.61,15.61,15.61,15.61,-1.03,-6.1899,0
2007-06-28,15.55,15.55,15.55,15.55,-0.06,-0.3844,0
2007-06-29,16.19,16.19,16.19,16.19,0.64,4.1158,0
2007-07-02,15.72,15.72,15.72,15.72,-0.47,-2.903,0
2007-07-03,15.44,15.44,15.44,15.44,-0.28,-1.7812,0
2007-07-05,15.63,15.63,15.63,15.63,0.19,1.2306,0
2007-07-06,15.3,15.3,15.3,15.3,-0.33,-2.1113,0
2007-07-09,15.41,15.41,15.41,15.41,0.11,0.719,0
2007-07-10,16.67,16.67,16.67,16.67,1.26,8.1765,0
2007-07-11,16.24,16.24,16.24,16.24,-0.43,-2.5795,0
2007-07-12,15.47,15.47,15.47,15.47,-0.77,-4.7414,0
2007-07-13,15.45,15.45,15.45,15.45,-0.02,-0.1293,0
2007-07-16,15.67,15.67,15.67,15.67,0.22,1.4239,0
2007-07-17,15.57,15.57,15.57,15.57,-0.1,-0.6382,0
2007-07-18,17.37,17.37,17.37,17.37,1.8,11.5607,0
2007-07-19,17.18,17.18,17.18,17.18,-0.19,-1.0938,0
2007-07-20,17.72,17.72,17.72,17.72,0.54,3.1432,0
2007-07-23,17.55,17.55,17.55,17.55,-0.17,-0.9594,0
2007-07-24,18.18,18.18,18.18,18.18,0.63,3.5897,0
2007-07-25,18.07,18.07,18.07,18.07,-0.11,-0.6051,0
2007-07-26,19.37,19.37,19.37,19.37,1.3,7.1942,0
2007-07-27,20.07,20.07,20.07,20.07,0.7,3.6138,0
2007-07-30,19.44,19.44,19.44,19.44,-0.63,-3.139,0
2007-07-31,20.52,20.52,20.52,20.52,1.08,5.5556,0
2007-08-01,21.8,21.8,21.8,21.8,1.28,6.2378,0
2007-08-02,20.81,20.81,20.81,20.81,-0.99,-4.5413,0
2007-08-03,22.61,22.61,22.61,22.61,1.8,8.6497,0
2007-08-06,22.08,22.08,22.08,22.08,-0.53,-2.3441,0
2007-08-07,20.71,20.71,20.71,20.71,-1.37,-6.2047,0
2007-08-08,20.16,20.16,20.16,20.16,-0.55,-2.6557,0
2007-08-09,23.26,23.26,23.26,23.26,3.1,15.377,0
2007-08-10,27.18,27.18,27.18,27.18,3.92,16.853,0
2007-08-13,26.1,26.1,26.1,26.1,-1.08,-3.9735,0
2007-08-14,26.94,26.94,26.94,26.94,0.84,3.2184,0
2007-08-15,28.81,28.81,28.81,28.81,1.87,6.9414,0
2007-08-16,30.61,30.61,30.61,30.61,1.8,6.2478,0
2007-08-17,30.07,30.07,30.07,30.07,-0.54,-1.7641,0
2007-08-20,26.34,26.34,26.34,26.34,-3.73,-12.4044,0
2007-08-21,25.24,25.24,25.24,25.24,-1.1,-4.1762,0
2007-08-22,22.7,22.7,22.7,22.7,-2.54,-10.0634,0
2007-08-23,23.1,23.1,23.1,23.1,0.4,1.7621,0
2007-08-24,22.23,22.23,22.23,22.23,-0.87,-3.7662,0
2007-08-27,23.28,23.28,23.28,23.28,1.05,4.7233,0
2007-08-28,25.21,25.21,25.21,25.21,1.93,8.2904,0
2007-08-29,24.16,24.16,24.16,24.16,-1.05,-4.165,0
2007-08-30,24.45,24.45,24.45,24.45,0.29,1.2003,0
2007-08-31,23.7,23.7,23.7,23.7,-0.75,-3.0675,0
2007-09-04,22.78,22.78,22.78,22.78,-0.92,-3.8819,0
2007-09-05,24.16,24.16,24.16,24.16,1.38,6.0579,0
2007-09-06,23.98,23.98,23.98,23.98,-0.18,-0.745,0
2007-09-07,25.83,25.83,25.83,25.83,1.85,7.7148,0
2007-09-10,26.72,26.72,26.72,26.72,0.89,3.4456,0
2007-09-11,25.01,25.01,25.01,25.01,-1.71,-6.3997,0
2007-09-12,24.94,24.94,24.94,24.94,-0.07,-0.2799,0
2007-09-13,24.85,24.85,24.85,24.85,-0.09,-0.3609,0
2007-09-14,24.8,24.8,24.8,24.8,-0.05,-0.2012,0
2007-09-17,25.37,25.37,25.37,25.37,0.57,2.2984,0
2007-09-18,20.18,20.18,20.18,20.18,-5.19,-20.4572,0
2007-09-19,20.57,20.57,20.57,20.57,0.39,1.9326,0
2007-09-20,20.82,20.82,20.82,20.82,0.25,1.2154,0
2007-09-21,19.87,19.87,19.87,19.87,-0.95,-4.5629,0
2007-09-24,19.71,19.71,19.71,19.71,-0.16,-0.8052,0
2007-09-25,19.88,19.88,19.88,19.88,0.17,0.8625,0
2007-09-26,19.03,19.03,19.03,19.03,-0.85,-4.2757,0
2007-09-27,18.72,18.72,18.72,18.72,-0.31,-1.629,0
2007-09-28,18.92,18.92,18.92,18.92,0.2,1.0684,0
2007-10-01,18.43,18.43,18.43,18.43,-0.49,-2.5899,0
2007-10-02,18.92,18.92,18.92,18.92,0.49,2.6587,0
2007-10-03,19.1,19.1,19.1,19.1,0.18,0.9514,0
2007-10-04,19.26,19.26,19.26,19.26,0.16,0.8377,0
2007-10-05,17.93,17.93,17.93,17.93,-1.33,-6.9055,0
2007-10-08,18.2,18.2,18.2,18.2,0.27,1.5059,0
2007-10-09,17.06,17.06,17.06,17.06,-1.14,-6.2637,0
2007-10-10,17.31,17.31,17.31,17.31,0.25,1.4654,0
2007-10-11,18.53,18.53,18.53,18.53,1.22,7.0479,0
2007-10-12,17.95,17.95,17.95,17.95,-0.58,-3.1301,0
2007-10-15,19.17,19.17,19.17,19.17,1.22,6.7967,0
2007-10-16,20.03,20.03,20.03,20.03,0.86,4.4862,0
2007-10-17,21.07,21.07,21.07,21.07,1.04,5.1922,0
2007-10-18,21.09,21.09,21.09,21.09,0.02,0.0949,0
2007-10-19,22.54,22.54,22.54,22.54,1.45,6.8753,0
2007-10-22,22.27,22.27,22.27,22.27,-0.27,-1.1979,0
2007-10-23,21.56,21.56,21.56,21.56,-0.71,-3.1881,0
2007-10-24,22.01,22.01,22.01,22.01,0.45,2.0872,0
2007-10-25,21.71,21.71,21.71,21.71,-0.3,-1.363,0
2007-10-26,20.73,20.73,20.73,20.73,-0.98,-4.514,0
2007-10-29,20.27,20.27,20.27,20.27,-0.46,-2.219,0
2007-10-30,20.96,20.96,20.96,20.96,0.69,3.404,0
2007-10-31,19.06,19.06,19.06,19.06,-1.9,-9.0649,0
2007-11-01,22.33,22.33,22.33,22.33,3.27,17.1563,0
2007-11-02,22.98,22.98,22.98,22.98,0.65,2.9109,0
2007-11-05,23.94,23.94,23.94,23.94,0.96,4.1775,0
2007-11-06,22.45,22.45,22.45,22.45,-1.49,-6.2239,0
2007-11-07,25.22,25.22,25.22,25.22,2.77,12.3385,0
2007-11-08,25.24,25.24,25.24,25.24,0.02,0.0793,0
2007-11-09,26.96,26.96,26.96,26.96,1.72,6.8146,0
2007-11-12,27.64,27.64,27.64,27.64,0.68,2.5223,0
2007-11-13,24.65,24.65,24.65,24.65,-2.99,-10.8177,0
2007-11-14,25.3,25.3,25.3,25.3,0.65,2.6369,0
2007-11-15,27.42,27.42,27.42,27.42,2.12,8.3794,0
2007-11-16,26.04,26.04,26.04,26.04,-1.38,-5.0328,0
2007-11-19,25.61,25.61,25.61,25.61,-0.43,-1.6513,0
2007-11-20,25.08,25.08,25.08,25.08,-0.53,-2.0695,0
2007-11-21,26.81,26.81,26.81,26.81,1.73,6.8979,0
2007-11-23,25.86,25.86,25.86,25.86,-0.95,-3.5435,0
2007-11-26,27.32,27.32,27.32,27.32,1.46,5.6458,0
2007-11-27,26.65,26.65,26.65,26.65,-0.67,-2.4524,0
2007-11-28,24.56,24.56,24.56,24.56,-2.09,-7.8424,0
2007-11-29,24.86,24.86,24.86,24.86,0.3,1.2215,0
2007-11-30,24.19,24.19,24.19,24.19,-0.67,-2.6951,0
2007-12-03,24.29,24.29,24.29,24.29,0.1,0.4134,0
2007-12-04,24.48,24.48,24.48,24.48,0.19,0.7822,0
2007-12-05,23.06,23.06,23.06,23.06,-1.42,-5.8007,0
2007-12-06,21.67,21.67,21.67,21.67,-1.39,-6.0278,0
2007-12-07,21.97,21.97,21.97,21.97,0.3,1.3844,0
2007-12-10,21.28,21.28,21.28,21.28,-0.69,-3.1406,0
2007-12-11,22.92,22.92,22.92,22.92,1.64,7.7068,0
2007-12-12,22.19,22.19,22.19,22.19,-0.73,-3.185,0
2007-12-13,22.04,22.04,22.04,22.04,-0.15,-0.676,0
2007-12-14,22.64,22.64,22.64,22.64,0.6,2.7223,0
2007-12-17,23.75,23.75,23.75,23.75,1.11,4.9028,0
2007-12-18,22.55,22.55,22.55,22.55,-1.2,-5.0526,0
2007-12-19,24.42,24.42,24.42,24.42,1.87,8.2927,0
2007-12-20,24.17,24.17,24.17,24.17,-0.25,-1.0238,0
2007-12-21,23.1,23.1,23.1,23.1,-1.07,-4.427,0
2007-12-24,22.18,22.18,22.18,22.18,-0.92,-3.9827,0
2007-12-26,22.02,22.02,22.02,22.02,-0.16,-0.7214,0
2007-12-27,22.72,22.72,22.72,22.72,0.7,3.1789,0
2007-12-28,22.81,22.81,22.81,22.81,0.09,0.3961,0
2007-12-31,23.12,23.12,23.12,23.12,0.31,1.3591,0
2008-01-02,23.86,23.86,23.86,23.86,0.74,3.2007,0
2008-01-03,23.42,23.42,23.42,23.42,-0.44,-1.8441,0
2008-01-04,24.68,24.68,24.68,24.68,1.26,5.38,0
2008-01-07,24.12,24.12,24.12,24.12,-0.56,-2.269,0
2008-01-08,25.54,25.54,25.54,25.54,1.42,5.8872,0
2008-01-09,24.89,24.89,24.89,24.89,-0.65,-2.545,0
2008-01-10,24.07,24.07,24.07,24.07,-0.82,-3.2945,0
2008-01-11,24.96,24.96,24.96,24.96,0.89,3.6975,0
2008-01-14,23.36,23.36,23.36,23.36,-1.6,-6.4103,0
2008-01-15,24.04,24.04,24.04,24.04,0.68,2.911,0
2008-01-16,24.99,24.99,24.99,24.99,0.95,3.9517,0
2008-01-17,26.97,26.97,26.97,26.97,1.98,7.9232,0
2008-01-18,27.24,27.24,27.24,27.24,0.27,1.0011,0
2008-01-22,27.73,27.73,27.73,27.73,0.49,1.7988,0
2008-01-23,26.4,26.4,26.4,26.4,-1.33,-4.7962,0
2008-01-24,26.43,26.43,26.43,26.43,0.03,0.1136,0
2008-01-25,26.75,26.75,26.75,26.75,0.32,1.2107,0
2008-01-28,26.16,26.16,26.16,26.16,-0.59,-2.2056,0
2008-01-29,26.25,26.25,26.25,26.25,0.09,0.344,0
2008-01-30,26.14,26.14,26.14,26.14,-0.11,-0.419,0
2008-01-31,25.64,25.64,25.64,25.64,-0.5,-1.9128,0
2008-02-01,24.95,24.95,24.95,24.95,-0.69,-2.6911,0
2008-02-04,25.81,25.81,25.81,25.81,0.86,3.4469,0
2008-02-05,27.39,27.39,27.39,27.39,1.58,6.1217,0
2008-02-06,28.19,28.19,28.19,28.19,0.8,2.9208,0
2008-02-07,27.62,27.62,27.62,27.62,-0.57,-2.022,0
2008-02-08,28.39,28.39,28.39,28.39,0.77,2.7878,0
2008-02-11,27.88,27.88,27.88,27.88,-0.51,-1.7964,0
2008-02-12,27.06,27.06,27.06,27.06,-0.82,-2.9412,0
2008-02-13,26.0,26.0,26.0,26.0,-1.06,-3.9172,0
2008-02-14,26.28,26.28,26.28,26.28,0.28,1.0769,0
2008-02-15,26.07,26.07,26.07,26.07,-0.21,-0.7991,0
2008-02-19,25.51,25.51,25.51,25.51,-0.56,-2.1481,0
2008-02-20,25.45,25.45,25.45,25.45,-0.06,-0.2352,0
2008-02-21,25.42,25.42,25.42,25.42,-0.03,-0.1179,0
2008-02-22,24.87,24.87,24.87,24.87,-0.55,-2.1637,0
2008-02-25,24.17,24.17,24.17,24.17,-0.7,-2.8146,0
2008-02-26,23.71,23.71,23.71,23.71,-0.46,-1.9032,0
2008-02-27,23.88,23.88,23.88,23.88,0.17,0.717,0
2008-02-28,24.58,24.58,24.58,24.58,0.7,2.9313,0
2008-02-29,26.1,26.1,26.1,26.1,1.52,6.1839,0
2008-03-03,26.16,26.16,26.16,26.16,0.06,0.2299,0
2008-03-04,25.72,25.72,25.72,25.72,-0.44,-1.682,0
2008-03-05,24.83,24.83,24.83,24.83,-0.89,-3.4603,0
2008-03-06,26.76,26.76,26.76,26.76,1.93,7.7729,0
2008-03-07,26.91,26.91,26.91,26.91,0.15,0.5605,0
2008-03-10,27.75,27.75,27.75,27.75,0.84,3.1215,0
2008-03-11,26.11,26.11,26.11,26.11,-1.64,-5.9099,0
2008-03-12,26.68,26.68,26.68,26.68,0.57,2.1831,0
2008-03-13,26.75,26.75,26.75,26.75,0.07,0.2624,0
2008-03-14,29.03,29.03,29.03,29.03,2.28,8.5234,0
2008-03-17,30.57,30.57,30.57,30.57,1.54,5.3049,0
2008-03-18,25.95,25.95,25.95,25.95,-4.62,-15.1129,0
2008-03-19,27.41,27.41,27.41,27.41,1.46,5.6262,0
2008-03-20,27.0,27.0,27.0,27.0,-0.41,-1.4958,0
2008-03-24,26.35,26.35,26.35,26.35,-0.65,-2.4074,0
2008-03-25,26.32,26.32,26.32,26.32,-0.03,-0.1139,0
2008-03-26,26.95,26.95,26.95,26.95,0.63,2.3936,0
2008-03-27,26.64,26.64,26.64,26.64,-0.31,-1.1503,0
2008-03-28,26.6,26.6,26.6,26.6,-0.04,-0.1502,0
2008-03-31,26.01,26.01,26.01,26.01,-0.59,-2.218,0
2008-04-01,24.0,24.0,24.0,24.0,-2.01,-7.7278,0
2008-04-02,24.64,24.64,24.64,24.64,0.64,2.6667,0
2008-04-03,24.27,24.27,24.27,24.27,-0.37,-1.5016,0
2008-04-04,23.96,23.96,23.96,23.96,-0.31,-1.2773,0
2008-04-07,23.01,23.01,23.01,23.01,-0.95,-3.9649,0
2008-04-08,23.02,23.02,23.02,23.02,0.01,0.0435,0
2008-04-09,23.63,23.63,23.63,23.63,0.61,2.6499,0
2008-04-10,22.85,22.85,22.85,22.85,-0.78,-3.3009,0
2008-04-11,23.91,23.91,23.91,23.91,1.06,4.6389,0
2008-04-14,23.84,23.84,23.84,23.84,-0.07,-0.2928,0
2008-04-15,22.87,22.87,22.87,22.87,-0.97,-4.0688,0
2008-04-16,22.96,22.96,22.96,22.96,0.09,0.3935,0
2008-04-17,23.03,23.03,23.03,23.03,0.07,0.3049,0
2008-04-18,22.2,22.2,22.2,22.2,-0.83,-3.604,0
2008-04-21,21.92,21.92,21.92,21.92,-0.28,-1.2613,0
2008-04-22,22.1,22.1,22.1,22.1,0.18,0.8212,0
2008-04-23,21.86,21.86,21.86,21.86,-0.24,-1.086,0
2008-04-24,21.23,21.23,21.23,21.23,-0.63,-2.882,0
2008-04-25,20.69,20.69,20.69,20.69,-0.54,-2.5436,0
2008-04-28,20.54,20.54,20.54,20.54,-0.15,-0.725,0
2008-04-29,20.81,20.81,20.81,20.81,0.27,1.3145,0
2008-04-30,21.24,21.24,21.24,21.24,0.43,2.0663,0
2008-05-01,19.86,19.86,19.86,19.86,-1.38,-6.4972,0
2008-05-02,19.66,19.66,19.66,19.66,-0.2,-1.007,0
2008-05-05,19.69,19.69,19.69,19.69,0.03,0.1526,0
2008-05-06,18.82,18.82,18.82,18.82,-0.87,-4.4185,0
2008-05-07,19.7,19.7,19.7,19.7,0.88,4.6759,0
2008-05-08,19.67,19.67,19.67,19.67,-0.03,-0.1523,0
2008-05-09,19.84,19.84,19.84,19.84,0.17,0.8643,0
2008-05-12,18.94,18.94,18.94,18.94,-0.9,-4.5363,0
2008-05-13,18.7,18.7,18.7,18.7,-0.24,-1.2672,0
2008-05-14,18.3,18.3,18.3,18.3,-0.4,-2.139,0
2008-05-15,17.43,17.43,17.43,17.43,-0.87,-4.7541,0
2008-05-16,17.15,17.15,17.15,17.15,-0.28,-1.6064,0
2008-05-19,16.64,16.64,16.64,16.64,-0.51,-2.9738,0
2008-05-20,17.37,17.37,17.37,17.37,0.73,4.387,0
2008-05-21,22.14,22.14,22.14,22.14,4.77,27.4611,0
2008-05-22,21.72,21.72,21.72,21.72,-0.42,-1.897,0
2008-05-23,22.23,22.23,22.23,22.23,0.51,2.3481,0
2008-05-27,21.49,21.49,21.49,21.49,-0.74,-3.3288,0
2008-05-28,21.33,21.33,21.33,21.33,-0.16,-0.7445,0
2008-05-29,19.97,19.97,19.97,19.97,-1.36,-6.376,0
2008-05-30,19.38,19.38,19.38,19.38,-0.59,-2.9544,0
2008-06-02,20.64,20.64,20.64,20.64,1.26,6.5015,0
2008-06-03,21.07,21.07,21.07,21.07,0.43,2.0833,0
2008-06-04,21.3,21.3,21.3,21.3,0.23,1.0916,0
2008-06-05,19.91,19.91,19.91,19.91,-1.39,-6.5258,0
2008-06-06,22.98,22.98,22.98,22.98,3.07,15.4194,0
2008-06-09,22.7,22.7,22.7,22.7,-0.28,-1.2185,0
2008-06-10,22.72,22.72,22.72,22.72,0.02,0.0881,0
2008-06-11,23.75,23.75,23.75,23.75,1.03,4.5335,0
2008-06-12,22.85,22.85,22.85,22.85,-0.9,-3.7895,0
2008-06-13,21.62,21.62,21.62,21.62,-1.23,-5.3829,0
2008-06-16,20.86,20.86,20.86,20.86,-0.76,-3.5153,0
2008-06-17,21.05,21.05,21.05,21.05,0.19,0.9108,0
2008-06-18,23.35,23.35,23.35,23.35,2.3,10.9264,0
2008-06-19,22.93,22.93,22.93,22.93,-0.42,-1.7987,0
2008-06-20,23.51,23.51,23.51,23.51,0.58,2.5294,0
2008-06-23,23.51,23.51,23.51,23.51,0.0,0.0,0
2008-06-24,23.63,23.63,23.63,23.63,0.12,0.5104,0
2008-06-25,22.61,22.61,22.61,22.61,-1.02,-4.3165,0
2008-06-26,24.72,24.72,24.72,24.72,2.11,9.3322,0
2008-06-27,24.55,24.55,24.55,24.55,-0.17,-0.6877,0
2008-06-30,24.19,24.19,24.19,24.19,-0.36,-1.4664,0
2008-07-01,24.19,24.19,24.19,24.19,0.0,0.0,0
2008-07-02,25.53,25.53,25.53,25.53,1.34,5.5395,0
2008-07-03,25.39,25.39,25.39,25.39,-0.14,-0.5484,0
2008-07-07,25.85,25.85,25.85,25.85,0.46,1.8117,0
2008-07-08,23.96,23.96,23.96,23.96,-1.89,-7.3114,0
2008-07-09,25.47,25.47,25.47,25.47,1.51,6.3022,0
2008-07-10,25.61,25.61,25.61,25.61,0.14,0.5497,0
2008-07-11,27.15,27.15,27.15,27.15,1.54,6.0133,0
2008-07-14,28.03,28.03,28.03,28.03,0.88,3.2413,0
2008-07-15,28.43,28.43,28.43,28.43,0.4,1.427,0
2008-07-16,24.72,24.72,24.72,24.72,-3.71,-13.0496,0
2008-07-17,24.25,24.25,24.25,24.25,-0.47,-1.9013,0
2008-07-18,24.05,24.05,24.05,24.05,-0.2,-0.8247,0
2008-07-21,23.4,23.4,23.4,23.4,-0.65,-2.7027,0
2008-07-22,22.47,22.47,22.47,22.47,-0.93,-3.9744,0
2008-07-23,22.43,22.43,22.43,22.43,-0.04,-0.178,0
2008-07-24,23.55,23.55,23.55,23.55,1.12,4.9933,0
2008-07-25,23.45,23.45,23.45,23.45,-0.1,-0.4246,0
2008-07-28,24.25,24.25,24.25,24.25,0.8,3.4115,0
2008-07-29,22.68,22.68,22.68,22.68,-1.57,-6.4742,0
2008-07-30,21.57,21.57,21.57,21.57,-1.11,-4.8942,0
2008-07-31,22.77,22.77,22.77,22.77,1.2,5.5633,0
2008-08-01,22.95,22.95,22.95,22.95,0.18,0.7905,0
2008-08-04,22.78,22.78,22.78,22.78,-0.17,-0.7407,0
2008-08-05,21.44,21.44,21.44,21.44,-1.34,-5.8824,0
2008-08-06,20.7,20.7,20.7,20.7,-0.74,-3.4515,0
2008-08-07,21.51,21.51,21.51,21.51,0.81,3.913,0
2008-08-08,20.91,20.91,20.91,20.91,-0.6,-2.7894,0
2008-08-11,20.29,20.29,20.29,20.29,-0.62,-2.9651,0
2008-08-12,21.28,21.28,21.28,21.28,0.99,4.8793,0
2008-08-13,21.5,21.5,21.5,21.5,0.22,1.0338,0
2008-08-14,20.8,20.8,20.8,20.8,-0.7,-3.2558,0
2008-08-15,20.18,20.18,20.18,20.18,-0.62,-2.9808,0
2008-08-18,20.66,20.66,20.66,20.66,0.48,2.3786,0
2008-08-19,21.0,21.0,21.0,21.0,0.34,1.6457,0
2008-08-20,22.45,22.45,22.45,22.45,1.45,6.9048,0
2008-08-21,22.19,22.19,22.19,22.19,-0.26,-1.1581,0
2008-08-22,21.59,21.59,21.59,21.59,-0.6,-2.7039,0
2008-08-25,22.64,22.64,22.64,22.64,1.05,4.8634,0
2008-08-26,22.4,22.4,22.4,22.4,-0.24,-1.0601,0
2008-08-27,21.8,21.8,21.8,21.8,-0.6,-2.6786,0
2008-08-28,21.12,21.12,21.12,21.12,-0.68,-3.1193,0
2008-08-29,21.7,21.7,21.7,21.7,0.58,2.7462,0
2008-09-02,22.08,22.08,22.08,22.08,0.38,1.7512,0
2008-09-03,21.64,21.64,21.64,21.64,-0.44,-1.9928,0
2008-09-04,23.78,23.78,23.78,23.78,2.14,9.8891,0
2008-09-05,23.08,23.08,23.08,23.08,-0.7,-2.9437,0
2008-09-08,21.99,21.99,21.99,21.99,-1.09,-4.7227,0
2008-09-09,24.22,24.22,24.22,24.22,2.23,10.141,0
2008-09-10,23.59,23.59,23.59,23.59,-0.63,-2.6012,0
2008-09-11,23.83,23.83,23.83,23.83,0.24,1.0174,0
2008-09-12,24.68,24.68,24.68,24.68,0.85,3.5669,0
2008-09-15,28.84,28.84,28.84,28.84,4.16,16.8558,0
2008-09-16,29.68,29.68,29.68,29.68,0.84,2.9126,0
2008-09-17,26.61,26.61,26.61,26.61,-3.07,-10.3437,0
2008-09-18,25.31,25.31,25.31,25.31,-1.3,-4.8854,0
2008-09-19,24.74,24.74,24.74,24.74,-0.57,-2.2521,0
2008-09-22,26.56,26.56,26.56,26.56,1.82,7.3565,0
2008-09-23,29.02,29.02,29.02,29.02,2.46,9.262,0
2008-09-24,28.65,28.65,28.65,28.65,-0.37,-1.275,0
2008-09-25,27.74,27.74,27.74,27.74,-0.91,-3.1763,0
2008-09-26,28.64,28.64,28.64,28.64,0.9,3.2444,0
2008-09-29,32.69,32.69,32.69,32.69,4.05,14.1411,0
2008-09-30,30.66,30.66,30.66,30.66,-2.03,-6.2099,0
2008-10-01,31.87,31.87,31.87,31.87,1.21,3.9465,0
2008-10-02,34.1,34.1,34.1,34.1,2.23,6.9972,0
2008-10-03,35.67,35.67,35.67,35.67,1.57,4.6041,0
2008-10-06,37.37,37.37,37.37,37.37,1.7,4.7659,0
2008-10-07,41.83,41.83,41.83,41.83,4.46,11.9347,0
2008-10-08,45.56,45.56,45.56,45.56,3.73,8.917,0
2008-10-09,52.3,52.3,52.3,52.3,6.74,14.7937,0
2008-10-10,56.71,56.71,56.71,56.71,4.41,8.4321,0
2008-10-13,50.64,50.64,50.64,50.64,-6.07,-10.7036,0
2008-10-14,49.05,49.05,49.05,49.05,-1.59,-3.1398,0
2008-10-15,58.18,58.18,58.18,58.18,9.13,18.6137,0
2008-10-16,63.88,63.88,63.88,63.88,5.7,9.7972,0
2008-10-17,63.25,63.25,63.25,63.25,-0.63,-0.9862,0
2008-10-20,52.31,52.31,52.31,52.31,-10.94,-17.2964,0
2008-10-21,52.8,52.8,52.8,52.8,0.49,0.9367,0
2008-10-22,48.33,48.33,48.33,48.33,-4.47,-8.4659,0
2008-10-23,50.02,50.02,50.02,50.02,1.69,3.4968,0
2008-10-24,55.82,55.82,55.82,55.82,5.8,11.5954,0
2008-10-27,59.29,59.29,59.29,59.29,3.47,6.2164,0
2008-10-28,53.7,53.7,53.7,53.7,-5.59,-9.4282,0
2008-10-29,56.41,56.41,56.41,56.41,2.71,5.0466,0
2008-10-30,55.37,55.37,55.37,55.37,-1.04,-1.8436,0
2008-10-31,54.57,54.57,54.57,54.57,-0.8,-1.4448,0
2008-11-03,51.96,51.96,51.96,51.96,-2.61,-4.7828,0
2008-11-04,46.43,46.43,46.43,46.43,-5.53,-10.6428,0
2008-11-05,50.2,50.2,50.2,50.2,3.77,8.1198,0
2008-11-06,57.58,57.58,57.58,57.58,7.38,14.7012,0
2008-11-07,54.65,54.65,54.65,54.65,-2.93,-5.0886,0
2008-11-10,56.19,56.19,56.19,56.19,1.54,2.8179,0
2008-11-11,58.38,58.38,58.38,58.38,2.19,3.8975,0
2008-11-12,63.71,63.71,63.71,63.71,5.33,9.1298,0
2008-11-13,56.87,56.87,56.87,56.87,-6.84,-10.7361,0
2008-11-14,62.9,62.9,62.9,62.9,6.03,10.6031,0
2008-11-17,67.95,67.95,67.95,67.95,5.05,8.0286,0
2008-11-18,67.04,67.04,67.04,67.04,-0.91,-1.3392,0
2008-11-19,62.9,62.9,62.9,62.9,-4.14,-6.1754,0
2008-11-20,66.23,66.23,66.23,66.23,3.33,5.2941,0
2008-11-21,62.78,62.78,62.78,62.78,-3.45,-5.2091,0
2008-11-24,58.64,58.64,58.64,58.64,-4.14,-6.5945,0
2008-11-25,57.18,57.18,57.18,57.18,-1.46,-2.4898,0
2008-11-26,53.18,53.18,53.18,53.18,-4.0,-6.9955,0
2008-11-28,53.21,53.21,53.21,53.21,0.03,0.0564,0
2008-12-01,60.45,60.45,60.45,60.45,7.24,13.6065,0
2008-12-02,57.93,57.93,57.93,57.93,-2.52,-4.1687,0
2008-12-03,57.73,57.73,57.73,57.73,-0.2,-0.3452,0
2008-12-04,60.49,60.49,60.49,60.49,2.76,4.7809,0
2008-12-05,58.32,58.32,58.32,58.32,-2.17,-3.5874,0
2008-12-08,55.26,55.26,55.26,55.26,-3.06,-5.2469,0
2008-12-09,56.4,56.4,56.4,56.4,1.14,2.063,0
2008-12-10,55.26,55.26,55.26,55.26,-1.14,-2.0213,0
2008-12-11,55.06,55.06,55.06,55.06,-0.2,-0.3619,0
2008-12-12,54.58,54.58,54.58,54.58,-0.48,-0.8718,0
2008-12-15,55.7,55.7,55.7,55.7,1.12,2.052,0
2008-12-16,52.44,52.44,52.44,52.44,-3.26,-5.8528,0
2008-12-17,52.07,52.07,52.07,52.07,-0.37,-0.7056,0
2008-12-18,50.31,50.31,50.31,50.31,-1.76,-3.3801,0
2008-12-19,47.35,47.35,47.35,47.35,-2.96,-5.8835,0
2008-12-22,45.51,45.51,45.51,45.51,-1.84,-3.886,0
2008-12-23,46.15,46.15,46.15,46.15,0.64,1.4063,0
2008-12-24,45.73,45.73,45.73,45.73,-0.42,-0.9101,0
2008-12-26,45.15,45.15,45.15,45.15,-0.58,-1.2683,0
2008-12-29,46.34,46.34,46.34,46.34,1.19,2.6357,0
2008-12-30,44.18,44.18,44.18,44.18,-2.16,-4.6612,0
2008-12-31,41.94,41.94,41.94,41.94,-2.24,-5.0702,0
2009-01-02,38.7,38.7,38.7,38.7,-3.24,-7.7253,0
2009-01-05,39.96,39.96,39.96,39.96,1.26,3.2558,0
2009-01-06,39.53,39.53,39.53,39.53,-0.43,-1.0761,0
2009-01-07,43.52,43.52,43.52,43.52,3.99,10.0936,0
2009-01-08,42.97,42.97,42.97,42.97,-0.55,-1.2638,0
2009-01-09,44.55,44.55,44.55,44.55,1.58,3.677,0
2009-01-12,48.04,48.04,48.04,48.04,3.49,7.8339,0
2009-01-13,46.67,46.67,46.67,46.67,-1.37,-2.8518,0
2009-01-14,51.79,51.79,51.79,51.79,5.12,10.9706,0
2009-01-15,53.26,53.26,53.26,53.26,1.47,2.8384,0
2009-01-16,49.65,49.65,49.65,49.65,-3.61,-6.7781,0
2009-01-20,57.9,57.9,57.9,57.9,8.25,16.6163,0
2009-01-21,51.13,51.13,51.13,51.13,-6.77,-11.6926,0
2009-01-22,50.54,50.54,50.54,50.54,-0.59,-1.1539,0
2009-01-23,50.16,50.16,50.16,50.16,-0.38,-0.7519,0
2009-01-26,47.55,47.55,47.55,47.55,-2.61,-5.2033,0
2009-01-27,45.16,45.16,45.16,45.16,-2.39,-5.0263,0
2009-01-28,42.31,42.31,42.31,42.31,-2.85,-6.3109,0
2009-01-29,43.38,43.38,43.38,43.38,1.07,2.529,0
2009-01-30,44.99,44.99,44.99,44.99,1.61,3.7114,0
2009-02-02,45.35,45.35,45.35,45.35,0.36,0.8002,0
2009-02-03,43.15,43.15,43.15,43.15,-2.2,-4.8512,0
2009-02-04,43.75,43.75,43.75,43.75,0.6,1.3905,0
2009-02-05,43.25,43.25,43.25,43.25,-0.5,-1.1429,0
2009-02-06,42.6,42.6,42.6,42.6,-0.65,-1.5029,0
2009-02-09,42.5,42.5,42.5,42.5,-0.1,-0.2347,0
2009-02-10,45.6,45.6,45.6,45.6,3.1,7.2941,0
2009-02-11,44.6,44.6,44.6,44.6,-1.0,-2.193,0
2009-02-12,42.55,42.55,42.55,42.55,-2.05,-4.5964,0
2009-02-13,43.6,43.6,43.6,43.6,1.05,2.4677,0
2009-02-17,48.0,48.0,48.0,48.0,4.4,10.0917,0
2009-02-18,44.85,44.85,44.85,44.85,-3.15,-6.5625,0
2009-02-19,44.55,44.55,44.55,44.55,-0.3,-0.6689,0
2009-02-20,46.7,46.7,46.7,46.7,2.15,4.826,0
2009-02-23,49.05,49.05,49.05,49.05,2.35,5.0321,0
2009-02-24,44.5,44.5,44.5,44.5,-4.55,-9.2762,0
2009-02-25,43.45,43.45,43.45,43.45,-1.05,-2.3596,0
2009-02-26,44.0,44.0,44.0,44.0,0.55,1.2658,0
2009-02-27,44.45,44.45,44.45,44.45,0.45,1.0227,0
2009-03-02,47.85,47.85,47.85,47.85,3.4,7.649,0
2009-03-03,48.45,48.45,48.45,48.45,0.6,1.2539,0
2009-03-04,44.75,44.75,44.75,44.75,-3.7,-7.6367,0
2009-03-05,47.35,47.35,47.35,47.35,2.6,5.8101,0
2009-03-06,46.65,46.65,46.65,46.65,-0.7,-1.4784,0
2009-03-09,47.05,47.05,47.05,47.05,0.4,0.8574,0
2009-03-10,43.15,43.15,43.15,43.15,-3.9,-8.2891,0
2009-03-11,42.65,42.65,42.65,42.65,-0.5,-1.1587,0
2009-03-12,41.1,41.1,41.1,41.1,-1.55,-3.6342,0
2009-03-13,42.1,42.1,42.1,42.1,1.0,2.4331,0
2009-03-16,43.0,43.0,43.0,43.0,0.9,2.1378,0
2009-03-17,40.05,40.05,40.05,40.05,-2.95,-6.8605,0
2009-03-18,40.95,40.95,40.95,40.95,0.9,2.2472,0
2009-03-19,43.7,43.7,43.7,43.7,2.75,6.7155,0
2009-03-20,47.05,47.05,47.05,47.05,3.35,7.6659,0
2009-03-23,43.35,43.35,43.35,43.35,-3.7,-7.864,0
2009-03-24,44.0,44.0,44.0,44.0,0.65,1.4994,0
2009-03-25,42.75,42.75,42.75,42.75,-1.25,-2.8409,0
2009-03-26,41.45,41.45,41.45,41.45,-1.3,-3.0409,0
2009-03-27,42.95,42.95,42.95,42.95,1.5,3.6188,0
2009-03-30,46.35,46.35,46.35,46.35,3.4,7.9162,0
2009-03-31,45.05,45.05,45.05,45.05,-1.3,-2.8047,0
2009-04-01,43.65,43.65,43.65,43.65,-1.4,-3.1077,0
2009-04-02,42.95,42.95,42.95,42.95,-0.7,-1.6037,0
2009-04-03,41.7,41.7,41.7,41.7,-1.25,-2.9104,0
2009-04-06,41.95,41.95,41.95,41.95,0.25,0.5995,0
2009-04-07,41.65,41.65,41.65,41.65,-0.3,-0.7151,0
2009-04-08,40.6,40.6,40.6,40.6,-1.05,-2.521,0
2009-04-09,38.3,38.3,38.3,38.3,-2.3,-5.665,0
2009-04-13,37.05,37.05,37.05,37.05,-1.25,-3.2637,0
2009-04-14,37.85,37.85,37.85,37.85,0.8,2.1592,0
2009-04-15,38.8,38.8,38.8,38.8,0.95,2.5099,0
2009-04-16,37.35,37.35,37.35,37.35,-1.45,-3.7371,0
2009-04-17,36.6,36.6,36.6,36.6,-0.75,-2.008,0
2009-04-20,39.5,39.5,39.5,39.5,2.9,7.9235,0
2009-04-21,37.9,37.9,37.9,37.9,-1.6,-4.0506,0
2009-04-22,38.45,38.45,38.45,38.45,0.55,1.4512,0
2009-04-23,37.8,37.8,37.8,37.8,-0.65,-1.6905,0
2009-04-24,37.8,37.8,37.8,37.8,0.0,0.0,0
2009-04-27,38.75,38.75,38.75,38.75,0.95,2.5132,0
2009-04-28,38.2,38.2,38.2,38.2,-0.55,-1.4194,0
2009-04-29,36.45,36.45,36.45,36.45,-1.75,-4.5812,0
2009-04-30,36.95,36.95,36.95,36.95,0.5,1.3717,0
2009-05-01,36.35,36.35,36.35,36.35,-0.6,-1.6238,0
2009-05-04,34.8,34.8,34.8,34.8,-1.55,-4.2641,0
2009-05-05,34.6,34.6,34.6,34.6,-0.2,-0.5747,0
2009-05-06,33.05,33.05,33.05,33.05,-1.55,-4.4798,0
2009-05-07,33.7,33.7,33.7,33.7,0.65,1.9667,0
2009-05-08,32.2,32.2,32.2,32.2,-1.5,-4.451,0
2009-05-11,32.45,32.45,32.45,32.45,0.25,0.7764,0
2009-05-12,31.95,31.95,31.95,31.95,-0.5,-1.5408,0
2009-05-13,33.4,33.4,33.4,33.4,1.45,4.5383,0
2009-05-14,31.6,31.6,31.6,31.6,-1.8,-5.3892,0
2009-05-15,33.15,33.15,33.15,33.15,1.55,4.9051,0
2009-05-18,29.85,29.85,29.85,29.85,-3.3,-9.9548,0
2009-05-19,28.5,28.5,28.5,28.5,-1.35,-4.5226,0
2009-05-20,30.5,30.5,30.5,30.5,2.0,7.0175,0
2009-05-21,32.2,32.2,32.2,32.2,1.7,5.5738,0
2009-05-22,32.75,32.75,32.75,32.75,0.55,1.7081,0
2009-05-26,31.15,31.15,31.15,31.15,-1.6,-4.8855,0
2009-05-27,32.1,32.1,32.1,32.1,0.95,3.0498,0
2009-05-28,31.55,31.55,31.55,31.55,-0.55,-1.7134,0
2009-05-29,30.35,30.35,30.35,30.35,-1.2,-3.8035,0
2009-06-01,29.6,29.6,29.6,29.6,-0.75,-2.4712,0
2009-06-02,29.6,29.6,29.6,29.6,0.0,0.0,0
2009-06-03,31.15,31.15,31.15,31.15,1.55,5.2365,0
2009-06-04,30.8,30.8,30.8,30.8,-0.35,-1.1236,0
2009-06-05,30.55,30.55,30.55,30.55,-0.25,-0.8117,0
2009-06-08,30.25,30.25,30.25,30.25,-0.3,-0.982,0
2009-06-09,29.1,29.1,29.1,29.1,-1.15,-3.8017,0
2009-06-10,29.1,29.1,29.1,29.1,0.0,0.0,0
2009-06-11,28.1,28.1,28.1,28.1,-1.0,-3.4364,0
2009-06-12,28.35,28.35,28.35,28.35,0.25,0.8897,0
2009-06-15,30.2,30.2,30.2,30.2,1.85,6.5256,0
2009-06-16,31.85,31.85,31.85,31.85,1.65,5.4636,0
2009-06-17,32.65,32.65,32.65,32.65,0.8,2.5118,0
2009-06-18,32.4,32.4,32.4,32.4,-0.25,-0.7657,0
2009-06-19,31.35,31.35,31.35,31.35,-1.05,-3.2407,0
2009-06-22,32.75,32.75,32.75,32.75,1.4,4.4657,0
2009-06-23,32.05,32.05,32.05,32.05,-0.7,-2.1374,0
2009-06-24,30.6,30.6,30.6,30.6,-1.45,-4.5242,0
2009-06-25,29.1,29.1,29.1,29.1,-1.5,-4.902,0
2009-06-26,28.55,28.55,28.55,28.55,-0.55,-1.89,0
2009-06-29,27.45,27.45,27.45,27.45,-1.1,-3.8529,0
2009-06-30,28.05,28.05,28.05,28.05,0.6,2.1858,0
2009-07-01,27.65,27.65,27.65,27.65,-0.4,-1.426,0
2009-07-02,29.3,29.3,29.3,29.3,1.65,5.9675,0
2009-07-06,29.0,29.0,29.0,29.0,-0.3,-1.0239,0
2009-07-07,30.25,30.25,30.25,30.25,1.25,4.3103,0
2009-07-08,30.8,30.8,30.8,30.8,0.55,1.8182,0
2009-07-09,29.75,29.75,29.75,29.75,-1.05,-3.4091,0
2009-07-10,29.8,29.8,29.8,29.8,0.05,0.1681,0
2009-07-13,27.55,27.55,27.55,27.55,-2.25,-7.5503,0
2009-07-14,27.0,27.0,27.0,27.0,-0.55,-1.9964,0
2009-07-15,26.45,26.45,26.45,26.45,-0.55,-2.037,0
2009-07-16,25.9,25.9,25.9,25.9,-0.55,-2.0794,0
2009-07-17,25.6,25.6,25.6,25.6,-0.3,-1.1583,0
2009-07-20,24.55,24.55,24.55,24.55,-1.05,-4.1016,0
2009-07-21,24.05,24.05,24.05,24.05,-0.5,-2.0367,0
2009-07-22,27.2,27.2,27.2,27.2,3.15,13.0977,0
2009-07-23,26.25,26.25,26.25,26.25,-0.95,-3.4926,0
2009-07-24,26.0,26.0,26.0,26.0,-0.25,-0.9524,0
2009-07-27,26.35,26.35,26.35,26.35,0.35,1.3462,0
2009-07-28,27.3,27.3,27.3,27.3,0.95,3.6053,0
2009-07-29,27.65,27.65,27.65,27.65,0.35,1.2821,0
2009-07-30,27.05,27.05,27.05,27.05,-0.6,-2.17,0
2009-07-31,27.25,27.25,27.25,27.25,0.2,0.7394,0
2009-08-03,26.45,26.45,26.45,26.45,-0.8,-2.9358,0
2009-08-04,26.3,26.3,26.3,26.3,-0.15,-0.5671,0
2009-08-05,26.05,26.05,26.05,26.05,-0.25,-0.9506,0
2009-08-06,26.6,26.6,26.6,26.6,0.55,2.1113,0
2009-08-07,25.65,25.65,25.65,25.65,-0.95,-3.5714,0
2009-08-10,25.6,25.6,25.6,25.6,-0.05,-0.1949,0
2009-08-11,26.2,26.2,26.2,26.2,0.6,2.3438,0
2009-08-12,25.55,25.55,25.55,25.55,-0.65,-2.4809,0
2009-08-13,25.05,25.05,25.05,25.05,-0.5,-1.9569,0
2009-08-14,25.2,25.2,25.2,25.2,0.15,0.5988,0
2009-08-17,27.6,27.6,27.6,27.6,2.4,9.5238,0
2009-08-18,26.35,26.35,26.35,26.35,-1.25,-4.529,0
2009-08-19,28.35,28.35,28.35,28.35,2.0,7.5901,0
2009-08-20,27.8,27.8,27.8,27.8,-0.55,-1.94,0
2009-08-21,27.35,27.35,27.35,27.35,-0.45,-1.6187,0
2009-08-24,27.4,27.4,27.4,27.4,0.05,0.1828,0
2009-08-25,27.75,27.75,27.75,27.75,0.35,1.2774,0
2009-08-26,28.3,28.3,28.3,28.3,0.55,1.982,0
2009-08-27,27.8,27.8,27.8,27.8,-0.5,-1.7668,0
2009-08-28,28.1,28.1,28.1,28.1,0.3,1.0791,0
2009-08-31,28.5,28.5,28.5,28.5,0.4,1.4235,0
2009-09-01,30.05,30.05,30.05,30.05,1.55,5.4386,0
2009-09-02,30.5,30.5,30.5,30.5,0.45,1.4975,0
2009-09-03,28.95,28.95,28.95,28.95,-1.55,-5.082,0
2009-09-04,27.6,27.6,27.6,27.6,-1.35,-4.6632,0
2009-09-08,26.7,26.7,26.7,26.7,-0.9,-3.2609,0
2009-09-09,25.95,25.95,25.95,25.95,-0.75,-2.809,0
2009-09-10,24.45,24.45,24.45,24.45,-1.5,-5.7803,0
2009-09-11,24.75,24.75,24.75,24.75,0.3,1.227,0
2009-09-14,23.85,23.85,23.85,23.85,-0.9,-3.6364,0
2009-09-15,23.5,23.5,23.5,23.5,-0.35,-1.4675,0
2009-09-16,25.95,25.95,25.95,25.95,2.45,10.4255,0
2009-09-17,26.1,26.1,26.1,26.1,0.15,0.578,0
2009-09-18,26.75,26.75,26.75,26.75,0.65,2.4904,0
2009-09-21,26.7,26.7,26.7,26.7,-0.05,-0.1869,0
2009-09-22,26.1,26.1,26.1,26.1,-0.6,-2.2472,0
2009-09-23,26.35,26.35,26.35,26.35,0.25,0.9579,0
2009-09-24,26.9,26.9,26.9,26.9,0.55,2.0873,0
2009-09-25,27.0,27.0,27.0,27.0,0.1,0.3717,0
2009-09-28,25.85,25.85,25.85,25.85,-1.15,-4.2593,0
2009-09-29,25.9,25.9,25.9,25.9,0.05,0.1934,0
2009-09-30,26.3,26.3,26.3,26.3,0.4,1.5444,0
2009-10-01,27.8,27.8,27.8,27.8,1.5,5.7034,0
2009-10-02,27.85,27.85,27.85,27.85,0.05,0.1799,0
2009-10-05,26.8,26.8,26.8,26.8,-1.05,-3.7702,0
2009-10-06,26.0,26.0,26.0,26.0,-0.8,-2.9851,0
2009-10-07,25.4,25.4,25.4,25.4,-0.6,-2.3077,0
2009-10-08,25.05,25.05,25.05,25.05,-0.35,-1.378,0
2009-10-09,24.55,24.55,24.55,24.55,-0.5,-1.996,0
2009-10-12,24.05,24.05,24.05,24.05,-0.5,-2.0367,0
2009-10-13,23.55,23.55,23.55,23.55,-0.5,-2.079,0
2009-10-14,23.25,23.25,23.25,23.25,-0.3,-1.2739,0
2009-10-15,22.35,22.35,22.35,22.35,-0.9,-3.871,0
2009-10-16,22.35,22.35,22.35,22.35,0.0,0.0,0
2009-10-19,21.4,21.4,21.4,21.4,-0.95,-4.2506,0
2009-10-20,21.1,21.1,21.1,21.1,-0.3,-1.4019,0
2009-10-21,24.55,24.55,24.55,24.55,3.45,16.3507,0
2009-10-22,23.65,23.65,23.65,23.65,-0.9,-3.666,0
2009-10-23,24.05,24.05,24.05,24.05,0.4,1.6913,0
2009-10-26,24.55,24.55,24.55,24.55,0.5,2.079,0
2009-10-27,24.65,24.65,24.65,24.65,0.1,0.4073,0
2009-10-28,26.65,26.65,26.65,26.65,2.0,8.1136,0
2009-10-29,25.05,25.05,25.05,25.05,-1.6,-6.0038,0
2009-10-30,27.85,27.85,27.85,27.85,2.8,11.1776,0
2009-11-02,28.0,28.0,28.0,28.0,0.15,0.5386,0
2009-11-03,28.1,28.1,28.1,28.1,0.1,0.3571,0
2009-11-04,27.6,27.6,27.6,27.6,-0.5,-1.7794,0
2009-11-05,25.9,25.9,25.9,25.9,-1.7,-6.1594,0
2009-11-06,25.1,25.1,25.1,25.1,-0.8,-3.0888,0
2009-11-09,23.5,23.5,23.5,23.5,-1.6,-6.3745,0
2009-11-10,23.5,23.5,23.5,23.5,0.0,0.0,0
2009-11-11,23.65,23.65,23.65,23.65,0.15,0.6383,0
2009-11-12,24.8,24.8,24.8,24.8,1.15,4.8626,0
2009-11-13,24.25,24.25,24.25,24.25,-0.55,-2.2177,0
2009-11-16,23.4,23.4,23.4,23.4,-0.85,-3.5052,0
2009-11-17,22.55,22.55,22.55,22.55,-0.85,-3.6325,0
2009-11-18,24.4,24.4,24.4,24.4,1.85,8.204,0
2009-11-19,24.7,24.7,24.7,24.7,0.3,1.2295,0
2009-11-20,24.2,24.2,24.2,24.2,-0.5,-2.0243,0
2009-11-23,22.85,22.85,22.85,22.85,-1.35,-5.5785,0
2009-11-24,22.7,22.7,22.7,22.7,-0.15,-0.6565,0
2009-11-25,22.35,22.35,22.35,22.35,-0.35,-1.5419,0
2009-11-27,24.05,24.05,24.05,24.05,1.7,7.6063,0
2009-11-30,24.1,24.1,24.1,24.1,0.05,0.2079,0
2009-12-01,23.05,23.05,23.05,23.05,-1.05,-4.3568,0
2009-12-02,22.65,22.65,22.65,22.65,-0.4,-1.7354,0
2009-12-03,23.25,23.25,23.25,23.25,0.6,2.649,0
2009-12-04,22.6,22.6,22.6,22.6,-0.65,-2.7957,0
2009-12-07,22.5,22.5,22.5,22.5,-0.1,-0.4425,0
2009-12-08,23.5,23.5,23.5,23.5,1.0,4.4444,0
2009-12-09,23.05,23.05,23.05,23.05,-0.45,-1.9149,0
2009-12-10,22.5,22.5,22.5,22.5,-0.55,-2.3861,0
2009-12-11,22.1,22.1,22.1,22.1,-0.4,-1.7778,0
2009-12-14,21.1,21.1,21.1,21.1,-1.0,-4.5249,0
2009-12-15,21.35,21.35,21.35,21.35,0.25,1.1848,0
2009-12-16,24.1,24.1,24.1,24.1,2.75,12.8806,0
2009-12-17,24.45,24.45,24.45,24.45,0.35,1.4523,0
2009-12-18,24.1,24.1,24.1,24.1,-0.35,-1.4315,0
2009-12-21,23.25,23.25,23.25,23.25,-0.85,-3.527,0
2009-12-22,22.65,22.65,22.65,22.65,-0.6,-2.5806,0
2009-12-23,22.45,22.45,22.45,22.45,-0.2,-0.883,0
2009-12-24,22.1,22.1,22.1,22.1,-0.35,-1.559,0
2009-12-28,21.85,21.85,21.85,21.85,-0.25,-1.1312,0
2009-12-29,22.0,22.0,22.0,22.0,0.15,0.6865,0
2009-12-30,22.4,22.4,22.4,22.4,0.4,1.8182,0
2009-12-31,22.95,22.95,22.95,22.95,0.55,2.4554,0
2010-01-04,22.1,22.1,22.1,22.1,-0.85,-3.7037,0
2010-01-05,21.55,21.55,21.55,21.55,-0.55,-2.4887,0
2010-01-06,20.8,20.8,20.8,20.8,-0.75,-3.4803,0
2010-01-07,20.45,20.45,20.45,20.45,-0.35,-1.6827,0
2010-01-08,19.9,19.9,19.9,19.9,-0.55,-2.6895,0
2010-01-11,19.5,19.5,19.5,19.5,-0.4,-2.0101,0
2010-01-12,20.25,20.25,20.25,20.25,0.75,3.8462,0
2010-01-13,19.4,19.4,19.4,19.4,-0.85,-4.1975,0
2010-01-14,18.95,18.95,18.95,18.95,-0.45,-2.3196,0
2010-01-15,19.65,19.65,19.65,19.65,0.7,3.6939,0
2010-01-19,17.85,17.85,17.85,17.85,-1.8,-9.1603,0
2010-01-20,21.4,21.4,21.4,21.4,3.55,19.888,0
2010-01-21,22.65,22.65,22.65,22.65,1.25,5.8411,0
2010-01-22,24.75,24.75,24.75,24.75,2.1,9.2715,0
2010-01-25,24.35,24.35,24.35,24.35,-0.4,-1.6162,0
2010-01-26,24.55,24.55,24.55,24.55,0.2,0.8214,0
2010-01-27,23.75,23.75,23.75,23.75,-0.8,-3.2587,0
2010-01-28,24.0,24.0,24.0,24.0,0.25,1.0526,0
2010-01-29,24.65,24.65,24.65,24.65,0.65,2.7083,0
2010-02-01,23.05,23.05,23.05,23.05,-1.6,-6.4909,0
2010-02-02,22.1,22.1,22.1,22.1,-0.95,-4.1215,0
2010-02-03,22.15,22.15,22.15,22.15,0.05,0.2262,0
2010-02-04,25.6,25.6,25.6,25.6,3.45,15.5756,0
2010-02-05,26.1,26.1,26.1,26.1,0.5,1.9531,0
2010-02-08,26.4,26.4,26.4,26.4,0.3,1.1494,0
2010-02-09,25.55,25.55,25.55,25.55,-0.85,-3.2197,0
2010-02-10,25.5,25.5,25.5,25.5,-0.05,-0.1957,0
2010-02-11,24.45,24.45,24.45,24.45,-1.05,-4.1176,0
2010-02-12,24.45,24.45,24.45,24.45,0.0,0.0,0
2010-02-16,22.6,22.6,22.6,22.6,-1.85,-7.5665,0
2010-02-17,22.75,22.75,22.75,22.75,0.15,0.6637,0
2010-02-18,21.8,21.8,21.8,21.8,-0.95,-4.1758,0
2010-02-19,21.35,21.35,21.35,21.35,-0.45,-2.0642,0
2010-02-22,20.95,20.95,20.95,20.95,-0.4,-1.8735,0
2010-02-23,21.65,21.65,21.65,21.65,0.7,3.3413,0
2010-02-24,21.1,21.1,21.1,21.1,-0.55,-2.5404,0
2010-02-25,20.95,20.95,20.95,20.95,-0.15,-0.7109,0
2010-02-26,20.4,20.4,20.4,20.4,-0.55,-2.6253,0
2010-03-01,20.0,20.0,20.0,20.0,-0.4,-1.9608,0
2010-03-02,19.8,19.8,19.8,19.8,-0.2,-1.0,0
2010-03-03,19.6,19.6,19.6,19.6,-0.2,-1.0101,0
2010-03-04,19.6,19.6,19.6,19.6,0.0,0.0,0
2010-03-05,18.55,18.55,18.55,18.55,-1.05,-5.3571,0
2010-03-08,18.35,18.35,18.35,18.35,-0.2,-1.0782,0
2010-03-09,18.5,18.5,18.5,18.5,0.15,0.8174,0
2010-03-10,18.6,18.6,18.6,18.6,0.1,0.5405,0
2010-03-11,18.6,18.6,18.6,18.6,0.0,0.0,0
2010-03-12,18.35,18.35,18.35,18.35,-0.25,-1.3441,0
2010-03-15,18.1,18.1,18.1,18.1,-0.25,-1.3624,0
2010-03-16,17.45,17.45,17.45,17.45,-0.65,-3.5912,0
2010-03-17,20.1,20.1,20.1,20.1,2.65,15.1862,0
2010-03-18,19.8,19.8,19.8,19.8,-0.3,-1.4925,0
2010-03-19,20.2,20.2,20.2,20.2,0.4,2.0202,0
2010-03-22,19.9,19.9,19.9,19.9,-0.3,-1.4851,0
2010-03-23,19.45,19.45,19.45,19.45,-0.45,-2.2613,0
2010-03-24,19.9,19.9,19.9,19.9,0.45,2.3136,0
2010-03-25,20.1,20.1,20.1,20.1,0.2,1.005,0
2010-03-26,19.9,19.9,19.9,19.9,-0.2,-0.995,0
2010-03-29,19.5,19.5,19.5,19.5,-0.4,-2.0101,0
2010-03-30,19.1,19.1,19.1,19.1,-0.4,-2.0513,0
2010-03-31,18.95,18.95,18.95,18.95,-0.15,-0.7853,0
2010-04-01,18.8,18.8,18.8,18.8,-0.15,-0.7916,0
2010-04-05,18.0,18.0,18.0,18.0,-0.8,-4.2553,0
2010-04-06,17.45,17.45,17.45,17.45,-0.55,-3.0556,0
2010-04-07,17.9,17.9,17.9,17.9,0.45,2.5788,0
2010-04-08,17.45,17.45,17.45,17.45,-0.45,-2.514,0
2010-04-09,17.2,17.2,17.2,17.2,-0.25,-1.4327,0
2010-04-12,17.1,17.1,17.1,17.1,-0.1,-0.5814,0
2010-04-13,17.15,17.15,17.15,17.15,0.05,0.2924,0
2010-04-14,16.7,16.7,16.7,16.7,-0.45,-2.6239,0
2010-04-15,16.7,16.7,16.7,16.7,0.0,0.0,0
2010-04-16,18.2,18.2,18.2,18.2,1.5,8.982,0
2010-04-19,17.4,17.4,17.4,17.4,-0.8,-4.3956,0
2010-04-20,16.0,16.0,16.0,16.0,-1.4,-8.046,0
2010-04-21,18.7,18.7,18.7,18.7,2.7,16.875,0
2010-04-22,18.65,18.65,18.65,18.65,-0.05,-0.2674,0
2010-04-23,18.5,18.5,18.5,18.5,-0.15,-0.8043,0
2010-04-26,18.75,18.75,18.75,18.75,0.25,1.3514,0
2010-04-27,21.05,21.05,21.05,21.05,2.3,12.2667,0
2010-04-28,20.8,20.8,20.8,20.8,-0.25,-1.1876,0
2010-04-29,19.65,19.65,19.65,19.65,-1.15,-5.5288,0
2010-04-30,21.6,21.6,21.6,21.6,1.95,9.9237,0
2010-05-03,20.55,20.55,20.55,20.55,-1.05,-4.8611,0
2010-05-04,23.0,23.0,23.0,23.0,2.45,11.9221,0
2010-05-05,24.15,24.15,24.15,24.15,1.15,5.0,0
2010-05-06,29.2,29.2,29.2,29.2,5.05,20.911,0
2010-05-07,32.95,32.95,32.95,32.95,3.75,12.8425,0
2010-05-10,27.45,27.45,27.45,27.45,-5.5,-16.692,0
2010-05-11,27.1,27.1,27.1,27.1,-0.35,-1.275,0
2010-05-12,25.05,25.05,25.05,25.05,-2.05,-7.5646,0
2010-05-13,25.85,25.85,25.85,25.85,0.8,3.1936,0
2010-05-14,30.1,30.1,30.1,30.1,4.25,16.441,0
2010-05-17,30.3,30.3,30.3,30.3,0.2,0.6645,0
2010-05-18,32.7,32.7,32.7,32.7,2.4,7.9208,0
2010-05-19,31.65,31.65,31.65,31.65,-1.05,-3.211,0
2010-05-20,35.95,35.95,35.95,35.95,4.3,13.5861,0
2010-05-21,35.75,35.75,35.75,35.75,-0.2,-0.5563,0
2010-05-24,35.1,35.1,35.1,35.1,-0.65,-1.8182,0
2010-05-25,33.75,33.75,33.75,33.75,-1.35,-3.8462,0
2010-05-26,32.8,32.8,32.8,32.8,-0.95,-2.8148,0
2010-05-27,29.65,29.65,29.65,29.65,-3.15,-9.6037,0
2010-05-28,30.4,30.4,30.4,30.4,0.75,2.5295,0
2010-06-01,32.55,32.55,32.55,32.55,2.15,7.0724,0
2010-06-02,29.85,29.85,29.85,29.85,-2.7,-8.2949,0
2010-06-03,29.6,29.6,29.6,29.6,-0.25,-0.8375,0
2010-06-04,33.55,33.55,33.55,33.55,3.95,13.3446,0
2010-06-07,35.45,35.45,35.45,35.45,1.9,5.6632,0
2010-06-08,33.45,33.45,33.45,33.45,-2.0,-5.6417,0
2010-06-09,33.4,33.4,33.4,33.4,-0.05,-0.1495,0
2010-06-10,30.65,30.65,30.65,30.65,-2.75,-8.2335,0
2010-06-11,29.3,29.3,29.3,29.3,-1.35,-4.4046,0
2010-06-14,28.55,28.55,28.55,28.55,-0.75,-2.5597,0
2010-06-15,25.85,25.85,25.85,25.85,-2.7,-9.4571,0
2010-06-16,27.8,27.8,27.8,27.8,1.95,7.5435,0
2010-06-17,27.3,27.3,27.3,27.3,-0.5,-1.7986,0
2010-06-18,26.85,26.85,26.85,26.85,-0.45,-1.6484,0
2010-06-21,27.1,27.1,27.1,27.1,0.25,0.9311,0
2010-06-22,28.4,28.4,28.4,28.4,1.3,4.797,0
2010-06-23,28.75,28.75,28.75,28.75,0.35,1.2324,0
2010-06-24,30.65,30.65,30.65,30.65,1.9,6.6087,0
2010-06-25,29.75,29.75,29.75,29.75,-0.9,-2.9364,0
2010-06-28,30.15,30.15,30.15,30.15,0.4,1.3445,0
2010-06-29,33.5,33.5,33.5,33.5,3.35,11.1111,0
2010-06-30,33.9,33.9,33.9,33.9,0.4,1.194,0
2010-07-01,33.35,33.35,33.35,33.35,-0.55,-1.6224,0
2010-07-02,32.05,32.05,32.05,32.05,-1.3,-3.8981,0
2010-07-06,29.8,29.8,29.8,29.8,-2.25,-7.0203,0
2010-07-07,27.6,27.6,27.6,27.6,-2.2,-7.3826,0
2010-07-08,27.05,27.05,27.05,27.05,-0.55,-1.9928,0
2010-07-09,26.55,26.55,26.55,26.55,-0.5,-1.8484,0
2010-07-12,25.85,25.85,25.85,25.85,-0.7,-2.6365,0
2010-07-13,25.8,25.8,25.8,25.8,-0.05,-0.1934,0
2010-07-14,26.75,26.75,26.75,26.75,0.95,3.6822,0
2010-07-15,26.5,26.5,26.5,26.5,-0.25,-0.9346,0
2010-07-16,28.1,28.1,28.1,28.1,1.6,6.0377,0
2010-07-19,26.8,26.8,26.8,26.8,-1.3,-4.6263,0
2010-07-20,24.4,24.4,24.4,24.4,-2.4,-8.9552,0
2010-07-21,28.85,28.85,28.85,28.85,4.45,18.2377,0
2010-07-22,27.3,27.3,27.3,27.3,-1.55,-5.3726,0
2010-07-23,26.6,26.6,26.6,26.6,-0.7,-2.5641,0
2010-07-26,25.55,25.55,25.55,25.55,-1.05,-3.9474,0
2010-07-27,25.45,25.45,25.45,25.45,-0.1,-0.3914,0
2010-07-28,25.75,25.75,25.75,25.75,0.3,1.1788,0
2010-07-29,25.75,25.75,25.75,25.75,0.0,0.0,0
2010-07-30,25.45,25.45,25.45,25.45,-0.3,-1.165,0
2010-08-02,23.85,23.85,23.85,23.85,-1.6,-6.2868,0
2010-08-03,24.1,24.1,24.1,24.1,0.25,1.0482,0
2010-08-04,23.75,23.75,23.75,23.75,-0.35,-1.4523,0
2010-08-05,23.8,23.8,23.8,23.8,0.05,0.2105,0
2010-08-06,23.7,23.7,23.7,23.7,-0.1,-0.4202,0
2010-08-09,23.1,23.1,23.1,23.1,-0.6,-2.5316,0
2010-08-10,23.25,23.25,23.25,23.25,0.15,0.6494,0
2010-08-11,25.7,25.7,25.7,25.7,2.45,10.5376,0
2010-08-12,26.15,26.15,26.15,26.15,0.45,1.751,0
2010-08-13,26.75,26.75,26.75,26.75,0.6,2.2945,0
2010-08-16,26.0,26.0,26.0,26.0,-0.75,-2.8037,0
2010-08-17,24.35,24.35,24.35,24.35,-1.65,-6.3462,0
2010-08-18,29.0,29.0,29.0,29.0,4.65,19.0965,0
2010-08-19,29.9,29.9,29.9,29.9,0.9,3.1034,0
2010-08-20,29.6,29.6,29.6,29.6,-0.3,-1.0033,0
2010-08-23,29.0,29.0,29.0,29.0,-0.6,-2.027,0
2010-08-24,29.8,29.8,29.8,29.8,0.8,2.7586,0
2010-08-25,29.15,29.15,29.15,29.15,-0.65,-2.1812,0
2010-08-26,29.55,29.55,29.55,29.55,0.4,1.3722,0
2010-08-27,27.55,27.55,27.55,27.55,-2.0,-6.7682,0
2010-08-30,28.45,28.45,28.45,28.45,0.9,3.2668,0
2010-08-31,27.9,27.9,27.9,27.9,-0.55,-1.9332,0
2010-09-01,25.8,25.8,25.8,25.8,-2.1,-7.5269,0
2010-09-02,25.0,25.0,25.0,25.0,-0.8,-3.1008,0
2010-09-03,23.6,23.6,23.6,23.6,-1.4,-5.6,0
2010-09-07,24.45,24.45,24.45,24.45,0.85,3.6017,0
2010-09-08,23.85,23.85,23.85,23.85,-0.6,-2.454,0
2010-09-09,23.75,23.75,23.75,23.75,-0.1,-0.4193,0
2010-09-10,23.05,23.05,23.05,23.05,-0.7,-2.9474,0
2010-09-13,21.7,21.7,21.7,21.7,-1.35,-5.8568,0
2010-09-14,21.7,21.7,21.7,21.7,0.0,0.0,0
2010-09-15,25.2,25.2,25.2,25.2,3.5,16.129,0
2010-09-16,25.1,25.1,25.1,25.1,-0.1,-0.3968,0
2010-09-17,25.05,25.05,25.05,25.05,-0.05,-0.1992,0
2010-09-20,24.35,24.35,24.35,24.35,-0.7,-2.7944,0
2010-09-21,24.45,24.45,24.45,24.45,0.1,0.4107,0
2010-09-22,24.95,24.95,24.95,24.95,0.5,2.045,0
2010-09-23,25.8,25.8,25.8,25.8,0.85,3.4068,0
2010-09-24,24.2,24.2,24.2,24.2,-1.6,-6.2016,0
2010-09-27,24.35,24.35,24.35,24.35,0.15,0.6198,0
2010-09-28,24.3,24.3,24.3,24.3,-0.05,-0.2053,0
2010-09-29,24.7,24.7,24.7,24.7,0.4,1.6461,0
2010-09-30,25.45,25.45,25.45,25.45,0.75,3.0364,0
2010-10-01,24.75,24.75,24.75,24.75,-0.7,-2.7505,0
2010-10-04,25.15,25.15,25.15,25.15,0.4,1.6162,0
2010-10-05,23.65,23.65,23.65,23.65,-1.5,-5.9642,0
2010-10-06,23.25,23.25,23.25,23.25,-0.4,-1.6913,0
2010-10-07,22.95,22.95,22.95,22.95,-0.3,-1.2903,0
2010-10-08,21.95,21.95,21.95,21.95,-1.0,-4.3573,0
2010-10-11,21.3,21.3,21.3,21.3,-0.65,-2.9613,0
2010-10-12,20.65,20.65,20.65,20.65,-0.65,-3.0516,0
2010-10-13,20.65,20.65,20.65,20.65,0.0,0.0,0
2010-10-14,21.55,21.55,21.55,21.55,0.9,4.3584,0
2010-10-15,20.95,20.95,20.95,20.95,-0.6,-2.7842,0
2010-10-18,19.85,19.85,19.85,19.85,-1.1,-5.2506,0
2010-10-19,20.95,20.95,20.95,20.95,1.1,5.5416,0
2010-10-20,22.6,22.6,22.6,22.6,1.65,7.8759,0
2010-10-21,22.0,22.0,22.0,22.0,-0.6,-2.6549,0
2010-10-22,21.1,21.1,21.1,21.1,-0.9,-4.0909,0
2010-10-25,20.95,20.95,20.95,20.95,-0.15,-0.7109,0
2010-10-26,21.4,21.4,21.4,21.4,0.45,2.148,0
2010-10-27,21.85,21.85,21.85,21.85,0.45,2.1028,0
2010-10-28,21.75,21.75,21.75,21.75,-0.1,-0.4577,0
2010-10-29,21.75,21.75,21.75,21.75,0.0,0.0,0
2010-11-01,21.55,21.55,21.55,21.55,-0.2,-0.9195,0
2010-11-02,21.0,21.0,21.0,21.0,-0.55,-2.5522,0
2010-11-03,19.8,19.8,19.8,19.8,-1.2,-5.7143,0
2010-11-04,18.5,18.5,18.5,18.5,-1.3,-6.5657,0
2010-11-05,18.55,18.55,18.55,18.55,0.05,0.2703,0
2010-11-08,18.7,18.7,18.7,18.7,0.15,0.8086,0
2010-11-09,18.9,18.9,18.9,18.9,0.2,1.0695,0
2010-11-10,18.65,18.65,18.65,18.65,-0.25,-1.3228,0
2010-11-11,18.95,18.95,18.95,18.95,0.3,1.6086,0
2010-11-12,20.35,20.35,20.35,20.35,1.4,7.3879,0
2010-11-15,19.75,19.75,19.75,19.75,-0.6,-2.9484,0
2010-11-16,22.25,22.25,22.25,22.25,2.5,12.6582,0
2010-11-17,22.3,22.3,22.3,22.3,0.05,0.2247,0
2010-11-18,20.75,20.75,20.75,20.75,-1.55,-6.9507,0
2010-11-19,20.5,20.5,20.5,20.5,-0.25,-1.2048,0
2010-11-22,19.8,19.8,19.8,19.8,-0.7,-3.4146,0
2010-11-23,20.75,20.75,20.75,20.75,0.95,4.798,0
2010-11-24,19.8,19.8,19.8,19.8,-0.95,-4.5783,0
2010-11-26,21.25,21.25,21.25,21.25,1.45,7.3232,0
2010-11-29,21.45,21.45,21.45,21.45,0.2,0.9412,0
2010-11-30,23.2,23.2,23.2,23.2,1.75,8.1585,0
2010-12-01,21.9,21.9,21.9,21.9,-1.3,-5.6034,0
2010-12-02,19.85,19.85,19.85,19.85,-2.05,-9.3607,0
2010-12-03,19.05,19.05,19.05,19.05,-0.8,-4.0302,0
2010-12-06,18.6,18.6,18.6,18.6,-0.45,-2.3622,0
2010-12-07,18.6,18.6,18.6,18.6,0.0,0.0,0
2010-12-08,18.2,18.2,18.2,18.2,-0.4,-2.1505,0
2010-12-09,18.0,18.0,18.0,18.0,-0.2,-1.0989,0
2010-12-10,18.05,18.05,18.05,18.05,0.05,0.2778,0
2010-12-13,18.3,18.3,18.3,18.3,0.25,1.385,0
2010-12-14,18.7,18.7,18.7,18.7,0.4,2.1858,0
2010-12-15,19.05,19.05,19.05,19.05,0.35,1.8717,0
2010-12-16,18.4,18.4,18.4,18.4,-0.65,-3.4121,0
2010-12-17,17.6,17.6,17.6,17.6,-0.8,-4.3478,0
2010-12-20,16.75,16.75,16.75,16.75,-0.85,-4.8295,0
2010-12-21,16.75,16.75,16.75,16.75,0.0,0.0,0
2010-12-22,19.25,19.25,19.25,19.25,2.5,14.9254,0
2010-12-23,19.85,19.85,19.85,19.85,0.6,3.1169,0
2010-12-27,20.45,20.45,20.45,20.45,0.6,3.0227,0
2010-12-28,20.55,20.55,20.55,20.55,0.1,0.489,0
2010-12-29,20.25,20.25,20.25,20.25,-0.3,-1.4599,0
2010-12-30,20.1,20.1,20.1,20.1,-0.15,-0.7407,0
2010-12-31,19.7,19.7,19.7,19.7,-0.4,-1.99,0
2011-01-03,19.3,19.3,19.3,19.3,-0.4,-2.0305,0
2011-01-04,19.1,19.1,19.1,19.1,-0.2,-1.0363,0
2011-01-05,18.7,18.7,18.7,18.7,-0.4,-2.0942,0
2011-01-06,18.65,18.65,18.65,18.65,-0.05,-0.2674,0
2011-01-07,18.7,18.7,18.7,18.7,0.05,0.2681,0
2011-01-10,18.65,18.65,18.65,18.65,-0.05,-0.2674,0
2011-01-11,17.95,17.95,17.95,17.95,-0.7,-3.7534,0
2011-01-12,17.0,17.0,17.0,17.0,-0.95,-5.2925,0
2011-01-13,16.95,16.95,16.95,16.95,-0.05,-0.2941,0
2011-01-14,16.25,16.25,16.25,16.25,-0.7,-4.1298,0
2011-01-18,15.9,15.9,15.9,15.9,-0.35,-2.1538,0
2011-01-19,18.75,18.75,18.75,18.75,2.85,17.9245,0
2011-01-20,18.65,18.65,18.65,18.65,-0.1,-0.5333,0
2011-01-21,18.85,18.85,18.85,18.85,0.2,1.0724,0
2011-01-24,18.4,18.4,18.4,18.4,-0.45,-2.3873,0
2011-01-25,18.2,18.2,18.2,18.2,-0.2,-1.087,0
2011-01-26,17.55,17.55,17.55,17.55,-0.65,-3.5714,0
2011-01-27,17.25,17.25,17.25,17.25,-0.3,-1.7094,0
2011-01-28,19.4,19.4,19.4,19.4,2.15,12.4638,0
2011-01-31,19.1,19.1,19.1,19.1,-0.3,-1.5464,0
2011-02-01,17.95,17.95,17.95,17.95,-1.15,-6.0209,0
2011-02-02,18.05,18.05,18.05,18.05,0.1,0.5571,0
2011-02-03,17.7,17.7,17.7,17.7,-0.35,-1.9391,0
2011-02-04,17.25,17.25,17.25,17.25,-0.45,-2.5424,0
2011-02-07,16.95,16.95,16.95,16.95,-0.3,-1.7391,0
2011-02-08,16.85,16.85,16.85,16.85,-0.1,-0.59,0
2011-02-09,16.85,16.85,16.85,16.85,0.0,0.0,0
2011-02-10,16.9,16.9,16.9,16.9,0.05,0.2967,0
2011-02-11,16.6,16.6,16.6,16.6,-0.3,-1.7751,0
2011-02-14,16.45,16.45,16.45,16.45,-0.15,-0.9036,0
2011-02-15,16.7,16.7,16.7,16.7,0.25,1.5198,0
2011-02-16,18.3,18.3,18.3,18.3,1.6,9.5808,0
2011-02-17,18.45,18.45,18.45,18.45,0.15,0.8197,0
2011-02-18,18.6,18.6,18.6,18.6,0.15,0.813,0
2011-02-22,21.15,21.15,21.15,21.15,2.55,13.7097,0
2011-02-23,22.25,22.25,22.25,22.25,1.1,5.2009,0
2011-02-24,21.85,21.85,21.85,21.85,-0.4,-1.7978,0
2011-02-25,20.15,20.15,20.15,20.15,-1.7,-7.7803,0
2011-02-28,19.2,19.2,19.2,19.2,-0.95,-4.7146,0
2011-03-01,21.2,21.2,21.2,21.2,2.0,10.4167,0
2011-03-02,21.1,21.1,21.1,21.1,-0.1,-0.4717,0
2011-03-03,19.7,19.7,19.7,19.7,-1.4,-6.6351,0
2011-03-04,20.05,20.05,20.05,20.05,0.35,1.7766,0
2011-03-07,21.05,21.05,21.05,21.05,1.0,4.9875,0
2011-03-08,20.45,20.45,20.45,20.45,-0.6,-2.8504,0
2011-03-09,21.05,21.05,21.05,21.05,0.6,2.934,0
2011-03-10,22.25,22.25,22.25,22.25,1.2,5.7007,0
2011-03-11,21.3,21.3,21.3,21.3,-0.95,-4.2697,0
2011-03-14,21.7,21.7,21.7,21.7,0.4,1.8779,0
2011-03-15,24.6,24.6,24.6,24.6,2.9,13.3641,0
2011-03-16,24.9,24.9,24.9,24.9,0.3,1.2195,0
2011-03-17,24.15,24.15,24.15,24.15,-0.75,-3.012,0
2011-03-18,23.35,23.35,23.35,23.35,-0.8,-3.3126,0
2011-03-21,21.6,21.6,21.6,21.6,-1.75,-7.4946,0
2011-03-22,21.5,21.5,21.5,21.5,-0.1,-0.463,0
2011-03-23,20.5,20.5,20.5,20.5,-1.0,-4.6512,0
2011-03-24,19.95,19.95,19.95,19.95,-0.55,-2.6829,0
2011-03-25,19.75,19.75,19.75,19.75,-0.2,-1.0025,0
2011-03-28,20.3,20.3,20.3,20.3,0.55,2.7848,0
2011-03-29,19.6,19.6,19.6,19.6,-0.7,-3.4483,0
2011-03-30,19.25,19.25,19.25,19.25,-0.35,-1.7857,0
2011-03-31,19.3,19.3,19.3,19.3,0.05,0.2597,0
2011-04-01,19.05,19.05,19.05,19.05,-0.25,-1.2953,0
2011-04-04,18.7,18.7,18.7,18.7,-0.35,-1.8373,0
2011-04-05,18.55,18.55,18.55,18.55,-0.15,-0.8021,0
2011-04-06,18.35,18.35,18.35,18.35,-0.2,-1.0782,0
2011-04-07,18.4,18.4,18.4,18.4,0.05,0.2725,0
2011-04-08,18.65,18.65,18.65,18.65,0.25,1.3587,0
2011-04-11,18.4,18.4,18.4,18.4,-0.25,-1.3405,0
2011-04-12,18.7,18.7,18.7,18.7,0.3,1.6304,0
2011-04-13,18.3,18.3,18.3,18.3,-0.4,-2.139,0
2011-04-14,17.9,17.9,17.9,17.9,-0.4,-2.1858,0
2011-04-15,16.75,16.75,16.75,16.75,-1.15,-6.4246,0
2011-04-18,17.3,17.3,17.3,17.3,0.55,3.2836,0
2011-04-19,16.0,16.0,16.0,16.0,-1.3,-7.5145,0
2011-04-20,18.15,18.15,18.15,18.15,2.15,13.4375,0
2011-04-21,17.9,17.9,17.9,17.9,-0.25,-1.3774,0
2011-04-25,17.45,17.45,17.45,17.45,-0.45,-2.514,0
2011-04-26,17.3,17.3,17.3,17.3,-0.15,-0.8596,0
2011-04-27,17.0,17.0,17.0,17.0,-0.3,-1.7341,0
2011-04-28,16.75,16.75,16.75,16.75,-0.25,-1.4706,0
2011-04-29,16.7,16.7,16.7,16.7,-0.05,-0.2985,0
2011-05-02,17.25,17.25,17.25,17.25,0.55,3.2934,0
2011-05-03,17.7,17.7,17.7,17.7,0.45,2.6087,0
2011-05-04,17.95,17.95,17.95,17.95,0.25,1.4124,0
2011-05-05,18.3,18.3,18.3,18.3,0.35,1.9499,0
2011-05-06,18.15,18.15,18.15,18.15,-0.15,-0.8197,0
2011-05-09,17.45,17.45,17.45,17.45,-0.7,-3.8567,0
2011-05-10,16.65,16.65,16.65,16.65,-0.8,-4.5845,0
2011-05-11,17.2,17.2,17.2,17.2,0.55,3.3033,0
2011-05-12,16.65,16.65,16.65,16.65,-0.55,-3.1977,0
2011-05-13,17.35,17.35,17.35,17.35,0.7,4.2042,0
2011-05-16,18.0,18.0,18.0,18.0,0.65,3.7464,0
2011-05-17,17.75,17.75,17.75,17.75,-0.25,-1.3889,0
2011-05-18,18.05,18.05,18.05,18.05,0.3,1.6901,0
2011-05-19,17.65,17.65,17.65,17.65,-0.4,-2.2161,0
2011-05-20,18.05,18.05,18.05,18.05,0.4,2.2663,0
2011-05-23,18.55,18.55,18.55,18.55,0.5,2.7701,0
2011-05-24,18.3,18.3,18.3,18.3,-0.25,-1.3477,0
2011-05-25,17.95,17.95,17.95,17.95,-0.35,-1.9126,0
2011-05-26,17.45,17.45,17.45,17.45,-0.5,-2.7855,0
2011-05-27,17.1,17.1,17.1,17.1,-0.35,-2.0057,0
2011-05-31,16.55,16.55,16.55,16.55,-0.55,-3.2164,0
2011-06-01,17.95,17.95,17.95,17.95,1.4,8.4592,0
2011-06-02,17.8,17.8,17.8,17.8,-0.15,-0.8357,0
2011-06-03,17.95,17.95,17.95,17.95,0.15,0.8427,0
2011-06-06,18.2,18.2,18.2,18.2,0.25,1.3928,0
2011-06-07,18.1,18.1,18.1,18.1,-0.1,-0.5495,0
2011-06-08,18.5,18.5,18.5,18.5,0.4,2.2099,0
2011-06-09,17.75,17.75,17.75,17.75,-0.75,-4.0541,0
2011-06-10,18.9,18.9,18.9,18.9,1.15,6.4789,0
2011-06-13,19.55,19.55,19.55,19.55,0.65,3.4392,0
2011-06-14,18.2,18.2,18.2,18.2,-1.35,-6.9054,0
2011-06-15,20.95,20.95,20.95,20.95,2.75,15.1099,0
2011-06-16,21.95,21.95,21.95,21.95,1.0,4.7733,0
2011-06-17,21.45,21.45,21.45,21.45,-0.5,-2.2779,0
2011-06-20,20.45,20.45,20.45,20.45,-1.0,-4.662,0
2011-06-21,19.95,19.95,19.95,19.95,-0.5,-2.445,0
2011-06-22,20.3,20.3,20.3,20.3,0.35,1.7544,0
2011-06-23,19.85,19.85,19.85,19.85,-0.45,-2.2167,0
2011-06-24,21.05,21.05,21.05,21.05,1.2,6.0453,0
2011-06-27,20.6,20.6,20.6,20.6,-0.45,-2.1378,0
2011-06-28,19.5,19.5,19.5,19.5,-1.1,-5.3398,0
2011-06-29,18.5,18.5,18.5,18.5,-1.0,-5.1282,0
2011-06-30,17.7,17.7,17.7,17.7,-0.8,-4.3243,0
2011-07-01,16.95,16.95,16.95,16.95,-0.75,-4.2373,0
2011-07-05,16.95,16.95,16.95,16.95,0.0,0.0,0
2011-07-06,17.25,17.25,17.25,17.25,0.3,1.7699,0
2011-07-07,16.75,16.75,16.75,16.75,-0.5,-2.8986,0
2011-07-08,17.1,17.1,17.1,17.1,0.35,2.0896,0
2011-07-11,18.85,18.85,18.85,18.85,1.75,10.2339,0
2011-07-12,19.6,19.6,19.6,19.6,0.75,3.9788,0
2011-07-13,19.9,19.9,19.9,19.9,0.3,1.5306,0
2011-07-14,20.65,20.65,20.65,20.65,0.75,3.7688,0
2011-07-15,20.15,20.15,20.15,20.15,-0.5,-2.4213,0
2011-07-18,21.15,21.15,21.15,21.15,1.0,4.9628,0
2011-07-19,19.25,19.25,19.25,19.25,-1.9,-8.9835,0
2011-07-20,19.35,19.35,19.35,19.35,0.1,0.5195,0
2011-07-21,18.35,18.35,18.35,18.35,-1.0,-5.168,0
2011-07-22,18.25,18.25,18.25,18.25,-0.1,-0.545,0
2011-07-25,19.35,19.35,19.35,19.35,1.1,6.0274,0
2011-07-26,19.65,19.65,19.65,19.65,0.3,1.5504,0
2011-07-27,21.3,21.3,21.3,21.3,1.65,8.3969,0
2011-07-28,21.35,21.35,21.35,21.35,0.05,0.2347,0
2011-07-29,21.1,21.1,21.1,21.1,-0.25,-1.171,0
2011-08-01,20.7,20.7,20.7,20.7,-0.4,-1.8957,0
2011-08-02,22.3,22.3,22.3,22.3,1.6,7.7295,0
2011-08-03,22.0,22.0,22.0,22.0,-0.3,-1.3453,0
2011-08-04,27.45,27.45,27.45,27.45,5.45,24.7727,0
2011-08-05,29.15,29.15,29.15,29.15,1.7,6.1931,0
2011-08-08,36.55,36.55,36.55,36.55,7.4,25.3859,0
2011-08-09,30.5,30.5,30.5,30.5,-6.05,-16.5527,0
2011-08-10,36.0,36.0,36.0,36.0,5.5,18.0328,0
2011-08-11,35.15,35.15,35.15,35.15,-0.85,-2.3611,0
2011-08-12,35.0,35.0,35.0,35.0,-0.15,-0.4267,0
2011-08-15,32.1,32.1,32.1,32.1,-2.9,-8.2857,0
2011-08-16,33.65,33.65,33.65,33.65,1.55,4.8287,0
2011-08-17,27.95,27.95,27.95,27.95,-5.7,-16.9391,0
2011-08-18,33.4,33.4,33.4,33.4,5.45,19.4991,0
2011-08-19,35.35,35.35,35.35,35.35,1.95,5.8383,0
2011-08-22,36.45,36.45,36.45,36.45,1.1,3.1117,0
2011-08-23,34.3,34.3,34.3,34.3,-2.15,-5.8985,0
2011-08-24,33.55,33.55,33.55,33.55,-0.75,-2.1866,0
2011-08-25,34.75,34.75,34.75,34.75,1.2,3.5768,0
2011-08-26,34.0,34.0,34.0,34.0,-0.75,-2.1583,0
2011-08-29,31.65,31.65,31.65,31.65,-2.35,-6.9118,0
2011-08-30,32.5,32.5,32.5,32.5,0.85,2.6856,0
2011-08-31,31.65,31.65,31.65,31.65,-0.85,-2.6154,0
2011-09-01,32.15,32.15,32.15,32.15,0.5,1.5798,0
2011-09-02,34.5,34.5,34.5,34.5,2.35,7.3095,0
2011-09-06,35.75,35.75,35.75,35.75,1.25,3.6232,0
2011-09-07,33.55,33.55,33.55,33.55,-2.2,-6.1538,0
2011-09-08,34.6,34.6,34.6,34.6,1.05,3.1297,0
2011-09-09,38.55,38.55,38.55,38.55,3.95,11.4162,0
2011-09-12,38.3,38.3,38.3,38.3,-0.25,-0.6485,0
2011-09-13,37.85,37.85,37.85,37.85,-0.45,-1.1749,0
2011-09-14,35.75,35.75,35.75,35.75,-2.1,-5.5482,0
2011-09-15,33.2,33.2,33.2,33.2,-2.55,-7.1329,0
2011-09-16,32.05,32.05,32.05,32.05,-1.15,-3.4639,0
2011-09-19,33.7,33.7,33.7,33.7,1.65,5.1482,0
2011-09-20,33.5,33.5,33.5,33.5,-0.2,-0.5935,0
2011-09-21,35.75,35.75,35.75,35.75,2.25,6.7164,0
2011-09-22,38.55,38.55,38.55,38.55,2.8,7.8322,0
2011-09-23,39.1,39.1,39.1,39.1,0.55,1.4267,0
2011-09-26,37.5,37.5,37.5,37.5,-1.6,-4.0921,0
2011-09-27,36.75,36.75,36.75,36.75,-0.75,-2.0,0
2011-09-28,39.45,39.45,39.45,39.45,2.7,7.3469,0
2011-09-29,38.6,38.6,38.6,38.6,-0.85,-2.1546,0
2011-09-30,42.15,42.15,42.15,42.15,3.55,9.1969,0
2011-10-03,45.05,45.05,45.05,45.05,2.9,6.8802,0
2011-10-04,40.8,40.8,40.8,40.8,-4.25,-9.434,0
2011-10-05,38.45,38.45,38.45,38.45,-2.35,-5.7598,0
2011-10-06,37.85,37.85,37.85,37.85,-0.6,-1.5605,0
2011-10-07,37.95,37.95,37.95,37.95,0.1,0.2642,0
2011-10-10,34.7,34.7,34.7,34.7,-3.25,-8.5639,0
2011-10-11,34.5,34.5,34.5,34.5,-0.2,-0.5764,0
2011-10-12,32.25,32.25,32.25,32.25,-2.25,-6.5217,0
2011-10-13,32.1,32.1,32.1,32.1,-0.15,-0.4651,0
2011-10-14,29.75,29.75,29.75,29.75,-2.35,-7.3209,0
2011-10-17,34.2,34.2,34.2,34.2,4.45,14.958,0
2011-10-18,32.15,32.15,32.15,32.15,-2.05,-5.9942,0
2011-10-19,33.85,33.85,33.85,33.85,1.7,5.2877,0
2011-10-20,34.1,34.1,34.1,34.1,0.25,0.7386,0
2011-10-21,31.6,31.6,31.6,31.6,-2.5,-7.3314,0
2011-10-24,29.75,29.75,29.75,29.75,-1.85,-5.8544,0
2011-10-25,32.4,32.4,32.4,32.4,2.65,8.9076,0
2011-10-26,30.5,30.5,30.5,30.5,-1.9,-5.8642,0
2011-10-27,26.2,26.2,26.2,26.2,-4.3,-14.0984,0
2011-10-28,26.25,26.25,26.25,26.25,0.05,0.1908,0
2011-10-31,29.95,29.95,29.95,29.95,3.7,14.0952,0
2011-11-01,33.95,33.95,33.95,33.95,4.0,13.3556,0
2011-11-02,32.7,32.7,32.7,32.7,-1.25,-3.6819,0
2011-11-03,30.95,30.95,30.95,30.95,-1.75,-5.3517,0
2011-11-04,31.4,31.4,31.4,31.4,0.45,1.454,0
2011-11-07,31.1,31.1,31.1,31.1,-0.3,-0.9554,0
2011-11-08,28.9,28.9,28.9,28.9,-2.2,-7.074,0
2011-11-09,36.45,36.45,36.45,36.45,7.55,26.1246,0
2011-11-10,33.45,33.45,33.45,33.45,-3.0,-8.2305,0
2011-11-11,31.4,31.4,31.4,31.4,-2.05,-6.1286,0
2011-11-14,32.1,32.1,32.1,32.1,0.7,2.2293,0
2011-11-15,32.05,32.05,32.05,32.05,-0.05,-0.1558,0
2011-11-16,32.65,32.65,32.65,32.65,0.6,1.8721,0
2011-11-17,33.75,33.75,33.75,33.75,1.1,3.3691,0
2011-11-18,32.35,32.35,32.35,32.35,-1.4,-4.1481,0
2011-11-21,32.95,32.95,32.95,32.95,0.6,1.8547,0
2011-11-22,32.3,32.3,32.3,32.3,-0.65,-1.9727,0
2011-11-23,33.6,33.6,33.6,33.6,1.3,4.0248,0
2011-11-25,34.5,34.5,34.5,34.5,0.9,2.6786,0
2011-11-28,32.0,32.0,32.0,32.0,-2.5,-7.2464,0
2011-11-29,31.35,31.35,31.35,31.35,-0.65,-2.0312,0
2011-11-30,28.35,28.35,28.35,28.35,-3.0,-9.5694,0
2011-12-01,27.9,27.9,27.9,27.9,-0.45,-1.5873,0
2011-12-02,27.8,27.8,27.8,27.8,-0.1,-0.3584,0
2011-12-05,27.8,27.8,27.8,27.8,0.0,0.0,0
2011-12-06,28.1,28.1,28.1,28.1,0.3,1.0791,0
2011-12-07,28.6,28.6,28.6,28.6,0.5,1.7794,0
2011-12-08,30.15,30.15,30.15,30.15,1.55,5.4196,0
2011-12-09,27.2,27.2,27.2,27.2,-2.95,-9.7844,0
2011-12-12,27.6,27.6,27.6,27.6,0.4,1.4706,0
2011-12-13,27.1,27.1,27.1,27.1,-0.5,-1.8116,0
2011-12-14,27.1,27.1,27.1,27.1,0.0,0.0,0
2011-12-15,26.35,26.35,26.35,26.35,-0.75,-2.7675,0
2011-12-16,26.1,26.1,26.1,26.1,-0.25,-0.9488,0
2011-12-19,25.6,25.6,25.6,25.6,-0.5,-1.9157,0
2011-12-20,23.85,23.85,23.85,23.85,-1.75,-6.8359,0
2011-12-21,24.5,24.5,24.5,24.5,0.65,2.7254,0
2011-12-22,25.1,25.1,25.1,25.1,0.6,2.449,0
2011-12-23,25.7,25.7,25.7,25.7,0.6,2.3904,0
2011-12-27,25.45,25.45,25.45,25.45,-0.25,-0.9728,0
2011-12-28,26.7,26.7,26.7,26.7,1.25,4.9116,0
2011-12-29,25.95,25.95,25.95,25.95,-0.75,-2.809,0
2011-12-30,26.7,26.7,26.7,26.7,0.75,2.8902,0
2012-01-03,24.8,24.8,24.8,24.8,-1.9,-7.1161,0
2012-01-04,24.2,24.2,24.2,24.2,-0.6,-2.4194,0
2012-01-05,23.75,23.75,23.75,23.75,-0.45,-1.8595,0
2012-01-06,23.05,23.05,23.05,23.05,-0.7,-2.9474,0
2012-01-09,22.85,22.85,22.85,22.85,-0.2,-0.8677,0
2012-01-10,22.35,22.35,22.35,22.35,-0.5,-2.1882,0
2012-01-11,22.95,22.95,22.95,22.95,0.6,2.6846,0
2012-01-12,22.2,22.2,22.2,22.2,-0.75,-3.268,0
2012-01-13,22.55,22.55,22.55,22.55,0.35,1.5766,0
2012-01-17,22.45,22.45,22.45,22.45,-0.1,-0.4435,0
2012-01-18,23.2,23.2,23.2,23.2,0.75,3.3408,0
2012-01-19,22.55,22.55,22.55,22.55,-0.65,-2.8017,0
2012-01-20,21.85,21.85,21.85,21.85,-0.7,-3.1042,0
2012-01-23,21.3,21.3,21.3,21.3,-0.55,-2.5172,0
2012-01-24,21.2,21.2,21.2,21.2,-0.1,-0.4695,0
2012-01-25,20.6,20.6,20.6,20.6,-0.6,-2.8302,0
2012-01-26,20.55,20.55,20.55,20.55,-0.05,-0.2427,0
2012-01-27,20.15,20.15,20.15,20.15,-0.4,-1.9465,0
2012-01-30,20.7,20.7,20.7,20.7,0.55,2.7295,0
2012-01-31,20.9,20.9,20.9,20.9,0.2,0.9662,0
2012-02-01,19.85,19.85,19.85,19.85,-1.05,-5.0239,0
2012-02-02,19.15,19.15,19.15,19.15,-0.7,-3.5264,0
2012-02-03,17.95,17.95,17.95,17.95,-1.2,-6.2663,0
2012-02-06,18.1,18.1,18.1,18.1,0.15,0.8357,0
2012-02-07,18.4,18.4,18.4,18.4,0.3,1.6575,0
2012-02-08,19.2,19.2,19.2,19.2,0.8,4.3478,0
2012-02-09,20.0,20.0,20.0,20.0,0.8,4.1667,0
2012-02-10,21.75,21.75,21.75,21.75,1.75,8.75,0
2012-02-13,19.25,19.25,19.25,19.25,-2.5,-11.4943,0
2012-02-14,19.8,19.8,19.8,19.8,0.55,2.8571,0
2012-02-15,24.25,24.25,24.25,24.25,4.45,22.4747,0
2012-02-16,22.8,22.8,22.8,22.8,-1.45,-5.9794,0
2012-02-17,22.6,22.6,22.6,22.6,-0.2,-0.8772,0
2012-02-21,22.55,22.55,22.55,22.55,-0.05,-0.2212,0
2012-02-22,21.8,21.8,21.8,21.8,-0.75,-3.3259,0
2012-02-23,20.25,20.25,20.25,20.25,-1.55,-7.1101,0
2012-02-24,21.2,21.2,21.2,21.2,0.95,4.6914,0
2012-02-27,21.55,21.55,21.55,21.55,0.35,1.6509,0
2012-02-28,20.85,20.85,20.85,20.85,-0.7,-3.2483,0
2012-02-29,21.0,21.0,21.0,21.0,0.15,0.7194,0
2012-03-01,20.05,20.05,20.05,20.05,-0.95,-4.5238,0
2012-03-02,20.4,20.4,20.4,20.4,0.35,1.7456,0
2012-03-05,20.15,20.15,20.15,20.15,-0.25,-1.2255,0
2012-03-06,22.5,22.5,22.5,22.5,2.35,11.6625,0
2012-03-07,20.65,20.65,20.65,20.65,-1.85,-8.2222,0
2012-03-08,19.7,19.7,19.7,19.7,-0.95,-4.6005,0
2012-03-09,19.05,19.05,19.05,19.05,-0.65,-3.2995,0
2012-03-12,17.75,17.75,17.75,17.75,-1.3,-6.8241,0
2012-03-13,17.0,17.0,17.0,17.0,-0.75,-4.2254,0
2012-03-14,17.8,17.8,17.8,17.8,0.8,4.7059,0
2012-03-15,17.05,17.05,17.05,17.05,-0.75,-4.2135,0
2012-03-16,16.15,16.15,16.15,16.15,-0.9,-5.2786,0
2012-03-19,15.55,15.55,15.55,15.55,-0.6,-3.7152,0
2012-03-20,15.65,15.65,15.65,15.65,0.1,0.6431,0
2012-03-21,18.1,18.1,18.1,18.1,2.45,15.655,0
2012-03-22,18.35,18.35,18.35,18.35,0.25,1.3812,0
2012-03-23,17.0,17.0,17.0,17.0,-1.35,-7.3569,0
2012-03-26,15.6,15.6,15.6,15.6,-1.4,-8.2353,0
2012-03-27,17.6,17.6,17.6,17.6,2.0,12.8205,0
2012-03-28,17.65,17.65,17.65,17.65,0.05,0.2841,0
2012-03-29,17.1,17.1,17.1,17.1,-0.55,-3.1161,0
2012-03-30,16.8,16.8,16.8,16.8,-0.3,-1.7544,0
2012-04-02,17.0,17.0,17.0,17.0,0.2,1.1905,0
2012-04-03,17.25,17.25,17.25,17.25,0.25,1.4706,0
2012-04-04,17.95,17.95,17.95,17.95,0.7,4.058,0
2012-04-05,18.45,18.45,18.45,18.45,0.5,2.7855,0
2012-04-09,19.6,19.6,19.6,19.6,1.15,6.2331,0
2012-04-10,21.15,21.15,21.15,21.15,1.55,7.9082,0
2012-04-11,20.7,20.7,20.7,20.7,-0.45,-2.1277,0
2012-04-12,18.2,18.2,18.2,18.2,-2.5,-12.0773,0
2012-04-13,19.95,19.95,19.95,19.95,1.75,9.6154,0
2012-04-16,19.85,19.85,19.85,19.85,-0.1,-0.5013,0
2012-04-17,18.2,18.2,18.2,18.2,-1.65,-8.3123,0
2012-04-18,20.55,20.55,20.55,20.55,2.35,12.9121,0
2012-04-19,20.4,20.4,20.4,20.4,-0.15,-0.7299,0
2012-04-20,19.7,19.7,19.7,19.7,-0.7,-3.4314,0
2012-04-23,20.6,20.6,20.6,20.6,0.9,4.5685,0
2012-04-24,19.75,19.75,19.75,19.75,-0.85,-4.1262,0
2012-04-25,18.55,18.55,18.55,18.55,-1.2,-6.0759,0
2012-04-26,18.0,18.0,18.0,18.0,-0.55,-2.965,0
2012-04-27,18.05,18.05,18.05,18.05,0.05,0.2778,0
2012-04-30,18.45,18.45,18.45,18.45,0.4,2.2161,0
2012-05-01,18.0,18.0,18.0,18.0,-0.45,-2.439,0
2012-05-02,18.05,18.05,18.05,18.05,0.05,0.2778,0
2012-05-03,18.8,18.8,18.8,18.8,0.75,4.1551,0
2012-05-04,20.0,20.0,20.0,20.0,1.2,6.383,0
2012-05-07,19.35,19.35,19.35,19.35,-0.65,-3.25,0
2012-05-08,19.55,19.55,19.55,19.55,0.2,1.0336,0
2012-05-09,20.5,20.5,20.5,20.5,0.95,4.8593,0
2012-05-10,19.35,19.35,19.35,19.35,-1.15,-5.6098,0
2012-05-11,20.1,20.1,20.1,20.1,0.75,3.876,0
2012-05-14,21.95,21.95,21.95,21.95,1.85,9.204,0
2012-05-15,21.85,21.85,21.85,21.85,-0.1,-0.4556,0
2012-05-16,24.4,24.4,24.4,24.4,2.55,11.6705,0
2012-05-17,26.2,26.2,26.2,26.2,1.8,7.377,0
2012-05-18,28.2,28.2,28.2,28.2,2.0,7.6336,0
2012-05-21,24.25,24.25,24.25,24.25,-3.95,-14.0071,0
2012-05-22,24.95,24.95,24.95,24.95,0.7,2.8866,0
2012-05-23,24.8,24.8,24.8,24.8,-0.15,-0.6012,0
2012-05-24,24.25,24.25,24.25,24.25,-0.55,-2.2177,0
2012-05-25,24.55,24.55,24.55,24.55,0.3,1.2371,0
2012-05-29,23.0,23.0,23.0,23.0,-1.55,-6.3136,0
2012-05-30,25.7,25.7,25.7,25.7,2.7,11.7391,0
2012-05-31,26.0,26.0,26.0,26.0,0.3,1.1673,0
2012-06-01,27.75,27.75,27.75,27.75,1.75,6.7308,0
2012-06-04,26.95,26.95,26.95,26.95,-0.8,-2.8829,0
2012-06-05,25.6,25.6,25.6,25.6,-1.35,-5.0093,0
2012-06-06,23.4,23.4,23.4,23.4,-2.2,-8.5938,0
2012-06-07,23.05,23.05,23.05,23.05,-0.35,-1.4957,0
2012-06-08,21.7,21.7,21.7,21.7,-1.35,-5.8568,0
2012-06-11,24.55,24.55,24.55,24.55,2.85,13.1336,0
2012-06-12,23.45,23.45,23.45,23.45,-1.1,-4.4807,0
2012-06-13,24.95,24.95,24.95,24.95,1.5,6.3966,0
2012-06-14,22.95,22.95,22.95,22.95,-2.0,-8.016,0
2012-06-15,21.5,21.5,21.5,21.5,-1.45,-6.3181,0
2012-06-18,19.0,19.0,19.0,19.0,-2.5,-11.6279,0
2012-06-19,18.45,18.45,18.45,18.45,-0.55,-2.8947,0
2012-06-20,20.45,20.45,20.45,20.45,2.0,10.8401,0
2012-06-21,23.35,23.35,23.35,23.35,2.9,14.1809,0
2012-06-22,21.85,21.85,21.85,21.85,-1.5,-6.424,0
2012-06-25,22.45,22.45,22.45,22.45,0.6,2.746,0
2012-06-26,21.75,21.75,21.75,21.75,-0.7,-3.118,0
2012-06-27,21.7,21.7,21.7,21.7,-0.05,-0.2299,0
2012-06-28,21.35,21.35,21.35,21.35,-0.35,-1.6129,0
2012-06-29,19.55,19.55,19.55,19.55,-1.8,-8.4309,0
2012-07-02,18.15,18.15,18.15,18.15,-1.4,-7.1611,0
2012-07-03,17.7,17.7,17.7,17.7,-0.45,-2.4793,0
2012-07-05,18.8,18.8,18.8,18.8,1.1,6.2147,0
2012-07-06,18.25,18.25,18.25,18.25,-0.55,-2.9255,0
2012-07-09,18.4,18.4,18.4,18.4,0.15,0.8219,0
2012-07-10,19.25,19.25,19.25,19.25,0.85,4.6196,0
2012-07-11,18.3,18.3,18.3,18.3,-0.95,-4.9351,0
2012-07-12,18.5,18.5,18.5,18.5,0.2,1.0929,0
2012-07-13,17.45,17.45,17.45,17.45,-1.05,-5.6757,0
2012-07-16,17.3,17.3,17.3,17.3,-0.15,-0.8596,0
2012-07-17,16.65,16.65,16.65,16.65,-0.65,-3.7572,0
2012-07-18,18.65,18.65,18.65,18.65,2.0,12.012,0
2012-07-19,18.2,18.2,18.2,18.2,-0.45,-2.4129,0
2012-07-20,19.15,19.15,19.15,19.15,0.95,5.2198,0
2012-07-23,20.8,20.8,20.8,20.8,1.65,8.6162,0
2012-07-24,21.85,21.85,21.85,21.85,1.05,5.0481,0
2012-07-25,21.1,21.1,21.1,21.1,-0.75,-3.4325,0
2012-07-26,19.15,19.15,19.15,19.15,-1.95,-9.2417,0
2012-07-27,18.6,18.6,18.6,18.6,-0.55,-2.8721,0
2012-07-30,19.5,19.5,19.5,19.5,0.9,4.8387,0
2012-07-31,19.9,19.9,19.9,19.9,0.4,2.0513,0
2012-08-01,19.7,19.7,19.7,19.7,-0.2,-1.005,0
2012-08-02,18.7,18.7,18.7,18.7,-1.0,-5.0761,0
2012-08-03,17.2,17.2,17.2,17.2,-1.5,-8.0214,0
2012-08-06,16.85,16.85,16.85,16.85,-0.35,-2.0349,0
2012-08-07,17.65,17.65,17.65,17.65,0.8,4.7478,0
2012-08-08,16.8,16.8,16.8,16.8,-0.85,-4.8159,0
2012-08-09,16.55,16.55,16.55,16.55,-0.25,-1.4881,0
2012-08-10,16.35,16.35,16.35,16.35,-0.2,-1.2085,0
2012-08-13,15.8,15.8,15.8,15.8,-0.55,-3.3639,0
2012-08-14,16.4,16.4,16.4,16.4,0.6,3.7975,0
2012-08-15,16.2,16.2,16.2,16.2,-0.2,-1.2195,0
2012-08-16,15.9,15.9,15.9,15.9,-0.3,-1.8519,0
2012-08-17,15.1,15.1,15.1,15.1,-0.8,-5.0314,0
2012-08-20,14.65,14.65,14.65,14.65,-0.45,-2.9801,0
2012-08-21,14.9,14.9,14.9,14.9,0.25,1.7065,0
2012-08-22,19.0,19.0,19.0,19.0,4.1,27.5168,0
2012-08-23,19.3,19.3,19.3,19.3,0.3,1.5789,0
2012-08-24,18.55,18.55,18.55,18.55,-0.75,-3.886,0
2012-08-27,18.8,18.8,18.8,18.8,0.25,1.3477,0
2012-08-28,19.0,19.0,19.0,19.0,0.2,1.0638,0
2012-08-29,19.25,19.25,19.25,19.25,0.25,1.3158,0
2012-08-30,19.7,19.7,19.7,19.7,0.45,2.3377,0
2012-08-31,18.95,18.95,18.95,18.95,-0.75,-3.8071,0
2012-09-04,18.65,18.65,18.65,18.65,-0.3,-1.5831,0
2012-09-05,18.15,18.15,18.15,18.15,-0.5,-2.681,0
2012-09-06,16.1,16.1,16.1,16.1,-2.05,-11.2948,0
2012-09-07,15.1,15.1,15.1,15.1,-1.0,-6.2112,0
2012-09-10,16.5,16.5,16.5,16.5,1.4,9.2715,0
2012-09-11,16.6,16.6,16.6,16.6,0.1,0.6061,0
2012-09-12,15.8,15.8,15.8,15.8,-0.8,-4.8193,0
2012-09-13,14.9,14.9,14.9,14.9,-0.9,-5.6962,0
2012-09-14,15.75,15.75,15.75,15.75,0.85,5.7047,0
2012-09-17,15.0,15.0,15.0,15.0,-0.75,-4.7619,0
2012-09-18,14.3,14.3,14.3,14.3,-0.7,-4.6667,0
2012-09-19,16.05,16.05,16.05,16.05,1.75,12.2378,0
2012-09-20,16.4,16.4,16.4,16.4,0.35,2.1807,0
2012-09-21,16.05,16.05,16.05,16.05,-0.35,-2.1341,0
2012-09-24,15.9,15.9,15.9,15.9,-0.15,-0.9346,0
2012-09-25,17.15,17.15,17.15,17.15,1.25,7.8616,0
2012-09-26,17.75,17.75,17.75,17.75,0.6,3.4985,0
2012-09-27,16.1,16.1,16.1,16.1,-1.65,-9.2958,0
2012-09-28,16.4,16.4,16.4,16.4,0.3,1.8634,0
2012-10-01,16.95,16.95,16.95,16.95,0.55,3.3537,0
2012-10-02,16.6,16.6,16.6,16.6,-0.35,-2.0649,0
2012-10-03,16.5,16.5,16.5,16.5,-0.1,-0.6024,0
2012-10-04,15.8,15.8,15.8,15.8,-0.7,-4.2424,0
2012-10-05,15.75,15.75,15.75,15.75,-0.05,-0.3165,0
2012-10-08,15.9,15.9,15.9,15.9,0.15,0.9524,0
2012-10-09,16.7,16.7,16.7,16.7,0.8,5.0314,0
2012-10-10,16.75,16.75,16.75,16.75,0.05,0.2994,0
2012-10-11,16.2,16.2,16.2,16.2,-0.55,-3.2836,0
2012-10-12,16.65,16.65,16.65,16.65,0.45,2.7778,0
2012-10-15,15.7,15.7,15.7,15.7,-0.95,-5.7057,0
2012-10-16,15.5,15.5,15.5,15.5,-0.2,-1.2739,0
2012-10-17,16.45,16.45,16.45,16.45,0.95,6.129,0
2012-10-18,16.7,16.7,16.7,16.7,0.25,1.5198,0
2012-10-19,17.6,17.6,17.6,17.6,0.9,5.3892,0
2012-10-22,17.35,17.35,17.35,17.35,-0.25,-1.4205,0
2012-10-23,19.2,19.2,19.2,19.2,1.85,10.6628,0
2012-10-24,18.75,18.75,18.75,18.75,-0.45,-2.3438,0
2012-10-25,18.3,18.3,18.3,18.3,-0.45,-2.4,0
2012-10-26,18.25,18.25,18.25,18.25,-0.05,-0.2732,0
2012-10-31,18.95,18.95,18.95,18.95,0.7,3.8356,0
2012-11-01,16.9,16.9,16.9,16.9,-2.05,-10.8179,0
2012-11-02,17.8,17.8,17.8,17.8,0.9,5.3254,0
2012-11-05,18.1,18.1,18.1,18.1,0.3,1.6854,0
2012-11-06,17.05,17.05,17.05,17.05,-1.05,-5.8011,0
2012-11-07,18.85,18.85,18.85,18.85,1.8,10.5572,0
2012-11-08,18.5,18.5,18.5,18.5,-0.35,-1.8568,0
2012-11-09,18.6,18.6,18.6,18.6,0.1,0.5405,0
2012-11-12,17.1,17.1,17.1,17.1,-1.5,-8.0645,0
2012-11-13,16.95,16.95,16.95,16.95,-0.15,-0.8772,0
2012-11-14,17.85,17.85,17.85,17.85,0.9,5.3097,0
2012-11-15,18.05,18.05,18.05,18.05,0.2,1.1204,0
2012-11-16,16.75,16.75,16.75,16.75,-1.3,-7.2022,0
2012-11-19,15.25,15.25,15.25,15.25,-1.5,-8.9552,0
2012-11-20,15.15,15.15,15.15,15.15,-0.1,-0.6557,0
2012-11-21,16.45,16.45,16.45,16.45,1.3,8.5809,0
2012-11-23,16.1,16.1,16.1,16.1,-0.35,-2.1277,0
2012-11-26,15.6,15.6,15.6,15.6,-0.5,-3.1056,0
2012-11-27,16.15,16.15,16.15,16.15,0.55,3.5256,0
2012-11-28,15.5,15.5,15.5,15.5,-0.65,-4.0248,0
2012-11-29,15.25,15.25,15.25,15.25,-0.25,-1.6129,0
2012-11-30,15.55,15.55,15.55,15.55,0.3,1.9672,0
2012-12-03,16.4,16.4,16.4,16.4,0.85,5.4662,0
2012-12-04,16.5,16.5,16.5,16.5,0.1,0.6098,0
2012-12-05,16.1,16.1,16.1,16.1,-0.4,-2.4242,0
2012-12-06,16.4,16.4,16.4,16.4,0.3,1.8634,0
2012-12-07,16.0,16.0,16.0,16.0,-0.4,-2.439,0
2012-12-10,16.0,16.0,16.0,16.0,0.0,0.0,0
2012-12-11,15.55,15.55,15.55,15.55,-0.45,-2.8125,0
2012-12-12,16.1,16.1,16.1,16.1,0.55,3.537,0
2012-12-13,16.6,16.6,16.6,16.6,0.5,3.1056,0
2012-12-14,16.85,16.85,16.85,16.85,0.25,1.506,0
2012-12-17,16.2,16.2,16.2,16.2,-0.65,-3.8576,0
2012-12-18,15.55,15.55,15.55,15.55,-0.65,-4.0123,0
2012-12-19,17.1,17.1,17.1,17.1,1.55,9.9678,0
2012-12-20,17.5,17.5,17.5,17.5,0.4,2.3392,0
2012-12-21,18.25,18.25,18.25,18.25,0.75,4.2857,0
2012-12-24,18.65,18.65,18.65,18.65,0.4,2.1918,0
2012-12-26,19.5,19.5,19.5,19.5,0.85,4.5576,0
2012-12-27,19.1,19.1,19.1,19.1,-0.4,-2.0513,0
2012-12-28,22.35,22.35,22.35,22.35,3.25,17.0157,0
2012-12-31,17.7,17.7,17.7,17.7,-4.65,-20.8054,0
2013-01-02,15.6,15.6,15.6,15.6,-2.1,-11.8644,0
2013-01-03,15.9,15.9,15.9,15.9,0.3,1.9231,0
2013-01-04,15.3,15.3,15.3,15.3,-0.6,-3.7736,0
2013-01-07,14.75,14.75,14.75,14.75,-0.55,-3.5948,0
2013-01-08,14.65,14.65,14.65,14.65,-0.1,-0.678,0
2013-01-09,14.7,14.7,14.7,14.7,0.05,0.3413,0
2013-01-10,14.2,14.2,14.2,14.2,-0.5,-3.4014,0
2013-01-11,14.15,14.15,14.15,14.15,-0.05,-0.3521,0
2013-01-14,14.1,14.1,14.1,14.1,-0.05,-0.3534,0
2013-01-15,14.2,14.2,14.2,14.2,0.1,0.7092,0
2013-01-16,15.5,15.5,15.5,15.5,1.3,9.1549,0
2013-01-17,15.7,15.7,15.7,15.7,0.2,1.2903,0
2013-01-18,14.65,14.65,14.65,14.65,-1.05,-6.6879,0
2013-01-22,14.05,14.05,14.05,14.05,-0.6,-4.0956,0
2013-01-23,13.7,13.7,13.7,13.7,-0.35,-2.4911,0
2013-01-24,13.95,13.95,13.95,13.95,0.25,1.8248,0
2013-01-25,14.1,14.1,14.1,14.1,0.15,1.0753,0
2013-01-28,14.6,14.6,14.6,14.6,0.5,3.5461,0
2013-01-29,14.05,14.05,14.05,14.05,-0.55,-3.7671,0
2013-01-30,15.15,15.15,15.15,15.15,1.1,7.8292,0
2013-01-31,14.9,14.9,14.9,14.9,-0.25,-1.6502,0
2013-02-01,14.3,14.3,14.3,14.3,-0.6,-4.0268,0
2013-02-04,15.3,15.3,15.3,15.3,1.0,6.993,0
2013-02-05,14.4,14.4,14.4,14.4,-0.9,-5.8824,0
2013-02-06,14.15,14.15,14.15,14.15,-0.25,-1.7361,0
2013-02-07,14.1,14.1,14.1,14.1,-0.05,-0.3534,0
2013-02-08,13.8,13.8,13.8,13.8,-0.3,-2.1277,0
2013-02-11,13.5,13.5,13.5,13.5,-0.3,-2.1739,0
2013-02-12,13.0,13.0,13.0,13.0,-0.5,-3.7037,0
2013-02-13,14.75,14.75,14.75,14.75,1.75,13.4615,0
2013-02-14,14.55,14.55,14.55,14.55,-0.2,-1.3559,0
2013-02-15,14.5,14.5,14.5,14.5,-0.05,-0.3436,0
2013-02-19,13.9,13.9,13.9,13.9,-0.6,-4.1379,0
2013-02-20,15.4,15.4,15.4,15.4,1.5,10.7914,0
2013-02-21,15.5,15.5,15.5,15.5,0.1,0.6494,0
2013-02-22,14.85,14.85,14.85,14.85,-0.65,-4.1935,0
2013-02-25,17.65,17.65,17.65,17.65,2.8,18.8552,0
2013-02-26,17.05,17.05,17.05,17.05,-0.6,-3.3994,0
2013-02-27,15.4,15.4,15.4,15.4,-1.65,-9.6774,0
2013-02-28,16.15,16.15,16.15,16.15,0.75,4.8701,0
2013-03-01,16.4,16.4,16.4,16.4,0.25,1.548,0
2013-03-04,15.0,15.0,15.0,15.0,-1.4,-8.5366,0
2013-03-05,14.55,14.55,14.55,14.55,-0.45,-3.0,0
2013-03-06,14.7,14.7,14.7,14.7,0.15,1.0309,0
2013-03-07,14.2,14.2,14.2,14.2,-0.5,-3.4014,0
2013-03-08,13.8,13.8,13.8,13.8,-0.4,-2.8169,0
2013-03-11,13.0,13.0,13.0,13.0,-0.8,-5.7971,0
2013-03-12,13.25,13.25,13.25,13.25,0.25,1.9231,0
2013-03-13,12.95,12.95,12.95,12.95,-0.3,-2.2642,0
2013-03-14,12.55,12.55,12.55,12.55,-0.4,-3.0888,0
2013-03-15,12.55,12.55,12.55,12.55,0.0,0.0,0
2013-03-18,13.7,13.7,13.7,13.7,1.15,9.1633,0
2013-03-19,14.8,14.8,14.8,14.8,1.1,8.0292,0
2013-03-20,14.5,14.5,14.5,14.5,-0.3,-2.027,0
2013-03-21,14.95,14.95,14.95,14.95,0.45,3.1034,0
2013-03-22,14.8,14.8,14.8,14.8,-0.15,-1.0033,0
2013-03-25,14.55,14.55,14.55,14.55,-0.25,-1.6892,0
2013-03-26,14.2,14.2,14.2,14.2,-0.35,-2.4055,0
2013-03-27,14.4,14.4,14.4,14.4,0.2,1.4085,0
2013-03-28,14.2,14.2,14.2,14.2,-0.2,-1.3889,0
2013-04-01,14.4,14.4,14.4,14.4,0.2,1.4085,0
2013-04-02,13.8,13.8,13.8,13.8,-0.6,-4.1667,0
2013-04-03,14.65,14.65,14.65,14.65,0.85,6.1594,0
2013-04-04,14.25,14.25,14.25,14.25,-0.4,-2.7304,0
2013-04-05,14.35,14.35,14.35,14.35,0.1,0.7018,0
2013-04-08,13.65,13.65,13.65,13.65,-0.7,-4.878,0
2013-04-09,13.6,13.6,13.6,13.6,-0.05,-0.3663,0
2013-04-10,13.1,13.1,13.1,13.1,-0.5,-3.6765,0
2013-04-11,13.15,13.15,13.15,13.15,0.05,0.3817,0
2013-04-12,12.75,12.75,12.75,12.75,-0.4,-3.0418,0
2013-04-15,16.7,16.7,16.7,16.7,3.95,30.9804,0
2013-04-16,13.95,13.95,13.95,13.95,-2.75,-16.4671,0
2013-04-17,16.45,16.45,16.45,16.45,2.5,17.9211,0
2013-04-18,17.2,17.2,17.2,17.2,0.75,4.5593,0
2013-04-19,15.95,15.95,15.95,15.95,-1.25,-7.2674,0
2013-04-22,15.3,15.3,15.3,15.3,-0.65,-4.0752,0
2013-04-23,14.55,14.55,14.55,14.55,-0.75,-4.902,0
2013-04-24,14.65,14.65,14.65,14.65,0.1,0.6873,0
2013-04-25,14.8,14.8,14.8,14.8,0.15,1.0239,0
2013-04-26,14.8,14.8,14.8,14.8,0.0,0.0,0
2013-04-29,14.75,14.75,14.75,14.75,-0.05,-0.3378,0
2013-04-30,14.45,14.45,14.45,14.45,-0.3,-2.0339,0
2013-05-01,15.15,15.15,15.15,15.15,0.7,4.8443,0
2013-05-02,14.55,14.55,14.55,14.55,-0.6,-3.9604,0
2013-05-03,14.25,14.25,14.25,14.25,-0.3,-2.0619,0
2013-05-06,13.9,13.9,13.9,13.9,-0.35,-2.4561,0
2013-05-07,13.85,13.85,13.85,13.85,-0.05,-0.3597,0
2013-05-08,14.0,14.0,14.0,14.0,0.15,1.083,0
2013-05-09,14.2,14.2,14.2,14.2,0.2,1.4286,0
2013-05-10,13.85,13.85,13.85,13.85,-0.35,-2.4648,0
2013-05-13,13.65,13.65,13.65,13.65,-0.2,-1.444,0
2013-05-14,13.55,13.55,13.55,13.55,-0.1,-0.7326,0
2013-05-15,13.7,13.7,13.7,13.7,0.15,1.107,0
2013-05-16,13.95,13.95,13.95,13.95,0.25,1.8248,0
2013-05-17,13.2,13.2,13.2,13.2,-0.75,-5.3763,0
2013-05-20,13.3,13.3,13.3,13.3,0.1,0.7576,0
2013-05-21,13.55,13.55,13.55,13.55,0.25,1.8797,0
2013-05-22,15.3,15.3,15.3,15.3,1.75,12.9151,0
2013-05-23,15.5,15.5,15.5,15.5,0.2,1.3072,0
2013-05-24,15.5,15.5,15.5,15.5,0.0,0.0,0
2013-05-28,15.2,15.2,15.2,15.2,-0.3,-1.9355,0
2013-05-29,15.4,15.4,15.4,15.4,0.2,1.3158,0
2013-05-30,15.4,15.4,15.4,15.4,0.0,0.0,0
2013-05-31,16.05,16.05,16.05,16.05,0.65,4.2208,0
2013-06-03,16.0,16.0,16.0,16.0,-0.05,-0.3115,0
2013-06-04,16.1,16.1,16.1,16.1,0.1,0.625,0
2013-06-05,17.05,17.05,17.05,17.05,0.95,5.9006,0
2013-06-06,16.55,16.55,16.55,16.55,-0.5,-2.9326,0
2013-06-07,15.8,15.8,15.8,15.8,-0.75,-4.5317,0
2013-06-10,15.6,15.6,15.6,15.6,-0.2,-1.2658,0
2013-06-11,16.9,16.9,16.9,16.9,1.3,8.3333,0
2013-06-12,18.25,18.25,18.25,18.25,1.35,7.9882,0
2013-06-13,16.8,16.8,16.8,16.8,-1.45,-7.9452,0
2013-06-14,17.55,17.55,17.55,17.55,0.75,4.4643,0
2013-06-17,16.95,16.95,16.95,16.95,-0.6,-3.4188,0
2013-06-18,16.8,16.8,16.8,16.8,-0.15,-0.885,0
2013-06-19,17.55,17.55,17.55,17.55,0.75,4.4643,0
2013-06-20,19.65,19.65,19.65,19.65,2.1,11.9658,0
2013-06-21,19.0,19.0,19.0,19.0,-0.65,-3.3079,0
2013-06-24,20.15,20.15,20.15,20.15,1.15,6.0526,0
2013-06-25,19.45,19.45,19.45,19.45,-0.7,-3.4739,0
2013-06-26,18.85,18.85,18.85,18.85,-0.6,-3.0848,0
2013-06-27,18.2,18.2,18.2,18.2,-0.65,-3.4483,0
2013-06-28,18.05,18.05,18.05,18.05,-0.15,-0.8242,0
2013-07-01,17.65,17.65,17.65,17.65,-0.4,-2.2161,0
2013-07-02,17.6,17.6,17.6,17.6,-0.05,-0.2833,0
2013-07-03,17.25,17.25,17.25,17.25,-0.35,-1.9886,0
2013-07-05,15.95,15.95,15.95,15.95,-1.3,-7.5362,0
2013-07-08,15.35,15.35,15.35,15.35,-0.6,-3.7618,0
2013-07-09,15.1,15.1,15.1,15.1,-0.25,-1.6287,0
2013-07-10,14.85,14.85,14.85,14.85,-0.25,-1.6556,0
2013-07-11,14.5,14.5,14.5,14.5,-0.35,-2.3569,0
2013-07-12,14.65,14.65,14.65,14.65,0.15,1.0345,0
2013-07-15,14.05,14.05,14.05,14.05,-0.6,-4.0956,0
2013-07-16,14.25,14.25,14.25,14.25,0.2,1.4235,0
2013-07-17,15.6,15.6,15.6,15.6,1.35,9.4737,0
2013-07-18,15.45,15.45,15.45,15.45,-0.15,-0.9615,0
2013-07-19,14.9,14.9,14.9,14.9,-0.55,-3.5599,0
2013-07-22,14.7,14.7,14.7,14.7,-0.2,-1.3423,0
2013-07-23,14.65,14.65,14.65,14.65,-0.05,-0.3401,0
2013-07-24,14.8,14.8,14.8,14.8,0.15,1.0239,0
2013-07-25,14.5,14.5,14.5,14.5,-0.3,-2.027,0
2013-07-26,14.45,14.45,14.45,14.45,-0.05,-0.3448,0
2013-07-29,14.65,14.65,14.65,14.65,0.2,1.3841,0
2013-07-30,14.3,14.3,14.3,14.3,-0.35,-2.3891,0
2013-07-31,13.9,13.9,13.9,13.9,-0.4,-2.7972,0
2013-08-01,13.6,13.6,13.6,13.6,-0.3,-2.1583,0
2013-08-02,13.15,13.15,13.15,13.15,-0.45,-3.3088,0
2013-08-05,13.05,13.05,13.05,13.05,-0.1,-0.7605,0
2013-08-06,13.4,13.4,13.4,13.4,0.35,2.682,0
2013-08-07,13.55,13.55,13.55,13.55,0.15,1.1194,0
2013-08-08,13.25,13.25,13.25,13.25,-0.3,-2.214,0
2013-08-09,13.55,13.55,13.55,13.55,0.3,2.2642,0
2013-08-12,13.35,13.35,13.35,13.35,-0.2,-1.476,0
2013-08-13,13.1,13.1,13.1,13.1,-0.25,-1.8727,0
2013-08-14,13.35,13.35,13.35,13.35,0.25,1.9084,0
2013-08-15,14.25,14.25,14.25,14.25,0.9,6.7416,0
2013-08-16,14.45,14.45,14.45,14.45,0.2,1.4035,0
2013-08-19,15.05,15.05,15.05,15.05,0.6,4.1522,0
2013-08-20,15.0,15.0,15.0,15.0,-0.05,-0.3322,0
2013-08-21,16.1,16.1,16.1,16.1,1.1,7.3333,0
2013-08-22,15.45,15.45,15.45,15.45,-0.65,-4.0373,0
2013-08-23,15.2,15.2,15.2,15.2,-0.25,-1.6181,0
2013-08-26,15.85,15.85,15.85,15.85,0.65,4.2763,0
2013-08-27,17.2,17.2,17.2,17.2,1.35,8.5174,0
2013-08-28,17.35,17.35,17.35,17.35,0.15,0.8721,0
2013-08-29,17.35,17.35,17.35,17.35,0.0,0.0,0
2013-08-30,17.5,17.5,17.5,17.5,0.15,0.8646,0
2013-09-03,16.85,16.85,16.85,16.85,-0.65,-3.7143,0
2013-09-04,16.7,16.7,16.7,16.7,-0.15,-0.8902,0
2013-09-05,16.4,16.4,16.4,16.4,-0.3,-1.7964,0
2013-09-06,16.5,16.5,16.5,16.5,0.1,0.6098,0
2013-09-09,15.8,15.8,15.8,15.8,-0.7,-4.2424,0
2013-09-10,15.15,15.15,15.15,15.15,-0.65,-4.1139,0
2013-09-11,14.55,14.55,14.55,14.55,-0.6,-3.9604,0
2013-09-12,14.8,14.8,14.8,14.8,0.25,1.7182,0
2013-09-13,14.8,14.8,14.8,14.8,0.0,0.0,0
2013-09-16,14.7,14.7,14.7,14.7,-0.1,-0.6757,0
2013-09-17,14.65,14.65,14.65,14.65,-0.05,-0.3401,0
2013-09-18,14.7,14.7,14.7,14.7,0.05,0.3413,0
2013-09-19,14.75,14.75,14.75,14.75,0.05,0.3401,0
2013-09-20,15.0,15.0,15.0,15.0,0.25,1.6949,0
2013-09-23,15.35,15.35,15.35,15.35,0.35,2.3333,0
2013-09-24,15.05,15.05,15.05,15.05,-0.3,-1.9544,0
2013-09-25,15.05,15.05,15.05,15.05,0.0,0.0,0
2013-09-26,14.8,14.8,14.8,14.8,-0.25,-1.6611,0
2013-09-27,15.5,15.5,15.5,15.5,0.7,4.7297,0
2013-09-30,16.2,16.2,16.2,16.2,0.7,4.5161,0
2013-10-01,15.45,15.45,15.45,15.45,-0.75,-4.6296,0
2013-10-02,16.35,16.35,16.35,16.35,0.9,5.8252,0
2013-10-03,17.25,17.25,17.25,17.25,0.9,5.5046,0
2013-10-04,16.8,16.8,16.8,16.8,-0.45,-2.6087,0
2013-10-07,18.5,18.5,18.5,18.5,1.7,10.119,0
2013-10-08,19.4,19.4,19.4,19.4,0.9,4.8649,0
2013-10-09,18.85,18.85,18.85,18.85,-0.55,-2.8351,0
2013-10-10,16.4,16.4,16.4,16.4,-2.45,-12.9973,0
2013-10-11,15.7,15.7,15.7,15.7,-0.7,-4.2683,0
2013-10-14,15.9,15.9,15.9,15.9,0.2,1.2739,0
2013-10-15,18.2,18.2,18.2,18.2,2.3,14.4654,0
2013-10-16,15.55,15.55,15.55,15.55,-2.65,-14.5604,0
2013-10-17,14.55,14.55,14.55,14.55,-1.0,-6.4309,0
2013-10-18,14.35,14.35,14.35,14.35,-0.2,-1.3746,0
2013-10-21,14.6,14.6,14.6,14.6,0.25,1.7422,0
2013-10-22,14.6,14.6,14.6,14.6,0.0,0.0,0
2013-10-23,14.7,14.7,14.7,14.7,0.1,0.6849,0
2013-10-24,14.45,14.45,14.45,14.45,-0.25,-1.7007,0
2013-10-25,14.5,14.5,14.5,14.5,0.05,0.346,0
2013-10-28,14.55,14.55,14.55,14.55,0.05,0.3448,0
2013-10-29,14.45,14.45,14.45,14.45,-0.1,-0.6873,0
2013-10-30,14.55,14.55,14.55,14.55,0.1,0.692,0
2013-10-31,14.5,14.5,14.5,14.5,-0.05,-0.3436,0
2013-11-01,14.45,14.45,14.45,14.45,-0.05,-0.3448,0
2013-11-04,13.95,13.95,13.95,13.95,-0.5,-3.4602,0
2013-11-05,14.0,14.0,14.0,14.0,0.05,0.3584,0
2013-11-06,13.7,13.7,13.7,13.7,-0.3,-2.1429,0
2013-11-07,14.25,14.25,14.25,14.25,0.55,4.0146,0
2013-11-08,13.6,13.6,13.6,13.6,-0.65,-4.5614,0
2013-11-11,13.3,13.3,13.3,13.3,-0.3,-2.2059,0
2013-11-12,13.35,13.35,13.35,13.35,0.05,0.3759,0
2013-11-13,13.25,13.25,13.25,13.25,-0.1,-0.7491,0
2013-11-14,13.05,13.05,13.05,13.05,-0.2,-1.5094,0
2013-11-15,12.95,12.95,12.95,12.95,-0.1,-0.7663,0
2013-11-18,13.3,13.3,13.3,13.3,0.35,2.7027,0
2013-11-19,13.6,13.6,13.6,13.6,0.3,2.2556,0
2013-11-20,14.15,14.15,14.15,14.15,0.55,4.0441,0
2013-11-21,13.7,13.7,13.7,13.7,-0.45,-3.1802,0
2013-11-22,13.6,13.6,13.6,13.6,-0.1,-0.7299,0
2013-11-25,13.65,13.65,13.65,13.65,0.05,0.3676,0
2013-11-26,13.75,13.75,13.75,13.75,0.1,0.7326,0
2013-11-27,13.85,13.85,13.85,13.85,0.1,0.7273,0
2013-11-29,13.95,13.95,13.95,13.95,0.1,0.722,0
2013-12-02,14.3,14.3,14.3,14.3,0.35,2.509,0
2013-12-03,14.65,14.65,14.65,14.65,0.35,2.4476,0
2013-12-04,14.25,14.25,14.25,14.25,-0.4,-2.7304,0
2013-12-05,14.55,14.55,14.55,14.55,0.3,2.1053,0
2013-12-06,13.95,13.95,13.95,13.95,-0.6,-4.1237,0
2013-12-09,13.75,13.75,13.75,13.75,-0.2,-1.4337,0
2013-12-10,13.95,13.95,13.95,13.95,0.2,1.4545,0
2013-12-11,14.9,14.9,14.9,14.9,0.95,6.81,0
2013-12-12,15.4,15.4,15.4,15.4,0.5,3.3557,0
2013-12-13,15.5,15.5,15.5,15.5,0.1,0.6494,0
2013-12-16,15.9,15.9,15.9,15.9,0.4,2.5806,0
2013-12-17,16.25,16.25,16.25,16.25,0.35,2.2013,0
2013-12-18,14.5,14.5,14.5,14.5,-1.75,-10.7692,0
2013-12-19,14.45,14.45,14.45,14.45,-0.05,-0.3448,0
2013-12-20,14.45,14.45,14.45,14.45,0.0,0.0,0
2013-12-23,13.9,13.9,13.9,13.9,-0.55,-3.8062,0
2013-12-24,13.4,13.4,13.4,13.4,-0.5,-3.5971,0
2013-12-26,13.4,13.4,13.4,13.4,0.0,0.0,0
2013-12-27,13.7,13.7,13.7,13.7,0.3,2.2388,0
2013-12-30,13.9,13.9,13.9,13.9,0.2,1.4599,0
2013-12-31,13.95,13.95,13.95,13.95,0.05,0.3597,0
2014-01-02,14.2,14.2,14.2,14.2,0.25,1.7921,0
2014-01-03,14.05,14.05,14.05,14.05,-0.15,-1.0563,0
2014-01-06,13.9,13.9,13.9,13.9,-0.15,-1.0676,0
2014-01-07,13.65,13.65,13.65,13.65,-0.25,-1.7986,0
2014-01-08,13.7,13.7,13.7,13.7,0.05,0.3663,0
2014-01-09,13.65,13.65,13.65,13.65,-0.05,-0.365,0
2014-01-10,13.25,13.25,13.25,13.25,-0.4,-2.9304,0
2014-01-13,13.8,13.8,13.8,13.8,0.55,4.1509,0
2014-01-14,13.1,13.1,13.1,13.1,-0.7,-5.0725,0
2014-01-15,13.15,13.15,13.15,13.15,0.05,0.3817,0
2014-01-16,13.45,13.45,13.45,13.45,0.3,2.2814,0
2014-01-17,13.45,13.45,13.45,13.45,0.0,0.0,0
2014-01-21,13.25,13.25,13.25,13.25,-0.2,-1.487,0
2014-01-22,13.85,13.85,13.85,13.85,0.6,4.5283,0
2014-01-23,14.2,14.2,14.2,14.2,0.35,2.5271,0
2014-01-24,16.2,16.2,16.2,16.2,2.0,14.0845,0
2014-01-27,16.1,16.1,16.1,16.1,-0.1,-0.6173,0
2014-01-28,15.2,15.2,15.2,15.2,-0.9,-5.5901,0
2014-01-29,16.4,16.4,16.4,16.4,1.2,7.8947,0
2014-01-30,16.65,16.65,16.65,16.65,0.25,1.5244,0
2014-01-31,17.6,17.6,17.6,17.6,0.95,5.7057,0
2014-02-03,19.2,19.2,19.2,19.2,1.6,9.0909,0
2014-02-04,18.65,18.65,18.65,18.65,-0.55,-2.8646,0
2014-02-05,19.15,19.15,19.15,19.15,0.5,2.681,0
2014-02-06,17.0,17.0,17.0,17.0,-2.15,-11.2272,0
2014-02-07,15.5,15.5,15.5,15.5,-1.5,-8.8235,0
2014-02-10,15.65,15.65,15.65,15.65,0.15,0.9677,0
2014-02-11,15.05,15.05,15.05,15.05,-0.6,-3.8339,0
2014-02-12,14.55,14.55,14.55,14.55,-0.5,-3.3223,0
2014-02-13,14.6,14.6,14.6,14.6,0.05,0.3436,0
2014-02-14,14.2,14.2,14.2,14.2,-0.4,-2.7397,0
2014-02-18,14.25,14.25,14.25,14.25,0.05,0.3521,0
2014-02-19,15.4,15.4,15.4,15.4,1.15,8.0702,0
2014-02-20,14.95,14.95,14.95,14.95,-0.45,-2.9221,0
2014-02-21,15.15,15.15,15.15,15.15,0.2,1.3378,0
2014-02-24,15.0,15.0,15.0,15.0,-0.15,-0.9901,0
2014-02-25,14.9,14.9,14.9,14.9,-0.1,-0.6667,0
2014-02-26,15.3,15.3,15.3,15.3,0.4,2.6846,0
2014-02-27,15.1,15.1,15.1,15.1,-0.2,-1.3072,0
2014-02-28,15.25,15.25,15.25,15.25,0.15,0.9934,0
2014-03-03,16.6,16.6,16.6,16.6,1.35,8.8525,0
2014-03-04,15.1,15.1,15.1,15.1,-1.5,-9.0361,0
2014-03-05,15.15,15.15,15.15,15.15,0.05,0.3311,0
2014-03-06,15.05,15.05,15.05,15.05,-0.1,-0.6601,0
2014-03-07,15.5,15.5,15.5,15.5,0.45,2.99,0
2014-03-10,15.3,15.3,15.3,15.3,-0.2,-1.2903,0
2014-03-11,15.55,15.55,15.55,15.55,0.25,1.634,0
2014-03-12,15.3,15.3,15.3,15.3,-0.25,-1.6077,0
2014-03-13,16.6,16.6,16.6,16.6,1.3,8.4967,0
2014-03-14,17.7,17.7,17.7,17.7,1.1,6.6265,0
2014-03-17,16.15,16.15,16.15,16.15,-1.55,-8.7571,0
2014-03-18,15.6,15.6,15.6,15.6,-0.55,-3.4056,0
2014-03-19,16.0,16.0,16.0,16.0,0.4,2.5641,0
2014-03-20,15.75,15.75,15.75,15.75,-0.25,-1.5625,0
2014-03-21,16.0,16.0,16.0,16.0,0.25,1.5873,0
2014-03-24,15.95,15.95,15.95,15.95,-0.05,-0.3125,0
2014-03-25,15.7,15.7,15.7,15.7,-0.25,-1.5674,0
2014-03-26,16.05,16.05,16.05,16.05,0.35,2.2293,0
2014-03-27,15.75,15.75,15.75,15.75,-0.3,-1.8692,0
2014-03-28,15.6,15.6,15.6,15.6,-0.15,-0.9524,0
2014-03-31,15.15,15.15,15.15,15.15,-0.45,-2.8846,0
2014-04-01,14.5,14.5,14.5,14.5,-0.65,-4.2904,0
2014-04-02,14.6,14.6,14.6,14.6,0.1,0.6897,0
2014-04-03,14.45,14.45,14.45,14.45,-0.15,-1.0274,0
2014-04-04,14.85,14.85,14.85,14.85,0.4,2.7682,0
2014-04-07,15.5,15.5,15.5,15.5,0.65,4.3771,0
2014-04-08,15.15,15.15,15.15,15.15,-0.35,-2.2581,0
2014-04-09,14.5,14.5,14.5,14.5,-0.65,-4.2904,0
2014-04-10,15.85,15.85,15.85,15.85,1.35,9.3103,0
2014-04-11,16.85,16.85,16.85,16.85,1.0,6.3091,0
2014-04-14,16.2,16.2,16.2,16.2,-0.65,-3.8576,0
2014-04-15,15.6,15.6,15.6,15.6,-0.6,-3.7037,0
2014-04-16,15.9,15.9,15.9,15.9,0.3,1.9231,0
2014-04-17,15.6,15.6,15.6,15.6,-0.3,-1.8868,0
2014-04-21,15.4,15.4,15.4,15.4,-0.2,-1.2821,0
2014-04-22,15.25,15.25,15.25,15.25,-0.15,-0.974,0
2014-04-23,15.4,15.4,15.4,15.4,0.15,0.9836,0
2014-04-24,15.5,15.5,15.5,15.5,0.1,0.6494,0
2014-04-25,15.6,15.6,15.6,15.6,0.1,0.6452,0
2014-04-28,15.2,15.2,15.2,15.2,-0.4,-2.5641,0
2014-04-29,15.0,15.0,15.0,15.0,-0.2,-1.3158,0
2014-04-30,15.0,15.0,15.0,15.0,0.0,0.0,0
2014-05-01,14.9,14.9,14.9,14.9,-0.1,-0.6667,0
2014-05-02,14.9,14.9,14.9,14.9,0.0,0.0,0
2014-05-05,14.6,14.6,14.6,14.6,-0.3,-2.0134,0
2014-05-06,14.75,14.75,14.75,14.75,0.15,1.0274,0
2014-05-07,14.4,14.4,14.4,14.4,-0.35,-2.3729,0
2014-05-08,14.45,14.45,14.45,14.45,0.05,0.3472,0
2014-05-09,14.05,14.05,14.05,14.05,-0.4,-2.7682,0
2014-05-12,13.5,13.5,13.5,13.5,-0.55,-3.9146,0
2014-05-13,13.5,13.5,13.5,13.5,0.0,0.0,0
2014-05-14,13.25,13.25,13.25,13.25,-0.25,-1.8519,0
2014-05-15,13.7,13.7,13.7,13.7,0.45,3.3962,0
2014-05-16,13.25,13.25,13.25,13.25,-0.45,-3.2847,0
2014-05-19,13.0,13.0,13.0,13.0,-0.25,-1.8868,0
2014-05-20,13.05,13.05,13.05,13.05,0.05,0.3846,0
2014-05-21,14.1,14.1,14.1,14.1,1.05,8.046,0
2014-05-22,14.05,14.05,14.05,14.05,-0.05,-0.3546,0
2014-05-23,13.9,13.9,13.9,13.9,-0.15,-1.0676,0
2014-05-27,13.45,13.45,13.45,13.45,-0.45,-3.2374,0
2014-05-28,13.45,13.45,13.45,13.45,0.0,0.0,0
2014-05-29,13.3,13.3,13.3,13.3,-0.15,-1.1152,0
2014-05-30,13.3,13.3,13.3,13.3,0.0,0.0,0
2014-06-02,13.2,13.2,13.2,13.2,-0.1,-0.7519,0
2014-06-03,13.3,13.3,13.3,13.3,0.1,0.7576,0
2014-06-04,13.2,13.2,13.2,13.2,-0.1,-0.7519,0
2014-06-05,12.65,12.65,12.65,12.65,-0.55,-4.1667,0
2014-06-06,12.0,12.0,12.0,12.0,-0.65,-5.1383,0
2014-06-09,12.2,12.2,12.2,12.2,0.2,1.6667,0
2014-06-10,12.05,12.05,12.05,12.05,-0.15,-1.2295,0
2014-06-11,12.5,12.5,12.5,12.5,0.45,3.7344,0
2014-06-12,13.2,13.2,13.2,13.2,0.7,5.6,0
2014-06-13,12.95,12.95,12.95,12.95,-0.25,-1.8939,0
2014-06-16,13.05,13.05,13.05,13.05,0.1,0.7722,0
2014-06-17,12.35,12.35,12.35,12.35,-0.7,-5.364,0
2014-06-18,12.7,12.7,12.7,12.7,0.35,2.834,0
2014-06-19,12.8,12.8,12.8,12.8,0.1,0.7874,0
2014-06-20,12.9,12.9,12.9,12.9,0.1,0.7812,0
2014-06-23,12.6,12.6,12.6,12.6,-0.3,-2.3256,0
2014-06-24,13.1,13.1,13.1,13.1,0.5,3.9683,0
2014-06-25,12.65,12.65,12.65,12.65,-0.45,-3.4351,0
2014-06-26,12.75,12.75,12.75,12.75,0.1,0.7905,0
2014-06-27,12.65,12.65,12.65,12.65,-0.1,-0.7843,0
2014-06-30,12.45,12.45,12.45,12.45,-0.2,-1.581,0
2014-07-01,12.1,12.1,12.1,12.1,-0.35,-2.8112,0
2014-07-02,11.95,11.95,11.95,11.95,-0.15,-1.2397,0
2014-07-03,11.8,11.8,11.8,11.8,-0.15,-1.2552,0
2014-07-07,12.15,12.15,12.15,12.15,0.35,2.9661,0
2014-07-08,12.4,12.4,12.4,12.4,0.25,2.0576,0
2014-07-09,12.25,12.25,12.25,12.25,-0.15,-1.2097,0
2014-07-10,13.0,13.0,13.0,13.0,0.75,6.1224,0
2014-07-11,12.65,12.65,12.65,12.65,-0.35,-2.6923,0
2014-07-14,12.05,12.05,12.05,12.05,-0.6,-4.7431,0
2014-07-15,12.2,12.2,12.2,12.2,0.15,1.2448,0
2014-07-16,12.7,12.7,12.7,12.7,0.5,4.0984,0
2014-07-17,13.7,13.7,13.7,13.7,1.0,7.874,0
2014-07-18,13.0,13.0,13.0,13.0,-0.7,-5.1095,0
2014-07-21,13.4,13.4,13.4,13.4,0.4,3.0769,0
2014-07-22,13.0,13.0,13.0,13.0,-0.4,-2.9851,0
2014-07-23,13.05,13.05,13.05,13.05,0.05,0.3846,0
2014-07-24,13.2,13.2,13.2,13.2,0.15,1.1494,0
2014-07-25,13.5,13.5,13.5,13.5,0.3,2.2727,0
2014-07-28,13.35,13.35,13.35,13.35,-0.15,-1.1111,0
2014-07-29,13.45,13.45,13.45,13.45,0.1,0.7491,0
2014-07-30,13.55,13.55,13.55,13.55,0.1,0.7435,0
2014-07-31,15.2,15.2,15.2,15.2,1.65,12.1771,0
2014-08-01,16.05,16.05,16.05,16.05,0.85,5.5921,0
2014-08-04,14.95,14.95,14.95,14.95,-1.1,-6.8536,0
2014-08-05,16.15,16.15,16.15,16.15,1.2,8.0268,0
2014-08-06,16.2,16.2,16.2,16.2,0.05,0.3096,0
2014-08-07,16.65,16.65,16.65,16.65,0.45,2.7778,0
2014-08-08,16.0,16.0,16.0,16.0,-0.65,-3.9039,0
2014-08-11,14.8,14.8,14.8,14.8,-1.2,-7.5,0
2014-08-12,14.65,14.65,14.65,14.65,-0.15,-1.0135,0
2014-08-13,13.55,13.55,13.55,13.55,-1.1,-7.5085,0
2014-08-14,12.95,12.95,12.95,12.95,-0.6,-4.428,0
2014-08-15,13.25,13.25,13.25,13.25,0.3,2.3166,0
2014-08-18,12.55,12.55,12.55,12.55,-0.7,-5.283,0
2014-08-19,12.2,12.2,12.2,12.2,-0.35,-2.7888,0
2014-08-20,13.5,13.5,13.5,13.5,1.3,10.6557,0
2014-08-21,13.4,13.4,13.4,13.4,-0.1,-0.7407,0
2014-08-22,13.5,13.5,13.5,13.5,0.1,0.7463,0
2014-08-25,13.35,13.35,13.35,13.35,-0.15,-1.1111,0
2014-08-26,13.45,13.45,13.45,13.45,0.1,0.7491,0
2014-08-27,13.55,13.55,13.55,13.55,0.1,0.7435,0
2014-08-28,13.6,13.6,13.6,13.6,0.05,0.369,0
2014-08-29,13.8,13.8,13.8,13.8,0.2,1.4706,0
2014-09-02,13.75,13.75,13.75,13.75,-0.05,-0.3623,0
2014-09-03,13.5,13.5,13.5,13.5,-0.25,-1.8182,0
2014-09-04,13.55,13.55,13.55,13.55,0.05,0.3704,0
2014-09-05,13.2,13.2,13.2,13.2,-0.35,-2.583,0
2014-09-08,13.35,13.35,13.35,13.35,0.15,1.1364,0
2014-09-09,13.85,13.85,13.85,13.85,0.5,3.7453,0
2014-09-10,13.7,13.7,13.7,13.7,-0.15,-1.083,0
2014-09-11,13.55,13.55,13.55,13.55,-0.15,-1.0949,0
2014-09-12,14.05,14.05,14.05,14.05,0.5,3.69,0
2014-09-15,14.4,14.4,14.4,14.4,0.35,2.4911,0
2014-09-16,13.05,13.05,13.05,13.05,-1.35,-9.375,0
2014-09-17,14.25,14.25,14.25,14.25,1.2,9.1954,0
2014-09-18,14.05,14.05,14.05,14.05,-0.2,-1.4035,0
2014-09-19,14.15,14.15,14.15,14.15,0.1,0.7117,0
2014-09-22,14.9,14.9,14.9,14.9,0.75,5.3004,0
2014-09-23,15.4,15.4,15.4,15.4,0.5,3.3557,0
2014-09-24,14.65,14.65,14.65,14.65,-0.75,-4.8701,0
2014-09-25,15.8,15.8,15.8,15.8,1.15,7.8498,0
2014-09-26,15.35,15.35,15.35,15.35,-0.45,-2.8481,0
2014-09-29,16.25,16.25,16.25,16.25,0.9,5.8632,0
2014-09-30,16.3,16.3,16.3,16.3,0.05,0.3077,0
2014-10-01,16.9,16.9,16.9,16.9,0.6,3.681,0
2014-10-02,16.55,16.55,16.55,16.55,-0.35,-2.071,0
2014-10-03,15.2,15.2,15.2,15.2,-1.35,-8.1571,0
2014-10-06,15.75,15.75,15.75,15.75,0.55,3.6184,0
2014-10-07,17.1,17.1,17.1,17.1,1.35,8.5714,0
2014-10-08,15.25,15.25,15.25,15.25,-1.85,-10.8187,0
2014-10-09,17.2,17.2,17.2,17.2,1.95,12.7869,0
2014-10-10,19.8,19.8,19.8,19.8,2.6,15.1163,0
2014-10-13,22.75,22.75,22.75,22.75,2.95,14.899,0
2014-10-14,20.9,20.9,20.9,20.9,-1.85,-8.1319,0
2014-10-15,23.95,23.95,23.95,23.95,3.05,14.5933,0
2014-10-16,22.3,22.3,22.3,22.3,-1.65,-6.8894,0
2014-10-17,21.0,21.0,21.0,21.0,-1.3,-5.8296,0
2014-10-20,18.5,18.5,18.5,18.5,-2.5,-11.9048,0
2014-10-21,16.35,16.35,16.35,16.35,-2.15,-11.6216,0
2014-10-22,18.1,18.1,18.1,18.1,1.75,10.7034,0
2014-10-23,17.3,17.3,17.3,17.3,-0.8,-4.4199,0
2014-10-24,16.95,16.95,16.95,16.95,-0.35,-2.0231,0
2014-10-27,16.95,16.95,16.95,16.95,0.0,0.0,0
2014-10-28,15.7,15.7,15.7,15.7,-1.25,-7.3746,0
2014-10-29,16.3,16.3,16.3,16.3,0.6,3.8217,0
2014-10-30,16.15,16.15,16.15,16.15,-0.15,-0.9202,0
2014-10-31,15.8,15.8,15.8,15.8,-0.35,-2.1672,0
2014-11-03,15.95,15.95,15.95,15.95,0.15,0.9494,0
2014-11-04,15.85,15.85,15.85,15.85,-0.1,-0.627,0
2014-11-05,15.3,15.3,15.3,15.3,-0.55,-3.47,0
2014-11-06,14.9,14.9,14.9,14.9,-0.4,-2.6144,0
2014-11-07,14.8,14.8,14.8,14.8,-0.1,-0.6711,0
2014-11-10,14.0,14.0,14.0,14.0,-0.8,-5.4054,0
2014-11-11,14.1,14.1,14.1,14.1,0.1,0.7143,0
2014-11-12,14.4,14.4,14.4,14.4,0.3,2.1277,0
2014-11-13,14.7,14.7,14.7,14.7,0.3,2.0833,0
2014-11-14,14.35,14.35,14.35,14.35,-0.35,-2.381,0
2014-11-17,14.35,14.35,14.35,14.35,0.0,0.0,0
2014-11-18,14.0,14.0,14.0,14.0,-0.35,-2.439,0
2014-11-19,14.55,14.55,14.55,14.55,0.55,3.9286,0
2014-11-20,15.15,15.15,15.15,15.15,0.6,4.1237,0
2014-11-21,14.95,14.95,14.95,14.95,-0.2,-1.3201,0
2014-11-24,14.55,14.55,14.55,14.55,-0.4,-2.6756,0
2014-11-25,14.45,14.45,14.45,14.45,-0.1,-0.6873,0
2014-11-26,14.2,14.2,14.2,14.2,-0.25,-1.7301,0
2014-11-28,14.85,14.85,14.85,14.85,0.65,4.5775,0
2014-12-01,15.6,15.6,15.6,15.6,0.75,5.0505,0
2014-12-02,14.25,14.25,14.25,14.25,-1.35,-8.6538,0
2014-12-03,14.25,14.25,14.25,14.25,0.0,0.0,0
2014-12-04,13.95,13.95,13.95,13.95,-0.3,-2.1053,0
2014-12-05,13.6,13.6,13.6,13.6,-0.35,-2.509,0
2014-12-08,14.7,14.7,14.7,14.7,1.1,8.0882,0
2014-12-09,14.9,14.9,14.9,14.9,0.2,1.3605,0
2014-12-10,17.4,17.4,17.4,17.4,2.5,16.7785,0
2014-12-11,19.1,19.1,19.1,19.1,1.7,9.7701,0
2014-12-12,19.6,19.6,19.6,19.6,0.5,2.6178,0
2014-12-15,19.6,19.6,19.6,19.6,0.0,0.0,0
2014-12-16,23.1,23.1,23.1,23.1,3.5,17.8571,0
2014-12-17,22.3,22.3,22.3,22.3,-0.8,-3.4632,0
2014-12-18,17.2,17.2,17.2,17.2,-5.1,-22.87,0
2014-12-19,16.55,16.55,16.55,16.55,-0.65,-3.7791,0
2014-12-22,16.425,16.425,16.425,16.425,-0.125,-0.7553,0
2014-12-23,15.925,15.925,15.925,15.925,-0.5,-3.0441,0
2014-12-24,16.225,16.225,16.225,16.225,0.3,1.8838,0
2014-12-26,15.825,15.825,15.825,15.825,-0.4,-2.4653,0
2014-12-29,16.075,16.075,16.075,16.075,0.25,1.5798,0
2014-12-30,16.425,16.425,16.425,16.425,0.35,2.1773,0
2014-12-31,18.025,18.025,18.025,18.025,1.6,9.7412,0
2015-01-02,17.825,17.825,17.825,17.825,-0.2,-1.1096,0
2015-01-05,19.125,19.125,19.125,19.125,1.3,7.2931,0
2015-01-06,19.875,19.875,19.875,19.875,0.75,3.9216,0
2015-01-07,18.85,18.85,18.85,18.85,-1.025,-5.1572,0
2015-01-08,17.675,17.675,17.675,17.675,-1.175,-6.2334,0
2015-01-09,18.625,18.625,18.625,18.625,0.95,5.3748,0
2015-01-12,19.575,19.575,19.575,19.575,0.95,5.1007,0
2015-01-13,20.175,20.175,20.175,20.175,0.6,3.0651,0
2015-01-14,20.575,20.575,20.575,20.575,0.4,1.9827,0
2015-01-15,21.475,21.475,21.475,21.475,0.9,4.3742,0
2015-01-16,20.625,20.625,20.625,20.625,-0.85,-3.9581,0
2015-01-20,20.175,20.175,20.175,20.175,-0.45,-2.1818,0
2015-01-21,20.6,20.6,20.6,20.6,0.425,2.1066,0
2015-01-22,17.875,17.875,17.875,17.875,-2.725,-13.2282,0
2015-01-23,18.375,18.375,18.375,18.375,0.5,2.7972,0
2015-01-26,17.225,17.225,17.225,17.225,-1.15,-6.2585,0
2015-01-27,17.875,17.875,17.875,17.875,0.65,3.7736,0
2015-01-28,20.475,20.475,20.475,20.475,2.6,14.5455,0
2015-01-29,19.075,19.075,19.075,19.075,-1.4,-6.8376,0
2015-01-30,21.025,21.025,21.025,21.025,1.95,10.2228,0
2015-02-02,19.975,19.975,19.975,19.975,-1.05,-4.9941,0
2015-02-03,18.875,18.875,18.875,18.875,-1.1,-5.5069,0
2015-02-04,19.775,19.775,19.775,19.775,0.9,4.7682,0
2015-02-05,18.675,18.675,18.675,18.675,-1.1,-5.5626,0
2015-02-06,19.175,19.175,19.175,19.175,0.5,2.6774,0
2015-02-09,19.625,19.625,19.625,19.625,0.45,2.3468,0
2015-02-10,18.575,18.575,18.575,18.575,-1.05,-5.3503,0
2015-02-11,18.425,18.425,18.425,18.425,-0.15,-0.8075,0
2015-02-12,16.875,16.875,16.875,16.875,-1.55,-8.4125,0
2015-02-13,16.5,16.5,16.5,16.5,-0.375,-2.2222,0
2015-02-17,16.2,16.2,16.2,16.2,-0.3,-1.8182,0
2015-02-18,16.1,16.1,16.1,16.1,-0.1,-0.6173,0
2015-02-19,17.625,17.625,17.625,17.625,1.525,9.472,0
2015-02-20,16.925,16.925,16.925,16.925,-0.7,-3.9716,0
2015-02-23,17.025,17.025,17.025,17.025,0.1,0.5908,0
2015-02-24,16.125,16.125,16.125,16.125,-0.9,-5.2863,0
2015-02-25,16.425,16.425,16.425,16.425,0.3,1.8605,0
2015-02-26,16.025,16.025,16.025,16.025,-0.4,-2.4353,0
2015-02-27,15.825,15.825,15.825,15.825,-0.2,-1.248,0
2015-03-02,15.325,15.325,15.325,15.325,-0.5,-3.1596,0
2015-03-03,15.775,15.775,15.775,15.775,0.45,2.9364,0
2015-03-04,15.725,15.725,15.725,15.725,-0.05,-0.317,0
2015-03-05,15.325,15.325,15.325,15.325,-0.4,-2.5437,0
2015-03-06,16.225,16.225,16.225,16.225,0.9,5.8728,0
2015-03-09,15.825,15.825,15.825,15.825,-0.4,-2.4653,0
2015-03-10,16.925,16.925,16.925,16.925,1.1,6.951,0
2015-03-11,17.225,17.225,17.225,17.225,0.3,1.7725,0
2015-03-12,15.875,15.875,15.875,15.875,-1.35,-7.8374,0
2015-03-13,16.425,16.425,16.425,16.425,0.55,3.4646,0
2015-03-16,16.125,16.125,16.125,16.125,-0.3,-1.8265,0
2015-03-17,15.625,15.625,15.625,15.625,-0.5,-3.1008,0
2015-03-18,16.05,16.05,16.05,16.05,0.425,2.72,0
2015-03-19,16.525,16.525,16.525,16.525,0.475,2.9595,0
2015-03-20,16.175,16.175,16.175,16.175,-0.35,-2.118,0
2015-03-23,16.075,16.075,16.075,16.075,-0.1,-0.6182,0
2015-03-24,15.875,15.875,15.875,15.875,-0.2,-1.2442,0
2015-03-25,16.575,16.575,16.575,16.575,0.7,4.4094,0
2015-03-26,16.475,16.475,16.475,16.475,-0.1,-0.6033,0
2015-03-27,16.225,16.225,16.225,16.225,-0.25,-1.5175,0
2015-03-30,15.775,15.775,15.775,15.775,-0.45,-2.7735,0
2015-03-31,16.275,16.275,16.275,16.275,0.5,3.1696,0
2015-04-01,16.025,16.025,16.025,16.025,-0.25,-1.5361,0
2015-04-02,15.625,15.625,15.625,15.625,-0.4,-2.4961,0
2015-04-06,15.275,15.275,15.275,15.275,-0.35,-2.24,0
2015-04-07,15.275,15.275,15.275,15.275,0.0,0.0,0
2015-04-08,14.825,14.825,14.825,14.825,-0.45,-2.946,0
2015-04-09,14.075,14.075,14.075,14.075,-0.75,-5.059,0
2015-04-10,13.425,13.425,13.425,13.425,-0.65,-4.6181,0
2015-04-13,14.325,14.325,14.325,14.325,0.9,6.7039,0
2015-04-14,13.575,13.575,13.575,13.575,-0.75,-5.2356,0
2015-04-15,13.25,13.25,13.25,13.25,-0.325,-2.3941,0
2015-04-16,15.125,15.125,15.125,15.125,1.875,14.1509,0
2015-04-17,15.675,15.675,15.675,15.675,0.55,3.6364,0
2015-04-20,15.175,15.175,15.175,15.175,-0.5,-3.1898,0
2015-04-21,15.125,15.125,15.125,15.125,-0.05,-0.3295,0
2015-04-22,14.925,14.925,14.925,14.925,-0.2,-1.3223,0
2015-04-23,14.725,14.725,14.725,14.725,-0.2,-1.34,0
2015-04-24,14.625,14.625,14.625,14.625,-0.1,-0.6791,0
2015-04-27,15.125,15.125,15.125,15.125,0.5,3.4188,0
2015-04-28,14.475,14.475,14.475,14.475,-0.65,-4.2975,0
2015-04-29,15.075,15.075,15.075,15.075,0.6,4.1451,0
2015-04-30,15.525,15.525,15.525,15.525,0.45,2.9851,0
2015-05-01,14.475,14.475,14.475,14.475,-1.05,-6.7633,0
2015-05-04,14.475,14.475,14.475,14.475,0.0,0.0,0
2015-05-05,15.225,15.225,15.225,15.225,0.75,5.1813,0
2015-05-06,15.675,15.675,15.675,15.675,0.45,2.9557,0
2015-05-07,15.425,15.425,15.425,15.425,-0.25,-1.5949,0
2015-05-08,14.375,14.375,14.375,14.375,-1.05,-6.8071,0
2015-05-11,14.925,14.925,14.925,14.925,0.55,3.8261,0
2015-05-12,14.625,14.625,14.625,14.625,-0.3,-2.0101,0
2015-05-13,14.325,14.325,14.325,14.325,-0.3,-2.0513,0
2015-05-14,13.725,13.725,13.725,13.725,-0.6,-4.1885,0
2015-05-15,13.675,13.675,13.675,13.675,-0.05,-0.3643,0
2015-05-18,13.275,13.275,13.275,13.275,-0.4,-2.925,0
2015-05-19,13.125,13.125,13.125,13.125,-0.15,-1.1299,0
2015-05-20,13.11,13.11,13.11,13.11,-0.015,-0.1143,0
2015-05-21,14.325,14.325,14.325,14.325,1.215,9.2677,0
2015-05-22,14.425,14.425,14.425,14.425,0.1,0.6981,0
2015-05-26,14.925,14.925,14.925,14.925,0.5,3.4662,0
2015-05-27,14.525,14.525,14.525,14.525,-0.4,-2.6801,0
2015-05-28,14.475,14.475,14.475,14.475,-0.05,-0.3442,0
2015-05-29,14.625,14.625,14.625,14.625,0.15,1.0363,0
2015-06-01,14.575,14.575,14.575,14.575,-0.05,-0.3419,0
2015-06-02,14.875,14.875,14.875,14.875,0.3,2.0583,0
2015-06-03,14.375,14.375,14.375,14.375,-0.5,-3.3613,0
2015-06-04,14.975,14.975,14.975,14.975,0.6,4.1739,0
2015-06-05,14.725,14.725,14.725,14.725,-0.25,-1.6694,0
2015-06-08,15.225,15.225,15.225,15.225,0.5,3.3956,0
2015-06-09,14.825,14.825,14.825,14.825,-0.4,-2.6273,0
2015-06-10,13.875,13.875,13.875,13.875,-0.95,-6.4081,0
2015-06-11,13.525,13.525,13.525,13.525,-0.35,-2.5225,0
2015-06-12,14.2,14.2,14.2,14.2,0.675,4.9908,0
2015-06-15,15.475,15.475,15.475,15.475,1.275,8.9789,0
2015-06-16,14.925,14.925,14.925,14.925,-0.55,-3.5541,0
2015-06-17,14.85,14.85,14.85,14.85,-0.075,-0.5025,0
2015-06-18,14.975,14.975,14.975,14.975,0.125,0.8418,0
2015-06-19,15.425,15.425,15.425,15.425,0.45,3.005,0
2015-06-22,14.525,14.525,14.525,14.525,-0.9,-5.8347,0
2015-06-23,14.075,14.075,14.075,14.075,-0.45,-3.0981,0
2015-06-24,14.575,14.575,14.575,14.575,0.5,3.5524,0
2015-06-25,14.625,14.625,14.625,14.625,0.05,0.3431,0
2015-06-26,14.525,14.525,14.525,14.525,-0.1,-0.6838,0
2015-06-29,17.375,17.375,17.375,17.375,2.85,19.6213,0
2015-06-30,17.325,17.325,17.325,17.325,-0.05,-0.2878,0
2015-07-01,15.925,15.925,15.925,15.925,-1.4,-8.0808,0
2015-07-02,16.925,16.925,16.925,16.925,1.0,6.2794,0
2015-07-06,17.225,17.225,17.225,17.225,0.3,1.7725,0
2015-07-07,16.325,16.325,16.325,16.325,-0.9,-5.225,0
2015-07-08,18.425,18.425,18.425,18.425,2.1,12.8637,0
2015-07-09,18.825,18.825,18.825,18.825,0.4,2.171,0
2015-07-10,16.775,16.775,16.775,16.775,-2.05,-10.8898,0
2015-07-13,14.475,14.475,14.475,14.475,-2.3,-13.7109,0
2015-07-14,14.075,14.075,14.075,14.075,-0.4,-2.7634,0
2015-07-15,13.975,13.975,13.975,13.975,-0.1,-0.7105,0
2015-07-16,12.925,12.925,12.925,12.925,-1.05,-7.5134,0
2015-07-17,12.925,12.925,12.925,12.925,0.0,0.0,0
2015-07-20,12.525,12.525,12.525,12.525,-0.4,-3.0948,0
2015-07-21,12.375,12.375,12.375,12.375,-0.15,-1.1976,0
2015-07-22,12.95,12.95,12.95,12.95,0.575,4.6465,0
2015-07-23,14.275,14.275,14.275,14.275,1.325,10.2317,0
2015-07-24,14.9,14.9,14.9,14.9,0.625,4.3783,0
2015-07-27,15.775,15.775,15.775,15.775,0.875,5.8725,0
2015-07-28,14.375,14.375,14.375,14.375,-1.4,-8.8748,0
2015-07-29,14.075,14.075,14.075,14.075,-0.3,-2.087,0
2015-07-30,13.925,13.925,13.925,13.925,-0.15,-1.0657,0
2015-07-31,13.975,13.975,13.975,13.975,0.05,0.3591,0
2015-08-03,13.875,13.875,13.875,13.875,-0.1,-0.7156,0
2015-08-04,14.125,14.125,14.125,14.125,0.25,1.8018,0
2015-08-05,13.925,13.925,13.925,13.925,-0.2,-1.4159,0
2015-08-06,14.475,14.475,14.475,14.475,0.55,3.9497,0
2015-08-07,14.275,14.275,14.275,14.275,-0.2,-1.3817,0
2015-08-10,13.575,13.575,13.575,13.575,-0.7,-4.9037,0
2015-08-11,14.475,14.475,14.475,14.475,0.9,6.6298,0
2015-08-12,14.325,14.325,14.325,14.325,-0.15,-1.0363,0
2015-08-13,14.175,14.175,14.175,14.175,-0.15,-1.0471,0
2015-08-14,14.275,14.275,14.275,14.275,0.1,0.7055,0
2015-08-17,13.825,13.825,13.825,13.825,-0.45,-3.1524,0
2015-08-18,14.275,14.275,14.275,14.275,0.45,3.255,0
2015-08-19,14.45,14.45,14.45,14.45,0.175,1.2259,0
2015-08-20,17.325,17.325,17.325,17.325,2.875,19.8962,0
2015-08-21,19.9,19.9,19.9,19.9,2.575,14.8629,0
2015-08-24,25.125,25.125,25.125,25.125,5.225,26.2563,0
2015-08-25,25.325,25.325,25.325,25.325,0.2,0.796,0
2015-08-26,23.725,23.725,23.725,23.725,-1.6,-6.3179,0
2015-08-27,24.175,24.175,24.175,24.175,0.45,1.8967,0
2015-08-28,24.425,24.425,24.425,24.425,0.25,1.0341,0
2015-08-31,26.425,26.425,26.425,26.425,2.0,8.1883,0
2015-09-01,29.725,29.725,29.725,29.725,3.3,12.4882,0
2015-09-02,25.975,25.975,25.975,25.975,-3.75,-12.6156,0
2015-09-03,25.625,25.625,25.625,25.625,-0.35,-1.3474,0
2015-09-04,28.025,28.025,28.025,28.025,2.4,9.3659,0
2015-09-08,24.625,24.625,24.625,24.625,-3.4,-12.132,0
2015-09-09,25.825,25.825,25.825,25.825,1.2,4.8731,0
2015-09-10,24.7,24.7,24.7,24.7,-1.125,-4.3562,0
2015-09-11,23.8,23.8,23.8,23.8,-0.9,-3.6437,0
2015-09-14,23.725,23.725,23.725,23.725,-0.075,-0.3151,0
2015-09-15,22.575,22.575,22.575,22.575,-1.15,-4.8472,0
2015-09-16,22.4,22.4,22.4,22.4,-0.175,-0.7752,0
2015-09-17,20.425,20.425,20.425,20.425,-1.975,-8.817,0
2015-09-18,21.525,21.525,21.525,21.525,1.1,5.3856,0
2015-09-21,19.675,19.675,19.675,19.675,-1.85,-8.5947,0
2015-09-22,21.775,21.775,21.775,21.775,2.1,10.6734,0
2015-09-23,21.125,21.125,21.125,21.125,-0.65,-2.9851,0
2015-09-24,21.875,21.875,21.875,21.875,0.75,3.5503,0
2015-09-25,22.325,22.325,22.325,22.325,0.45,2.0571,0
2015-09-28,24.075,24.075,24.075,24.075,1.75,7.8387,0
2015-09-29,23.875,23.875,23.875,23.875,-0.2,-0.8307,0
2015-09-30,23.025,23.025,23.025,23.025,-0.85,-3.5602,0
2015-10-01,22.225,22.225,22.225,22.225,-0.8,-3.4745,0
2015-10-02,21.075,21.075,21.075,21.075,-1.15,-5.1744,0
2015-10-05,19.875,19.875,19.875,19.875,-1.2,-5.694,0
2015-10-06,20.325,20.325,20.325,20.325,0.45,2.2642,0
2015-10-07,19.475,19.475,19.475,19.475,-0.85,-4.182,0
2015-10-08,18.425,18.425,18.425,18.425,-1.05,-5.3915,0
2015-10-09,18.175,18.175,18.175,18.175,-0.25,-1.3569,0
2015-10-12,16.725,16.725,16.725,16.725,-1.45,-7.978,0
2015-10-13,18.275,18.275,18.275,18.275,1.55,9.2676,0
2015-10-14,18.325,18.325,18.325,18.325,0.05,0.2736,0
2015-10-15,16.575,16.575,16.575,16.575,-1.75,-9.5498,0
2015-10-16,16.1,16.1,16.1,16.1,-0.475,-2.8658,0
2015-10-19,15.275,15.275,15.275,15.275,-0.825,-5.1242,0
2015-10-20,16.075,16.075,16.075,16.075,0.8,5.2373,0
2015-10-21,15.5,15.5,15.5,15.5,-0.575,-3.577,0
2015-10-22,16.025,16.025,16.025,16.025,0.525,3.3871,0
2015-10-23,16.6,16.6,16.6,16.6,0.575,3.5881,0
2015-10-26,16.925,16.925,16.925,16.925,0.325,1.9578,0
2015-10-27,16.475,16.475,16.475,16.475,-0.45,-2.6588,0
2015-10-28,15.975,15.975,15.975,15.975,-0.5,-3.0349,0
2015-10-29,16.175,16.175,16.175,16.175,0.2,1.252,0
2015-10-30,16.625,16.625,16.625,16.625,0.45,2.7821,0
2015-11-02,15.875,15.875,15.875,15.875,-0.75,-4.5113,0
2015-11-03,16.125,16.125,16.125,16.125,0.25,1.5748,0
2015-11-04,16.725,16.725,16.725,16.725,0.6,3.7209,0
2015-11-05,16.025,16.025,16.025,16.025,-0.7,-4.1854,0
2015-11-06,15.675,15.675,15.675,15.675,-0.35,-2.1841,0
2015-11-09,17.025,17.025,17.025,17.025,1.35,8.6124,0
2015-11-10,16.225,16.225,16.225,16.225,-0.8,-4.699,0
2015-11-11,16.775,16.775,16.775,16.775,0.55,3.3898,0
2015-11-12,18.575,18.575,18.575,18.575,1.8,10.7303,0
2015-11-13,20.325,20.325,20.325,20.325,1.75,9.4213,0
2015-11-16,18.075,18.075,18.075,18.075,-2.25,-11.0701,0
2015-11-17,18.975,18.975,18.975,18.975,0.9,4.9793,0
2015-11-18,18.65,18.65,18.65,18.65,-0.325,-1.7128,0
2015-11-19,18.175,18.175,18.175,18.175,-0.475,-2.5469,0
2015-11-20,17.425,17.425,17.425,17.425,-0.75,-4.1265,0
2015-11-23,17.025,17.025,17.025,17.025,-0.4,-2.2956,0
2015-11-24,17.425,17.425,17.425,17.425,0.4,2.3495,0
2015-11-25,16.775,16.775,16.775,16.775,-0.65,-3.7303,0
2015-11-27,17.175,17.175,17.175,17.175,0.4,2.3845,0
2015-11-30,16.975,16.975,16.975,16.975,-0.2,-1.1645,0
2015-12-01,16.125,16.125,16.125,16.125,-0.85,-5.0074,0
2015-12-02,16.775,16.775,16.775,16.775,0.65,4.031,0
2015-12-03,18.325,18.325,18.325,18.325,1.55,9.2399,0
2015-12-04,16.225,16.225,16.225,16.225,-2.1,-11.4598,0
2015-12-07,16.525,16.525,16.525,16.525,0.3,1.849,0
2015-12-08,17.775,17.775,17.775,17.775,1.25,7.5643,0
2015-12-09,18.975,18.975,18.975,18.975,1.2,6.7511,0
2015-12-10,19.325,19.325,19.325,19.325,0.35,1.8445,0
2015-12-11,23.65,23.65,23.65,23.65,4.325,22.3803,0
2015-12-14,22.425,22.425,22.425,22.425,-1.225,-5.1797,0
2015-12-15,20.625,20.625,20.625,20.625,-1.8,-8.0268,0
2015-12-16,19.9,19.9,19.9,19.9,-0.725,-3.5152,0
2015-12-17,19.275,19.275,19.275,19.275,-0.625,-3.1407,0
2015-12-18,20.425,20.425,20.425,20.425,1.15,5.9663,0
2015-12-21,18.825,18.825,18.825,18.825,-1.6,-7.8335,0
2015-12-22,17.825,17.825,17.825,17.825,-1.0,-5.3121,0
2015-12-23,17.875,17.875,17.875,17.875,0.05,0.2805,0
2015-12-24,18.225,18.225,18.225,18.225,0.35,1.958,0
2015-12-28,17.825,17.825,17.825,17.825,-0.4,-2.1948,0
2015-12-29,17.475,17.475,17.475,17.475,-0.35,-1.9635,0
2015-12-30,18.35,18.35,18.35,18.35,0.875,5.0072,0
2015-12-31,18.525,18.525,18.525,18.525,0.175,0.9537,0
2016-01-04,19.825,19.825,19.825,19.825,1.3,7.0175,0
2016-01-05,19.425,19.425,19.425,19.425,-0.4,-2.0177,0
2016-01-06,20.325,20.325,20.325,20.325,0.9,4.6332,0
2016-01-07,23.525,23.525,23.525,23.525,3.2,15.7442,0
2016-01-08,25.275,25.275,25.275,25.275,1.75,7.4389,0
2016-01-11,23.475,23.475,23.475,23.475,-1.8,-7.1217,0
2016-01-12,22.075,22.075,22.075,22.075,-1.4,-5.9638,0
2016-01-13,24.725,24.725,24.725,24.725,2.65,12.0045,0
2016-01-14,23.575,23.575,23.575,23.575,-1.15,-4.6512,0
2016-01-15,26.475,26.475,26.475,26.475,2.9,12.3012,0
2016-01-19,25.85,25.85,25.85,25.85,-0.625,-2.3607,0
2016-01-20,28.3,28.3,28.3,28.3,2.45,9.4778,0
2016-01-21,25.075,25.075,25.075,25.075,-3.225,-11.3958,0
2016-01-22,22.725,22.725,22.725,22.725,-2.35,-9.3719,0
2016-01-25,24.025,24.025,24.025,24.025,1.3,5.7206,0
2016-01-26,22.925,22.925,22.925,22.925,-1.1,-4.5786,0
2016-01-27,23.775,23.775,23.775,23.775,0.85,3.7077,0
2016-01-28,23.275,23.275,23.275,23.275,-0.5,-2.103,0
2016-01-29,21.625,21.625,21.625,21.625,-1.65,-7.0892,0
2016-02-01,21.525,21.525,21.525,21.525,-0.1,-0.4624,0
2016-02-02,23.175,23.175,23.175,23.175,1.65,7.6655,0
2016-02-03,22.775,22.775,22.775,22.775,-0.4,-1.726,0
2016-02-04,23.075,23.075,23.075,23.075,0.3,1.3172,0
2016-02-05,24.125,24.125,24.125,24.125,1.05,4.5504,0
2016-02-08,25.425,25.425,25.425,25.425,1.3,5.3886,0
2016-02-09,26.125,26.125,26.125,26.125,0.7,2.7532,0
2016-02-10,26.275,26.275,26.275,26.275,0.15,0.5742,0
2016-02-11,28.125,28.125,28.125,28.125,1.85,7.0409,0
2016-02-12,26.875,26.875,26.875,26.875,-1.25,-4.4444,0
2016-02-16,24.725,24.725,24.725,24.725,-2.15,-8.0,0
2016-02-17,24.05,24.05,24.05,24.05,-0.675,-2.73,0
2016-02-18,22.775,22.775,22.775,22.775,-1.275,-5.3015,0
2016-02-19,22.375,22.375,22.375,22.375,-0.4,-1.7563,0
2016-02-22,21.025,21.025,21.025,21.025,-1.35,-6.0335,0
2016-02-23,22.175,22.175,22.175,22.175,1.15,5.4697,0
2016-02-24,21.775,21.775,21.775,21.775,-0.4,-1.8038,0
2016-02-25,20.825,20.825,20.825,20.825,-0.95,-4.3628,0
2016-02-26,21.475,21.475,21.475,21.475,0.65,3.1212,0
2016-02-29,21.775,21.775,21.775,21.775,0.3,1.397,0
2016-03-01,19.425,19.425,19.425,19.425,-2.35,-10.7922,0
2016-03-02,19.275,19.275,19.275,19.275,-0.15,-0.7722,0
2016-03-03,18.325,18.325,18.325,18.325,-0.95,-4.9287,0
2016-03-04,18.925,18.925,18.925,18.925,0.6,3.2742,0
2016-03-07,18.575,18.575,18.575,18.575,-0.35,-1.8494,0
2016-03-08,19.625,19.625,19.625,19.625,1.05,5.6528,0
2016-03-09,19.075,19.075,19.075,19.075,-0.55,-2.8025,0
2016-03-10,18.95,18.95,18.95,18.95,-0.125,-0.6553,0
2016-03-11,17.625,17.625,17.625,17.625,-1.325,-6.9921,0
2016-03-14,17.425,17.425,17.425,17.425,-0.2,-1.1348,0
2016-03-15,16.9,16.9,16.9,16.9,-0.525,-3.0129,0
2016-03-16,17.0,17.0,17.0,17.0,0.1,0.5917,0
2016-03-17,17.775,17.775,17.775,17.775,0.775,4.5588,0
2016-03-18,17.725,17.725,17.725,17.725,-0.05,-0.2813,0
2016-03-21,16.975,16.975,16.975,16.975,-0.75,-4.2313,0
2016-03-22,16.825,16.825,16.825,16.825,-0.15,-0.8837,0
2016-03-23,17.725,17.725,17.725,17.725,0.9,5.3492,0
2016-03-24,17.375,17.375,17.375,17.375,-0.35,-1.9746,0
2016-03-28,17.125,17.125,17.125,17.125,-0.25,-1.4388,0
2016-03-29,16.075,16.075,16.075,16.075,-1.05,-6.1314,0
2016-03-30,15.85,15.85,15.85,15.85,-0.225,-1.3997,0
2016-03-31,15.925,15.925,15.925,15.925,0.075,0.4732,0
2016-04-01,15.425,15.425,15.425,15.425,-0.5,-3.1397,0
2016-04-04,15.925,15.925,15.925,15.925,0.5,3.2415,0
2016-04-05,16.775,16.775,16.775,16.775,0.85,5.3375,0
2016-04-06,15.625,15.625,15.625,15.625,-1.15,-6.8554,0
2016-04-07,17.275,17.275,17.275,17.275,1.65,10.56,0
2016-04-08,16.675,16.675,16.675,16.675,-0.6,-3.4732,0
2016-04-11,17.075,17.075,17.075,17.075,0.4,2.3988,0
2016-04-12,15.925,15.925,15.925,15.925,-1.15,-6.735,0
2016-04-13,14.825,14.825,14.825,14.825,-1.1,-6.9074,0
2016-04-14,14.675,14.675,14.675,14.675,-0.15,-1.0118,0
2016-04-15,14.725,14.725,14.725,14.725,0.05,0.3407,0
2016-04-18,13.825,13.825,13.825,13.825,-0.9,-6.1121,0
2016-04-19,13.25,13.25,13.25,13.25,-0.575,-4.1591,0
2016-04-20,12.66,12.66,12.66,12.66,-0.59,-4.4528,0
2016-04-21,16.775,16.775,16.775,16.775,4.115,32.5039,0
2016-04-22,16.175,16.175,16.175,16.175,-0.6,-3.5768,0
2016-04-25,16.225,16.225,16.225,16.225,0.05,0.3091,0
2016-04-26,15.925,15.925,15.925,15.925,-0.3,-1.849,0
2016-04-27,15.475,15.475,15.475,15.475,-0.45,-2.8257,0
2016-04-28,16.475,16.475,16.475,16.475,1.0,6.462,0
2016-04-29,16.875,16.875,16.875,16.875,0.4,2.4279,0
2016-05-02,15.775,15.775,15.775,15.775,-1.1,-6.5185,0
2016-05-03,16.625,16.625,16.625,16.625,0.85,5.3883,0
2016-05-04,16.875,16.875,16.875,16.875,0.25,1.5038,0
2016-05-05,16.725,16.725,16.725,16.725,-0.15,-0.8889,0
2016-05-06,15.725,15.725,15.725,15.725,-1.0,-5.9791,0
2016-05-09,15.475,15.475,15.475,15.475,-0.25,-1.5898,0
2016-05-10,14.525,14.525,14.525,14.525,-0.95,-6.1389,0
2016-05-11,15.625,15.625,15.625,15.625,1.1,7.5731,0
2016-05-12,15.225,15.225,15.225,15.225,-0.4,-2.56,0
2016-05-13,15.875,15.875,15.875,15.875,0.65,4.2693,0
2016-05-16,15.125,15.125,15.125,15.125,-0.75,-4.7244,0
2016-05-17,15.425,15.425,15.425,15.425,0.3,1.9835,0
2016-05-18,15.6,15.6,15.6,15.6,0.175,1.1345,0
2016-05-19,17.975,17.975,17.975,17.975,2.375,15.2244,0
2016-05-20,17.325,17.325,17.325,17.325,-0.65,-3.6161,0
2016-05-23,17.575,17.575,17.575,17.575,0.25,1.443,0
2016-05-24,16.475,16.475,16.475,16.475,-1.1,-6.2589,0
2016-05-25,16.175,16.175,16.175,16.175,-0.3,-1.8209,0
2016-05-26,15.825,15.825,15.825,15.825,-0.35,-2.1638,0
2016-05-27,15.375,15.375,15.375,15.375,-0.45,-2.8436,0
2016-05-31,15.275,15.275,15.275,15.275,-0.1,-0.6504,0
2016-06-01,15.275,15.275,15.275,15.275,0.0,0.0,0
2016-06-02,14.825,14.825,14.825,14.825,-0.45,-2.946,0
2016-06-03,14.725,14.725,14.725,14.725,-0.1,-0.6745,0
2016-06-06,14.475,14.475,14.475,14.475,-0.25,-1.6978,0
2016-06-07,14.725,14.725,14.725,14.725,0.25,1.7271,0
2016-06-08,14.975,14.975,14.975,14.975,0.25,1.6978,0
2016-06-09,15.475,15.475,15.475,15.475,0.5,3.3389,0
2016-06-10,17.525,17.525,17.525,17.525,2.05,13.2472,0
2016-06-13,21.325,21.325,21.325,21.325,3.8,21.6833,0
2016-06-14,20.575,20.575,20.575,20.575,-0.75,-3.517,0
2016-06-15,19.9,19.9,19.9,19.9,-0.675,-3.2807,0
2016-06-16,20.025,20.025,20.025,20.025,0.125,0.6281,0
2016-06-17,20.075,20.075,20.075,20.075,0.05,0.2497,0
2016-06-20,18.475,18.475,18.475,18.475,-1.6,-7.9701,0
2016-06-21,18.675,18.675,18.675,18.675,0.2,1.0825,0
2016-06-22,19.425,19.425,19.425,19.425,0.75,4.0161,0
2016-06-23,16.675,16.675,16.675,16.675,-2.75,-14.157,0
2016-06-24,22.65,22.65,22.65,22.65,5.975,35.8321,0
2016-06-27,23.65,23.65,23.65,23.65,1.0,4.415,0
2016-06-28,18.875,18.875,18.875,18.875,-4.775,-20.1903,0
2016-06-29,17.475,17.475,17.475,17.475,-1.4,-7.4172,0
2016-06-30,16.975,16.975,16.975,16.975,-0.5,-2.8612,0
2016-07-01,16.775,16.775,16.775,16.775,-0.2,-1.1782,0
2016-07-05,16.825,16.825,16.825,16.825,0.05,0.2981,0
2016-07-06,16.175,16.175,16.175,16.175,-0.65,-3.8633,0
2016-07-07,15.925,15.925,15.925,15.925,-0.25,-1.5456,0
2016-07-08,14.775,14.775,14.775,14.775,-1.15,-7.2214,0
2016-07-11,14.625,14.625,14.625,14.625,-0.15,-1.0152,0
2016-07-12,14.275,14.275,14.275,14.275,-0.35,-2.3932,0
2016-07-13,14.175,14.175,14.175,14.175,-0.1,-0.7005,0
2016-07-14,14.025,14.025,14.025,14.025,-0.15,-1.0582,0
2016-07-15,13.825,13.825,13.825,13.825,-0.2,-1.426,0
2016-07-18,13.075,13.075,13.075,13.075,-0.75,-5.425,0
2016-07-19,12.225,12.225,12.225,12.225,-0.85,-6.501,0
2016-07-20,11.8,11.8,11.8,11.8,-0.425,-3.4765,0
2016-07-21,15.825,15.825,15.825,15.825,4.025,34.1102,0
2016-07-22,15.375,15.375,15.375,15.375,-0.45,-2.8436,0
2016-07-25,15.325,15.325,15.325,15.325,-0.05,-0.3252,0
2016-07-26,15.175,15.175,15.175,15.175,-0.15,-0.9788,0
2016-07-27,14.775,14.775,14.775,14.775,-0.4,-2.6359,0
2016-07-28,14.375,14.375,14.375,14.375,-0.4,-2.7073,0
2016-07-29,13.825,13.825,13.825,13.825,-0.55,-3.8261,0
2016-08-01,13.625,13.625,13.625,13.625,-0.2,-1.4467,0
2016-08-02,14.225,14.225,14.225,14.225,0.6,4.4037,0
2016-08-03,13.825,13.825,13.825,13.825,-0.4,-2.812,0
2016-08-04,13.425,13.425,13.425,13.425,-0.4,-2.8933,0
2016-08-05,12.875,12.875,12.875,12.875,-0.55,-4.0968,0
2016-08-08,12.475,12.475,12.475,12.475,-0.4,-3.1068,0
2016-08-09,12.375,12.375,12.375,12.375,-0.1,-0.8016,0
2016-08-10,12.875,12.875,12.875,12.875,0.5,4.0404,0
2016-08-11,12.625,12.625,12.625,12.625,-0.25,-1.9417,0
2016-08-12,12.325,12.325,12.325,12.325,-0.3,-2.3762,0
2016-08-15,12.225,12.225,12.225,12.225,-0.1,-0.8114,0
2016-08-16,12.825,12.825,12.825,12.825,0.6,4.908,0
2016-08-17,12.65,12.65,12.65,12.65,-0.175,-1.3645,0
2016-08-18,14.575,14.575,14.575,14.575,1.925,15.2174,0
2016-08-19,14.675,14.675,14.675,14.675,0.1,0.6861,0
2016-08-22,14.725,14.725,14.725,14.725,0.05,0.3407,0
2016-08-23,14.675,14.675,14.675,14.675,-0.05,-0.3396,0
2016-08-24,15.125,15.125,15.125,15.125,0.45,3.0664,0
2016-08-25,14.975,14.975,14.975,14.975,-0.15,-0.9917,0
2016-08-26,15.125,15.125,15.125,15.125,0.15,1.0017,0
2016-08-29,14.675,14.675,14.675,14.675,-0.45,-2.9752,0
2016-08-30,14.525,14.525,14.525,14.525,-0.15,-1.0221,0
2016-08-31,14.575,14.575,14.575,14.575,0.05,0.3442,0
2016-09-01,14.575,14.575,14.575,14.575,0.0,0.0,0
2016-09-02,13.925,13.925,13.925,13.925,-0.65,-4.4597,0
2016-09-06,13.375,13.375,13.375,13.375,-0.55,-3.9497,0
2016-09-07,13.225,13.225,13.225,13.225,-0.15,-1.1215,0
2016-09-08,13.375,13.375,13.375,13.375,0.15,1.1342,0
2016-09-09,16.475,16.475,16.475,16.475,3.1,23.1776,0
2016-09-12,15.325,15.325,15.325,15.325,-1.15,-6.9803,0
2016-09-13,17.775,17.775,17.775,17.775,2.45,15.9869,0
2016-09-14,18.375,18.375,18.375,18.375,0.6,3.3755,0
2016-09-15,17.075,17.075,17.075,17.075,-1.3,-7.0748,0
2016-09-16,16.025,16.025,16.025,16.025,-1.05,-6.1493,0
2016-09-19,15.675,15.675,15.675,15.675,-0.35,-2.1841,0
2016-09-20,15.875,15.875,15.875,15.875,0.2,1.2759,0
2016-09-21,15.3,15.3,15.3,15.3,-0.575,-3.622,0
2016-09-22,15.325,15.325,15.325,15.325,0.025,0.1634,0
2016-09-23,15.575,15.575,15.575,15.575,0.25,1.6313,0
2016-09-26,16.275,16.275,16.275,16.275,0.7,4.4944,0
2016-09-27,15.525,15.525,15.525,15.525,-0.75,-4.6083,0
2016-09-28,15.225,15.225,15.225,15.225,-0.3,-1.9324,0
2016-09-29,15.925,15.925,15.925,15.925,0.7,4.5977,0
2016-09-30,15.775,15.775,15.775,15.775,-0.15,-0.9419,0
2016-10-03,15.475,15.475,15.475,15.475,-0.3,-1.9017,0
2016-10-04,15.325,15.325,15.325,15.325,-0.15,-0.9693,0
2016-10-05,15.125,15.125,15.125,15.125,-0.2,-1.3051,0
2016-10-06,14.975,14.975,14.975,14.975,-0.15,-0.9917,0
2016-10-07,15.325,15.325,15.325,15.325,0.35,2.3372,0
2016-10-10,14.675,14.675,14.675,14.675,-0.65,-4.2414,0
2016-10-11,15.825,15.825,15.825,15.825,1.15,7.8365,0
2016-10-12,16.325,16.325,16.325,16.325,0.5,3.1596,0
2016-10-13,17.025,17.025,17.025,17.025,0.7,4.2879,0
2016-10-14,16.625,16.625,16.625,16.625,-0.4,-2.3495,0
2016-10-17,16.525,16.525,16.525,16.525,-0.1,-0.6015,0
2016-10-18,15.675,15.675,15.675,15.675,-0.85,-5.1437,0
2016-10-19,15.2,15.2,15.2,15.2,-0.475,-3.0303,0
2016-10-20,15.775,15.775,15.775,15.775,0.575,3.7829,0
2016-10-21,15.575,15.575,15.575,15.575,-0.2,-1.2678,0
2016-10-24,14.925,14.925,14.925,14.925,-0.65,-4.1734,0
2016-10-25,15.225,15.225,15.225,15.225,0.3,2.0101,0
2016-10-26,15.625,15.625,15.625,15.625,0.4,2.6273,0
2016-10-27,16.075,16.075,16.075,16.075,0.45,2.88,0
2016-10-28,16.625,16.625,16.625,16.625,0.55,3.4215,0
2016-10-31,17.225,17.225,17.225,17.225,0.6,3.609,0
2016-11-01,17.825,17.825,17.825,17.825,0.6,3.4833,0
2016-11-02,18.525,18.525,18.525,18.525,0.7,3.9271,0
2016-11-03,19.775,19.775,19.775,19.775,1.25,6.7476,0
2016-11-04,19.325,19.325,19.325,19.325,-0.45,-2.2756,0
2016-11-07,16.025,16.025,16.025,16.025,-3.3,-17.0763,0
2016-11-08,15.975,15.975,15.975,15.975,-0.05,-0.312,0
2016-11-09,14.875,14.875,14.875,14.875,-1.1,-6.8858,0
2016-11-10,15.325,15.325,15.325,15.325,0.45,3.0252,0
2016-11-11,14.925,14.925,14.925,14.925,-0.4,-2.6101,0
2016-11-14,14.475,14.475,14.475,14.475,-0.45,-3.0151,0
2016-11-15,13.2,13.2,13.2,13.2,-1.275,-8.8083,0
2016-11-16,13.85,13.85,13.85,13.85,0.65,4.9242,0
2016-11-17,15.025,15.025,15.025,15.025,1.175,8.4838,0
2016-11-18,14.975,14.975,14.975,14.975,-0.05,-0.3328,0
2016-11-21,14.475,14.475,14.475,14.475,-0.5,-3.3389,0
2016-11-22,14.425,14.425,14.425,14.425,-0.05,-0.3454,0
2016-11-23,14.425,14.425,14.425,14.425,0.0,0.0,0
2016-11-25,14.325,14.325,14.325,14.325,-0.1,-0.6932,0
2016-11-28,14.425,14.425,14.425,14.425,0.1,0.6981,0
2016-11-29,14.275,14.275,14.275,14.275,-0.15,-1.0399,0
2016-11-30,14.525,14.525,14.525,14.525,0.25,1.7513,0
2016-12-01,15.025,15.025,15.025,15.025,0.5,3.4423,0
2016-12-02,15.075,15.075,15.075,15.075,0.05,0.3328,0
2016-12-05,13.525,13.525,13.525,13.525,-1.55,-10.2819,0
2016-12-06,13.125,13.125,13.125,13.125,-0.4,-2.9575,0
2016-12-07,13.325,13.325,13.325,13.325,0.2,1.5238,0
2016-12-08,13.425,13.425,13.425,13.425,0.1,0.7505,0
2016-12-09,13.025,13.025,13.025,13.025,-0.4,-2.9795,0
2016-12-12,13.425,13.425,13.425,13.425,0.4,3.071,0
2016-12-13,13.275,13.275,13.275,13.275,-0.15,-1.1173,0
2016-12-14,13.425,13.425,13.425,13.425,0.15,1.1299,0
2016-12-15,13.025,13.025,13.025,13.025,-0.4,-2.9795,0
2016-12-16,12.725,12.725,12.725,12.725,-0.3,-2.3033,0
2016-12-19,12.125,12.125,12.125,12.125,-0.6,-4.7151,0
2016-12-20,11.575,11.575,11.575,11.575,-0.55,-4.5361,0
2016-12-21,11.45,11.45,11.45,11.45,-0.125,-1.0799,0
2016-12-22,14.275,14.275,14.275,14.275,2.825,24.6725,0
2016-12-23,14.275,14.275,14.275,14.275,0.0,0.0,0
2016-12-27,13.975,13.975,13.975,13.975,-0.3,-2.1016,0
2016-12-28,14.625,14.625,14.625,14.625,0.65,4.6512,0
2016-12-29,14.825,14.825,14.825,14.825,0.2,1.3675,0
2016-12-30,15.125,15.125,15.125,15.125,0.3,2.0236,0
2017-01-03,13.775,13.775,13.775,13.775,-1.35,-8.9256,0
2017-01-04,13.175,13.175,13.175,13.175,-0.6,-4.3557,0
2017-01-05,13.025,13.025,13.025,13.025,-0.15,-1.1385,0
2017-01-06,12.875,12.875,12.875,12.875,-0.15,-1.1516,0
2017-01-09,12.925,12.925,12.925,12.925,0.05,0.3883,0
2017-01-10,12.875,12.875,12.875,12.875,-0.05,-0.3868,0
2017-01-11,12.525,12.525,12.525,12.525,-0.35,-2.7184,0
2017-01-12,12.475,12.475,12.475,12.475,-0.05,-0.3992,0
2017-01-13,12.175,12.175,12.175,12.175,-0.3,-2.4048,0
2017-01-17,12.175,12.175,12.175,12.175,0.0,0.0,0
2017-01-18,11.86,11.86,11.86,11.86,-0.315,-2.5873,0
2017-01-19,14.225,14.225,14.225,14.225,2.365,19.941,0
2017-01-20,13.825,13.825,13.825,13.825,-0.4,-2.812,0
2017-01-23,13.575,13.575,13.575,13.575,-0.25,-1.8083,0
2017-01-24,13.025,13.025,13.025,13.025,-0.55,-4.0516,0
2017-01-25,12.725,12.725,12.725,12.725,-0.3,-2.3033,0
2017-01-26,12.675,12.675,12.675,12.675,-0.05,-0.3929,0
2017-01-27,12.525,12.525,12.525,12.525,-0.15,-1.1834,0
2017-01-30,12.875,12.875,12.875,12.875,0.35,2.7944,0
2017-01-31,12.925,12.925,12.925,12.925,0.05,0.3883,0
2017-02-01,12.675,12.675,12.675,12.675,-0.25,-1.9342,0
2017-02-02,12.925,12.925,12.925,12.925,0.25,1.9724,0
2017-02-03,12.475,12.475,12.475,12.475,-0.45,-3.4816,0
2017-02-06,12.475,12.475,12.475,12.475,0.0,0.0,0
2017-02-07,12.575,12.575,12.575,12.575,0.1,0.8016,0
2017-02-08,12.575,12.575,12.575,12.575,0.0,0.0,0
2017-02-09,12.025,12.025,12.025,12.025,-0.55,-4.3738,0
2017-02-10,11.725,11.725,11.725,11.725,-0.3,-2.4948,0
2017-02-13,11.425,11.425,11.425,11.425,-0.3,-2.5586,0
2017-02-14,11.175,11.175,11.175,11.175,-0.25,-2.1882,0
2017-02-15,11.5,11.5,11.5,11.5,0.325,2.9083,0
2017-02-16,12.975,12.975,12.975,12.975,1.475,12.8261,0
2017-02-17,13.125,13.125,13.125,13.125,0.15,1.1561,0
2017-02-21,13.175,13.175,13.175,13.175,0.05,0.381,0
2017-02-22,13.225,13.225,13.225,13.225,0.05,0.3795,0
2017-02-23,13.525,13.525,13.525,13.525,0.3,2.2684,0
2017-02-24,13.325,13.325,13.325,13.325,-0.2,-1.4787,0
2017-02-27,13.275,13.275,13.275,13.275,-0.05,-0.3752,0
2017-02-28,13.525,13.525,13.525,13.525,0.25,1.8832,0
2017-03-01,13.275,13.275,13.275,13.275,-0.25,-1.8484,0
2017-03-02,13.275,13.275,13.275,13.275,0.0,0.0,0
2017-03-03,12.825,12.825,12.825,12.825,-0.45,-3.3898,0
2017-03-06,12.675,12.675,12.675,12.675,-0.15,-1.1696,0
2017-03-07,12.625,12.625,12.625,12.625,-0.05,-0.3945,0
2017-03-08,12.675,12.675,12.675,12.675,0.05,0.396,0
2017-03-09,12.775,12.775,12.775,12.775,0.1,0.789,0
2017-03-10,12.525,12.525,12.525,12.525,-0.25,-1.9569,0
2017-03-13,12.125,12.125,12.125,12.125,-0.4,-3.1936,0
2017-03-14,12.625,12.625,12.625,12.625,0.5,4.1237,0
2017-03-15,12.275,12.275,12.275,12.275,-0.35,-2.7723,0
2017-03-16,11.925,11.925,11.925,11.925,-0.35,-2.8513,0
2017-03-17,11.775,11.775,11.775,11.775,-0.15,-1.2579,0
2017-03-20,11.625,11.625,11.625,11.625,-0.15,-1.2739,0
2017-03-21,12.175,12.175,12.175,12.175,0.55,4.7312,0
2017-03-22,12.15,12.15,12.15,12.15,-0.025,-0.2053,0
2017-03-23,14.275,14.275,14.275,14.275,2.125,17.4897,0
2017-03-24,13.925,13.925,13.925,13.925,-0.35,-2.4518,0
2017-03-27,13.575,13.575,13.575,13.575,-0.35,-2.5135,0
2017-03-28,12.925,12.925,12.925,12.925,-0.65,-4.7882,0
2017-03-29,12.925,12.925,12.925,12.925,0.0,0.0,0
2017-03-30,12.825,12.825,12.825,12.825,-0.1,-0.7737,0
2017-03-31,13.275,13.275,13.275,13.275,0.45,3.5088,0
2017-04-03,13.475,13.475,13.475,13.475,0.2,1.5066,0
2017-04-04,13.225,13.225,13.225,13.225,-0.25,-1.8553,0
2017-04-05,13.875,13.875,13.875,13.875,0.65,4.9149,0
2017-04-06,13.575,13.575,13.575,13.575,-0.3,-2.1622,0
2017-04-07,14.025,14.025,14.025,14.025,0.45,3.3149,0
2017-04-10,15.025,15.025,15.025,15.025,1.0,7.1301,0
2017-04-11,15.975,15.975,15.975,15.975,0.95,6.3228,0
2017-04-12,16.275,16.275,16.275,16.275,0.3,1.8779,0
2017-04-13,16.325,16.325,16.325,16.325,0.05,0.3072,0
2017-04-17,15.075,15.075,15.075,15.075,-1.25,-7.657,0
2017-04-18,14.725,14.725,14.725,14.725,-0.35,-2.3217,0
2017-04-19,14.3,14.3,14.3,14.3,-0.425,-2.8862,0
2017-04-20,14.325,14.325,14.325,14.325,0.025,0.1748,0
2017-04-21,14.325,14.325,14.325,14.325,0.0,0.0,0
2017-04-24,12.675,12.675,12.675,12.675,-1.65,-11.5183,0
2017-04-25,12.475,12.475,12.475,12.475,-0.2,-1.5779,0
2017-04-26,12.375,12.375,12.375,12.375,-0.1,-0.8016,0
2017-04-27,12.375,12.375,12.375,12.375,0.0,0.0,0
2017-04-28,12.275,12.275,12.275,12.275,-0.1,-0.8081,0
2017-05-01,11.825,11.825,11.825,11.825,-0.45,-3.666,0
2017-05-02,11.825,11.825,11.825,11.825,0.0,0.0,0
2017-05-03,12.075,12.075,12.075,12.075,0.25,2.1142,0
2017-05-04,11.725,11.725,11.725,11.725,-0.35,-2.8986,0
2017-05-05,11.775,11.775,11.775,11.775,0.05,0.4264,0
2017-05-08,11.425,11.425,11.425,11.425,-0.35,-2.9724,0
2017-05-09,11.425,11.425,11.425,11.425,0.0,0.0,0
2017-05-10,11.525,11.525,11.525,11.525,0.1,0.8753,0
2017-05-11,11.425,11.425,11.425,11.425,-0.1,-0.8677,0
2017-05-12,11.225,11.225,11.225,11.225,-0.2,-1.7505,0
2017-05-15,10.825,10.825,10.825,10.825,-0.4,-3.5635,0
2017-05-16,11.075,11.075,11.075,11.075,0.25,2.3095,0
2017-05-17,12.2,12.2,12.2,12.2,1.125,10.158,0
2017-05-18,14.275,14.275,14.275,14.275,2.075,17.0082,0
2017-05-19,12.725,12.725,12.725,12.725,-1.55,-10.8581,0
2017-05-22,12.225,12.225,12.225,12.225,-0.5,-3.9293,0
2017-05-23,12.325,12.325,12.325,12.325,0.1,0.818,0
2017-05-24,11.975,11.975,11.975,11.975,-0.35,-2.8398,0
2017-05-25,12.025,12.025,12.025,12.025,0.05,0.4175,0
2017-05-26,11.925,11.925,11.925,11.925,-0.1,-0.8316,0
2017-05-30,11.825,11.825,11.825,11.825,-0.1,-0.8386,0
2017-05-31,11.825,11.825,11.825,11.825,0.0,0.0,0
2017-06-01,11.625,11.625,11.625,11.625,-0.2,-1.6913,0
2017-06-02,11.625,11.625,11.625,11.625,0.0,0.0,0
2017-06-05,11.775,11.775,11.775,11.775,0.15,1.2903,0
2017-06-06,11.975,11.975,11.975,11.975,0.2,1.6985,0
2017-06-07,11.875,11.875,11.875,11.875,-0.1,-0.8351,0
2017-06-08,11.625,11.625,11.625,11.625,-0.25,-2.1053,0
2017-06-09,11.725,11.725,11.725,11.725,0.1,0.8602,0
2017-06-12,11.875,11.875,11.875,11.875,0.15,1.2793,0
2017-06-13,11.425,11.425,11.425,11.425,-0.45,-3.7895,0
2017-06-14,11.475,11.475,11.475,11.475,0.05,0.4376,0
2017-06-15,11.525,11.525,11.525,11.525,0.05,0.4357,0
2017-06-16,11.325,11.325,11.325,11.325,-0.2,-1.7354,0
2017-06-19,10.875,10.875,10.875,10.875,-0.45,-3.9735,0
2017-06-20,11.125,11.125,11.125,11.125,0.25,2.2989,0
2017-06-21,11.15,11.15,11.15,11.15,0.025,0.2247,0
2017-06-22,11.975,11.975,11.975,11.975,0.825,7.3991,0
2017-06-23,11.875,11.875,11.875,11.875,-0.1,-0.8351,0
2017-06-26,11.625,11.625,11.625,11.625,-0.25,-2.1053,0
2017-06-27,12.025,12.025,12.025,12.025,0.4,3.4409,0
2017-06-28,11.675,11.675,11.675,11.675,-0.35,-2.9106,0
2017-06-29,12.025,12.025,12.025,12.025,0.35,2.9979,0
2017-06-30,12.325,12.325,12.325,12.325,0.3,2.4948,0
2017-07-03,12.575,12.575,12.575,12.575,0.25,2.0284,0
2017-07-05,12.325,12.325,12.325,12.325,-0.25,-1.9881,0
2017-07-06,13.025,13.025,13.025,13.025,0.7,5.6795,0
2017-07-07,12.575,12.575,12.575,12.575,-0.45,-3.4549,0
2017-07-10,12.225,12.225,12.225,12.225,-0.35,-2.7833,0
2017-07-11,12.125,12.125,12.125,12.125,-0.1,-0.818,0
2017-07-12,11.525,11.525,11.525,11.525,-0.6,-4.9485,0
2017-07-13,11.075,11.075,11.075,11.075,-0.45,-3.9046,0
2017-07-14,10.575,10.575,10.575,10.575,-0.5,-4.5147,0
2017-07-17,10.275,10.275,10.275,10.275,-0.3,-2.8369,0
2017-07-18,10.125,10.125,10.125,10.125,-0.15,-1.4599,0
2017-07-19,9.85,9.85,9.85,9.85,-0.275,-2.716,0
2017-07-20,11.475,11.475,11.475,11.475,1.625,16.4975,0
2017-07-21,11.375,11.375,11.375,11.375,-0.1,-0.8715,0
2017-07-24,11.325,11.325,11.325,11.325,-0.05,-0.4396,0
2017-07-25,11.175,11.175,11.175,11.175,-0.15,-1.3245,0
2017-07-26,11.275,11.275,11.275,11.275,0.1,0.8949,0
2017-07-27,11.425,11.425,11.425,11.425,0.15,1.3304,0
2017-07-28,11.375,11.375,11.375,11.375,-0.05,-0.4376,0
2017-07-31,11.275,11.275,11.275,11.275,-0.1,-0.8791,0
2017-08-01,11.225,11.225,11.225,11.225,-0.05,-0.4435,0
2017-08-02,11.275,11.275,11.275,11.275,0.05,0.4454,0
2017-08-03,11.325,11.325,11.325,11.325,0.05,0.4435,0
2017-08-04,11.275,11.275,11.275,11.275,-0.05,-0.4415,0
2017-08-07,11.125,11.125,11.125,11.125,-0.15,-1.3304,0
2017-08-08,11.525,11.525,11.525,11.525,0.4,3.5955,0
2017-08-09,11.725,11.725,11.725,11.725,0.2,1.7354,0
2017-08-10,15.525,15.525,15.525,15.525,3.8,32.4094,0
2017-08-11,15.425,15.425,15.425,15.425,-0.1,-0.6441,0
2017-08-14,12.45,12.45,12.45,12.45,-2.975,-19.2869,0
2017-08-15,12.325,12.325,12.325,12.325,-0.125,-1.004,0
2017-08-16,12.16,12.16,12.16,12.16,-0.165,-1.3387,0
2017-08-17,14.925,14.925,14.925,14.925,2.765,22.7385,0
2017-08-18,14.975,14.975,14.975,14.975,0.05,0.335,0
2017-08-21,14.125,14.125,14.125,14.125,-0.85,-5.6761,0
2017-08-22,12.975,12.975,12.975,12.975,-1.15,-8.1416,0
2017-08-23,13.625,13.625,13.625,13.625,0.65,5.0096,0
2017-08-24,13.425,13.425,13.425,13.425,-0.2,-1.4679,0
2017-08-25,13.075,13.075,13.075,13.075,-0.35,-2.6071,0
2017-08-28,13.025,13.025,13.025,13.025,-0.05,-0.3824,0
2017-08-29,13.175,13.175,13.175,13.175,0.15,1.1516,0
2017-08-30,13.175,13.175,13.175,13.175,0.0,0.0,0
2017-08-31,12.625,12.625,12.625,12.625,-0.55,-4.1746,0
2017-09-01,12.625,12.625,12.625,12.625,0.0,0.0,0
2017-09-05,13.175,13.175,13.175,13.175,0.55,4.3564,0
2017-09-06,13.175,13.175,13.175,13.175,0.0,0.0,0
2017-09-07,12.825,12.825,12.825,12.825,-0.35,-2.6565,0
2017-09-08,13.275,13.275,13.275,13.275,0.45,3.5088,0
2017-09-11,12.075,12.075,12.075,12.075,-1.2,-9.0395,0
2017-09-12,11.875,11.875,11.875,11.875,-0.2,-1.6563,0
2017-09-13,11.525,11.525,11.525,11.525,-0.35,-2.9474,0
2017-09-14,11.475,11.475,11.475,11.475,-0.05,-0.4338,0
2017-09-15,11.125,11.125,11.125,11.125,-0.35,-3.0501,0
2017-09-18,10.675,10.675,10.675,10.675,-0.45,-4.0449,0
2017-09-19,10.825,10.825,10.825,10.825,0.15,1.4052,0
2017-09-20,10.45,10.45,10.45,10.45,-0.375,-3.4642,0
2017-09-21,12.325,12.325,12.325,12.325,1.875,17.9426,0
2017-09-22,12.425,12.425,12.425,12.425,0.1,0.8114,0
2017-09-25,12.375,12.375,12.375,12.375,-0.05,-0.4024,0
2017-09-26,12.275,12.275,12.275,12.275,-0.1,-0.8081,0
2017-09-27,12.175,12.175,12.175,12.175,-0.1,-0.8147,0
2017-09-28,11.925,11.925,11.925,11.925,-0.25,-2.0534,0
2017-09-29,11.675,11.675,11.675,11.675,-0.25,-2.0964,0
2017-10-02,11.375,11.375,11.375,11.375,-0.3,-2.5696,0
2017-10-03,11.375,11.375,11.375,11.375,0.0,0.0,0
2017-10-04,11.325,11.325,11.325,11.325,-0.05,-0.4396,0
2017-10-05,10.825,10.825,10.825,10.825,-0.5,-4.415,0
2017-10-06,10.825,10.825,10.825,10.825,0.0,0.0,0
2017-10-09,11.125,11.125,11.125,11.125,0.3,2.7714,0
2017-10-10,10.925,10.925,10.925,10.925,-0.2,-1.7978,0
2017-10-11,10.775,10.775,10.775,10.775,-0.15,-1.373,0
2017-10-12,10.575,10.575,10.575,10.575,-0.2,-1.8561,0
2017-10-13,10.275,10.275,10.275,10.275,-0.3,-2.8369,0
2017-10-16,10.275,10.275,10.275,10.275,0.0,0.0,0
2017-10-17,10.375,10.375,10.375,10.375,0.1,0.9732,0
2017-10-18,10.3,10.3,10.3,10.3,-0.075,-0.7229,0
2017-10-19,11.475,11.475,11.475,11.475,1.175,11.4078,0
2017-10-20,11.325,11.325,11.325,11.325,-0.15,-1.3072,0
2017-10-23,11.775,11.775,11.775,11.775,0.45,3.9735,0
2017-10-24,11.925,11.925,11.925,11.925,0.15,1.2739,0
2017-10-25,12.025,12.025,12.025,12.025,0.1,0.8386,0
2017-10-26,12.075,12.075,12.075,12.075,0.05,0.4158,0
2017-10-27,11.425,11.425,11.425,11.425,-0.65,-5.383,0
2017-10-30,11.575,11.575,11.575,11.575,0.15,1.3129,0
2017-10-31,11.275,11.275,11.275,11.275,-0.3,-2.5918,0
2017-11-01,11.375,11.375,11.375,11.375,0.1,0.8869,0
2017-11-02,11.125,11.125,11.125,11.125,-0.25,-2.1978,0
2017-11-03,10.975,10.975,10.975,10.975,-0.15,-1.3483,0
2017-11-06,10.725,10.725,10.725,10.725,-0.25,-2.2779,0
2017-11-07,10.875,10.875,10.875,10.875,0.15,1.3986,0
2017-11-08,10.875,10.875,10.875,10.875,0.0,0.0,0
2017-11-09,11.125,11.125,11.125,11.125,0.25,2.2989,0
2017-11-10,11.6,11.6,11.6,11.6,0.475,4.2697,0
2017-11-13,11.625,11.625,11.625,11.625,0.025,0.2155,0
2017-11-14,12.05,12.05,12.05,12.05,0.425,3.6559,0
2017-11-15,13.05,13.05,13.05,13.05,1.0,8.2988,0
2017-11-16,12.675,12.675,12.675,12.675,-0.375,-2.8736,0
2017-11-17,12.625,12.625,12.625,12.625,-0.05,-0.3945,0
2017-11-20,12.075,12.075,12.075,12.075,-0.55,-4.3564,0
2017-11-21,11.625,11.625,11.625,11.625,-0.45,-3.7267,0
2017-11-22,11.475,11.475,11.475,11.475,-0.15,-1.2903,0
2017-11-24,11.425,11.425,11.425,11.425,-0.05,-0.4357,0
2017-11-27,11.325,11.325,11.325,11.325,-0.1,-0.8753,0
2017-11-28,11.275,11.275,11.275,11.275,-0.05,-0.4415,0
2017-11-29,11.475,11.475,11.475,11.475,0.2,1.7738,0
2017-11-30,11.675,11.675,11.675,11.675,0.2,1.7429,0
2017-12-01,11.875,11.875,11.875,11.875,0.2,1.7131,0
2017-12-04,11.925,11.925,11.925,11.925,0.05,0.4211,0
2017-12-05,11.875,11.875,11.875,11.875,-0.05,-0.4193,0
2017-12-06,11.725,11.725,11.725,11.725,-0.15,-1.2632,0
2017-12-07,11.175,11.175,11.175,11.175,-0.55,-4.6908,0
2017-12-08,10.875,10.875,10.875,10.875,-0.3,-2.6846,0
2017-12-11,10.325,10.325,10.325,10.325,-0.55,-5.0575,0
2017-12-12,10.375,10.375,10.375,10.375,0.05,0.4843,0
2017-12-13,10.525,10.525,10.525,10.525,0.15,1.4458,0
2017-12-14,10.375,10.375,10.375,10.375,-0.15,-1.4252,0
2017-12-15,9.925,9.925,9.925,9.925,-0.45,-4.3373,0
2017-12-18,9.875,9.875,9.875,9.875,-0.05,-0.5038,0
2017-12-19,10.075,10.075,10.075,10.075,0.2,2.0253,0
2017-12-20,9.6,9.6,9.6,9.6,-0.475,-4.7146,0
2017-12-21,11.225,11.225,11.225,11.225,1.625,16.9271,0
2017-12-22,11.425,11.425,11.425,11.425,0.2,1.7817,0
2017-12-26,11.325,11.325,11.325,11.325,-0.1,-0.8753,0
2017-12-27,11.325,11.325,11.325,11.325,0.0,0.0,0
2017-12-28,11.225,11.225,11.225,11.225,-0.1,-0.883,0
2017-12-29,11.475,11.475,11.475,11.475,0.25,2.2272,0
2018-01-02,10.875,10.875,10.875,10.875,-0.6,-5.2288,0
2018-01-03,10.675,10.675,10.675,10.675,-0.2,-1.8391,0
2018-01-04,10.575,10.575,10.575,10.575,-0.1,-0.9368,0
2018-01-05,10.475,10.475,10.475,10.475,-0.1,-0.9456,0
2018-01-08,10.475,10.475,10.475,10.475,0.0,0.0,0
2018-01-09,10.675,10.675,10.675,10.675,0.2,1.9093,0
2018-01-10,10.575,10.575,10.575,10.575,-0.1,-0.9368,0
2018-01-11,10.475,10.475,10.475,10.475,-0.1,-0.9456,0
2018-01-12,10.575,10.575,10.575,10.575,0.1,0.9547,0
2018-01-16,11.775,11.775,11.775,11.775,1.2,11.3475,0
2018-01-17,11.95,11.95,11.95,11.95,0.175,1.4862,0
2018-01-18,12.075,12.075,12.075,12.075,0.125,1.046,0
2018-01-19,11.925,11.925,11.925,11.925,-0.15,-1.2422,0
2018-01-22,11.825,11.825,11.825,11.825,-0.1,-0.8386,0
2018-01-23,11.975,11.975,11.975,11.975,0.15,1.2685,0
2018-01-24,12.225,12.225,12.225,12.225,0.25,2.0877,0
2018-01-25,12.425,12.425,12.425,12.425,0.2,1.636,0
2018-01-26,12.325,12.325,12.325,12.325,-0.1,-0.8048,0
2018-01-29,13.525,13.525,13.525,13.525,1.2,9.7363,0
2018-01-30,13.975,13.975,13.975,13.975,0.45,3.3272,0
2018-01-31,13.475,13.475,13.475,13.475,-0.5,-3.5778,0
2018-02-01,13.275,13.275,13.275,13.275,-0.2,-1.4842,0
2018-02-02,15.625,15.625,15.625,15.625,2.35,17.7024,0
2018-02-05,33.225,33.225,33.225,33.225,17.6,112.64,0
2018-02-06,23.875,23.875,23.875,23.875,-9.35,-28.1415,0
2018-02-07,23.425,23.425,23.425,23.425,-0.45,-1.8848,0
2018-02-08,28.1,28.1,28.1,28.1,4.675,19.9573,0
2018-02-09,27.175,27.175,27.175,27.175,-0.925,-3.2918,0
2018-02-12,25.825,25.825,25.825,25.825,-1.35,-4.9678,0
2018-02-13,25.225,25.225,25.225,25.225,-0.6,-2.3233,0
2018-02-14,21.87,21.87,21.87,21.87,-3.355,-13.3003,0
2018-02-15,17.525,17.525,17.525,17.525,-4.345,-19.8674,0
2018-02-16,17.775,17.775,17.775,17.775,0.25,1.4265,0
2018-02-20,18.375,18.375,18.375,18.375,0.6,3.3755,0
2018-02-21,18.575,18.575,18.575,18.575,0.2,1.0884,0
2018-02-22,18.075,18.075,18.075,18.075,-0.5,-2.6918,0
2018-02-23,16.775,16.775,16.775,16.775,-1.3,-7.1923,0
2018-02-26,16.175,16.175,16.175,16.175,-0.6,-3.5768,0
2018-02-27,17.525,17.525,17.525,17.525,1.35,8.3462,0
2018-02-28,18.575,18.575,18.575,18.575,1.05,5.9914,0
2018-03-01,19.975,19.975,19.975,19.975,1.4,7.537,0
2018-03-02,19.025,19.025,19.025,19.025,-0.95,-4.7559,0
2018-03-05,18.275,18.275,18.275,18.275,-0.75,-3.9422,0
2018-03-06,18.325,18.325,18.325,18.325,0.05,0.2736,0
2018-03-07,17.875,17.875,17.875,17.875,-0.45,-2.4557,0
2018-03-08,17.225,17.225,17.225,17.225,-0.65,-3.6364,0
2018-03-09,15.775,15.775,15.775,15.775,-1.45,-8.418,0
2018-03-12,16.175,16.175,16.175,16.175,0.4,2.5357,0
2018-03-13,16.775,16.775,16.775,16.775,0.6,3.7094,0
2018-03-14,17.375,17.375,17.375,17.375,0.6,3.5768,0
2018-03-15,16.775,16.775,16.775,16.775,-0.6,-3.4532,0
2018-03-16,16.275,16.275,16.275,16.275,-0.5,-2.9806,0
2018-03-19,18.175,18.175,18.175,18.175,1.9,11.6743,0
2018-03-20,18.375,18.375,18.375,18.375,0.2,1.1004,0
2018-03-21,17.76,17.76,17.76,17.76,-0.615,-3.3469,0
2018-03-22,19.375,19.375,19.375,19.375,1.615,9.0935,0
2018-03-23,20.425,20.425,20.425,20.425,1.05,5.4194,0
2018-03-26,19.325,19.325,19.325,19.325,-1.1,-5.3856,0
2018-03-27,20.425,20.425,20.425,20.425,1.1,5.6921,0
2018-03-28,21.025,21.025,21.025,21.025,0.6,2.9376,0
2018-03-29,19.775,19.775,19.775,19.775,-1.25,-5.9453,0
2018-04-02,21.425,21.425,21.425,21.425,1.65,8.3439,0
2018-04-03,20.475,20.475,20.475,20.475,-0.95,-4.4341,0
2018-04-04,19.975,19.975,19.975,19.975,-0.5,-2.442,0
2018-04-05,19.075,19.075,19.075,19.075,-0.9,-4.5056,0
2018-04-06,20.625,20.625,20.625,20.625,1.55,8.1258,0
2018-04-09,20.825,20.825,20.825,20.825,0.2,0.9697,0
2018-04-10,20.175,20.175,20.175,20.175,-0.65,-3.1212,0
2018-04-11,20.075,20.075,20.075,20.075,-0.1,-0.4957,0
2018-04-12,18.825,18.825,18.825,18.825,-1.25,-6.2267,0
2018-04-13,17.925,17.925,17.925,17.925,-0.9,-4.7809,0
2018-04-16,16.825,16.825,16.825,16.825,-1.1,-6.1367,0
2018-04-17,15.325,15.325,15.325,15.325,-1.5,-8.9153,0
2018-04-18,17.26,17.26,17.26,17.26,1.935,12.6264,0
2018-04-19,16.575,16.575,16.575,16.575,-0.685,-3.9687,0
2018-04-20,17.025,17.025,17.025,17.025,0.45,2.7149,0
2018-04-23,16.825,16.825,16.825,16.825,-0.2,-1.1747,0
2018-04-24,17.675,17.675,17.675,17.675,0.85,5.052,0
2018-04-25,17.725,17.725,17.725,17.725,0.05,0.2829,0
2018-04-26,16.875,16.875,16.875,16.875,-0.85,-4.7955,0
2018-04-27,16.425,16.425,16.425,16.425,-0.45,-2.6667,0
2018-04-30,16.625,16.625,16.625,16.625,0.2,1.2177,0
2018-05-01,16.275,16.275,16.275,16.275,-0.35,-2.1053,0
2018-05-02,16.625,16.625,16.625,16.625,0.35,2.1505,0
2018-05-03,16.525,16.525,16.525,16.525,-0.1,-0.6015,0
2018-05-04,15.875,15.875,15.875,15.875,-0.65,-3.9334,0
2018-05-07,15.725,15.725,15.725,15.725,-0.15,-0.9449,0
2018-05-08,15.775,15.775,15.775,15.775,0.05,0.318,0
2018-05-09,14.825,14.825,14.825,14.825,-0.95,-6.0222,0
2018-05-10,14.175,14.175,14.175,14.175,-0.65,-4.3845,0
2018-05-11,13.675,13.675,13.675,13.675,-0.5,-3.5273,0
2018-05-14,13.375,13.375,13.375,13.375,-0.3,-2.1938,0
2018-05-15,14.875,14.875,14.875,14.875,1.5,11.215,0
2018-05-16,13.79,13.79,13.79,13.79,-1.085,-7.2941,0
2018-05-17,14.375,14.375,14.375,14.375,0.585,4.2422,0
2018-05-18,14.525,14.525,14.525,14.525,0.15,1.0435,0
2018-05-21,14.075,14.075,14.075,14.075,-0.45,-3.0981,0
2018-05-22,14.225,14.225,14.225,14.225,0.15,1.0657,0
2018-05-23,13.875,13.875,13.875,13.875,-0.35,-2.4605,0
2018-05-24,13.825,13.825,13.825,13.825,-0.05,-0.3604,0
2018-05-25,14.125,14.125,14.125,14.125,0.3,2.17,0
2018-05-29,15.925,15.925,15.925,15.925,1.8,12.7434,0
2018-05-30,15.175,15.175,15.175,15.175,-0.75,-4.7096,0
2018-05-31,15.425,15.425,15.425,15.425,0.25,1.6474,0
2018-06-01,14.425,14.425,14.425,14.425,-1.0,-6.483,0
2018-06-04,13.925,13.925,13.925,13.925,-0.5,-3.4662,0
2018-06-05,13.625,13.625,13.625,13.625,-0.3,-2.1544,0
2018-06-06,13.075,13.075,13.075,13.075,-0.55,-4.0367,0
2018-06-07,13.175,13.175,13.175,13.175,0.1,0.7648,0
2018-06-08,13.325,13.325,13.325,13.325,0.15,1.1385,0
2018-06-11,12.875,12.875,12.875,12.875,-0.45,-3.3771,0
2018-06-12,12.775,12.775,12.775,12.775,-0.1,-0.7767,0
2018-06-13,13.225,13.225,13.225,13.225,0.45,3.5225,0
2018-06-14,12.675,12.675,12.675,12.675,-0.55,-4.1588,0
2018-06-15,12.575,12.575,12.575,12.575,-0.1,-0.789,0
2018-06-18,12.675,12.675,12.675,12.675,0.1,0.7952,0
2018-06-19,13.575,13.575,13.575,13.575,0.9,7.1006,0
2018-06-20,12.27,12.27,12.27,12.27,-1.305,-9.6133,0
2018-06-21,14.875,14.875,14.875,14.875,2.605,21.2306,0
2018-06-22,14.425,14.425,14.425,14.425,-0.45,-3.0252,0
2018-06-25,16.325,16.325,16.325,16.325,1.9,13.1716,0
2018-06-26,15.875,15.875,15.875,15.875,-0.45,-2.7565,0
2018-06-27,16.925,16.925,16.925,16.925,1.05,6.6142,0
2018-06-28,16.525,16.525,16.525,16.525,-0.4,-2.3634,0
2018-06-29,16.025,16.025,16.025,16.025,-0.5,-3.0257,0
2018-07-02,16.025,16.025,16.025,16.025,0.0,0.0,0
2018-07-03,16.375,16.375,16.375,16.375,0.35,2.1841,0
2018-07-05,15.475,15.475,15.475,15.475,-0.9,-5.4962,0
2018-07-06,14.575,14.575,14.575,14.575,-0.9,-5.8158,0
2018-07-09,13.775,13.775,13.775,13.775,-0.8,-5.4889,0
2018-07-10,13.425,13.425,13.425,13.425,-0.35,-2.5408,0
2018-07-11,14.175,14.175,14.175,14.175,0.75,5.5866,0
2018-07-12,13.325,13.325,13.325,13.325,-0.85,-5.9965,0
2018-07-13,12.975,12.975,12.975,12.975,-0.35,-2.6266,0
2018-07-16,12.975,12.975,12.975,12.975,0.0,0.0,0
2018-07-17,12.125,12.125,12.125,12.125,-0.85,-6.5511,0
2018-07-18,12.38,12.38,12.38,12.38,0.255,2.1031,0
2018-07-19,14.175,14.175,14.175,14.175,1.795,14.4992,0
2018-07-20,14.275,14.275,14.275,14.275,0.1,0.7055,0
2018-07-23,14.075,14.075,14.075,14.075,-0.2,-1.4011,0
2018-07-24,14.075,14.075,14.075,14.075,0.0,0.0,0
2018-07-25,13.825,13.825,13.825,13.825,-0.25,-1.7762,0
2018-07-26,13.85,13.85,13.85,13.85,0.025,0.1808,0
2018-07-27,14.325,14.325,14.325,14.325,0.475,3.4296,0
2018-07-30,14.875,14.875,14.875,14.875,0.55,3.8394,0
2018-07-31,14.075,14.075,14.075,14.075,-0.8,-5.3782,0
2018-08-01,14.275,14.275,14.275,14.275,0.2,1.421,0
2018-08-02,13.925,13.925,13.925,13.925,-0.35,-2.4518,0
2018-08-03,13.525,13.525,13.525,13.525,-0.4,-2.8725,0
2018-08-06,13.025,13.025,13.025,13.025,-0.5,-3.6969,0
2018-08-07,12.725,12.725,12.725,12.725,-0.3,-2.3033,0
2018-08-08,12.575,12.575,12.575,12.575,-0.15,-1.1788,0
2018-08-09,12.675,12.675,12.675,12.675,0.1,0.7952,0
2018-08-10,13.775,13.775,13.775,13.775,1.1,8.6785,0
2018-08-13,14.875,14.875,14.875,14.875,1.1,7.9855,0
2018-08-14,13.725,13.725,13.725,13.725,-1.15,-7.7311,0
2018-08-15,14.875,14.875,14.875,14.875,1.15,8.3789,0
2018-08-16,13.725,13.725,13.725,13.725,-1.15,-7.7311,0
2018-08-17,13.075,13.075,13.075,13.075,-0.65,-4.7359,0
2018-08-20,12.775,12.775,12.775,12.775,-0.3,-2.2945,0
2018-08-21,12.875,12.875,12.875,12.875,0.1,0.7828,0
2018-08-22,12.61,12.61,12.61,12.61,-0.265,-2.0583,0
2018-08-23,14.225,14.225,14.225,14.225,1.615,12.8073,0
2018-08-24,14.125,14.125,14.125,14.125,-0.1,-0.703,0
2018-08-27,14.125,14.125,14.125,14.125,0.0,0.0,0
2018-08-28,14.075,14.075,14.075,14.075,-0.05,-0.354,0
2018-08-29,13.925,13.925,13.925,13.925,-0.15,-1.0657,0
2018-08-30,14.525,14.525,14.525,14.525,0.6,4.3088,0
2018-08-31,14.025,14.025,14.025,14.025,-0.5,-3.4423,0
2018-09-04,14.225,14.225,14.225,14.225,0.2,1.426,0
2018-09-05,14.575,14.575,14.575,14.575,0.35,2.4605,0
2018-09-06,15.175,15.175,15.175,15.175,0.6,4.1166,0
2018-09-07,15.375,15.375,15.375,15.375,0.2,1.318,0
2018-09-10,14.775,14.775,14.775,14.775,-0.6,-3.9024,0
2018-09-11,14.225,14.225,14.225,14.225,-0.55,-3.7225,0
2018-09-12,14.025,14.025,14.025,14.025,-0.2,-1.406,0
2018-09-13,13.375,13.375,13.375,13.375,-0.65,-4.6346,0
2018-09-14,12.875,12.875,12.875,12.875,-0.5,-3.7383,0
2018-09-17,13.575,13.575,13.575,13.575,0.7,5.4369,0
2018-09-18,12.725,12.725,12.725,12.725,-0.85,-6.2615,0
2018-09-19,11.94,11.94,11.94,11.94,-0.785,-6.169,0
2018-09-20,14.025,14.025,14.025,14.025,2.085,17.4623,0
2018-09-21,14.125,14.125,14.125,14.125,0.1,0.713,0
2018-09-24,14.025,14.025,14.025,14.025,-0.1,-0.708,0
2018-09-25,14.075,14.075,14.075,14.075,0.05,0.3565,0
2018-09-26,14.425,14.425,14.425,14.425,0.35,2.4867,0
2018-09-27,14.125,14.125,14.125,14.125,-0.3,-2.0797,0
2018-09-28,13.975,13.975,13.975,13.975,-0.15,-1.0619,0
2018-10-01,13.925,13.925,13.925,13.925,-0.05,-0.3578,0
2018-10-02,13.975,13.975,13.975,13.975,0.05,0.3591,0
2018-10-03,13.775,13.775,13.775,13.775,-0.2,-1.4311,0
2018-10-04,14.875,14.875,14.875,14.875,1.1,7.9855,0
2018-10-05,15.225,15.225,15.225,15.225,0.35,2.3529,0
2018-10-08,15.675,15.675,15.675,15.675,0.45,2.9557,0
2018-10-09,15.975,15.975,15.975,15.975,0.3,1.9139,0
2018-10-10,20.125,20.125,20.125,20.125,4.15,25.9781,0
2018-10-11,21.175,21.175,21.175,21.175,1.05,5.2174,0
2018-10-12,19.925,19.925,19.925,19.925,-1.25,-5.9032,0
2018-10-15,20.125,20.125,20.125,20.125,0.2,1.0038,0
2018-10-16,17.675,17.675,17.675,17.675,-2.45,-12.1739,0
2018-10-17,17.23,17.23,17.23,17.23,-0.445,-2.5177,0
2018-10-18,18.425,18.425,18.425,18.425,1.195,6.9356,0
2018-10-19,18.425,18.425,18.425,18.425,0.0,0.0,0
2018-10-22,18.625,18.625,18.625,18.625,0.2,1.0855,0
2018-10-23,18.825,18.825,18.825,18.825,0.2,1.0738,0
2018-10-24,20.625,20.625,20.625,20.625,1.8,9.5618,0
2018-10-25,20.925,20.925,20.925,20.925,0.3,1.4545,0
2018-10-26,21.075,21.075,21.075,21.075,0.15,0.7168,0
2018-10-29,21.525,21.525,21.525,21.525,0.45,2.1352,0
2018-10-30,20.925,20.925,20.925,20.925,-0.6,-2.7875,0
2018-10-31,20.275,20.275,20.275,20.275,-0.65,-3.1063,0
2018-11-01,19.275,19.275,19.275,19.275,-1.0,-4.9322,0
2018-11-02,19.575,19.575,19.575,19.575,0.3,1.5564,0
2018-11-05,19.425,19.425,19.425,19.425,-0.15,-0.7663,0
2018-11-06,18.625,18.625,18.625,18.625,-0.8,-4.1184,0
2018-11-07,16.825,16.825,16.825,16.825,-1.8,-9.6644,0
2018-11-08,16.975,16.975,16.975,16.975,0.15,0.8915,0
2018-11-09,17.475,17.475,17.475,17.475,0.5,2.9455,0
2018-11-12,19.575,19.575,19.575,19.575,2.1,12.0172,0
2018-11-13,19.425,19.425,19.425,19.425,-0.15,-0.7663,0
2018-11-14,20.175,20.175,20.175,20.175,0.75,3.861,0
2018-11-15,19.375,19.375,19.375,19.375,-0.8,-3.9653,0
2018-11-16,18.275,18.275,18.275,18.275,-1.1,-5.6774,0
2018-11-19,19.925,19.925,19.925,19.925,1.65,9.0287,0
2018-11-20,22.175,22.175,22.175,22.175,2.25,11.2923,0
2018-11-21,22.07,22.07,22.07,22.07,-0.105,-0.4735,0
2018-11-23,20.475,20.475,20.475,20.475,-1.595,-7.227,0
2018-11-26,18.925,18.925,18.925,18.925,-1.55,-7.5702,0
2018-11-27,18.775,18.775,18.775,18.775,-0.15,-0.7926,0
2018-11-28,18.225,18.225,18.225,18.225,-0.55,-2.9294,0
2018-11-29,18.375,18.375,18.375,18.375,0.15,0.823,0
2018-11-30,17.675,17.675,17.675,17.675,-0.7,-3.8095,0
2018-12-03,16.775,16.775,16.775,16.775,-0.9,-5.0919,0
2018-12-04,19.425,19.425,19.425,19.425,2.65,15.7973,0
2018-12-05,19.025,19.025,19.025,19.025,-0.4,-2.0592,0
2018-12-06,19.925,19.925,19.925,19.925,0.9,4.7306,0
2018-12-07,21.425,21.425,21.425,21.425,1.5,7.5282,0
2018-12-10,21.325,21.325,21.325,21.325,-0.1,-0.4667,0
2018-12-11,21.275,21.275,21.275,21.275,-0.05,-0.2345,0
2018-12-12,21.075,21.075,21.075,21.075,-0.2,-0.9401,0
2018-12-13,20.725,20.725,20.725,20.725,-0.35,-1.6607,0
2018-12-14,21.725,21.725,21.725,21.725,1.0,4.8251,0
2018-12-17,23.475,23.475,23.475,23.475,1.75,8.0552,0
2018-12-18,24.675,24.675,24.675,24.675,1.2,5.1118,0
2018-12-19,26.2,26.2,26.2,26.2,1.525,6.1803,0
2018-12-20,22.725,22.725,22.725,22.725,-3.475,-13.2634,0
2018-12-21,24.3,24.3,24.3,24.3,1.575,6.9307,0
2018-12-24,25.9,25.9,25.9,25.9,1.6,6.5844,0
2018-12-26,24.675,24.675,24.675,24.675,-1.225,-4.7297,0
2018-12-27,25.025,25.025,25.025,25.025,0.35,1.4184,0
2018-12-28,25.325,25.325,25.325,25.325,0.3,1.1988,0
2018-12-31,24.175,24.175,24.175,24.175,-1.15,-4.541,0
2019-01-02,23.125,23.125,23.125,23.125,-1.05,-4.3433,0
2019-01-03,24.375,24.375,24.375,24.375,1.25,5.4054,0
2019-01-04,21.925,21.925,21.925,21.925,-2.45,-10.0513,0
2019-01-07,21.425,21.425,21.425,21.425,-0.5,-2.2805,0
2019-01-08,20.625,20.625,20.625,20.625,-0.8,-3.734,0
2019-01-09,20.125,20.125,20.125,20.125,-0.5,-2.4242,0
2019-01-10,19.875,19.875,19.875,19.875,-0.25,-1.2422,0
2019-01-11,19.025,19.025,19.025,19.025,-0.85,-4.2767,0
2019-01-14,19.225,19.225,19.225,19.225,0.2,1.0512,0
2019-01-15,18.825,18.825,18.825,18.825,-0.4,-2.0806,0
2019-01-16,18.87,18.87,18.87,18.87,0.045,0.239,0
2019-01-17,18.525,18.525,18.525,18.525,-0.345,-1.8283,0
2019-01-18,18.325,18.325,18.325,18.325,-0.2,-1.0796,0
2019-01-22,20.175,20.175,20.175,20.175,1.85,10.0955,0
2019-01-23,19.725,19.725,19.725,19.725,-0.45,-2.2305,0
2019-01-24,19.175,19.175,19.175,19.175,-0.55,-2.7883,0
2019-01-25,18.275,18.275,18.275,18.275,-0.9,-4.6936,0
2019-01-28,19.125,19.125,19.125,19.125,0.85,4.6512,0
2019-01-29,18.925,18.925,18.925,18.925,-0.2,-1.0458,0
2019-01-30,17.975,17.975,17.975,17.975,-0.95,-5.0198,0
2019-01-31,17.125,17.125,17.125,17.125,-0.85,-4.7288,0
2019-02-01,17.025,17.025,17.025,17.025,-0.1,-0.5839,0
2019-02-04,16.525,16.525,16.525,16.525,-0.5,-2.9369,0
2019-02-05,16.525,16.525,16.525,16.525,0.0,0.0,0
2019-02-06,16.375,16.375,16.375,16.375,-0.15,-0.9077,0
2019-02-07,17.175,17.175,17.175,17.175,0.8,4.8855,0
2019-02-08,16.625,16.625,16.625,16.625,-0.55,-3.2023,0
2019-02-11,16.225,16.225,16.225,16.225,-0.4,-2.406,0
2019-02-12,15.625,15.625,15.625,15.625,-0.6,-3.698,0
2019-02-13,15.6,15.6,15.6,15.6,-0.025,-0.16,0
2019-02-14,16.925,16.925,16.925,16.925,1.325,8.4936,0
2019-02-15,16.325,16.325,16.325,16.325,-0.6,-3.5451,0
2019-02-19,16.325,16.325,16.325,16.325,0.0,0.0,0
2019-02-20,15.575,15.575,15.575,15.575,-0.75,-4.5942,0
2019-02-21,15.875,15.875,15.875,15.875,0.3,1.9262,0
2019-02-22,15.175,15.175,15.175,15.175,-0.7,-4.4094,0
2019-02-25,15.575,15.575,15.575,15.575,0.4,2.6359,0
2019-02-26,15.725,15.725,15.725,15.725,0.15,0.9631,0
2019-02-27,15.675,15.675,15.675,15.675,-0.05,-0.318,0
2019-02-28,15.575,15.575,15.575,15.575,-0.1,-0.638,0
2019-03-01,14.825,14.825,14.825,14.825,-0.75,-4.8154,0
2019-03-04,15.275,15.275,15.275,15.275,0.45,3.0354,0
2019-03-05,15.475,15.475,15.475,15.475,0.2,1.3093,0
2019-03-06,16.075,16.075,16.075,16.075,0.6,3.8772,0
2019-03-07,16.725,16.725,16.725,16.725,0.65,4.0435,0
2019-03-08,16.675,16.675,16.675,16.675,-0.05,-0.299,0
2019-03-11,15.025,15.025,15.025,15.025,-1.65,-9.8951,0
2019-03-12,14.475,14.475,14.475,14.475,-0.55,-3.6606,0
2019-03-13,14.075,14.075,14.075,14.075,-0.4,-2.7634,0
2019-03-14,13.925,13.925,13.925,13.925,-0.15,-1.0657,0
2019-03-15,13.475,13.475,13.475,13.475,-0.45,-3.2316,0
2019-03-18,12.925,12.925,12.925,12.925,-0.55,-4.0816,0
2019-03-19,12.35,12.35,12.35,12.35,-0.575,-4.4487,0
2019-03-20,15.325,15.325,15.325,15.325,2.975,24.0891,0
2019-03-21,15.075,15.075,15.075,15.075,-0.25,-1.6313,0
2019-03-22,16.725,16.725,16.725,16.725,1.65,10.9453,0
2019-03-25,16.825,16.825,16.825,16.825,0.1,0.5979,0
2019-03-26,15.925,15.925,15.925,15.925,-0.9,-5.3492,0
2019-03-27,16.225,16.225,16.225,16.225,0.3,1.8838,0
2019-03-28,15.625,15.625,15.625,15.625,-0.6,-3.698,0
2019-03-29,15.225,15.225,15.225,15.225,-0.4,-2.56,0
2019-04-01,14.875,14.875,14.875,14.875,-0.35,-2.2989,0
2019-04-02,14.875,14.875,14.875,14.875,0.0,0.0,0
2019-04-03,14.875,14.875,14.875,14.875,0.0,0.0,0
2019-04-04,14.775,14.775,14.775,14.775,-0.1,-0.6723,0
2019-04-05,14.325,14.325,14.325,14.325,-0.45,-3.0457,0
2019-04-08,14.475,14.475,14.475,14.475,0.15,1.0471,0
2019-04-09,15.075,15.075,15.075,15.075,0.6,4.1451,0
2019-04-10,14.425,14.425,14.425,14.425,-0.65,-4.3118,0
2019-04-11,13.825,13.825,13.825,13.825,-0.6,-4.1594,0
2019-04-12,12.775,12.775,12.775,12.775,-1.05,-7.5949,0
2019-04-15,12.575,12.575,12.575,12.575,-0.2,-1.5656,0
2019-04-16,12.575,12.575,12.575,12.575,0.0,0.0,0
2019-04-17,11.71,11.71,11.71,11.71,-0.865,-6.8787,0
2019-04-18,14.425,14.425,14.425,14.425,2.715,23.1853,0
2019-04-22,14.175,14.175,14.175,14.175,-0.25,-1.7331,0
2019-04-23,14.125,14.125,14.125,14.125,-0.05,-0.3527,0
2019-04-24,14.575,14.575,14.575,14.575,0.45,3.1858,0
2019-04-25,14.825,14.825,14.825,14.825,0.25,1.7153,0
2019-04-26,14.325,14.325,14.325,14.325,-0.5,-3.3727,0
2019-04-29,14.525,14.525,14.525,14.525,0.2,1.3962,0
2019-04-30,14.425,14.425,14.425,14.425,-0.1,-0.6885,0
2019-05-01,15.225,15.225,15.225,15.225,0.8,5.5459,0
2019-05-02,15.175,15.175,15.175,15.175,-0.05,-0.3284,0
2019-05-03,14.275,14.275,14.275,14.275,-0.9,-5.9308,0
2019-05-06,15.525,15.525,15.525,15.525,1.25,8.7566,0
2019-05-07,17.875,17.875,17.875,17.875,2.35,15.1369,0
2019-05-08,18.175,18.175,18.175,18.175,0.3,1.6783,0
2019-05-09,17.975,17.975,17.975,17.975,-0.2,-1.1004,0
2019-05-10,16.125,16.125,16.125,16.125,-1.85,-10.2921,0
2019-05-13,19.525,19.525,19.525,19.525,3.4,21.0853,0
2019-05-14,18.125,18.125,18.125,18.125,-1.4,-7.1703,0
2019-05-15,16.925,16.925,16.925,16.925,-1.2,-6.6207,0
2019-05-16,15.725,15.725,15.725,15.725,-1.2,-7.0901,0
2019-05-17,15.875,15.875,15.875,15.875,0.15,0.9539,0
2019-05-20,16.125,16.125,16.125,16.125,0.25,1.5748,0
2019-05-21,15.025,15.025,15.025,15.025,-1.1,-6.8217,0
2019-05-22,15.01,15.01,15.01,15.01,-0.015,-0.0998,0
2019-05-23,17.325,17.325,17.325,17.325,2.315,15.4231,0
2019-05-24,16.725,16.725,16.725,16.725,-0.6,-3.4632,0
2019-05-28,17.375,17.375,17.375,17.375,0.65,3.8864,0
2019-05-29,17.775,17.775,17.775,17.775,0.4,2.3022,0
2019-05-30,17.425,17.425,17.425,17.425,-0.35,-1.9691,0
2019-05-31,18.175,18.175,18.175,18.175,0.75,4.3042,0
2019-06-03,18.275,18.275,18.275,18.275,0.1,0.5502,0
2019-06-04,17.225,17.225,17.225,17.225,-1.05,-5.7456,0
2019-06-05,16.625,16.625,16.625,16.625,-0.6,-3.4833,0
2019-06-06,16.475,16.475,16.475,16.475,-0.15,-0.9023,0
2019-06-07,16.725,16.725,16.725,16.725,0.25,1.5175,0
2019-06-10,16.375,16.375,16.375,16.375,-0.35,-2.0927,0
2019-06-11,16.475,16.475,16.475,16.475,0.1,0.6107,0
2019-06-12,16.325,16.325,16.325,16.325,-0.15,-0.9105,0
2019-06-13,16.125,16.125,16.125,16.125,-0.2,-1.2251,0
2019-06-14,15.775,15.775,15.775,15.775,-0.35,-2.1705,0
2019-06-17,15.275,15.275,15.275,15.275,-0.5,-3.1696,0
2019-06-18,15.075,15.075,15.075,15.075,-0.2,-1.3093,0
2019-06-19,14.8,14.8,14.8,14.8,-0.275,-1.8242,0
2019-06-20,16.125,16.125,16.125,16.125,1.325,8.9527,0
2019-06-21,16.525,16.525,16.525,16.525,0.4,2.4806,0
2019-06-24,16.275,16.275,16.275,16.275,-0.25,-1.5129,0
2019-06-25,16.675,16.675,16.675,16.675,0.4,2.4578,0
2019-06-26,16.525,16.525,16.525,16.525,-0.15,-0.8996,0
2019-06-27,16.075,16.075,16.075,16.075,-0.45,-2.7231,0
2019-06-28,15.525,15.525,15.525,15.525,-0.55,-3.4215,0
2019-07-01,14.925,14.925,14.925,14.925,-0.6,-3.8647,0
2019-07-02,14.225,14.225,14.225,14.225,-0.7,-4.6901,0
2019-07-03,14.025,14.025,14.025,14.025,-0.2,-1.406,0
2019-07-05,14.325,14.325,14.325,14.325,0.3,2.139,0
2019-07-08,14.875,14.875,14.875,14.875,0.55,3.8394,0
2019-07-09,14.825,14.825,14.825,14.825,-0.05,-0.3361,0
2019-07-10,14.025,14.025,14.025,14.025,-0.8,-5.3963,0
2019-07-11,13.625,13.625,13.625,13.625,-0.4,-2.852,0
2019-07-12,13.125,13.125,13.125,13.125,-0.5,-3.6697,0
2019-07-15,12.875,12.875,12.875,12.875,-0.25,-1.9048,0
2019-07-16,12.775,12.775,12.775,12.775,-0.1,-0.7767,0
2019-07-17,12.69,12.69,12.69,12.69,-0.085,-0.6654,0
2019-07-18,15.325,15.325,15.325,15.325,2.635,20.7644,0
2019-07-19,15.875,15.875,15.875,15.875,0.55,3.5889,0
2019-07-22,15.175,15.175,15.175,15.175,-0.7,-4.4094,0
2019-07-23,14.775,14.775,14.775,14.775,-0.4,-2.6359,0
2019-07-24,14.375,14.375,14.375,14.375,-0.4,-2.7073,0
2019-07-25,14.675,14.675,14.675,14.675,0.3,2.087,0
2019-07-26,14.375,14.375,14.375,14.375,-0.3,-2.0443,0
2019-07-29,14.475,14.475,14.475,14.475,0.1,0.6957,0
2019-07-30,15.075,15.075,15.075,15.075,0.6,4.1451,0
2019-07-31,16.075,16.075,16.075,16.075,1.0,6.6335,0
2019-08-01,17.475,17.475,17.475,17.475,1.4,8.7092,0
2019-08-02,17.475,17.475,17.475,17.475,0.0,0.0,0
2019-08-05,21.625,21.625,21.625,21.625,4.15,23.7482,0
2019-08-06,19.675,19.675,19.675,19.675,-1.95,-9.0173,0
2019-08-07,19.375,19.375,19.375,19.375,-0.3,-1.5248,0
2019-08-08,17.725,17.725,17.725,17.725,-1.65,-8.5161,0
2019-08-09,18.475,18.475,18.475,18.475,0.75,4.2313,0
2019-08-12,20.775,20.775,20.775,20.775,2.3,12.4493,0
2019-08-13,18.125,18.125,18.125,18.125,-2.65,-12.7557,0
2019-08-14,21.425,21.425,21.425,21.425,3.3,18.2069,0
2019-08-15,21.175,21.175,21.175,21.175,-0.25,-1.1669,0
2019-08-16,18.775,18.775,18.775,18.775,-2.4,-11.3341,0
2019-08-19,16.825,16.825,16.825,16.825,-1.95,-10.3862,0
2019-08-20,17.225,17.225,17.225,17.225,0.4,2.3774,0
2019-08-21,15.63,15.63,15.63,15.63,-1.595,-9.2598,0
2019-08-22,17.875,17.875,17.875,17.875,2.245,14.3634,0
2019-08-23,19.675,19.675,19.675,19.675,1.8,10.0699,0
2019-08-26,19.425,19.425,19.425,19.425,-0.25,-1.2706,0
2019-08-27,20.125,20.125,20.125,20.125,0.7,3.6036,0
2019-08-28,19.375,19.375,19.375,19.375,-0.75,-3.7267,0
2019-08-29,18.475,18.475,18.475,18.475,-0.9,-4.6452,0
2019-08-30,18.825,18.825,18.825,18.825,0.35,1.8945,0
2019-09-03,19.525,19.525,19.525,19.525,0.7,3.7185,0
2019-09-04,18.075,18.075,18.075,18.075,-1.45,-7.4264,0
2019-09-05,17.275,17.275,17.275,17.275,-0.8,-4.426,0
2019-09-06,16.525,16.525,16.525,16.525,-0.75,-4.3415,0
2019-09-09,16.425,16.425,16.425,16.425,-0.1,-0.6051,0
2019-09-10,16.225,16.225,16.225,16.225,-0.2,-1.2177,0
2019-09-11,15.725,15.725,15.725,15.725,-0.5,-3.0817,0
2019-09-12,14.975,14.975,14.975,14.975,-0.75,-4.7695,0
2019-09-13,14.475,14.475,14.475,14.475,-0.5,-3.3389,0
2019-09-16,14.625,14.625,14.625,14.625,0.15,1.0363,0
2019-09-17,14.525,14.525,14.525,14.525,-0.1,-0.6838,0
2019-09-18,14.54,14.54,14.54,14.54,0.015,0.1033,0
2019-09-19,16.225,16.225,16.225,16.225,1.685,11.5887,0
2019-09-20,17.225,17.225,17.225,17.225,1.0,6.1633,0
2019-09-23,16.725,16.725,16.725,16.725,-0.5,-2.9028,0
2019-09-24,17.875,17.875,17.875,17.875,1.15,6.8759,0
2019-09-25,17.225,17.225,17.225,17.225,-0.65,-3.6364,0
2019-09-26,17.425,17.425,17.425,17.425,0.2,1.1611,0
2019-09-27,18.025,18.025,18.025,18.025,0.6,3.4433,0
2019-09-30,17.125,17.125,17.125,17.125,-0.9,-4.9931,0
2019-10-01,18.575,18.575,18.575,18.575,1.45,8.4672,0
2019-10-02,20.075,20.075,20.075,20.075,1.5,8.0754,0
2019-10-03,18.975,18.975,18.975,18.975,-1.1,-5.4795,0
2019-10-04,17.625,17.625,17.625,17.625,-1.35,-7.1146,0
2019-10-07,17.975,17.975,17.975,17.975,0.35,1.9858,0
2019-10-08,20.075,20.075,20.075,20.075,2.1,11.6829,0
2019-10-09,18.575,18.575,18.575,18.575,-1.5,-7.472,0
2019-10-10,17.625,17.625,17.625,17.625,-0.95,-5.1144,0
2019-10-11,15.825,15.825,15.825,15.825,-1.8,-10.2128,0
2019-10-14,14.525,14.525,14.525,14.525,-1.3,-8.2148,0
2019-10-15,13.625,13.625,13.625,13.625,-0.9,-6.1962,0
2019-10-16,13.78,13.78,13.78,13.78,0.155,1.1376,0
2019-10-17,16.575,16.575,16.575,16.575,2.795,20.283,0
2019-10-18,16.675,16.675,16.675,16.675,0.1,0.6033,0
2019-10-21,16.075,16.075,16.075,16.075,-0.6,-3.5982,0
2019-10-22,16.475,16.475,16.475,16.475,0.4,2.4883,0
2019-10-23,16.175,16.175,16.175,16.175,-0.3,-1.8209,0
2019-10-24,16.025,16.025,16.025,16.025,-0.15,-0.9274,0
2019-10-25,15.425,15.425,15.425,15.425,-0.6,-3.7441,0
2019-10-28,15.625,15.625,15.625,15.625,0.2,1.2966,0
2019-10-29,15.475,15.475,15.475,15.475,-0.15,-0.96,0
2019-10-30,14.975,14.975,14.975,14.975,-0.5,-3.231,0
2019-10-31,15.275,15.275,15.275,15.275,0.3,2.0033,0
2019-11-01,14.575,14.575,14.575,14.575,-0.7,-4.5827,0
2019-11-04,14.725,14.725,14.725,14.725,0.15,1.0292,0
2019-11-05,15.025,15.025,15.025,15.025,0.3,2.0374,0
2019-11-06,14.775,14.775,14.775,14.775,-0.25,-1.6639,0
2019-11-07,14.625,14.625,14.625,14.625,-0.15,-1.0152,0
2019-11-08,14.275,14.275,14.275,14.275,-0.35,-2.3932,0
2019-11-11,14.075,14.075,14.075,14.075,-0.2,-1.4011,0
2019-11-12,13.875,13.875,13.875,13.875,-0.2,-1.421,0
2019-11-13,13.975,13.975,13.975,13.975,0.1,0.7207,0
2019-11-14,13.725,13.725,13.725,13.725,-0.25,-1.7889,0
2019-11-15,12.975,12.975,12.975,12.975,-0.75,-5.4645,0
2019-11-18,12.675,12.675,12.675,12.675,-0.3,-2.3121,0
2019-11-19,13.075,13.075,13.075,13.075,0.4,3.1558,0
2019-11-20,13.01,13.01,13.01,13.01,-0.065,-0.4971,0
2019-11-21,15.325,15.325,15.325,15.325,2.315,17.794,0
2019-11-22,14.775,14.775,14.775,14.775,-0.55,-3.5889,0
2019-11-25,14.075,14.075,14.075,14.075,-0.7,-4.7377,0
2019-11-26,13.875,13.875,13.875,13.875,-0.2,-1.421,0
2019-11-27,13.825,13.825,13.825,13.825,-0.05,-0.3604,0
2019-11-29,14.125,14.125,14.125,14.125,0.3,2.17,0
2019-12-02,15.225,15.225,15.225,15.225,1.1,7.7876,0
2019-12-03,16.225,16.225,16.225,16.225,1.0,6.5681,0
2019-12-04,15.325,15.325,15.325,15.325,-0.9,-5.547,0
2019-12-05,15.025,15.025,15.025,15.025,-0.3,-1.9576,0
2019-12-06,14.425,14.425,14.425,14.425,-0.6,-3.9933,0
2019-12-09,15.625,15.625,15.625,15.625,1.2,8.3189,0
2019-12-10,15.275,15.275,15.275,15.275,-0.35,-2.24,0
2019-12-11,14.775,14.775,14.775,14.775,-0.5,-3.2733,0
2019-12-12,13.625,13.625,13.625,13.625,-1.15,-7.7834,0
2019-12-13,12.575,12.575,12.575,12.575,-1.05,-7.7064,0
2019-12-16,12.225,12.225,12.225,12.225,-0.35,-2.7833,0
2019-12-17,12.475,12.475,12.475,12.475,0.25,2.045,0
2019-12-18,11.99,11.99,11.99,11.99,-0.485,-3.8878,0
2019-12-19,14.625,14.625,14.625,14.625,2.635,21.9766,0
2019-12-20,14.775,14.775,14.775,14.775,0.15,1.0256,0
2019-12-23,14.775,14.775,14.775,14.775,0.0,0.0,0
2019-12-24,14.525,14.525,14.525,14.525,-0.25,-1.692,0
2019-12-26,14.525,14.525,14.525,14.525,0.0,0.0,0
2019-12-27,15.125,15.125,15.125,15.125,0.6,4.1308,0
2019-12-30,15.525,15.525,15.525,15.525,0.4,2.6446,0
2019-12-31,14.625,14.625,14.625,14.625,-0.9,-5.7971,0
2020-01-02,14.075,14.075,14.075,14.075,-0.55,-3.7607,0
2020-01-03,15.025,15.025,15.025,15.025,0.95,6.7496,0
2020-01-06,14.875,14.875,14.875,14.875,-0.15,-0.9983,0
2020-01-07,14.675,14.675,14.675,14.675,-0.2,-1.3445,0
2020-01-08,14.175,14.175,14.175,14.175,-0.5,-3.4072,0
2020-01-09,13.625,13.625,13.625,13.625,-0.55,-3.8801,0
2020-01-10,13.575,13.575,13.575,13.575,-0.05,-0.367,0
2020-01-13,13.175,13.175,13.175,13.175,-0.4,-2.9466,0
2020-01-14,13.075,13.075,13.075,13.075,-0.1,-0.759,0
2020-01-15,12.925,12.925,12.925,12.925,-0.15,-1.1472,0
2020-01-16,12.575,12.575,12.575,12.575,-0.35,-2.7079,0
2020-01-17,12.525,12.525,12.525,12.525,-0.05,-0.3976,0
2020-01-21,12.925,12.925,12.925,12.925,0.4,3.1936,0
2020-01-22,12.62,12.62,12.62,12.62,-0.305,-2.3598,0
2020-01-23,15.025,15.025,15.025,15.025,2.405,19.0571,0
2020-01-24,16.025,16.025,16.025,16.025,1.0,6.6556,0
2020-01-27,17.775,17.775,17.775,17.775,1.75,10.9204,0
2020-01-28,16.675,16.675,16.675,16.675,-1.1,-6.1885,0
2020-01-29,16.675,16.675,16.675,16.675,0.0,0.0,0
2020-01-30,16.075,16.075,16.075,16.075,-0.6,-3.5982,0
2020-01-31,18.225,18.225,18.225,18.225,2.15,13.3748,0
2020-02-03,17.975,17.975,17.975,17.975,-0.25,-1.3717,0
2020-02-04,16.525,16.525,16.525,16.525,-1.45,-8.0668,0
2020-02-05,15.725,15.725,15.725,15.725,-0.8,-4.8411,0
2020-02-06,15.575,15.575,15.575,15.575,-0.15,-0.9539,0
2020-02-07,16.025,16.025,16.025,16.025,0.45,2.8892,0
2020-02-10,15.625,15.625,15.625,15.625,-0.4,-2.4961,0
2020-02-11,15.625,15.625,15.625,15.625,0.0,0.0,0
2020-02-12,14.475,14.475,14.475,14.475,-1.15,-7.36,0
2020-02-13,14.825,14.825,14.825,14.825,0.35,2.418,0
2020-02-14,14.425,14.425,14.425,14.425,-0.4,-2.6981,0
2020-02-18,14.875,14.875,14.875,14.875,0.45,3.1196,0
2020-02-19,14.51,14.51,14.51,14.51,-0.365,-2.4538,0
2020-02-20,16.075,16.075,16.075,16.075,1.565,10.7857,0
2020-02-21,16.925,16.925,16.925,16.925,0.85,5.2877,0
2020-02-24,20.075,20.075,20.075,20.075,3.15,18.6115,0
2020-02-25,22.225,22.225,22.225,22.225,2.15,10.7098,0
2020-02-26,22.325,22.325,22.325,22.325,0.1,0.4499,0
2020-02-27,26.275,26.275,26.275,26.275,3.95,17.6932,0
2020-02-28,26.325,26.325,26.325,26.325,0.05,0.1903,0
2020-03-02,26.275,26.275,26.275,26.275,-0.05,-0.1899,0
2020-03-03,29.175,29.175,29.175,29.175,2.9,11.0371,0
2020-03-04,27.425,27.425,27.425,27.425,-1.75,-5.9983,0
2020-03-05,31.875,31.875,31.875,31.875,4.45,16.2261,0
2020-03-06,35.775,35.775,35.775,35.775,3.9,12.2353,0
2020-03-09,44.375,44.375,44.375,44.375,8.6,24.0391,0
2020-03-10,41.825,41.825,41.825,41.825,-2.55,-5.7465,0
2020-03-11,46.35,46.35,46.35,46.35,4.525,10.8189,0
2020-03-12,58.3,58.3,58.3,58.3,11.95,25.7821,0
2020-03-13,53.425,53.425,53.425,53.425,-4.875,-8.3619,0
2020-03-16,72.625,72.625,72.625,72.625,19.2,35.9382,0
2020-03-17,68.825,68.825,68.825,68.825,-3.8,-5.2324,0
2020-03-18,69.76,69.76,69.76,69.76,0.935,1.3585,0
2020-03-19,66.3,66.3,66.3,66.3,-3.46,-4.9599,0
2020-03-20,61.525,61.525,61.525,61.525,-4.775,-7.2021,0
2020-03-23,49.45,49.45,49.45,49.45,-12.075,-19.6262,0
2020-03-24,48.25,48.25,48.25,48.25,-1.2,-2.4267,0
2020-03-25,51.275,51.275,51.275,51.275,3.025,6.2694,0
2020-03-26,45.875,45.875,45.875,45.875,-5.4,-10.5314,0
2020-03-27,53.425,53.425,53.425,53.425,7.55,16.4578,0
2020-03-30,49.775,49.775,49.775,49.775,-3.65,-6.832,0
2020-03-31,46.775,46.775,46.775,46.775,-3.0,-6.0271,0
2020-04-01,51.325,51.325,51.325,51.325,4.55,9.7274,0
2020-04-02,47.175,47.175,47.175,47.175,-4.15,-8.0857,0
2020-04-03,44.925,44.925,44.925,44.925,-2.25,-4.7695,0
2020-04-06,41.775,41.775,41.775,41.775,-3.15,-7.0117,0
2020-04-07,44.025,44.025,44.025,44.025,2.25,5.386,0
2020-04-08,42.375,42.375,42.375,42.375,-1.65,-3.7479,0
2020-04-09,41.275,41.275,41.275,41.275,-1.1,-2.5959,0
2020-04-13,40.575,40.575,40.575,40.575,-0.7,-1.6959,0
2020-04-14,37.875,37.875,37.875,37.875,-2.7,-6.6543,0
2020-04-15,42.51,42.51,42.51,42.51,4.635,12.2376,0
2020-04-16,36.525,36.525,36.525,36.525,-5.985,-14.079,0
2020-04-17,34.575,34.575,34.575,34.575,-1.95,-5.3388,0
2020-04-20,39.075,39.075,39.075,39.075,4.5,13.0152,0
2020-04-21,41.775,41.775,41.775,41.775,2.7,6.9098,0
2020-04-22,39.625,39.625,39.625,39.625,-2.15,-5.1466,0
2020-04-23,39.725,39.725,39.725,39.725,0.1,0.2524,0
2020-04-24,36.775,36.775,36.775,36.775,-2.95,-7.4261,0
2020-04-27,33.875,33.875,33.875,33.875,-2.9,-7.8858,0
2020-04-28,34.175,34.175,34.175,34.175,0.3,0.8856,0
2020-04-29,31.925,31.925,31.925,31.925,-2.25,-6.5838,0
2020-04-30,33.975,33.975,33.975,33.975,2.05,6.4213,0
2020-05-01,37.35,37.35,37.35,37.35,3.375,9.9338,0
2020-05-04,35.675,35.675,35.675,35.675,-1.675,-4.4846,0
2020-05-05,34.025,34.025,34.025,34.025,-1.65,-4.6251,0
2020-05-06,34.775,34.775,34.775,34.775,0.75,2.2043,0
2020-05-07,32.125,32.125,32.125,32.125,-2.65,-7.6204,0
2020-05-08,29.325,29.325,29.325,29.325,-2.8,-8.716,0
2020-05-11,27.825,27.825,27.825,27.825,-1.5,-5.1151,0
2020-05-12,33.075,33.075,33.075,33.075,5.25,18.8679,0
2020-05-13,35.075,35.075,35.075,35.075,2.0,6.0469,0
2020-05-14,32.375,32.375,32.375,32.375,-2.7,-7.6978,0
2020-05-15,32.125,32.125,32.125,32.125,-0.25,-0.7722,0
2020-05-18,28.925,28.925,28.925,28.925,-3.2,-9.9611,0
2020-05-19,30.75,30.75,30.75,30.75,1.825,6.3094,0
2020-05-20,28.11,28.11,28.11,28.11,-2.64,-8.5854,0
2020-05-21,31.025,31.025,31.025,31.025,2.915,10.37,0
2020-05-22,30.375,30.375,30.375,30.375,-0.65,-2.0951,0
2020-05-26,29.625,29.625,29.625,29.625,-0.75,-2.4691,0
2020-05-27,29.075,29.075,29.075,29.075,-0.55,-1.8565,0
2020-05-28,30.325,30.325,30.325,30.325,1.25,4.2992,0
2020-05-29,28.825,28.825,28.825,28.825,-1.5,-4.9464,0
2020-06-01,29.525,29.525,29.525,29.525,0.7,2.4284,0
2020-06-02,28.225,28.225,28.225,28.225,-1.3,-4.403,0
2020-06-03,27.0,27.0,27.0,27.0,-1.225,-4.3401,0
2020-06-04,26.725,26.725,26.725,26.725,-0.275,-1.0185,0
2020-06-05,25.325,25.325,25.325,25.325,-1.4,-5.2385,0
2020-06-08,26.025,26.025,26.025,26.025,0.7,2.7641,0
2020-06-09,27.625,27.625,27.625,27.625,1.6,6.1479,0
2020-06-10,27.475,27.475,27.475,27.475,-0.15,-0.543,0
2020-06-11,40.625,40.625,40.625,40.625,13.15,47.8617,0
2020-06-12,35.075,35.075,35.075,35.075,-5.55,-13.6615,0
2020-06-15,33.9,33.9,33.9,33.9,-1.175,-3.35,0
2020-06-16,33.1,33.1,33.1,33.1,-0.8,-2.3599,0
2020-06-17,33.44,33.44,33.44,33.44,0.34,1.0272,0
2020-06-18,33.575,33.575,33.575,33.575,0.135,0.4037,0
2020-06-19,35.275,35.275,35.275,35.275,1.7,5.0633,0
2020-06-22,31.625,31.625,31.625,31.625,-3.65,-10.3473,0
2020-06-23,31.925,31.925,31.925,31.925,0.3,0.9486,0
2020-06-24,33.575,33.575,33.575,33.575,1.65,5.1684,0
2020-06-25,32.175,32.175,32.175,32.175,-1.4,-4.1698,0
2020-06-26,34.525,34.525,34.525,34.525,2.35,7.3038,0
2020-06-29,32.325,32.325,32.325,32.325,-2.2,-6.3722,0
2020-06-30,30.875,30.875,30.875,30.875,-1.45,-4.4857,0
2020-07-01,29.825,29.825,29.825,29.825,-1.05,-3.4008,0
2020-07-02,29.075,29.075,29.075,29.075,-0.75,-2.5147,0
2020-07-06,29.25,29.25,29.25,29.25,0.175,0.6019,0
2020-07-07,30.575,30.575,30.575,30.575,1.325,4.5299,0
2020-07-08,29.525,29.525,29.525,29.525,-1.05,-3.4342,0
2020-07-09,30.225,30.225,30.225,30.225,0.7,2.3709,0
2020-07-10,28.775,28.775,28.775,28.775,-1.45,-4.7974,0
2020-07-13,31.825,31.825,31.825,31.825,3.05,10.5995,0
2020-07-14,29.625,29.625,29.625,29.625,-2.2,-6.9128,0
2020-07-15,28.325,28.325,28.325,28.325,-1.3,-4.3882,0
2020-07-16,28.125,28.125,28.125,28.125,-0.2,-0.7061,0
2020-07-17,26.425,26.425,26.425,26.425,-1.7,-6.0444,0
2020-07-20,24.725,24.725,24.725,24.725,-1.7,-6.4333,0
2020-07-21,24.775,24.775,24.775,24.775,0.05,0.2022,0
2020-07-22,25.45,25.45,25.45,25.45,0.675,2.7245,0
2020-07-23,28.775,28.775,28.775,28.775,3.325,13.0648,0
2020-07-24,28.725,28.725,28.725,28.725,-0.05,-0.1738,0
2020-07-27,27.525,27.525,27.525,27.525,-1.2,-4.1775,0
2020-07-28,27.525,27.525,27.525,27.525,0.0,0.0,0
2020-07-29,26.775,26.775,26.775,26.775,-0.75,-2.7248,0
2020-07-30,27.175,27.175,27.175,27.175,0.4,1.4939,0
2020-07-31,26.825,26.825,26.825,26.825,-0.35,-1.2879,0
2020-08-03,26.775,26.775,26.775,26.775,-0.05,-0.1864,0
2020-08-04,25.875,25.875,25.875,25.875,-0.9,-3.3613,0
2020-08-05,25.325,25.325,25.325,25.325,-0.55,-2.1256,0
2020-08-06,24.875,24.875,24.875,24.875,-0.45,-1.7769,0
2020-08-07,24.625,24.625,24.625,24.625,-0.25,-1.005,0
2020-08-10,23.775,23.775,23.775,23.775,-0.85,-3.4518,0
2020-08-11,24.925,24.925,24.925,24.925,1.15,4.837,0
2020-08-12,23.275,23.275,23.275,23.275,-1.65,-6.6199,0
2020-08-13,23.225,23.225,23.225,23.225,-0.05,-0.2148,0
2020-08-14,23.275,23.275,23.275,23.275,0.05,0.2153,0
2020-08-17,21.775,21.775,21.775,21.775,-1.5,-6.4447,0
2020-08-18,21.775,21.775,21.775,21.775,0.0,0.0,0
2020-08-19,21.71,21.71,21.71,21.71,-0.065,-0.2985,0
2020-08-20,25.875,25.875,25.875,25.875,4.165,19.1847,0
2020-08-21,25.925,25.925,25.925,25.925,0.05,0.1932,0
2020-08-24,25.825,25.825,25.825,25.825,-0.1,-0.3857,0
2020-08-25,25.475,25.475,25.475,25.475,-0.35,-1.3553,0
2020-08-26,26.075,26.075,26.075,26.075,0.6,2.3553,0
2020-08-27,27.025,27.025,27.025,27.025,0.95,3.6433,0
2020-08-28,26.95,26.95,26.95,26.95,-0.075,-0.2775,0
2020-08-31,27.875,27.875,27.875,27.875,0.925,3.4323,0
2020-09-01,28.325,28.325,28.325,28.325,0.45,1.6143,0
2020-09-02,28.875,28.875,28.875,28.875,0.55,1.9417,0
2020-09-03,33.875,33.875,33.875,33.875,5.0,17.316,0
2020-09-04,29.65,29.65,29.65,29.65,-4.225,-12.4723,0
2020-09-08,30.225,30.225,30.225,30.225,0.575,1.9393,0
2020-09-09,28.375,28.375,28.375,28.375,-1.85,-6.1208,0
2020-09-10,28.775,28.775,28.775,28.775,0.4,1.4097,0
2020-09-11,26.325,26.325,26.325,26.325,-2.45,-8.5143,0
2020-09-14,25.725,25.725,25.725,25.725,-0.6,-2.2792,0
2020-09-15,25.375,25.375,25.375,25.375,-0.35,-1.3605,0
2020-09-16,26.12,26.12,26.12,26.12,0.745,2.936,0
2020-09-17,29.825,29.825,29.825,29.825,3.705,14.1845,0
2020-09-18,30.075,30.075,30.075,30.075,0.25,0.8382,0
2020-09-21,31.225,31.225,31.225,31.225,1.15,3.8238,0
2020-09-22,31.375,31.375,31.375,31.375,0.15,0.4804,0
2020-09-23,32.475,32.475,32.475,32.475,1.1,3.506,0
2020-09-24,32.225,32.225,32.225,32.225,-0.25,-0.7698,0
2020-09-25,31.225,31.225,31.225,31.225,-1.0,-3.1032,0
2020-09-28,30.825,30.825,30.825,30.825,-0.4,-1.281,0
2020-09-29,29.775,29.775,29.775,29.775,-1.05,-3.4063,0
2020-09-30,30.375,30.375,30.375,30.375,0.6,2.0151,0
2020-10-01,30.675,30.675,30.675,30.675,0.3,0.9877,0
2020-10-02,32.075,32.075,32.075,32.075,1.4,4.564,0
2020-10-05,30.825,30.825,30.825,30.825,-1.25,-3.8971,0
2020-10-06,31.225,31.225,31.225,31.225,0.4,1.2976,0
2020-10-07,30.025,30.025,30.025,30.025,-1.2,-3.8431,0
2020-10-08,28.125,28.125,28.125,28.125,-1.9,-6.3281,0
2020-10-09,26.875,26.875,26.875,26.875,-1.25,-4.4444,0
2020-10-12,26.325,26.325,26.325,26.325,-0.55,-2.0465,0
2020-10-13,26.775,26.775,26.775,26.775,0.45,1.7094,0
2020-10-14,27.075,27.075,27.075,27.075,0.3,1.1204,0
2020-10-15,27.575,27.575,27.575,27.575,0.5,1.8467,0
2020-10-16,27.875,27.875,27.875,27.875,0.3,1.0879,0
2020-10-19,29.175,29.175,29.175,29.175,1.3,4.6637,0
2020-10-20,29.275,29.275,29.275,29.275,0.1,0.3428,0
2020-10-21,29.07,29.07,29.07,29.07,-0.205,-0.7003,0
2020-10-22,28.825,28.825,28.825,28.825,-0.245,-0.8428,0
2020-10-23,28.775,28.775,28.775,28.775,-0.05,-0.1735,0
2020-10-26,31.325,31.325,31.325,31.325,2.55,8.8619,0
2020-10-27,31.325,31.325,31.325,31.325,0.0,0.0,0
2020-10-28,36.0,36.0,36.0,36.0,4.675,14.9242,0
2020-10-29,33.125,33.125,33.125,33.125,-2.875,-7.9861,0
2020-10-30,34.1,34.1,34.1,34.1,0.975,2.9434,0
2020-11-02,33.375,33.375,33.375,33.375,-0.725,-2.1261,0
2020-11-03,31.425,31.425,31.425,31.425,-1.95,-5.8427,0
2020-11-04,28.375,28.375,28.375,28.375,-3.05,-9.7056,0
2020-11-05,27.775,27.775,27.775,27.775,-0.6,-2.1145,0
2020-11-06,25.475,25.475,25.475,25.475,-2.3,-8.2808,0
2020-11-09,25.575,25.575,25.575,25.575,0.1,0.3925,0
2020-11-10,24.675,24.675,24.675,24.675,-0.9,-3.5191,0
2020-11-11,23.825,23.825,23.825,23.825,-0.85,-3.4448,0
2020-11-12,25.875,25.875,25.875,25.875,2.05,8.6044,0
2020-11-13,23.325,23.325,23.325,23.325,-2.55,-9.8551,0
2020-11-16,22.925,22.925,22.925,22.925,-0.4,-1.7149,0
2020-11-17,22.975,22.975,22.975,22.975,0.05,0.2181,0
2020-11-18,22.41,22.41,22.41,22.41,-0.565,-2.4592,0
2020-11-19,24.475,24.475,24.475,24.475,2.065,9.2146,0
2020-11-20,24.375,24.375,24.375,24.375,-0.1,-0.4086,0
2020-11-23,24.1,24.1,24.1,24.1,-0.275,-1.1282,0
2020-11-24,23.6,23.6,23.6,23.6,-0.5,-2.0747,0
2020-11-25,22.625,22.625,22.625,22.625,-0.975,-4.1314,0
2020-11-27,22.825,22.825,22.825,22.825,0.2,0.884,0
2020-11-30,22.375,22.375,22.375,22.375,-0.45,-1.9715,0
2020-12-01,22.825,22.825,22.825,22.825,0.45,2.0112,0
2020-12-02,22.675,22.675,22.675,22.675,-0.15,-0.6572,0
2020-12-03,22.975,22.975,22.975,22.975,0.3,1.323,0
2020-12-04,22.475,22.475,22.475,22.475,-0.5,-2.1763,0
2020-12-07,22.475,22.475,22.475,22.475,0.0,0.0,0
2020-12-08,21.375,21.375,21.375,21.375,-1.1,-4.8943,0
2020-12-09,22.525,22.525,22.525,22.525,1.15,5.3801,0
2020-12-10,22.525,22.525,22.525,22.525,0.0,0.0,0
2020-12-11,23.625,23.625,23.625,23.625,1.1,4.8835,0
2020-12-14,24.275,24.275,24.275,24.275,0.65,2.7513,0
2020-12-15,22.875,22.875,22.875,22.875,-1.4,-5.7673,0
2020-12-16,23.35,23.35,23.35,23.35,0.475,2.0765,0
2020-12-17,23.825,23.825,23.825,23.825,0.475,2.0343,0
2020-12-18,24.175,24.175,24.175,24.175,0.35,1.469,0
2020-12-21,26.325,26.325,26.325,26.325,2.15,8.8935,0
2020-12-22,25.775,25.775,25.775,25.775,-0.55,-2.0893,0
2020-12-23,24.625,24.625,24.625,24.625,-1.15,-4.4617,0
2020-12-24,23.825,23.825,23.825,23.825,-0.8,-3.2487,0
2020-12-28,23.675,23.675,23.675,23.675,-0.15,-0.6296,0
2020-12-29,24.625,24.625,24.625,24.625,0.95,4.0127,0
2020-12-30,23.675,23.675,23.675,23.675,-0.95,-3.8579,0
2020-12-31,23.675,23.675,23.675,23.675,0.0,0.0,0
2021-01-04,26.275,26.275,26.275,26.275,2.6,10.982,0
2021-01-05,25.325,25.325,25.325,25.325,-0.95,-3.6156,0
2021-01-06,25.125,25.125,25.125,25.125,-0.2,-0.7897,0
2021-01-07,23.225,23.225,23.225,23.225,-1.9,-7.5622,0
2021-01-08,22.775,22.775,22.775,22.775,-0.45,-1.9376,0
2021-01-11,24.475,24.475,24.475,24.475,1.7,7.4643,0
2021-01-12,23.325,23.325,23.325,23.325,-1.15,-4.6987,0
2021-01-13,22.675,22.675,22.675,22.675,-0.65,-2.7867,0
2021-01-14,23.175,23.175,23.175,23.175,0.5,2.2051,0
2021-01-15,23.775,23.775,23.775,23.775,0.6,2.589,0
2021-01-19,23.225,23.225,23.225,23.225,-0.55,-2.3134,0
2021-01-20,22.59,22.59,22.59,22.59,-0.635,-2.7341,0
2021-01-21,24.525,24.525,24.525,24.525,1.935,8.5657,0
2021-01-22,24.875,24.875,24.875,24.875,0.35,1.4271,0
2021-01-25,25.9535,25.9535,25.9535,25.9535,1.0785,4.3357,0
2021-01-26,25.4095,25.4095,25.4095,25.4095,-0.544,-2.0961,0
2021-01-27,31.5342,31.5342,31.5342,31.5342,6.1247,24.104,0
2021-01-28,30.3946,30.3946,30.3946,30.3946,-1.1396,-3.6139,0
2021-01-29,32.3859,32.3859,32.3859,32.3859,1.9913,6.5515,0
2021-02-01,30.3302,30.3302,30.3302,30.3302,-2.0557,-6.3475,0
2021-02-02,27.5781,27.5781,27.5781,27.5781,-2.7521,-9.0738,0
2021-02-03,25.7794,25.7794,25.7794,25.7794,-1.7987,-6.5222,0
2021-02-04,24.2274,24.2274,24.2274,24.2274,-1.552,-6.0203,0
2021-02-05,24.0993,24.0993,24.0993,24.0993,-0.1281,-0.5287,0
2021-02-08,23.8379,23.8379,23.8379,23.8379,-0.2614,-1.0847,0
2021-02-09,23.7021,23.7021,23.7021,23.7021,-0.1358,-0.5697,0
2021-02-10,23.7413,23.7413,23.7413,23.7413,0.0392,0.1654,0
2021-02-11,22.71,22.71,22.71,22.71,-1.0313,-4.3439,0
2021-02-12,21.3594,21.3594,21.3594,21.3594,-1.3506,-5.9472,0
2021-02-16,21.2418,21.2418,21.2418,21.2418,-0.1176,-0.5506,0
2021-02-17,22.81,22.81,22.81,22.81,1.5682,7.3826,0
2021-02-18,25.8017,25.8017,25.8017,25.8017,2.9917,13.1157,0
2021-02-19,24.7988,24.7988,24.7988,24.7988,-1.0029,-3.887,0
2021-02-22,25.9031,25.9031,25.9031,25.9031,1.1043,4.453,0
2021-02-23,24.748,24.748,24.748,24.748,-1.1551,-4.4593,0
2021-02-24,23.7595,23.7595,23.7595,23.7595,-0.9885,-3.9943,0
2021-02-25,28.215,28.215,28.215,28.215,4.4555,18.7525,0
2021-02-26,26.7444,26.7444,26.7444,26.7444,-1.4706,-5.2121,0
2021-03-01,24.6158,24.6158,24.6158,24.6158,-2.1286,-7.959,0
2021-03-02,24.765,24.765,24.765,24.765,0.1492,0.6061,0
2021-03-03,26.1275,26.1275,26.1275,26.1275,1.3625,5.5017,0
2021-03-04,27.521,27.521,27.521,27.521,1.3935,5.3335,0
2021-03-05,25.0507,25.0507,25.0507,25.0507,-2.4703,-8.9761,0
2021-03-08,25.3667,25.3667,25.3667,25.3667,0.316,1.2614,0
2021-03-09,23.9726,23.9726,23.9726,23.9726,-1.3941,-5.4958,0
2021-03-10,23.5048,23.5048,23.5048,23.5048,-0.4678,-1.9514,0
2021-03-11,22.8882,22.8882,22.8882,22.8882,-0.6166,-2.6233,0
2021-03-12,21.9778,21.9778,21.9778,21.9778,-0.9104,-3.9776,0
2021-03-15,20.1006,20.1006,20.1006,20.1006,-1.8772,-8.5413,0
2021-03-16,19.9204,19.9204,19.9204,19.9204,-0.1802,-0.8965,0
2021-03-17,20.8,20.8,20.8,20.8,0.8796,4.4156,0
2021-03-18,24.3001,24.3001,24.3001,24.3001,3.5001,16.8274,0
2021-03-19,23.315,23.315,23.315,23.315,-0.9851,-4.0539,0
2021-03-22,21.731,21.731,21.731,21.731,-1.584,-6.7939,0
2021-03-23,22.833,22.833,22.833,22.833,1.102,5.0711,0
2021-03-24,22.9775,22.9775,22.9775,22.9775,0.1445,0.6329,0
2021-03-25,22.3056,22.3056,22.3056,22.3056,-0.6719,-2.9242,0
2021-03-26,21.3859,21.3859,21.3859,21.3859,-0.9197,-4.1232,0
2021-03-29,22.0032,22.0032,22.0032,22.0032,0.6173,2.8865,0
2021-03-30,21.0321,21.0321,21.0321,21.0321,-0.9711,-4.4134,0
2021-03-31,20.734,20.734,20.734,20.734,-0.2981,-1.4174,0
2021-04-01,20.0824,20.0824,20.0824,20.0824,-0.6516,-3.1427,0
2021-04-05,19.5423,19.5423,19.5423,19.5423,-0.5401,-2.6894,0
2021-04-06,19.561,19.561,19.561,19.561,0.0187,0.0957,0
2021-04-07,18.986,18.986,18.986,18.986,-0.575,-2.9395,0
2021-04-08,18.4887,18.4887,18.4887,18.4887,-0.4973,-2.6193,0
2021-04-09,18.1505,18.1505,18.1505,18.1505,-0.3382,-1.8292,0
2021-04-12,18.0039,18.0039,18.0039,18.0039,-0.1466,-0.8077,0
2021-04-13,17.6781,17.6781,17.6781,17.6781,-0.3258,-1.8096,0
2021-04-14,18.0989,18.0989,18.0989,18.0989,0.4208,2.3803,0
2021-04-15,17.1523,17.1523,17.1523,17.1523,-0.9466,-5.2302,0
2021-04-16,17.0019,17.0019,17.0019,17.0019,-0.1504,-0.8769,0
2021-04-19,17.657,17.657,17.657,17.657,0.6551,3.8531,0
2021-04-20,18.6526,18.6526,18.6526,18.6526,0.9956,5.6386,0
2021-04-21,19.28,19.28,19.28,19.28,0.6274,3.3636,0
2021-04-22,21.1658,21.1658,21.1658,21.1658,1.8858,9.7811,0
2021-04-23,20.4318,20.4318,20.4318,20.4318,-0.734,-3.4679,0
2021-04-26,20.2051,20.2051,20.2051,20.2051,-0.2267,-1.1095,0
2021-04-27,19.7093,19.7093,19.7093,19.7093,-0.4958,-2.4538,0
2021-04-28,19.6632,19.6632,19.6632,19.6632,-0.0461,-0.2339,0
2021-04-29,19.5684,19.5684,19.5684,19.5684,-0.0948,-0.4821,0
2021-04-30,20.438,20.438,20.438,20.438,0.8696,4.4439,0
2021-05-03,19.7324,19.7324,19.7324,19.7324,-0.7056,-3.4524,0
2021-05-04,20.5493,20.5493,20.5493,20.5493,0.8169,4.1399,0
2021-05-05,19.9784,19.9784,19.9784,19.9784,-0.5709,-2.7782,0
2021-05-06,19.6892,19.6892,19.6892,19.6892,-0.2892,-1.4476,0
2021-05-07,18.2917,18.2917,18.2917,18.2917,-1.3975,-7.0978,0
2021-05-10,19.4819,19.4819,19.4819,19.4819,1.1902,6.5068,0
2021-05-11,21.2388,21.2388,21.2388,21.2388,1.7569,9.0181,0
2021-05-12,25.9725,25.9725,25.9725,25.9725,4.7337,22.288,0
2021-05-13,22.6932,22.6932,22.6932,22.6932,-3.2793,-12.626,0
2021-05-14,19.1312,19.1312,19.1312,19.1312,-3.562,-15.6963,0
2021-05-17,19.9063,19.9063,19.9063,19.9063,0.7751,4.0515,0
2021-05-18,21.1438,21.1438,21.1438,21.1438,1.2375,6.2166,0
2021-05-19,25.21,25.21,25.21,25.21,4.0662,19.2312,0
2021-05-20,22.1031,22.1031,22.1031,22.1031,-3.1069,-12.3241,0
2021-05-21,21.8453,21.8453,21.8453,21.8453,-0.2578,-1.1664,0
2021-05-24,20.7569,20.7569,20.7569,20.7569,-1.0884,-4.9823,0
2021-05-25,20.7012,20.7012,20.7012,20.7012,-0.0557,-0.2683,0
2021-05-26,19.6232,19.6232,19.6232,19.6232,-1.078,-5.2074,0
2021-05-27,18.5669,18.5669,18.5669,18.5669,-1.0563,-5.3829,0
2021-05-28,19.1343,19.1343,19.1343,19.1343,0.5674,3.056,0
2021-06-01,19.5551,19.5551,19.5551,19.5551,0.4208,2.1992,0
2021-06-02,18.9248,18.9248,18.9248,18.9248,-0.6303,-3.2232,0
2021-06-03,19.2865,19.2865,19.2865,19.2865,0.3617,1.9112,0
2021-06-04,18.1246,18.1246,18.1246,18.1246,-1.1619,-6.0244,0
2021-06-07,17.6359,17.6359,17.6359,17.6359,-0.4887,-2.6963,0
2021-06-08,17.9012,17.9012,17.9012,17.9012,0.2653,1.5043,0
2021-06-09,18.3797,18.3797,18.3797,18.3797,0.4785,2.673,0
2021-06-10,16.9031,16.9031,16.9031,16.9031,-1.4766,-8.0339,0
2021-06-11,16.5505,16.5505,16.5505,16.5505,-0.3526,-2.086,0
2021-06-14,16.4514,16.4514,16.4514,16.4514,-0.0991,-0.5988,0
2021-06-15,17.1014,17.1014,17.1014,17.1014,0.65,3.951,0
2021-06-16,16.38,16.38,16.38,16.38,-0.7214,-4.2184,0
2021-06-17,19.5146,19.5146,19.5146,19.5146,3.1346,19.1368,0
2021-06-18,21.339,21.339,21.339,21.339,1.8244,9.3489,0
2021-06-21,19.9159,19.9159,19.9159,19.9159,-1.4231,-6.669,0
2021-06-22,18.8265,18.8265,18.8265,18.8265,-1.0894,-5.47,0
2021-06-23,18.4413,18.4413,18.4413,18.4413,-0.3852,-2.0461,0
2021-06-24,18.167,18.167,18.167,18.167,-0.2743,-1.4874,0
2021-06-25,17.7017,17.7017,17.7017,17.7017,-0.4653,-2.5612,0
2021-06-28,17.7213,17.7213,17.7213,17.7213,0.0196,0.1107,0
2021-06-29,18.1278,18.1278,18.1278,18.1278,0.4065,2.2938,0
2021-06-30,17.9033,17.9033,17.9033,17.9033,-0.2245,-1.2384,0
2021-07-01,17.4735,17.4735,17.4735,17.4735,-0.4298,-2.4007,0
2021-07-02,17.4706,17.4706,17.4706,17.4706,-0.0029,-0.0166,0
2021-07-06,17.9987,17.9987,17.9987,17.9987,0.5281,3.0228,0
2021-07-07,18.0485,18.0485,18.0485,18.0485,0.0498,0.2767,0
2021-07-08,19.545,19.545,19.545,19.545,1.4965,8.2915,0
2021-07-09,17.7962,17.7962,17.7962,17.7962,-1.7488,-8.9476,0
2021-07-12,17.3713,17.3713,17.3713,17.3713,-0.4249,-2.3876,0
2021-07-13,17.7342,17.7342,17.7342,17.7342,0.3629,2.0891,0
2021-07-14,17.047,17.047,17.047,17.047,-0.6872,-3.875,0
2021-07-15,17.51,17.51,17.51,17.51,0.463,2.716,0
2021-07-16,18.6228,18.6228,18.6228,18.6228,1.1128,6.3552,0
2021-07-19,22.738,22.738,22.738,22.738,4.1152,22.0976,0
2021-07-20,19.9561,19.9561,19.9561,19.9561,-2.7819,-12.2346,0
2021-07-21,18.9,18.9,18.9,18.9,-1.0561,-5.2921,0
2021-07-22,20.5665,20.5665,20.5665,20.5665,1.6665,8.8175,0
2021-07-23,20.3675,20.3675,20.3675,20.3675,-0.199,-0.9676,0
2021-07-26,20.1497,20.1497,20.1497,20.1497,-0.2178,-1.0694,0
2021-07-27,20.7147,20.7147,20.7147,20.7147,0.565,2.804,0
2021-07-28,20.1089,20.1089,20.1089,20.1089,-0.6058,-2.9245,0
2021-07-29,19.7092,19.7092,19.7092,19.7092,-0.3997,-1.9877,0
2021-07-30,20.274,20.274,20.274,20.274,0.5648,2.8657,0
2021-08-02,21.1496,21.1496,21.1496,21.1496,0.8756,4.3188,0
2021-08-03,19.8525,19.8525,19.8525,19.8525,-1.2971,-6.133,0
2021-08-04,19.8494,19.8494,19.8494,19.8494,-0.0031,-0.0156,0
2021-08-05,19.3129,19.3129,19.3129,19.3129,-0.5365,-2.7029,0
2021-08-06,18.7024,18.7024,18.7024,18.7024,-0.6105,-3.1611,0
2021-08-09,18.4231,18.4231,18.4231,18.4231,-0.2793,-1.4934,0
2021-08-10,17.9776,17.9776,17.9776,17.9776,-0.4455,-2.4182,0
2021-08-11,17.4443,17.4443,17.4443,17.4443,-0.5333,-2.9665,0
2021-08-12,17.0028,17.0028,17.0028,17.0028,-0.4415,-2.5309,0
2021-08-13,16.631,16.631,16.631,16.631,-0.3718,-2.1867,0
2021-08-16,16.504,16.504,16.504,16.504,-0.127,-0.7636,0
2021-08-17,17.5787,17.5787,17.5787,17.5787,1.0747,6.5118,0
2021-08-18,18.58,18.58,18.58,18.58,1.0013,5.6961,0
2021-08-19,22.346,22.346,22.346,22.346,3.766,20.2691,0
2021-08-20,20.5273,20.5273,20.5273,20.5273,-1.8187,-8.1388,0
2021-08-23,19.8468,19.8468,19.8468,19.8468,-0.6805,-3.3151,0
2021-08-24,19.7306,19.7306,19.7306,19.7306,-0.1162,-0.5855,0
2021-08-25,19.2328,19.2328,19.2328,19.2328,-0.4978,-2.523,0
2021-08-26,20.1229,20.1229,20.1229,20.1229,0.8901,4.628,0
2021-08-27,18.9529,18.9529,18.9529,18.9529,-1.17,-5.8143,0
2021-08-30,18.746,18.746,18.746,18.746,-0.2069,-1.0917,0
2021-08-31,18.6212,18.6212,18.6212,18.6212,-0.1248,-0.6657,0
2021-09-01,18.0805,18.0805,18.0805,18.0805,-0.5407,-2.9037,0
2021-09-02,17.9632,17.9632,17.9632,17.9632,-0.1173,-0.6488,0
2021-09-03,18.3528,18.3528,18.3528,18.3528,0.3896,2.1689,0
2021-09-07,18.8314,18.8314,18.8314,18.8314,0.4786,2.6078,0
2021-09-08,18.7658,18.7658,18.7658,18.7658,-0.0656,-0.3484,0
2021-09-09,19.3716,19.3716,19.3716,19.3716,0.6058,3.2282,0
2021-09-10,20.6249,20.6249,20.6249,20.6249,1.2533,6.4698,0
2021-09-13,19.298,19.298,19.298,19.298,-1.3269,-6.4335,0
2021-09-14,19.715,19.715,19.715,19.715,0.417,2.1608,0
2021-09-15,19.79,19.79,19.79,19.79,0.075,0.3804,0
2021-09-16,20.5556,20.5556,20.5556,20.5556,0.7656,3.8686,0
2021-09-17,21.9377,21.9377,21.9377,21.9377,1.3821,6.7237,0
2021-09-20,24.4629,24.4629,24.4629,24.4629,2.5252,11.5108,0
2021-09-21,23.4294,23.4294,23.4294,23.4294,-1.0335,-4.2248,0
2021-09-22,22.0994,22.0994,22.0994,22.0994,-1.33,-5.6766,0
2021-09-23,20.5996,20.5996,20.5996,20.5996,-1.4998,-6.7866,0
2021-09-24,19.8182,19.8182,19.8182,19.8182,-0.7814,-3.7933,0
2021-09-27,20.1083,20.1083,20.1083,20.1083,0.2901,1.4638,0
2021-09-28,22.5173,22.5173,22.5173,22.5173,2.409,11.9801,0
2021-09-29,22.9912,22.9912,22.9912,22.9912,0.4739,2.1046,0
2021-09-30,22.8678,22.8678,22.8678,22.8678,-0.1234,-0.5367,0
2021-10-01,21.994,21.994,21.994,21.994,-0.8738,-3.8211,0
2021-10-04,22.681,22.681,22.681,22.681,0.687,3.1236,0
2021-10-05,21.7541,21.7541,21.7541,21.7541,-0.9269,-4.0867,0
2021-10-06,21.2171,21.2171,21.2171,21.2171,-0.537,-2.4685,0
2021-10-07,20.1013,20.1013,20.1013,20.1013,-1.1158,-5.259,0
2021-10-08,19.7169,19.7169,19.7169,19.7169,-0.3844,-1.9123,0
2021-10-11,20.1505,20.1505,20.1505,20.1505,0.4336,2.1991,0
2021-10-12,19.7169,19.7169,19.7169,19.7169,-0.4336,-2.1518,0
2021-10-13,19.1506,19.1506,19.1506,19.1506,-0.5663,-2.8722,0
2021-10-14,17.6014,17.6014,17.6014,17.6014,-1.5492,-8.0896,0
2021-10-15,17.1727,17.1727,17.1727,17.1727,-0.4287,-2.4356,0
2021-10-18,16.618,16.618,16.618,16.618,-0.5547,-3.2301,0
2021-10-19,15.9647,15.9647,15.9647,15.9647,-0.6533,-3.9313,0
2021-10-20,15.35,15.35,15.35,15.35,-0.6147,-3.8504,0
2021-10-21,18.6977,18.6977,18.6977,18.6977,3.3477,21.8091,0
2021-10-22,19.1016,19.1016,19.1016,19.1016,0.4039,2.1602,0
2021-10-25,18.5505,18.5505,18.5505,18.5505,-0.5511,-2.8851,0
2021-10-26,18.9246,18.9246,18.9246,18.9246,0.3741,2.0167,0
2021-10-27,19.3496,19.3496,19.3496,19.3496,0.425,2.2458,0
2021-10-28,18.6503,18.6503,18.6503,18.6503,-0.6993,-3.614,0
2021-10-29,18.7793,18.7793,18.7793,18.7793,0.129,0.6917,0
2021-11-01,18.3999,18.3999,18.3999,18.3999,-0.3794,-2.0203,0
2021-11-02,17.8505,17.8505,17.8505,17.8505,-0.5494,-2.9859,0
2021-11-03,17.1078,17.1078,17.1078,17.1078,-0.7427,-4.1607,0
2021-11-04,17.4041,17.4041,17.4041,17.4041,0.2963,1.732,0
2021-11-05,18.4401,18.4401,18.4401,18.4401,1.036,5.9526,0
2021-11-08,18.4945,18.4945,18.4945,18.4945,0.0544,0.295,0
2021-11-09,18.9001,18.9001,18.9001,18.9001,0.4056,2.1931,0
2021-11-10,19.5268,19.5268,19.5268,19.5268,0.6267,3.3159,0
2021-11-11,18.7588,18.7588,18.7588,18.7588,-0.768,-3.9331,0
2021-11-12,17.4182,17.4182,17.4182,17.4182,-1.3406,-7.1465,0
2021-11-15,17.0011,17.0011,17.0011,17.0011,-0.4171,-2.3946,0
2021-11-16,16.7991,16.7991,16.7991,16.7991,-0.202,-1.1882,0
2021-11-17,16.34,16.34,16.34,16.34,-0.4591,-2.7329,0
2021-11-18,20.4995,20.4995,20.4995,20.4995,4.1595,25.4559,0
2021-11-19,20.7994,20.7994,20.7994,20.7994,0.2999,1.463,0
2021-11-22,21.1529,21.1529,21.1529,21.1529,0.3535,1.6996,0
2021-11-23,20.563,20.563,20.563,20.563,-0.5899,-2.7887,0
2021-11-24,20.348,20.348,20.348,20.348,-0.215,-1.0456,0
2021-11-26,26.5412,26.5412,26.5412,26.5412,6.1932,30.4364,0
2021-11-29,22.2041,22.2041,22.2041,22.2041,-4.3371,-16.341,0
2021-11-30,25.6865,25.6865,25.6865,25.6865,3.4824,15.6836,0
2021-12-01,27.8304,27.8304,27.8304,27.8304,2.1439,8.3464,0
2021-12-02,25.9392,25.9392,25.9392,25.9392,-1.8912,-6.7954,0
2021-12-03,28.7301,28.7301,28.7301,28.7301,2.7909,10.7594,0
2021-12-06,25.8521,25.8521,25.8521,25.8521,-2.878,-10.0174,0
2021-12-07,22.5437,22.5437,22.5437,22.5437,-3.3084,-12.7974,0
2021-12-08,20.8267,20.8267,20.8267,20.8267,-1.717,-7.6163,0
2021-12-09,21.5672,21.5672,21.5672,21.5672,0.7405,3.5555,0
2021-12-10,19.7975,19.7975,19.7975,19.7975,-1.7697,-8.2055,0
2021-12-13,20.5841,20.5841,20.5841,20.5841,0.7866,3.9732,0
2021-12-14,21.2857,21.2857,21.2857,21.2857,0.7016,3.4085,0
2021-12-15,19.0758,19.0758,19.0758,19.0758,-2.2099,-10.3821,0
2021-12-16,20.4217,20.4217,20.4217,20.4217,1.3459,7.0555,0
2021-12-17,21.0691,21.0691,21.0691,21.0691,0.6474,3.1702,0
2021-12-20,22.8089,22.8089,22.8089,22.8089,1.7398,8.2576,0
2021-12-21,21.0726,21.0726,21.0726,21.0726,-1.7363,-7.6124,0
2021-12-22,20.83,20.83,20.83,20.83,-0.2426,-1.1513,0
2021-12-23,21.6518,21.6518,21.6518,21.6518,0.8218,3.9453,0
2021-12-27,21.0053,21.0053,21.0053,21.0053,-0.6465,-2.9859,0
2021-12-28,20.5305,20.5305,20.5305,20.5305,-0.4748,-2.2604,0
2021-12-29,20.0072,20.0072,20.0072,20.0072,-0.5233,-2.5489,0
2021-12-30,19.9439,19.9439,19.9439,19.9439,-0.0633,-0.3164,0
2021-12-31,19.6745,19.6745,19.6745,19.6745,-0.2694,-1.3508,0
2022-01-03,18.8578,18.8578,18.8578,18.8578,-0.8167,-4.1511,0
2022-01-04,18.8692,18.8692,18.8692,18.8692,0.0114,0.0605,0
2022-01-05,20.7745,20.7745,20.7745,20.7745,1.9053,10.0974,0
2022-01-06,20.8496,20.8496,20.8496,20.8496,0.0751,0.3615,0
2022-01-07,20.398,20.398,20.398,20.398,-0.4516,-2.166,0
2022-01-10,19.9034,19.9034,19.9034,19.9034,-0.4946,-2.4247,0
2022-01-11,18.954,18.954,18.954,18.954,-0.9494,-4.77,0
2022-01-12,18.5814,18.5814,18.5814,18.5814,-0.3726,-1.9658,0
2022-01-13,20.4167,20.4167,20.4167,20.4167,1.8353,9.8771,0
2022-01-14,19.667,19.667,19.667,19.667,-0.7497,-3.672,0
2022-01-18,22.6197,22.6197,22.6197,22.6197,2.9527,15.0135,0
2022-01-19,22.79,22.79,22.79,22.79,0.1703,0.7529,0
2022-01-20,24.9658,24.9658,24.9658,24.9658,2.1758,9.5472,0
2022-01-21,27.3086,27.3086,27.3086,27.3086,2.3428,9.384,0
2022-01-24,28.0683,28.0683,28.0683,28.0683,0.7597,2.7819,0
2022-01-25,28.1645,28.1645,28.1645,28.1645,0.0962,0.3427,0
2022-01-26,28.633,28.633,28.633,28.633,0.4685,1.6634,0
2022-01-27,28.8263,28.8263,28.8263,28.8263,0.1933,0.6751,0
2022-01-28,26.8734,26.8734,26.8734,26.8734,-1.9529,-6.7747,0
2022-01-31,24.8523,24.8523,24.8523,24.8523,-2.0211,-7.5208,0
2022-02-01,22.7458,22.7458,22.7458,22.7458,-2.1065,-8.4761,0
2022-02-02,22.0259,22.0259,22.0259,22.0259,-0.7199,-3.165,0
2022-02-03,25.7306,25.7306,25.7306,25.7306,3.7047,16.8197,0
2022-02-04,24.2613,24.2613,24.2613,24.2613,-1.4693,-5.7103,0
2022-02-07,23.6521,23.6521,23.6521,23.6521,-0.6092,-2.511,0
2022-02-08,22.3116,22.3116,22.3116,22.3116,-1.3405,-5.6676,0
2022-02-09,21.1561,21.1561,21.1561,21.1561,-1.1555,-5.1789,0
2022-02-10,24.2186,24.2186,24.2186,24.2186,3.0625,14.4757,0
2022-02-11,27.814,27.814,27.814,27.814,3.5954,14.8456,0
2022-02-14,28.3374,28.3374,28.3374,28.3374,0.5234,1.8818,0
2022-02-15,25.3833,25.3833,25.3833,25.3833,-2.9541,-10.4247,0
2022-02-16,26.37,26.37,26.37,26.37,0.9867,3.8872,0
2022-02-17,27.5683,27.5683,27.5683,27.5683,1.1983,4.5442,0
2022-02-18,28.1482,28.1482,28.1482,28.1482,0.5799,2.1035,0
2022-02-22,27.9601,27.9601,27.9601,27.9601,-0.1881,-0.6682,0
2022-02-23,29.6693,29.6693,29.6693,29.6693,1.7092,6.113,0
2022-02-24,28.5487,28.5487,28.5487,28.5487,-1.1206,-3.777,0
2022-02-25,27.2572,27.2572,27.2572,27.2572,-1.2915,-4.5238,0
2022-02-28,28.6169,28.6169,28.6169,28.6169,1.3597,4.9884,0
2022-03-01,32.1241,32.1241,32.1241,32.1241,3.5072,12.2557,0
2022-03-02,29.6145,29.6145,29.6145,29.6145,-2.5096,-7.8122,0
2022-03-03,29.9057,29.9057,29.9057,29.9057,0.2912,0.9833,0
2022-03-04,31.5274,31.5274,31.5274,31.5274,1.6217,5.4227,0
2022-03-07,34.8105,34.8105,34.8105,34.8105,3.2831,10.4135,0
2022-03-08,33.9186,33.9186,33.9186,33.9186,-0.8919,-2.5622,0
2022-03-09,32.1193,32.1193,32.1193,32.1193,-1.7993,-5.3048,0
2022-03-10,30.4155,30.4155,30.4155,30.4155,-1.7038,-5.3046,0
2022-03-11,31.0024,31.0024,31.0024,31.0024,0.5869,1.9296,0
2022-03-14,31.8036,31.8036,31.8036,31.8036,0.8012,2.5843,0
2022-03-15,32.28,32.28,32.28,32.28,0.4764,1.4979,0
2022-03-16,27.5411,27.5411,27.5411,27.5411,-4.7389,-14.6806,0
2022-03-17,27.1143,27.1143,27.1143,27.1143,-0.4268,-1.5497,0
2022-03-18,25.6406,25.6406,25.6406,25.6406,-1.4737,-5.4351,0
2022-03-21,25.482,25.482,25.482,25.482,-0.1586,-0.6186,0
2022-03-22,24.9989,24.9989,24.9989,24.9989,-0.4831,-1.8958,0
2022-03-23,24.8925,24.8925,24.8925,24.8925,-0.1064,-0.4256,0
2022-03-24,24.2654,24.2654,24.2654,24.2654,-0.6271,-2.5192,0
2022-03-25,23.4552,23.4552,23.4552,23.4552,-0.8102,-3.3389,0
2022-03-28,22.9946,22.9946,22.9946,22.9946,-0.4606,-1.9637,0
2022-03-29,21.7532,21.7532,21.7532,21.7532,-1.2414,-5.3987,0
2022-03-30,22.07,22.07,22.07,22.07,0.3168,1.4563,0
2022-03-31,23.469,23.469,23.469,23.469,1.399,6.3389,0
2022-04-01,22.3324,22.3324,22.3324,22.3324,-1.1366,-4.843,0
2022-04-04,20.9619,20.9619,20.9619,20.9619,-1.3705,-6.1368,0
2022-04-05,23.2559,23.2559,23.2559,23.2559,2.294,10.9437,0
2022-04-06,23.7022,23.7022,23.7022,23.7022,0.4463,1.9191,0
2022-04-07,22.9769,22.9769,22.9769,22.9769,-0.7253,-3.0601,0
2022-04-08,22.8475,22.8475,22.8475,22.8475,-0.1294,-0.5632,0
2022-04-11,24.7042,24.7042,24.7042,24.7042,1.8567,8.1265,0
2022-04-12,25.0641,25.0641,25.0641,25.0641,0.3599,1.4568,0
2022-04-13,22.6858,22.6858,22.6858,22.6858,-2.3783,-9.4889,0
2022-04-14,23.4211,23.4211,23.4211,23.4211,0.7353,3.2412,0
2022-04-18,22.9518,22.9518,22.9518,22.9518,-0.4693,-2.0037,0
2022-04-19,21.1489,21.1489,21.1489,21.1489,-1.8029,-7.8552,0
2022-04-20,20.3,20.3,20.3,20.3,-0.8489,-4.0139,0
2022-04-21,24.6907,24.6907,24.6907,24.6907,4.3907,21.6291,0
2022-04-22,27.9879,27.9879,27.9879,27.9879,3.2972,13.354,0
2022-04-25,27.2576,27.2576,27.2576,27.2576,-0.7303,-2.6093,0
2022-04-26,30.3018,30.3018,30.3018,30.3018,3.0442,11.1683,0
2022-04-27,30.8249,30.8249,30.8249,30.8249,0.5231,1.7263,0
2022-04-28,29.2407,29.2407,29.2407,29.2407,-1.5842,-5.1394,0
2022-04-29,31.6487,31.6487,31.6487,31.6487,2.408,8.2351,0
2022-05-02,30.9477,30.9477,30.9477,30.9477,-0.701,-2.2149,0
2022-05-03,28.8864,28.8864,28.8864,28.8864,-2.0613,-6.6606,0
2022-05-04,25.762,25.762,25.762,25.762,-3.1244,-10.8162,0
2022-05-05,31.3271,31.3271,31.3271,31.3271,5.5651,21.602,0
2022-05-06,30.8118,30.8118,30.8118,30.8118,-0.5153,-1.6449,0
2022-05-09,33.8168,33.8168,33.8168,33.8168,3.005,9.7528,0
2022-05-10,32.254,32.254,32.254,32.254,-1.5628,-4.6214,0
2022-05-11,32.1627,32.1627,32.1627,32.1627,-0.0913,-0.2831,0
2022-05-12,31.2544,31.2544,31.2544,31.2544,-0.9083,-2.8241,0
2022-05-13,28.8191,28.8191,28.8191,28.8191,-2.4353,-7.7919,0
2022-05-16,27.5856,27.5856,27.5856,27.5856,-1.2335,-4.2801,0
2022-05-17,26.5988,26.5988,26.5988,26.5988,-0.9868,-3.5772,0
2022-05-18,27.68,27.68,27.68,27.68,1.0812,4.0648,0
2022-05-19,29.286,29.286,29.286,29.286,1.606,5.802,0
2022-05-20,29.4224,29.4224,29.4224,29.4224,0.1364,0.4658,0
2022-05-23,29.0797,29.0797,29.0797,29.0797,-0.3427,-1.1648,0
2022-05-24,29.1855,29.1855,29.1855,29.1855,0.1058,0.3638,0
2022-05-25,28.4859,28.4859,28.4859,28.4859,-0.6996,-2.3971,0
2022-05-26,28.0636,28.0636,28.0636,28.0636,-0.4223,-1.4825,0
2022-05-27,26.8678,26.8678,26.8678,26.8678,-1.1958,-4.261,0
2022-05-31,26.4123,26.4123,26.4123,26.4123,-0.4555,-1.6953,0
2022-06-01,26.1937,26.1937,26.1937,26.1937,-0.2186,-0.8276,0
2022-06-02,25.6001,25.6001,25.6001,25.6001,-0.5936,-2.2662,0
2022-06-03,25.9627,25.9627,25.9627,25.9627,0.3626,1.4164,0
2022-06-06,25.5854,25.5854,25.5854,25.5854,-0.3773,-1.4532,0
2022-06-07,24.6805,24.6805,24.6805,24.6805,-0.9049,-3.5368,0
2022-06-08,24.6993,24.6993,24.6993,24.6993,0.0188,0.0762,0
2022-06-09,26.4245,26.4245,26.4245,26.4245,1.7252,6.9848,0
2022-06-10,28.2892,28.2892,28.2892,28.2892,1.8647,7.0567,0
2022-06-13,33.4687,33.4687,33.4687,33.4687,5.1795,18.3091,0
2022-06-14,32.5815,32.5815,32.5815,32.5815,-0.8872,-2.6508,0
2022-06-15,31.0,31.0,31.0,31.0,-1.5815,-4.854,0
2022-06-16,31.9206,31.9206,31.9206,31.9206,0.9206,2.9697,0
2022-06-17,30.902,30.902,30.902,30.902,-1.0186,-3.191,0
2022-06-21,30.3228,30.3228,30.3228,30.3228,-0.5792,-1.8743,0
2022-06-22,29.0105,29.0105,29.0105,29.0105,-1.3123,-4.3278,0
2022-06-23,29.0073,29.0073,29.0073,29.0073,-0.0032,-0.011,0
2022-06-24,28.4774,28.4774,28.4774,28.4774,-0.5299,-1.8268,0
2022-06-27,27.4118,27.4118,27.4118,27.4118,-1.0656,-3.7419,0
2022-06-28,28.3331,28.3331,28.3331,28.3331,0.9213,3.361,0
2022-06-29,28.3335,28.3335,28.3335,28.3335,0.0004,0.0014,0
2022-06-30,28.5623,28.5623,28.5623,28.5623,0.2288,0.8075,0
2022-07-01,27.689,27.689,27.689,27.689,-0.8733,-3.0575,0
2022-07-05,27.7261,27.7261,27.7261,27.7261,0.0371,0.134,0
2022-07-06,27.1987,27.1987,27.1987,27.1987,-0.5274,-1.9022,0
2022-07-07,26.85,26.85,26.85,26.85,-0.3487,-1.282,0
2022-07-08,26.049,26.049,26.049,26.049,-0.801,-2.9832,0
2022-07-11,27.186,27.186,27.186,27.186,1.137,4.3649,0
2022-07-12,27.3879,27.3879,27.3879,27.3879,0.2019,0.7427,0
2022-07-13,26.8636,26.8636,26.8636,26.8636,-0.5243,-1.9143,0
2022-07-14,26.8663,26.8663,26.8663,26.8663,0.0027,0.0101,0
2022-07-15,25.2066,25.2066,25.2066,25.2066,-1.6597,-6.1776,0
2022-07-18,25.7016,25.7016,25.7016,25.7016,0.495,1.9638,0
2022-07-19,24.83,24.83,24.83,24.83,-0.8716,-3.3912,0
2022-07-20,24.37,24.37,24.37,24.37,-0.46,-1.8526,0
2022-07-21,25.7437,25.7437,25.7437,25.7437,1.3737,5.6368,0
2022-07-22,25.5044,25.5044,25.5044,25.5044,-0.2393,-0.9295,0
2022-07-25,25.2141,25.2141,25.2141,25.2141,-0.2903,-1.1382,0
2022-07-26,25.9513,25.9513,25.9513,25.9513,0.7372,2.9238,0
2022-07-27,25.0001,25.0001,25.0001,25.0001,-0.9512,-3.6653,0
2022-07-28,23.667,23.667,23.667,23.667,-1.3331,-5.3324,0
2022-07-29,23.4158,23.4158,23.4158,23.4158,-0.2512,-1.0614,0
2022-08-01,24.2144,24.2144,24.2144,24.2144,0.7986,3.4105,0
2022-08-02,24.6115,24.6115,24.6115,24.6115,0.3971,1.6399,0
2022-08-03,23.1634,23.1634,23.1634,23.1634,-1.4481,-5.8838,0
2022-08-04,23.2001,23.2001,23.2001,23.2001,0.0367,0.1584,0
2022-08-05,22.4476,22.4476,22.4476,22.4476,-0.7525,-3.2435,0
2022-08-08,22.6589,22.6589,22.6589,22.6589,0.2113,0.9413,0
2022-08-09,22.989,22.989,22.989,22.989,0.3301,1.4568,0
2022-08-10,21.3507,21.3507,21.3507,21.3507,-1.6383,-7.1265,0
2022-08-11,21.4995,21.4995,21.4995,21.4995,0.1488,0.6969,0
2022-08-12,21.1867,21.1867,21.1867,21.1867,-0.3128,-1.4549,0
2022-08-15,20.426,20.426,20.426,20.426,-0.7607,-3.5905,0
2022-08-16,20.0006,20.0006,20.0006,20.0006,-0.4254,-2.0826,0
2022-08-17,20.11,20.11,20.11,20.11,0.1094,0.547,0
2022-08-18,22.9999,22.9999,22.9999,22.9999,2.8899,14.3705,0
2022-08-19,24.1028,24.1028,24.1028,24.1028,1.1029,4.7952,0
2022-08-22,25.8208,25.8208,25.8208,25.8208,1.718,7.1278,0
2022-08-23,25.3302,25.3302,25.3302,25.3302,-0.4906,-1.9,0
2022-08-24,24.3501,24.3501,24.3501,24.3501,-0.9801,-3.8693,0
2022-08-25,23.5977,23.5977,23.5977,23.5977,-0.7524,-3.0899,0
2022-08-26,26.1802,26.1802,26.1802,26.1802,2.5825,10.9439,0
2022-08-29,26.0278,26.0278,26.0278,26.0278,-0.1524,-0.5821,0
2022-08-30,26.4608,26.4608,26.4608,26.4608,0.433,1.6636,0
2022-08-31,25.7939,25.7939,25.7939,25.7939,-0.6669,-2.5203,0
2022-09-01,25.6212,25.6212,25.6212,25.6212,-0.1727,-0.6695,0
2022-09-02,25.9363,25.9363,25.9363,25.9363,0.3151,1.2298,0
2022-09-06,26.7579,26.7579,26.7579,26.7579,0.8216,3.1678,0
2022-09-07,24.8966,24.8966,24.8966,24.8966,-1.8613,-6.9561,0
2022-09-08,24.3161,24.3161,24.3161,24.3161,-0.5805,-2.3316,0
2022-09-09,23.9496,23.9496,23.9496,23.9496,-0.3665,-1.5072,0
2022-09-12,23.9193,23.9193,23.9193,23.9193,-0.0303,-0.1265,0
2022-09-13,26.745,26.745,26.745,26.745,2.8257,11.8135,0
2022-09-14,26.4161,26.4161,26.4161,26.4161,-0.3289,-1.2298,0
2022-09-15,26.3637,26.3637,26.3637,26.3637,-0.0524,-0.1984,0
2022-09-16,26.2206,26.2206,26.2206,26.2206,-0.1431,-0.5428,0
2022-09-19,25.7761,25.7761,25.7761,25.7761,-0.4445,-1.6952,0
2022-09-20,26.9999,26.9999,26.9999,26.9999,1.2238,4.7478,0
2022-09-21,26.65,26.65,26.65,26.65,-0.3499,-1.2959,0
2022-09-22,28.0956,28.0956,28.0956,28.0956,1.4456,5.4244,0
2022-09-23,29.8592,29.8592,29.8592,29.8592,1.7636,6.2771,0
2022-09-26,30.9247,30.9247,30.9247,30.9247,1.0655,3.5684,0
2022-09-27,31.383,31.383,31.383,31.383,0.4583,1.482,0
2022-09-28,29.8919,29.8919,29.8919,29.8919,-1.4911,-4.7513,0
2022-09-29,30.9432,30.9432,30.9432,30.9432,1.0513,3.517,0
2022-09-30,31.516,31.516,31.516,31.516,0.5728,1.8511,0
2022-10-03,29.9893,29.9893,29.9893,29.9893,-1.5267,-4.8442,0
2022-10-04,28.7999,28.7999,28.7999,28.7999,-1.1894,-3.9661,0
2022-10-05,28.9643,28.9643,28.9643,28.9643,0.1644,0.5708,0
2022-10-06,29.9193,29.9193,29.9193,29.9193,0.955,3.2972,0
2022-10-07,31.1984,31.1984,31.1984,31.1984,1.2791,4.2752,0
2022-10-10,32.1078,32.1078,32.1078,32.1078,0.9094,2.9149,0
2022-10-11,32.754,32.754,32.754,32.754,0.6462,2.0126,0
2022-10-12,32.1735,32.1735,32.1735,32.1735,-0.5805,-1.7723,0
2022-10-13,31.0521,31.0521,31.0521,31.0521,-1.1214,-3.4855,0
2022-10-14,31.9297,31.9297,31.9297,31.9297,0.8776,2.8262,0
2022-10-17,31.1798,31.1798,31.1798,31.1798,-0.7499,-2.3486,0
2022-10-18,30.8564,30.8564,30.8564,30.8564,-0.3234,-1.0372,0
2022-10-19,31.77,31.77,31.77,31.77,0.9136,2.9608,0
2022-10-20,29.9629,29.9629,29.9629,29.9629,-1.8071,-5.6881,0
2022-10-21,29.9854,29.9854,29.9854,29.9854,0.0225,0.0751,0
2022-10-24,29.3523,29.3523,29.3523,29.3523,-0.6331,-2.1114,0
2022-10-25,28.1854,28.1854,28.1854,28.1854,-1.1669,-3.9755,0
2022-10-26,27.4876,27.4876,27.4876,27.4876,-0.6978,-2.4757,0
2022-10-27,26.9184,26.9184,26.9184,26.9184,-0.5692,-2.0708,0
2022-10-28,26.2602,26.2602,26.2602,26.2602,-0.6582,-2.4452,0
2022-10-31,25.8753,25.8753,25.8753,25.8753,-0.3849,-1.4657,0
2022-11-01,25.634,25.634,25.634,25.634,-0.2413,-0.9325,0
2022-11-02,26.4475,26.4475,26.4475,26.4475,0.8135,3.1735,0
2022-11-03,25.6701,25.6701,25.6701,25.6701,-0.7774,-2.9394,0
2022-11-04,25.5286,25.5286,25.5286,25.5286,-0.1415,-0.5512,0
2022-11-07,25.1559,25.1559,25.1559,25.1559,-0.3727,-1.4599,0
2022-11-08,26.1017,26.1017,26.1017,26.1017,0.9458,3.7598,0
2022-11-09,26.857,26.857,26.857,26.857,0.7553,2.8937,0
2022-11-10,24.6297,24.6297,24.6297,24.6297,-2.2273,-8.2932,0
2022-11-11,23.95,23.95,23.95,23.95,-0.6797,-2.7597,0
2022-11-14,24.237,24.237,24.237,24.237,0.287,1.1983,0
2022-11-15,24.584,24.584,24.584,24.584,0.347,1.4317,0
2022-11-16,24.93,24.93,24.93,24.93,0.346,1.4074,0
2022-11-17,24.7666,24.7666,24.7666,24.7666,-0.1634,-0.6554,0
2022-11-18,24.515,24.515,24.515,24.515,-0.2516,-1.0159,0
2022-11-21,23.8139,23.8139,23.8139,23.8139,-0.7011,-2.8599,0
2022-11-22,22.9505,22.9505,22.9505,22.9505,-0.8634,-3.6256,0
2022-11-23,22.4026,22.4026,22.4026,22.4026,-0.5479,-2.3873,0
2022-11-25,22.4869,22.4869,22.4869,22.4869,0.0843,0.3763,0
2022-11-28,23.4033,23.4033,23.4033,23.4033,0.9164,4.0753,0
2022-11-29,23.0397,23.0397,23.0397,23.0397,-0.3636,-1.5536,0
2022-11-30,22.122,22.122,22.122,22.122,-0.9177,-3.9831,0
2022-12-01,21.5747,21.5747,21.5747,21.5747,-0.5473,-2.474,0
2022-12-02,21.2041,21.2041,21.2041,21.2041,-0.3706,-1.7178,0
2022-12-05,21.6851,21.6851,21.6851,21.6851,0.481,2.2684,0
2022-12-06,22.4502,22.4502,22.4502,22.4502,0.7651,3.5282,0
2022-12-07,22.8621,22.8621,22.8621,22.8621,0.4119,1.8347,0
2022-12-08,22.3978,22.3978,22.3978,22.3978,-0.4643,-2.0309,0
2022-12-09,23.1016,23.1016,23.1016,23.1016,0.7038,3.1423,0
2022-12-12,23.1023,23.1023,23.1023,23.1023,0.0007,0.003,0
2022-12-13,21.6885,21.6885,21.6885,21.6885,-1.4138,-6.1197,0
2022-12-14,20.6262,20.6262,20.6262,20.6262,-1.0623,-4.898,0
2022-12-15,22.3075,22.3075,22.3075,22.3075,1.6813,8.1513,0
2022-12-16,22.4507,22.4507,22.4507,22.4507,0.1432,0.6419,0
2022-12-19,22.147,22.147,22.147,22.147,-0.3037,-1.3527,0
2022-12-20,21.4848,21.4848,21.4848,21.4848,-0.6622,-2.99,0
2022-12-21,20.25,20.25,20.25,20.25,-1.2348,-5.7473,0
2022-12-22,24.2555,24.2555,24.2555,24.2555,4.0055,19.7802,0
2022-12-23,23.6302,23.6302,23.6302,23.6302,-0.6253,-2.578,0
2022-12-27,23.4524,23.4524,23.4524,23.4524,-0.1778,-0.7524,0
2022-12-28,23.5481,23.5481,23.5481,23.5481,0.0957,0.4081,0
2022-12-29,23.2091,23.2091,23.2091,23.2091,-0.339,-1.4396,0
2022-12-30,23.0981,23.0981,23.0981,23.0981,-0.111,-0.4783,0
2023-01-03,23.0514,23.0514,23.0514,23.0514,-0.0467,-0.2022,0
2023-01-04,22.401,22.401,22.401,22.401,-0.6504,-2.8215,0
2023-01-05,22.6516,22.6516,22.6516,22.6516,0.2506,1.1187,0
2023-01-06,22.1957,22.1957,22.1957,22.1957,-0.4559,-2.0127,0
2023-01-09,22.2669,22.2669,22.2669,22.2669,0.0712,0.3208,0
2023-01-10,21.0949,21.0949,21.0949,21.0949,-1.172,-5.2634,0
2023-01-11,21.2004,21.2004,21.2004,21.2004,0.1055,0.5001,0
2023-01-12,19.82,19.82,19.82,19.82,-1.3804,-6.5112,0
2023-01-13,19.4988,19.4988,19.4988,19.4988,-0.3212,-1.6206,0
2023-01-17,19.3155,19.3155,19.3155,19.3155,-0.1833,-0.9401,0
2023-01-18,19.09,19.09,19.09,19.09,-0.2255,-1.1675,0
2023-01-19,21.7451,21.7451,21.7451,21.7451,2.6551,13.9083,0
2023-01-20,21.086,21.086,21.086,21.086,-0.6591,-3.031,0
2023-01-23,20.7548,20.7548,20.7548,20.7548,-0.3312,-1.5707,0
2023-01-24,19.9502,19.9502,19.9502,19.9502,-0.8046,-3.8767,0
2023-01-25,19.9583,19.9583,19.9583,19.9583,0.0081,0.0406,0
2023-01-26,19.6703,19.6703,19.6703,19.6703,-0.288,-1.443,0
2023-01-27,19.3177,19.3177,19.3177,19.3177,-0.3526,-1.7926,0
2023-01-30,20.0481,20.0481,20.0481,20.0481,0.7304,3.781,0
2023-01-31,19.5257,19.5257,19.5257,19.5257,-0.5224,-2.6057,0
2023-02-01,18.7506,18.7506,18.7506,18.7506,-0.7751,-3.9696,0
2023-02-02,19.2989,19.2989,19.2989,19.2989,0.5483,2.9242,0
2023-02-03,19.3373,19.3373,19.3373,19.3373,0.0384,0.199,0
2023-02-06,20.0124,20.0124,20.0124,20.0124,0.6751,3.4912,0
2023-02-07,19.2146,19.2146,19.2146,19.2146,-0.7978,-3.9865,0
2023-02-08,20.0524,20.0524,20.0524,20.0524,0.8378,4.3602,0
2023-02-09,20.8103,20.8103,20.8103,20.8103,0.7579,3.7796,0
2023-02-10,20.9304,20.9304,20.9304,20.9304,0.1201,0.5771,0
2023-02-13,19.9144,19.9144,19.9144,19.9144,-1.016,-4.8542,0
2023-02-14,18.6489,18.6489,18.6489,18.6489,-1.2655,-6.3547,0
2023-02-15,18.69,18.69,18.69,18.69,0.0411,0.2204,0
2023-02-16,21.1605,21.1605,21.1605,21.1605,2.4705,13.2183,0
2023-02-17,21.2482,21.2482,21.2482,21.2482,0.0877,0.4145,0
2023-02-21,22.9011,22.9011,22.9011,22.9011,1.6529,7.779,0
2023-02-22,22.2109,22.2109,22.2109,22.2109,-0.6902,-3.0138,0
2023-02-23,21.3726,21.3726,21.3726,21.3726,-0.8383,-3.7743,0
2023-02-24,22.1873,22.1873,22.1873,22.1873,0.8147,3.8119,0
2023-02-27,21.3317,21.3317,21.3317,21.3317,-0.8556,-3.8563,0
2023-02-28,20.7757,20.7757,20.7757,20.7757,-0.556,-2.6064,0
2023-03-01,21.0322,21.0322,21.0322,21.0322,0.2565,1.2346,0
2023-03-02,20.2009,20.2009,20.2009,20.2009,-0.8313,-3.9525,0
2023-03-03,19.4984,19.4984,19.4984,19.4984,-0.7025,-3.4776,0
2023-03-06,19.2202,19.2202,19.2202,19.2202,-0.2782,-1.4268,0
2023-03-07,19.7516,19.7516,19.7516,19.7516,0.5314,2.7648,0
2023-03-08,19.3052,19.3052,19.3052,19.3052,-0.4464,-2.2601,0
2023-03-09,21.7964,21.7964,21.7964,21.7964,2.4912,12.9043,0
2023-03-10,24.1808,24.1808,24.1808,24.1808,2.3844,10.9394,0
2023-03-13,25.3724,25.3724,25.3724,25.3724,1.1916,4.9279,0
2023-03-14,23.7017,23.7017,23.7017,23.7017,-1.6707,-6.5847,0
2023-03-15,25.8129,25.8129,25.8129,25.8129,2.1112,8.9074,0
2023-03-16,23.0155,23.0155,23.0155,23.0155,-2.7974,-10.8372,0
2023-03-17,25.6342,25.6342,25.6342,25.6342,2.6187,11.378,0
2023-03-20,24.1683,24.1683,24.1683,24.1683,-1.4659,-5.7185,0
2023-03-21,21.5908,21.5908,21.5908,21.5908,-2.5775,-10.6648,0
2023-03-22,20.68,20.68,20.68,20.68,-0.9108,-4.2185,0
2023-03-23,24.2236,24.2236,24.2236,24.2236,3.5436,17.1354,0
2023-03-24,23.2241,23.2241,23.2241,23.2241,-0.9995,-4.1261,0
2023-03-27,22.2674,22.2674,22.2674,22.2674,-0.9567,-4.1194,0
2023-03-28,21.6995,21.6995,21.6995,21.6995,-0.5679,-2.5504,0
2023-03-29,20.9309,20.9309,20.9309,20.9309,-0.7686,-3.542,0
2023-03-30,20.8277,20.8277,20.8277,20.8277,-0.1032,-0.4931,0
2023-03-31,20.7642,20.7642,20.7642,20.7642,-0.0635,-0.3049,0
2023-04-03,20.2095,20.2095,20.2095,20.2095,-0.5547,-2.6714,0
2023-04-04,20.5997,20.5997,20.5997,20.5997,0.3902,1.9308,0
2023-04-05,20.4184,20.4184,20.4184,20.4184,-0.1813,-0.8801,0
2023-04-06,19.9781,19.9781,19.9781,19.9781,-0.4403,-2.1564,0
2023-04-07,20.1,20.1,20.1,20.1,0.1219,0.6102,0
2023-04-10,19.804,19.804,19.804,19.804,-0.296,-1.4726,0
2023-04-11,19.7666,19.7666,19.7666,19.7666,-0.0374,-0.1889,0
2023-04-12,19.9518,19.9518,19.9518,19.9518,0.1852,0.9369,0
2023-04-13,18.7342,18.7342,18.7342,18.7342,-1.2176,-6.1027,0
2023-04-14,18.3523,18.3523,18.3523,18.3523,-0.3819,-2.0385,0
2023-04-17,17.416,17.416,17.416,17.416,-0.9363,-5.1018,0
2023-04-18,17.0513,17.0513,17.0513,17.0513,-0.3647,-2.0941,0
2023-04-19,16.75,16.75,16.75,16.75,-0.3013,-1.767,0
2023-04-20,19.8376,19.8376,19.8376,19.8376,3.0876,18.4334,0
2023-04-21,19.4083,19.4083,19.4083,19.4083,-0.4293,-2.1641,0
2023-04-24,19.3262,19.3262,19.3262,19.3262,-0.0821,-0.423,0
2023-04-25,21.0194,21.0194,21.0194,21.0194,1.6932,8.7612,0
2023-04-26,20.4248,20.4248,20.4248,20.4248,-0.5946,-2.8288,0
2023-04-27,19.4461,19.4461,19.4461,19.4461,-0.9787,-4.7917,0
2023-04-28,18.4361,18.4361,18.4361,18.4361,-1.01,-5.1938,0
2023-05-01,18.1693,18.1693,18.1693,18.1693,-0.2668,-1.4472,0
2023-05-02,19.3402,19.3402,19.3402,19.3402,1.1709,6.4444,0
2023-05-03,19.9541,19.9541,19.9541,19.9541,0.6139,3.1742,0
2023-05-04,21.1905,21.1905,21.1905,21.1905,1.2364,6.1962,0
2023-05-05,19.2868,19.2868,19.2868,19.2868,-1.9037,-8.9837,0
2023-05-08,19.0021,19.0021,19.0021,19.0021,-0.2847,-1.4761,0
2023-05-09,19.4202,19.4202,19.4202,19.4202,0.4181,2.2003,0
2023-05-10,18.8504,18.8504,18.8504,18.8504,-0.5698,-2.9341,0
2023-05-11,18.6032,18.6032,18.6032,18.6032,-0.2472,-1.3114,0
2023-05-12,18.5431,18.5431,18.5431,18.5431,-0.0601,-0.3231,0
2023-05-15,17.801,17.801,17.801,17.801,-0.7421,-4.002,0
2023-05-16,18.282,18.282,18.282,18.282,0.481,2.7021,0
2023-05-17,17.12,17.12,17.12,17.12,-1.162,-6.356,0
2023-05-18,19.1473,19.1473,19.1473,19.1473,2.0273,11.8417,0
2023-05-19,19.6485,19.6485,19.6485,19.6485,0.5012,2.6176,0
2023-05-22,19.671,19.671,19.671,19.671,0.0225,0.1145,0
2023-05-23,20.0458,20.0458,20.0458,20.0458,0.3748,1.9053,0
2023-05-24,20.9965,20.9965,20.9965,20.9965,0.9507,4.7426,0
2023-05-25,20.4261,20.4261,20.4261,20.4261,-0.5704,-2.7166,0
2023-05-26,19.5822,19.5822,19.5822,19.5822,-0.8439,-4.1315,0
2023-05-30,18.967,18.967,18.967,18.967,-0.6152,-3.1416,0
2023-05-31,18.8651,18.8651,18.8651,18.8651,-0.1019,-0.5372,0
2023-06-01,17.7047,17.7047,17.7047,17.7047,-1.1604,-6.151,0
2023-06-02,16.9463,16.9463,16.9463,16.9463,-0.7584,-4.2836,0
2023-06-05,16.5014,16.5014,16.5014,16.5014,-0.4449,-2.6254,0
2023-06-06,15.4181,15.4181,15.4181,15.4181,-1.0833,-6.5649,0
2023-06-07,15.4509,15.4509,15.4509,15.4509,0.0328,0.2127,0
2023-06-08,15.0127,15.0127,15.0127,15.0127,-0.4382,-2.8361,0
2023-06-09,15.2378,15.2378,15.2378,15.2378,0.2251,1.4994,0
2023-06-12,15.5628,15.5628,15.5628,15.5628,0.325,2.1329,0
2023-06-13,15.3191,15.3191,15.3191,15.3191,-0.2437,-1.5659,0
2023-06-14,14.778,14.778,14.778,14.778,-0.5411,-3.5322,0
2023-06-15,15.103,15.103,15.103,15.103,0.325,2.1992,0
2023-06-16,14.3454,14.3454,14.3454,14.3454,-0.7576,-5.0162,0
2023-06-20,14.0254,14.0254,14.0254,14.0254,-0.32,-2.2307,0
2023-06-21,13.44,13.44,13.44,13.44,-0.5854,-4.1739,0
2023-06-22,15.7789,15.7789,15.7789,15.7789,2.3389,17.4025,0
2023-06-23,15.9547,15.9547,15.9547,15.9547,0.1758,1.1141,0
2023-06-26,15.9957,15.9957,15.9957,15.9957,0.041,0.257,0
2023-06-27,15.5616,15.5616,15.5616,15.5616,-0.4341,-2.7139,0
2023-06-28,14.9918,14.9918,14.9918,14.9918,-0.5698,-3.6616,0
2023-06-29,15.3281,15.3281,15.3281,15.3281,0.3363,2.2432,0
2023-06-30,15.011,15.011,15.011,15.011,-0.3171,-2.0687,0
2023-07-03,14.8946,14.8946,14.8946,14.8946,-0.1164,-0.7754,0
2023-07-05,15.2825,15.2825,15.2825,15.2825,0.3879,2.6043,0
2023-07-06,16.1652,16.1652,16.1652,16.1652,0.8827,5.7759,0
2023-07-07,15.8619,15.8619,15.8619,15.8619,-0.3033,-1.8763,0
2023-07-10,15.7747,15.7747,15.7747,15.7747,-0.0872,-0.5497,0
2023-07-11,15.5525,15.5525,15.5525,15.5525,-0.2222,-1.4086,0
2023-07-12,14.2934,14.2934,14.2934,14.2934,-1.2591,-8.0958,0
2023-07-13,14.1923,14.1923,14.1923,14.1923,-0.1011,-0.7073,0
2023-07-14,13.8048,13.8048,13.8048,13.8048,-0.3875,-2.7304,0
2023-07-17,13.699,13.699,13.699,13.699,-0.1058,-0.7664,0
2023-07-18,13.3001,13.3001,13.3001,13.3001,-0.3989,-2.9119,0
2023-07-19,13.02,13.02,13.02,13.02,-0.2801,-2.106,0
2023-07-20,15.846,15.846,15.846,15.846,2.826,21.7051,0
2023-07-21,15.611,15.611,15.611,15.611,-0.235,-1.483,0
2023-07-24,15.3804,15.3804,15.3804,15.3804,-0.2306,-1.4772,0
2023-07-25,15.3462,15.3462,15.3462,15.3462,-0.0342,-0.2224,0
2023-07-26,14.8878,14.8878,14.8878,14.8878,-0.4584,-2.9871,0
2023-07-27,15.6879,15.6879,15.6879,15.6879,0.8001,5.3742,0
2023-07-28,14.9886,14.9886,14.9886,14.9886,-0.6993,-4.4576,0
2023-07-31,14.8634,14.8634,14.8634,14.8634,-0.1252,-0.8353,0
2023-08-01,15.0724,15.0724,15.0724,15.0724,0.209,1.4061,0
2023-08-02,16.7022,16.7022,16.7022,16.7022,1.6298,10.8131,0
2023-08-03,16.7483,16.7483,16.7483,16.7483,0.0461,0.276,0
2023-08-04,17.5076,17.5076,17.5076,17.5076,0.7593,4.5336,0
2023-08-07,16.2943,16.2943,16.2943,16.2943,-1.2133,-6.9301,0
2023-08-08,16.4955,16.4955,16.4955,16.4955,0.2012,1.2348,0
2023-08-09,16.3469,16.3469,16.3469,16.3469,-0.1486,-0.9009,0
2023-08-10,16.0072,16.0072,16.0072,16.0072,-0.3397,-2.0781,0
2023-08-11,15.3536,15.3536,15.3536,15.3536,-0.6536,-4.0832,0
2023-08-14,14.8456,14.8456,14.8456,14.8456,-0.508,-3.3087,0
2023-08-15,16.1726,16.1726,16.1726,16.1726,1.327,8.9387,0
2023-08-16,16.28,16.28,16.28,16.28,0.1074,0.6641,0
2023-08-17,18.8548,18.8548,18.8548,18.8548,2.5748,15.8157,0
2023-08-18,18.4487,18.4487,18.4487,18.4487,-0.4061,-2.1538,0
2023-08-21,17.8493,17.8493,17.8493,17.8493,-0.5994,-3.249,0
2023-08-22,17.901,17.901,17.901,17.901,0.0517,0.2896,0
2023-08-23,17.2933,17.2933,17.2933,17.2933,-0.6077,-3.3948,0
2023-08-24,18.0102,18.0102,18.0102,18.0102,0.7169,4.1455,0
2023-08-25,17.1776,17.1776,17.1776,17.1776,-0.8326,-4.6229,0
2023-08-28,16.4326,16.4326,16.4326,16.4326,-0.745,-4.337,0
2023-08-29,15.9027,15.9027,15.9027,15.9027,-0.5299,-3.2247,0
2023-08-30,15.3029,15.3029,15.3029,15.3029,-0.5998,-3.7717,0
2023-08-31,15.0438,15.0438,15.0438,15.0438,-0.2591,-1.6931,0
2023-09-01,14.7971,14.7971,14.7971,14.7971,-0.2467,-1.6399,0
2023-09-05,14.9927,14.9927,14.9927,14.9927,0.1956,1.3219,0
2023-09-06,15.3467,15.3467,15.3467,15.3467,0.354,2.3611,0
2023-09-07,15.3022,15.3022,15.3022,15.3022,-0.0445,-0.29,0
2023-09-08,14.9405,14.9405,14.9405,14.9405,-0.3617,-2.3637,0
2023-09-11,14.5844,14.5844,14.5844,14.5844,-0.3561,-2.3835,0
2023-09-12,14.6385,14.6385,14.6385,14.6385,0.0541,0.3709,0
2023-09-13,13.9985,13.9985,13.9985,13.9985,-0.64,-4.372,0
2023-09-14,13.3689,13.3689,13.3689,13.3689,-0.6296,-4.4976,0
2023-09-15,14.2528,14.2528,14.2528,14.2528,0.8839,6.6116,0
2023-09-18,14.0971,14.0971,14.0971,14.0971,-0.1557,-1.0924,0
2023-09-19,14.0519,14.0519,14.0519,14.0519,-0.0452,-0.3206,0
2023-09-20,13.96,13.96,13.96,13.96,-0.0919,-0.654,0
2023-09-21,17.4859,17.4859,17.4859,17.4859,3.5259,25.2572,0
2023-09-22,17.4916,17.4916,17.4916,17.4916,0.0057,0.0326,0
2023-09-25,17.4974,17.4974,17.4974,17.4974,0.0058,0.0332,0
2023-09-26,19.1742,19.1742,19.1742,19.1742,1.6768,9.5831,0
2023-09-27,18.3022,18.3022,18.3022,18.3022,-0.872,-4.5478,0
2023-09-28,17.3515,17.3515,17.3515,17.3515,-0.9507,-5.1945,0
2023-09-29,17.7712,17.7712,17.7712,17.7712,0.4197,2.4188,0
2023-10-02,17.8507,17.8507,17.8507,17.8507,0.0795,0.4474,0
2023-10-03,19.6564,19.6564,19.6564,19.6564,1.8057,10.1156,0
2023-10-04,18.5177,18.5177,18.5177,18.5177,-1.1387,-5.793,0
2023-10-05,18.1998,18.1998,18.1998,18.1998,-0.3179,-1.7167,0
2023-10-06,18.0342,18.0342,18.0342,18.0342,-0.1656,-0.9099,0
2023-10-09,17.6467,17.6467,17.6467,17.6467,-0.3875,-2.1487,0
2023-10-10,16.9878,16.9878,16.9878,16.9878,-0.6589,-3.7338,0
2023-10-11,16.5021,16.5021,16.5021,16.5021,-0.4857,-2.8591,0
2023-10-12,16.9479,16.9479,16.9479,16.9479,0.4458,2.7015,0
2023-10-13,19.2567,19.2567,19.2567,19.2567,2.3088,13.6229,0
2023-10-16,17.1597,17.1597,17.1597,17.1597,-2.097,-10.8897,0
2023-10-17,17.8484,17.8484,17.8484,17.8484,0.6887,4.0135,0
2023-10-18,18.37,18.37,18.37,18.37,0.5216,2.9224,0
2023-10-19,20.5549,20.5549,20.5549,20.5549,2.1849,11.8938,0
2023-10-20,20.725,20.725,20.725,20.725,0.1701,0.8275,0
2023-10-23,20.0003,20.0003,20.0003,20.0003,-0.7247,-3.4967,0
2023-10-24,19.0875,19.0875,19.0875,19.0875,-0.9128,-4.5639,0
2023-10-25,20.3008,20.3008,20.3008,20.3008,1.2133,6.3565,0
2023-10-26,20.5375,20.5375,20.5375,20.5375,0.2367,1.166,0
2023-10-27,21.1865,21.1865,21.1865,21.1865,0.649,3.1601,0
2023-10-30,19.5901,19.5901,19.5901,19.5901,-1.5964,-7.535,0
2023-10-31,18.1268,18.1268,18.1268,18.1268,-1.4633,-7.4696,0
2023-11-01,17.3005,17.3005,17.3005,17.3005,-0.8263,-4.5584,0
2023-11-02,16.5565,16.5565,16.5565,16.5565,-0.744,-4.3005,0
2023-11-03,16.1519,16.1519,16.1519,16.1519,-0.4046,-2.4438,0
2023-11-06,15.6461,15.6461,15.6461,15.6461,-0.5058,-3.1315,0
2023-11-07,15.5014,15.5014,15.5014,15.5014,-0.1447,-0.9248,0
2023-11-08,15.1093,15.1093,15.1093,15.1093,-0.3921,-2.5294,0
2023-11-09,15.8874,15.8874,15.8874,15.8874,0.7781,5.1498,0
2023-11-10,14.8991,14.8991,14.8991,14.8991,-0.9883,-6.2207,0
2023-11-13,14.8035,14.8035,14.8035,14.8035,-0.0956,-0.6416,0
2023-11-14,14.2701,14.2701,14.2701,14.2701,-0.5334,-3.6032,0
2023-11-15,14.22,14.22,14.22,14.22,-0.0501,-0.3511,0
2023-11-16,15.1459,15.1459,15.1459,15.1459,0.9259,6.5113,0
2023-11-17,14.9042,14.9042,14.9042,14.9042,-0.2417,-1.5958,0
2023-11-20,14.776,14.776,14.776,14.776,-0.1282,-0.8602,0
2023-11-21,14.4523,14.4523,14.4523,14.4523,-0.3237,-2.1907,0
2023-11-22,14.5628,14.5628,14.5628,14.5628,0.1105,0.7646,0
2023-11-24,13.8496,13.8496,13.8496,13.8496,-0.7132,-4.8974,0
2023-11-27,13.9533,13.9533,13.9533,13.9533,0.1037,0.7488,0
2023-11-28,13.7842,13.7842,13.7842,13.7842,-0.1691,-1.2119,0
2023-11-29,13.9997,13.9997,13.9997,13.9997,0.2155,1.5634,0
2023-11-30,13.7578,13.7578,13.7578,13.7578,-0.2419,-1.7279,0
2023-12-01,13.6982,13.6982,13.6982,13.6982,-0.0596,-0.4332,0
2023-12-04,13.8006,13.8006,13.8006,13.8006,0.1024,0.7475,0
2023-12-05,13.663,13.663,13.663,13.663,-0.1376,-0.9971,0
2023-12-06,13.737,13.737,13.737,13.737,0.074,0.5416,0
2023-12-07,13.7485,13.7485,13.7485,13.7485,0.0115,0.0837,0
2023-12-08,13.3417,13.3417,13.3417,13.3417,-0.4068,-2.9589,0
2023-12-11,12.9471,12.9471,12.9471,12.9471,-0.3946,-2.9576,0
2023-12-12,12.4035,12.4035,12.4035,12.4035,-0.5436,-4.1986,0
2023-12-13,12.1843,12.1843,12.1843,12.1843,-0.2192,-1.7672,0
2023-12-14,12.3048,12.3048,12.3048,12.3048,0.1205,0.989,0
2023-12-15,12.4649,12.4649,12.4649,12.4649,0.1601,1.3011,0
2023-12-18,12.4176,12.4176,12.4176,12.4176,-0.0473,-0.3795,0
2023-12-19,12.409,12.409,12.409,12.409,-0.0086,-0.0693,0
2023-12-20,12.31,12.31,12.31,12.31,-0.099,-0.7978,0
2023-12-21,15.4414,15.4414,15.4414,15.4414,3.1314,25.4379,0
2023-12-22,15.0372,15.0372,15.0372,15.0372,-0.4042,-2.6176,0
2023-12-26,14.6063,14.6063,14.6063,14.6063,-0.4309,-2.8656,0
2023-12-27,13.9935,13.9935,13.9935,13.9935,-0.6128,-4.1954,0
2023-12-28,13.9837,13.9837,13.9837,13.9837,-0.0098,-0.07,0
2023-12-29,14.0512,14.0512,14.0512,14.0512,0.0675,0.4827,0
2024-01-02,14.1016,14.1016,14.1016,14.1016,0.0504,0.3587,0
2024-01-03,14.6997,14.6997,14.6997,14.6997,0.5981,4.2414,0
2024-01-04,14.6618,14.6618,14.6618,14.6618,-0.0379,-0.2578,0
2024-01-05,14.2034,14.2034,14.2034,14.2034,-0.4584,-3.1265,0
2024-01-08,13.7975,13.7975,13.7975,13.7975,-0.4059,-2.8578,0
2024-01-09,13.4039,13.4039,13.4039,13.4039,-0.3936,-2.8527,0
2024-01-10,13.3453,13.3453,13.3453,13.3453,-0.0586,-0.4372,0
2024-01-11,13.0512,13.0512,13.0512,13.0512,-0.2941,-2.2038,0
2024-01-12,13.1811,13.1811,13.1811,13.1811,0.1299,0.9953,0
2024-01-16,13.9544,13.9544,13.9544,13.9544,0.7733,5.8667,0
2024-01-17,15.13,15.13,15.13,15.13,1.1756,8.4246,0
2024-01-18,15.0037,15.0037,15.0037,15.0037,-0.1263,-0.8348,0
2024-01-19,14.6052,14.6052,14.6052,14.6052,-0.3985,-2.656,0
2024-01-22,14.0804,14.0804,14.0804,14.0804,-0.5248,-3.5932,0
2024-01-23,13.7002,13.7002,13.7002,13.7002,-0.3802,-2.7002,0
2024-01-24,14.038,14.038,14.038,14.038,0.3378,2.4657,0
2024-01-25,14.2261,14.2261,14.2261,14.2261,0.1881,1.3399,0
2024-01-26,14.1173,14.1173,14.1173,14.1173,-0.1088,-0.7648,0
2024-01-29,14.2508,14.2508,14.2508,14.2508,0.1335,0.9456,0
2024-01-30,13.9929,13.9929,13.9929,13.9929,-0.2579,-1.8097,0
2024-01-31,14.8735,14.8735,14.8735,14.8735,0.8806,6.2932,0
2024-02-01,14.6977,14.6977,14.6977,14.6977,-0.1758,-1.182,0
2024-02-02,14.5473,14.5473,14.5473,14.5473,-0.1504,-1.0233,0
2024-02-05,13.9557,13.9557,13.9557,13.9557,-0.5916,-4.0667,0
2024-02-06,13.5521,13.5521,13.5521,13.5521,-0.4036,-2.892,0
2024-02-07,13.3847,13.3847,13.3847,13.3847,-0.1674,-1.2352,0
2024-02-08,13.3452,13.3452,13.3452,13.3452,-0.0395,-0.2951,0
2024-02-09,13.3705,13.3705,13.3705,13.3705,0.0253,0.1896,0
2024-02-12,13.8034,13.8034,13.8034,13.8034,0.4329,3.2377,0
2024-02-13,15.7525,15.7525,15.7525,15.7525,1.9491,14.1204,0
2024-02-14,14.32,14.32,14.32,14.32,-1.4325,-9.0938,0
2024-02-15,15.0189,15.0189,15.0189,15.0189,0.6989,4.8806,0
2024-02-16,14.9515,14.9515,14.9515,14.9515,-0.0674,-0.4488,0
2024-02-20,15.5273,15.5273,15.5273,15.5273,0.5758,3.8511,0
2024-02-21,15.3494,15.3494,15.3494,15.3494,-0.1779,-1.1457,0
2024-02-22,15.0348,15.0348,15.0348,15.0348,-0.3146,-2.0496,0
2024-02-23,14.4301,14.4301,14.4301,14.4301,-0.6047,-4.022,0
2024-02-26,14.2522,14.2522,14.2522,14.2522,-0.1779,-1.2328,0
2024-02-27,13.9981,13.9981,13.9981,13.9981,-0.2541,-1.7829,0
2024-02-28,14.2232,14.2232,14.2232,14.2232,0.2251,1.6081,0
2024-02-29,14.0088,14.0088,14.0088,14.0088,-0.2144,-1.5074,0
2024-03-01,14.0481,14.0481,14.0481,14.0481,0.0393,0.2805,0
2024-03-04,14.0297,14.0297,14.0297,14.0297,-0.0184,-0.131,0
2024-03-05,14.703,14.703,14.703,14.703,0.6733,4.7991,0
2024-03-06,14.7897,14.7897,14.7897,14.7897,0.0867,0.5897,0
2024-03-07,14.6174,14.6174,14.6174,14.6174,-0.1723,-1.165,0
2024-03-08,15.0773,15.0773,15.0773,15.0773,0.4599,3.1463,0
2024-03-11,14.8956,14.8956,14.8956,14.8956,-0.1817,-1.2051,0
2024-03-12,13.9606,13.9606,13.9606,13.9606,-0.935,-6.277,0
2024-03-13,13.7973,13.7973,13.7973,13.7973,-0.1633,-1.1697,0
2024-03-14,14.342,14.342,14.342,14.342,0.5447,3.9479,0
2024-03-15,14.5984,14.5984,14.5984,14.5984,0.2564,1.7878,0
2024-03-18,14.3579,14.3579,14.3579,14.3579,-0.2405,-1.6474,0
2024-03-19,13.9448,13.9448,13.9448,13.9448,-0.4131,-2.8772,0
2024-03-20,14.17,14.17,14.17,14.17,0.2252,1.6149,0
2024-03-21,14.4567,14.4567,14.4567,14.4567,0.2867,2.0233,0
2024-03-22,14.4814,14.4814,14.4814,14.4814,0.0247,0.1709,0
2024-03-25,14.4005,14.4005,14.4005,14.4005,-0.0809,-0.5586,0
2024-03-26,14.3463,14.3463,14.3463,14.3463,-0.0542,-0.3764,0
2024-03-27,14.0661,14.0661,14.0661,14.0661,-0.2802,-1.9531,0
2024-03-28,14.3687,14.3687,14.3687,14.3687,0.3026,2.1513,0
2024-04-01,14.5022,14.5022,14.5022,14.5022,0.1335,0.9291,0
2024-04-02,14.9996,14.9996,14.9996,14.9996,0.4974,3.4298,0
2024-04-03,14.9446,14.9446,14.9446,14.9446,-0.055,-0.3667,0
2024-04-04,15.8308,15.8308,15.8308,15.8308,0.8862,5.9299,0
2024-04-05,16.0774,16.0774,16.0774,16.0774,0.2466,1.5577,0
2024-04-08,15.347,15.347,15.347,15.347,-0.7304,-4.543,0
2024-04-09,15.0753,15.0753,15.0753,15.0753,-0.2717,-1.7704,0
2024-04-10,15.3171,15.3171,15.3171,15.3171,0.2418,1.6039,0
2024-04-11,15.0239,15.0239,15.0239,15.0239,-0.2932,-1.9142,0
2024-04-12,17.0882,17.0882,17.0882,17.0882,2.0643,13.7401,0
2024-04-15,18.4081,18.4081,18.4081,18.4081,1.3199,7.724,0
2024-04-16,18.2475,18.2475,18.2475,18.2475,-0.1606,-0.8724,0
2024-04-17,18.03,18.03,18.03,18.03,-0.2175,-1.1919,0
2024-04-18,17.3829,17.3829,17.3829,17.3829,-0.6471,-3.589,0
2024-04-19,17.8354,17.8354,17.8354,17.8354,0.4525,2.6031,0
2024-04-22,16.4697,16.4697,16.4697,16.4697,-1.3657,-7.6572,0
2024-04-23,15.7943,15.7943,15.7943,15.7943,-0.6754,-4.1009,0
2024-04-24,15.6252,15.6252,15.6252,15.6252,-0.1691,-1.0706,0
2024-04-25,16.0018,16.0018,16.0018,16.0018,0.3766,2.4102,0
2024-04-26,15.3964,15.3964,15.3964,15.3964,-0.6054,-3.7833,0
2024-04-29,15.1678,15.1678,15.1678,15.1678,-0.2286,-1.4848,0
2024-04-30,15.6634,15.6634,15.6634,15.6634,0.4956,3.2674,0
2024-05-01,15.7081,15.7081,15.7081,15.7081,0.0447,0.2854,0
2024-05-02,15.1632,15.1632,15.1632,15.1632,-0.5449,-3.4689,0
2024-05-03,14.5915,14.5915,14.5915,14.5915,-0.5717,-3.7703,0
2024-05-06,14.1983,14.1983,14.1983,14.1983,-0.3932,-2.6947,0
2024-05-07,14.0973,14.0973,14.0973,14.0973,-0.101,-0.7114,0
2024-05-08,13.9112,13.9112,13.9112,13.9112,-0.1861,-1.3201,0
2024-05-09,13.8112,13.8112,13.8112,13.8112,-0.1,-0.7188,0
2024-05-10,13.5511,13.5511,13.5511,13.5511,-0.2601,-1.8833,0
2024-05-13,13.8191,13.8191,13.8191,13.8191,0.268,1.9777,0
2024-05-14,13.5162,13.5162,13.5162,13.5162,-0.3029,-2.1919,0
2024-05-15,12.879,12.879,12.879,12.879,-0.6372,-4.7143,0
2024-05-16,12.8347,12.8347,12.8347,12.8347,-0.0443,-0.344,0
2024-05-17,12.6503,12.6503,12.6503,12.6503,-0.1844,-1.4367,0
2024-05-20,12.5725,12.5725,12.5725,12.5725,-0.0778,-0.615,0
2024-05-21,12.1979,12.1979,12.1979,12.1979,-0.3746,-2.9795,0
2024-05-22,12.0,12.0,12.0,12.0,-0.1979,-1.6224,0
2024-05-23,13.8561,13.8561,13.8561,13.8561,1.8561,15.4675,0
2024-05-24,13.4272,13.4272,13.4272,13.4272,-0.4289,-3.0954,0
2024-05-28,13.7256,13.7256,13.7256,13.7256,0.2984,2.2224,0
2024-05-29,14.3394,14.3394,14.3394,14.3394,0.6138,4.4719,0
2024-05-30,14.2928,14.2928,14.2928,14.2928,-0.0466,-0.325,0
2024-05-31,13.7896,13.7896,13.7896,13.7896,-0.5032,-3.5207,0
2024-06-03,13.6535,13.6535,13.6535,13.6535,-0.1361,-0.987,0
2024-06-04,13.7165,13.7165,13.7165,13.7165,0.063,0.4614,0
2024-06-05,13.3525,13.3525,13.3525,13.3525,-0.364,-2.6537,0
2024-06-06,13.2562,13.2562,13.2562,13.2562,-0.0963,-0.7212,0
2024-06-07,13.0098,13.0098,13.0098,13.0098,-0.2464,-1.8588,0
2024-06-10,13.0295,13.0295,13.0295,13.0295,0.0197,0.1514,0
2024-06-11,12.9694,12.9694,12.9694,12.9694,-0.0601,-0.4613,0
2024-06-12,12.5556,12.5556,12.5556,12.5556,-0.4138,-3.1906,0
2024-06-13,12.4105,12.4105,12.4105,12.4105,-0.1451,-1.1557,0
2024-06-14,12.9549,12.9549,12.9549,12.9549,0.5444,4.3866,0
2024-06-17,12.8015,12.8015,12.8015,12.8015,-0.1534,-1.1841,0
2024-06-18,12.39,12.39,12.39,12.39,-0.4115,-3.2145,0
2024-06-20,14.7681,14.7681,14.7681,14.7681,2.3781,19.1937,0
2024-06-21,14.4458,14.4458,14.4458,14.4458,-0.3223,-2.1824,0
2024-06-24,14.3967,14.3967,14.3967,14.3967,-0.0491,-0.3399,0
2024-06-25,14.077,14.077,14.077,14.077,-0.3197,-2.2206,0
2024-06-26,13.9083,13.9083,13.9083,13.9083,-0.1687,-1.1984,0
2024-06-27,13.7587,13.7587,13.7587,13.7587,-0.1496,-1.0756,0
2024-06-28,14.0228,14.0228,14.0228,14.0228,0.2641,1.9195,0
2024-07-01,13.4175,13.4175,13.4175,13.4175,-0.6053,-4.3165,0
2024-07-02,13.206,13.206,13.206,13.206,-0.2115,-1.5763,0
2024-07-03,13.2699,13.2699,13.2699,13.2699,0.0639,0.4839,0
2024-07-05,13.3033,13.3033,13.3033,13.3033,0.0334,0.2517,0
2024-07-08,13.082,13.082,13.082,13.082,-0.2213,-1.6635,0
2024-07-09,12.9957,12.9957,12.9957,12.9957,-0.0863,-0.6597,0
2024-07-10,12.9335,12.9335,12.9335,12.9335,-0.0622,-0.4786,0
2024-07-11,13.1184,13.1184,13.1184,13.1184,0.1849,1.4296,0
2024-07-12,12.8311,12.8311,12.8311,12.8311,-0.2873,-2.1901,0
2024-07-15,13.1369,13.1369,13.1369,13.1369,0.3058,2.3833,0
2024-07-16,13.1593,13.1593,13.1593,13.1593,0.0224,0.1705,0
2024-07-17,13.89,13.89,13.89,13.89,0.7307,5.5527,0
2024-07-18,15.2934,15.2934,15.2934,15.2934,1.4034,10.1037,0
2024-07-19,15.9169,15.9169,15.9169,15.9169,0.6235,4.0769,0
2024-07-22,15.0439,15.0439,15.0439,15.0439,-0.873,-5.4847,0
2024-07-23,14.9323,14.9323,14.9323,14.9323,-0.1116,-0.7418,0
2024-07-24,17.072,17.072,17.072,17.072,2.1397,14.3293,0
2024-07-25,17.1444,17.1444,17.1444,17.1444,0.0724,0.4241,0
2024-07-26,16.1771,16.1771,16.1771,16.1771,-0.9673,-5.6421,0
2024-07-29,15.9722,15.9722,15.9722,15.9722,-0.2049,-1.2666,0
2024-07-30,16.4855,16.4855,16.4855,16.4855,0.5133,3.2137,0
2024-07-31,15.9994,15.9994,15.9994,15.9994,-0.4861,-2.9487,0
2024-08-01,17.4669,17.4669,17.4669,17.4669,1.4675,9.1722,0
2024-08-02,21.8527,21.8527,21.8527,21.8527,4.3858,25.1092,0
2024-08-05,32.0986,32.0986,32.0986,32.0986,10.2459,46.8862,0
2024-08-06,25.7702,25.7702,25.7702,25.7702,-6.3284,-19.7155,0
2024-08-07,25.0766,25.0766,25.0766,25.0766,-0.6936,-2.6915,0
2024-08-08,22.6885,22.6885,22.6885,22.6885,-2.3881,-9.5232,0
2024-08-09,19.4971,19.4971,19.4971,19.4971,-3.1914,-14.0662,0
2024-08-12,19.4647,19.4647,19.4647,19.4647,-0.0324,-0.1662,0
2024-08-13,17.5452,17.5452,17.5452,17.5452,-1.9195,-9.8614,0
2024-08-14,16.2453,16.2453,16.2453,16.2453,-1.2999,-7.4089,0
2024-08-15,15.3485,15.3485,15.3485,15.3485,-0.8968,-5.5204,0
2024-08-16,15.2799,15.2799,15.2799,15.2799,-0.0686,-0.4469,0
2024-08-19,14.7848,14.7848,14.7848,14.7848,-0.4951,-3.2402,0
2024-08-20,15.8801,15.8801,15.8801,15.8801,1.0953,7.4083,0
2024-08-21,16.11,16.11,16.11,16.11,0.2299,1.4477,0
2024-08-22,17.0095,17.0095,17.0095,17.0095,0.8995,5.5835,0
2024-08-23,15.9286,15.9286,15.9286,15.9286,-1.0809,-6.3547,0
2024-08-26,15.947,15.947,15.947,15.947,0.0184,0.1155,0
2024-08-27,15.5794,15.5794,15.5794,15.5794,-0.3676,-2.3051,0
2024-08-28,16.5703,16.5703,16.5703,16.5703,0.9909,6.3603,0
2024-08-29,15.9351,15.9351,15.9351,15.9351,-0.6352,-3.8334,0
2024-08-30,15.411,15.411,15.411,15.411,-0.5241,-3.289,0
2024-09-03,19.1208,19.1208,19.1208,19.1208,3.7098,24.0724,0
2024-09-04,19.5445,19.5445,19.5445,19.5445,0.4237,2.2159,0
2024-09-05,18.7523,18.7523,18.7523,18.7523,-0.7922,-4.0533,0
2024-09-06,20.4643,20.4643,20.4643,20.4643,1.712,9.1295,0
2024-09-09,18.7253,18.7253,18.7253,18.7253,-1.739,-8.4977,0
2024-09-10,18.2864,18.2864,18.2864,18.2864,-0.4389,-2.3439,0
2024-09-11,17.2328,17.2328,17.2328,17.2328,-1.0536,-5.7617,0
2024-09-12,16.9479,16.9479,16.9479,16.9479,-0.2849,-1.6532,0
2024-09-13,16.703,16.703,16.703,16.703,-0.2449,-1.445,0
2024-09-16,17.0904,17.0904,17.0904,17.0904,0.3874,2.3193,0
2024-09-17,17.8331,17.8331,17.8331,17.8331,0.7427,4.3457,0
2024-09-18,18.69,18.69,18.69,18.69,0.8569,4.8051,0
2024-09-19,18.0222,18.0222,18.0222,18.0222,-0.6678,-3.573,0
2024-09-20,17.9542,17.9542,17.9542,17.9542,-0.068,-0.3773,0
2024-09-23,18.0066,18.0066,18.0066,18.0066,0.0524,0.2919,0
2024-09-24,18.0531,18.0531,18.0531,18.0531,0.0465,0.2582,0
2024-09-25,18.3144,18.3144,18.3144,18.3144,0.2613,1.4474,0
2024-09-26,18.2977,18.2977,18.2977,18.2977,-0.0167,-0.0912,0
2024-09-27,19.2552,19.2552,19.2552,19.2552,0.9575,5.2329,0
2024-09-30,18.8425,18.8425,18.8425,18.8425,-0.4127,-2.1433,0
2024-10-01,20.4666,20.4666,20.4666,20.4666,1.6241,8.6193,0
2024-10-02,20.1015,20.1015,20.1015,20.1015,-0.3651,-1.7839,0
2024-10-03,21.0732,21.0732,21.0732,21.0732,0.9717,4.834,0
2024-10-04,20.2031,20.2031,20.2031,20.2031,-0.8701,-4.1289,0
2024-10-07,22.5656,22.5656,22.5656,22.5656,2.3625,11.6937,0
2024-10-08,21.4558,21.4558,21.4558,21.4558,-1.1098,-4.9181,0
2024-10-09,20.8987,20.8987,20.8987,20.8987,-0.5571,-2.5965,0
2024-10-10,21.3948,21.3948,21.3948,21.3948,0.4961,2.3738,0
2024-10-11,21.1276,21.1276,21.1276,21.1276,-0.2672,-1.2489,0
2024-10-14,20.2002,20.2002,20.2002,20.2002,-0.9274,-4.3895,0
2024-10-15,20.9675,20.9675,20.9675,20.9675,0.7673,3.7985,0
2024-10-16,20.97,20.97,20.97,20.97,0.0025,0.0119,0
2024-10-17,18.7641,18.7641,18.7641,18.7641,-2.2059,-10.5193,0
2024-10-18,18.3002,18.3002,18.3002,18.3002,-0.4639,-2.4723,0
2024-10-21,18.3564,18.3564,18.3564,18.3564,0.0562,0.3071,0
2024-10-22,18.2834,18.2834,18.2834,18.2834,-0.073,-0.3977,0
2024-10-23,19.274,19.274,19.274,19.274,0.9906,5.418,0
2024-10-24,18.9021,18.9021,18.9021,18.9021,-0.3719,-1.9295,0
2024-10-25,19.8968,19.8968,19.8968,19.8968,0.9947,5.2624,0
2024-10-28,18.7978,18.7978,18.7978,18.7978,-1.099,-5.5235,0
2024-10-29,18.7575,18.7575,18.7575,18.7575,-0.0403,-0.2144,0
2024-10-30,19.3182,19.3182,19.3182,19.3182,0.5607,2.9892,0
2024-10-31,20.9579,20.9579,20.9579,20.9579,1.6397,8.4879,0
2024-11-01,20.488,20.488,20.488,20.488,-0.4699,-2.2421,0
2024-11-04,19.5077,19.5077,19.5077,19.5077,-0.9803,-4.7848,0
2024-11-05,18.3442,18.3442,18.3442,18.3442,-1.1635,-5.9643,0
2024-11-06,16.246,16.246,16.246,16.246,-2.0982,-11.4379,0
2024-11-07,15.6411,15.6411,15.6411,15.6411,-0.6049,-3.7234,0
2024-11-08,15.4969,15.4969,15.4969,15.4969,-0.1442,-0.9219,0
2024-11-11,15.4861,15.4861,15.4861,15.4861,-0.0108,-0.0697,0
2024-11-12,15.2572,15.2572,15.2572,15.2572,-0.2289,-1.4781,0
2024-11-13,14.544,14.544,14.544,14.544,-0.7132,-4.6745,0
2024-11-14,14.64,14.64,14.64,14.64,0.096,0.6601,0
2024-11-15,16.3884,16.3884,16.3884,16.3884,1.7484,11.9426,0
2024-11-18,15.6117,15.6117,15.6117,15.6117,-0.7767,-4.7393,0
2024-11-19,16.4181,16.4181,16.4181,16.4181,0.8064,5.1654,0
2024-11-20,16.65,16.65,16.65,16.65,0.2319,1.4125,0
2024-11-21,16.7716,16.7716,16.7716,16.7716,0.1216,0.7303,0
2024-11-22,16.0654,16.0654,16.0654,16.0654,-0.7062,-4.2107,0
2024-11-25,15.4492,15.4492,15.4492,15.4492,-0.6162,-3.8356,0
2024-11-26,15.2541,15.2541,15.2541,15.2541,-0.1951,-1.2628,0
2024-11-27,15.169,15.169,15.169,15.169,-0.0851,-0.5579,0
2024-11-29,14.8517,14.8517,14.8517,14.8517,-0.3173,-2.0918,0
2024-12-02,14.7128,14.7128,14.7128,14.7128,-0.1389,-0.9352,0
2024-12-03,14.5309,14.5309,14.5309,14.5309,-0.1819,-1.2363,0
2024-12-04,14.6572,14.6572,14.6572,14.6572,0.1263,0.8692,0
2024-12-05,14.6032,14.6032,14.6032,14.6032,-0.054,-0.3684,0
2024-12-06,14.2855,14.2855,14.2855,14.2855,-0.3177,-2.1756,0
2024-12-09,14.7355,14.7355,14.7355,14.7355,0.45,3.15,0
2024-12-10,14.6523,14.6523,14.6523,14.6523,-0.0832,-0.5646,0
2024-12-11,14.2842,14.2842,14.2842,14.2842,-0.3681,-2.5122,0
2024-12-12,14.4062,14.4062,14.4062,14.4062,0.122,0.8541,0
2024-12-13,14.519,14.519,14.519,14.519,0.1128,0.783,0
2024-12-16,14.6997,14.6997,14.6997,14.6997,0.1807,1.2446,0
2024-12-17,15.7483,15.7483,15.7483,15.7483,1.0486,7.1335,0
2024-12-18,15.66,15.66,15.66,15.66,-0.0883,-0.5607,0
2024-12-19,21.7113,21.7113,21.7113,21.7113,6.0513,38.6418,0
2024-12-20,18.2606,18.2606,18.2606,18.2606,-3.4507,-15.8936,0
2024-12-23,17.0257,17.0257,17.0257,17.0257,-1.2349,-6.7626,0
2024-12-24,15.9878,15.9878,15.9878,15.9878,-1.0379,-6.0961,0
2024-12-26,16.0329,16.0329,16.0329,16.0329,0.0451,0.2821,0
2024-12-27,16.9415,16.9415,16.9415,16.9415,0.9086,5.6671,0
2024-12-30,17.3868,17.3868,17.3868,17.3868,0.4453,2.6285,0
2024-12-31,17.5177,17.5177,17.5177,17.5177,0.1309,0.7529,0
2025-01-02,17.9098,17.9098,17.9098,17.9098,0.3921,2.2383,0
2025-01-03,16.6858,16.6858,16.6858,16.6858,-1.224,-6.8342,0
2025-01-06,16.5686,16.5686,16.5686,16.5686,-0.1172,-0.7024,0
2025-01-07,17.8805,17.8805,17.8805,17.8805,1.3119,7.918,0
2025-01-08,17.7197,17.7197,17.7197,17.7197,-0.1608,-0.8993,0
2025-01-09,17.9667,17.9667,17.9667,17.9667,0.247,1.3939,0
2025-01-10,19.0119,19.0119,19.0119,19.0119,1.0452,5.8174,0
2025-01-13,18.5959,18.5959,18.5959,18.5959,-0.416,-2.1881,0
2025-01-14,18.2081,18.2081,18.2081,18.2081,-0.3878,-2.0854,0
2025-01-15,16.101,16.101,16.101,16.101,-2.1071,-11.5723,0
2025-01-16,16.189,16.189,16.189,16.189,0.088,0.5465,0
2025-01-17,16.1792,16.1792,16.1792,16.1792,-0.0098,-0.0605,0
2025-01-21,15.2423,15.2423,15.2423,15.2423,-0.9369,-5.7908,0
2025-01-22,15.53,15.53,15.53,15.53,0.2877,1.8875,0
2025-01-23,16.4733,16.4733,16.4733,16.4733,0.9433,6.0741,0
2025-01-24,16.382,16.382,16.382,16.382,-0.0913,-0.5542,0
2025-01-27,17.6133,17.6133,17.6133,17.6133,1.2313,7.5162,0
2025-01-28,16.939,16.939,16.939,16.939,-0.6743,-3.8284,0
2025-01-29,16.8431,16.8431,16.8431,16.8431,-0.0959,-0.5661,0
2025-01-30,16.7092,16.7092,16.7092,16.7092,-0.1339,-0.795,0
2025-01-31,17.3586,17.3586,17.3586,17.3586,0.6494,3.8865,0
2025-02-03,17.9108,17.9108,17.9108,17.9108,0.5522,3.1811,0
2025-02-04,17.2011,17.2011,17.2011,17.2011,-0.7097,-3.9624,0
2025-02-05,16.7703,16.7703,16.7703,16.7703,-0.4308,-2.5045,0
2025-02-06,16.5795,16.5795,16.5795,16.5795,-0.1908,-1.1377,0
2025-02-07,17.3458,17.3458,17.3458,17.3458,0.7663,4.622,0
2025-02-10,16.7021,16.7021,16.7021,16.7021,-0.6437,-3.711,0
2025-02-11,16.7694,16.7694,16.7694,16.7694,0.0673,0.4029,0
2025-02-12,16.8012,16.8012,16.8012,16.8012,0.0318,0.1896,0
2025-02-13,16.1349,16.1349,16.1349,16.1349,-0.6663,-3.9658,0
2025-02-14,16.0117,16.0117,16.0117,16.0117,-0.1232,-0.7636,0
2025-02-18,15.6602,15.6602,15.6602,15.6602,-0.3515,-2.1953,0
2025-02-19,15.94,15.94,15.94,15.94,0.2798,1.7867,0
2025-02-20,17.0326,17.0326,17.0326,17.0326,1.0926,6.8545,0
2025-02-21,18.3007,18.3007,18.3007,18.3007,1.2681,7.4451,0
2025-02-24,18.4302,18.4302,18.4302,18.4302,0.1295,0.7076,0
2025-02-25,18.4836,18.4836,18.4836,18.4836,0.0534,0.2897,0
2025-02-26,18.1337,18.1337,18.1337,18.1337,-0.3499,-1.893,0
2025-02-27,19.3063,19.3063,19.3063,19.3063,1.1726,6.4664,0
2025-02-28,18.8291,18.8291,18.8291,18.8291,-0.4772,-2.4717,0
2025-03-03,20.6577,20.6577,20.6577,20.6577,1.8286,9.7116,0
2025-03-04,21.2409,21.2409,21.2409,21.2409,0.5832,2.8232,0
2025-03-05,20.1269,20.1269,20.1269,20.1269,-1.114,-5.2446,0
2025-03-06,22.8281,22.8281,22.8281,22.8281,2.7012,13.4208,0
2025-03-07,21.6254,21.6254,21.6254,21.6254,-1.2027,-5.2685,0
2025-03-10,24.9344,24.9344,24.9344,24.9344,3.309,15.3015,0
2025-03-11,24.6115,24.6115,24.6115,24.6115,-0.3229,-1.295,0
2025-03-12,23.0749,23.0749,23.0749,23.0749,-1.5366,-6.2434,0
2025-03-13,24.4101,24.4101,24.4101,24.4101,1.3352,5.7864,0
2025-03-14,21.5211,21.5211,21.5211,21.5211,-2.889,-11.8353,0
2025-03-17,20.8352,20.8352,20.8352,20.8352,-0.6859,-3.1871,0
2025-03-18,21.63,21.63,21.63,21.63,0.7948,3.8147,0
2025-03-19,19.7513,19.7513,19.7513,19.7513,-1.8787,-8.6856,0
2025-03-20,19.4005,19.4005,19.4005,19.4005,-0.3508,-1.7761,0
2025-03-21,19.4179,19.4179,19.4179,19.4179,0.0174,0.0897,0
2025-03-24,18.0635,18.0635,18.0635,18.0635,-1.3544,-6.975,0
2025-03-25,18.2072,18.2072,18.2072,18.2072,0.1437,0.7955,0
2025-03-26,18.8445,18.8445,18.8445,18.8445,0.6373,3.5003,0
2025-03-27,18.9763,18.9763,18.9763,18.9763,0.1318,0.6994,0
2025-03-28,20.9817,20.9817,20.9817,20.9817,2.0054,10.5679,0
2025-03-31,20.8435,20.8435,20.8435,20.8435,-0.1382,-0.6587,0
2025-04-01,20.8794,20.8794,20.8794,20.8794,0.0359,0.1722,0
2025-04-02,20.1562,20.1562,20.1562,20.1562,-0.7232,-3.4637,0
2025-04-03,26.3753,26.3753,26.3753,26.3753,6.2191,30.8545,0
2025-04-04,32.4976,32.4976,32.4976,32.4976,6.1223,23.2122,0
2025-04-07,33.1708,33.1708,33.1708,33.1708,0.6732,2.0715,0
2025-04-08,39.1728,39.1728,39.1728,39.1728,6.002,18.0942,0
2025-04-09,28.6489,28.6489,28.6489,28.6489,-10.5239,-26.8653,0
2025-04-10,35.8622,35.8622,35.8622,35.8622,7.2133,25.1783,0
2025-04-11,34.6376,34.6376,34.6376,34.6376,-1.2246,-3.4147,0
2025-04-14,29.8594,29.8594,29.8594,29.8594,-4.7782,-13.7948,0
2025-04-15,29.9025,29.9025,29.9025,29.9025,0.0431,0.1443,0
2025-04-16,31.91,31.91,31.91,31.91,2.0075,6.7135,0
2025-04-17,26.7284,26.7284,26.7284,26.7284,-5.1816,-16.2382,0
2025-04-21,28.4469,28.4469,28.4469,28.4469,1.7185,6.4295,0
2025-04-22,26.5397,26.5397,26.5397,26.5397,-1.9072,-6.7044,0
2025-04-23,25.4379,25.4379,25.4379,25.4379,-1.1018,-4.1515,0
2025-04-24,24.5677,24.5677,24.5677,24.5677,-0.8702,-3.4209,0
2025-04-25,23.4981,23.4981,23.4981,23.4981,-1.0696,-4.3537,0
2025-04-28,23.682,23.682,23.682,23.682,0.1839,0.7826,0
2025-04-29,23.3847,23.3847,23.3847,23.3847,-0.2973,-1.2554,0
2025-04-30,24.0109,24.0109,24.0109,24.0109,0.6262,2.6778,0
2025-05-01,23.5699,23.5699,23.5699,23.5699,-0.441,-1.8367,0
2025-05-02,22.4818,22.4818,22.4818,22.4818,-1.0881,-4.6165,0
2025-05-05,23.1838,23.1838,23.1838,23.1838,0.702,3.1225,0
2025-05-06,24.1076,24.1076,24.1076,24.1076,0.9238,3.9847,0
2025-05-07,23.3234,23.3234,23.3234,23.3234,-0.7842,-3.2529,0
2025-05-08,22.2923,22.2923,22.2923,22.2923,-1.0311,-4.4209,0
2025-05-09,22.0058,22.0058,22.0058,22.0058,-0.2865,-1.2852,0
2025-05-12,18.571,18.571,18.571,18.571,-3.4348,-15.6086,0
2025-05-13,18.4379,18.4379,18.4379,18.4379,-0.1331,-0.7167,0
2025-05-14,18.7805,18.7805,18.7805,18.7805,0.3426,1.8581,0
2025-05-15,18.2334,18.2334,18.2334,18.2334,-0.5471,-2.9131,0
2025-05-16,17.9271,17.9271,17.9271,17.9271,-0.3063,-1.6799,0
2025-05-19,18.2044,18.2044,18.2044,18.2044,0.2773,1.5468,0
2025-05-20,18.0043,18.0043,18.0043,18.0043,-0.2001,-1.0992,0
2025-05-21,19.12,19.12,19.12,19.12,1.1157,6.1969,0
2025-05-22,20.6395,20.6395,20.6395,20.6395,1.5195,7.9472,0
2025-05-23,22.0425,22.0425,22.0425,22.0425,1.403,6.7976,0
2025-05-27,19.7008,19.7008,19.7008,19.7008,-2.3417,-10.6236,0
2025-05-28,19.92,19.92,19.92,19.92,0.2192,1.1126,0
2025-05-29,19.9594,19.9594,19.9594,19.9594,0.0394,0.1978,0
2025-05-30,20.0219,20.0219,20.0219,20.0219,0.0625,0.3131,0
2025-06-02,19.7059,19.7059,19.7059,19.7059,-0.316,-1.5783,0
2025-06-03,19.204,19.204,19.204,19.204,-0.5019,-2.547,0
2025-06-04,19.1474,19.1474,19.1474,19.1474,-0.0566,-0.2947,0
2025-06-05,19.5782,19.5782,19.5782,19.5782,0.4308,2.2499,0
2025-06-06,18.5314,18.5314,18.5314,18.5314,-1.0468,-5.3468,0
2025-06-09,18.3048,18.3048,18.3048,18.3048,-0.2266,-1.2228,0
2025-06-10,18.1408,18.1408,18.1408,18.1408,-0.164,-0.8959,0
2025-06-11,18.3462,18.3462,18.3462,18.3462,0.2054,1.1323,0
2025-06-12,18.7455,18.7455,18.7455,18.7455,0.3993,2.1765,0
2025-06-13,21.2716,21.2716,21.2716,21.2716,2.5261,13.4758,0
2025-06-16,19.1942,19.1942,19.1942,19.1942,-2.0774,-9.7661,0
2025-06-17,20.9935,20.9935,20.9935,20.9935,1.7993,9.3742,0
2025-06-18,20.68,20.68,20.68,20.68,-0.3135,-1.4933,0
2025-06-20,21.1254,21.1254,21.1254,21.1254,0.4454,2.1538,0
2025-06-23,20.7581,20.7581,20.7581,20.7581,-0.3673,-1.7387,0
2025-06-24,19.2484,19.2484,19.2484,19.2484,-1.5097,-7.2728,0
2025-06-25,19.0176,19.0176,19.0176,19.0176,-0.2308,-1.1991,0
2025-06-26,18.9112,18.9112,18.9112,18.9112,-0.1064,-0.5595,0
2025-06-27,18.8523,18.8523,18.8523,18.8523,-0.0589,-0.3115,0
2025-06-30,18.7125,18.7125,18.7125,18.7125,-0.1398,-0.7416,0
2025-07-01,18.6524,18.6524,18.6524,18.6524,-0.0601,-0.3212,0
2025-07-02,18.5591,18.5591,18.5591,18.5591,-0.0933,-0.5002,0
2025-07-03,18.3205,18.3205,18.3205,18.3205,-0.2386,-1.2856,0
2025-07-07,18.729,18.729,18.729,18.729,0.4085,2.2297,0
2025-07-08,18.0173,18.0173,18.0173,18.0173,-0.7117,-3.8,0
2025-07-09,17.0818,17.0818,17.0818,17.0818,-0.9355,-5.1922,0
2025-07-10,16.8712,16.8712,16.8712,16.8712,-0.2106,-1.2329,0
2025-07-11,17.1231,17.1231,17.1231,17.1231,0.2519,1.4931,0
2025-07-14,17.3381,17.3381,17.3381,17.3381,0.215,1.2556,0
2025-07-15,16.9855,16.9855,16.9855,16.9855,-0.3526,-2.0337,0
2025-07-16,16.74,16.74,16.74,16.74,-0.2455,-1.4454,0
2025-07-17,19.4451,19.4451,19.4451,19.4451,2.7051,16.1595,0
2025-07-18,19.141,19.141,19.141,19.141,-0.3041,-1.5639,0
2025-07-21,19.0016,19.0016,19.0016,19.0016,-0.1394,-0.7283,0
2025-07-22,18.8975,18.8975,18.8975,18.8975,-0.1041,-0.5478,0
2025-07-23,18.0956,18.0956,18.0956,18.0956,-0.8019,-4.2434,0
2025-07-24,18.0782,18.0782,18.0782,18.0782,-0.0174,-0.0962,0
2025-07-25,17.8844,17.8844,17.8844,17.8844,-0.1938,-1.072,0
2025-07-28,17.3948,17.3948,17.3948,17.3948,-0.4896,-2.7376,0
2025-07-29,17.8434,17.8434,17.8434,17.8434,0.4486,2.5789,0
2025-07-30,17.9038,17.9038,17.9038,17.9038,0.0604,0.3385,0
2025-07-31,17.9566,17.9566,17.9566,17.9566,0.0528,0.2949,0
2025-08-01,19.8518,19.8518,19.8518,19.8518,1.8952,10.5543,0
2025-08-04,18.1045,18.1045,18.1045,18.1045,-1.7473,-8.8017,0
2025-08-05,18.3111,18.3111,18.3111,18.3111,0.2066,1.1412,0
2025-08-06,17.6048,17.6048,17.6048,17.6048,-0.7063,-3.8572,0
2025-08-07,17.7978,17.7978,17.7978,17.7978,0.193,1.0963,0
2025-08-08,16.868,16.868,16.868,16.868,-0.9298,-5.2242,0
2025-08-11,16.9014,16.9014,16.9014,16.9014,0.0334,0.198,0
2025-08-12,15.8937,15.8937,15.8937,15.8937,-1.0077,-5.9622,0
2025-08-13,15.6455,15.6455,15.6455,15.6455,-0.2482,-1.5616,0
2025-08-14,15.7256,15.7256,15.7256,15.7256,0.0801,0.512,0
2025-08-15,15.7742,15.7742,15.7742,15.7742,0.0486,0.3091,0
2025-08-18,15.3206,15.3206,15.3206,15.3206,-0.4536,-2.8756,0
2025-08-19,15.5738,15.5738,15.5738,15.5738,0.2532,1.6527,0
2025-08-20,15.41,15.41,15.41,15.41,-0.1638,-1.0518,0
2025-08-21,18.6088,18.6088,18.6088,18.6088,3.1988,20.7579,0
2025-08-22,16.9975,16.9975,16.9975,16.9975,-1.6113,-8.6588,0
2025-08-25,17.0172,17.0172,17.0172,17.0172,0.0197,0.1159,0
2025-08-26,16.8867,16.8867,16.8867,16.8867,-0.1305,-0.7669,0
2025-08-27,16.9045,16.9045,16.9045,16.9045,0.0178,0.1054,0
2025-08-28,16.6525,16.6525,16.6525,16.6525,-0.252,-1.4907,0
2025-08-29,17.149,17.149,17.149,17.149,0.4965,2.9815,0
2025-09-02,17.7246,17.7246,17.7246,17.7246,0.5756,3.3565,0
2025-09-03,17.1889,17.1889,17.1889,17.1889,-0.5357,-3.0224,0
2025-09-04,16.5962,16.5962,16.5962,16.5962,-0.5927,-3.4482,0
2025-09-05,16.7106,16.7106,16.7106,16.7106,0.1144,0.6893,0
2025-09-08,16.3618,16.3618,16.3618,16.3618,-0.3488,-2.0873,0
2025-09-09,16.2916,16.2916,16.2916,16.2916,-0.0702,-0.429,0
2025-09-10,16.1314,16.1314,16.1314,16.1314,-0.1602,-0.9833,0
2025-09-11,15.6473,15.6473,15.6473,15.6473,-0.4841,-3.001,0
2025-09-12,15.5928,15.5928,15.5928,15.5928,-0.0545,-0.3483,0
2025-09-15,15.7566,15.7566,15.7566,15.7566,0.1638,1.0505,0
2025-09-16,16.1034,16.1034,16.1034,16.1034,0.3468,2.201,0
2025-09-17,15.86,15.86,15.86,15.86,-0.2434,-1.5115,0
2025-09-18,17.677,17.677,17.677,17.677,1.817,11.4565,0
2025-09-19,17.7179,17.7179,17.7179,17.7179,0.0409,0.2314,0
2025-09-22,18.0476,18.0476,18.0476,18.0476,0.3297,1.8608,0
2025-09-23,18.34,18.34,18.34,18.34,0.2924,1.6202,0
2025-09-24,18.0413,18.0413,18.0413,18.0413,-0.2987,-1.6287,0
2025-09-25,18.3333,18.3333,18.3333,18.3333,0.292,1.6185,0
2025-09-26,17.4931,17.4931,17.4931,17.4931,-0.8402,-4.5829,0
2025-09-29,17.7466,17.7466,17.7466,17.7466,0.2535,1.4491,0
2025-09-30,17.588,17.588,17.588,17.588,-0.1586,-0.8937,0
2025-10-01,17.5014,17.5014,17.5014,17.5014,-0.0866,-0.4924,0
2025-10-02,17.842,17.842,17.842,17.842,0.3406,1.9461,0
2025-10-03,17.7273,17.7273,17.7273,17.7273,-0.1147,-0.6429,0
2025-10-06,17.602,17.602,17.602,17.602,-0.1253,-0.7068,0
2025-10-07,18.1013,18.1013,18.1013,18.1013,0.4993,2.8366,0
2025-10-08,17.6497,17.6497,17.6497,17.6497,-0.4516,-2.4948,0
2025-10-09,17.7004,17.7004,17.7004,17.7004,0.0507,0.2873,0
2025-10-10,21.0095,21.0095,21.0095,21.0095,3.3091,18.6951,0
2025-10-13,19.0245,19.0245,19.0245,19.0245,-1.985,-9.4481,0
2025-10-14,20.2857,20.2857,20.2857,20.2857,1.2612,6.6293,0
2025-10-15,20.7228,20.7228,20.7228,20.7228,0.4371,2.1547,0
2025-10-16,24.0259,24.0259,24.0259,24.0259,3.3031,15.9394,0
2025-10-17,20.9137,20.9137,20.9137,20.9137,-3.1122,-12.9535,0
2025-10-20,18.4487,18.4487,18.4487,18.4487,-2.465,-11.7865,0
2025-10-21,18.018,18.018,18.018,18.018,-0.4307,-2.3346,0
2025-10-22,18.7,18.7,18.7,18.7,0.682,3.7851,0
2025-10-23,18.9203,18.9203,18.9203,18.9203,0.2203,1.1781,0
2025-10-24,18.6373,18.6373,18.6373,18.6373,-0.283,-1.4957,0
2025-10-27,18.0336,18.0336,18.0336,18.0336,-0.6037,-3.2392,0
2025-10-28,18.5732,18.5732,18.5732,18.5732,0.5396,2.9922,0
2025-10-29,18.9367,18.9367,18.9367,18.9367,0.3635,1.9571,0
2025-10-30,19.108,19.108,19.108,19.108,0.1713,0.9046,0
2025-10-31,19.1308,19.1308,19.1308,19.1308,0.0228,0.1193,0
2025-11-03,18.938,18.938,18.938,18.938,-0.1928,-1.0078,0
2025-11-04,19.7605,19.7605,19.7605,19.7605,0.8225,4.3431,0
2025-11-05,18.9114,18.9114,18.9114,18.9114,-0.8491,-4.297,0
2025-11-06,20.053,20.053,20.053,20.053,1.1416,6.0366,0
2025-11-07,19.8557,19.8557,19.8557,19.8557,-0.1973,-0.9839,0
2025-11-10,18.5012,18.5012,18.5012,18.5012,-1.3545,-6.8217,0
2025-11-11,18.3268,18.3268,18.3268,18.3268,-0.1744,-0.9426,0
2025-11-12,18.3384,18.3384,18.3384,18.3384,0.0116,0.0633,0
2025-11-13,20.4452,20.4452,20.4452,20.4452,2.1068,11.4885,0
2025-11-14,20.0738,20.0738,20.0738,20.0738,-0.3714,-1.8166,0
2025-11-17,22.0493,22.0493,22.0493,22.0493,1.9755,9.8412,0
2025-11-18,23.9669,23.9669,23.9669,23.9669,1.9176,8.6969,0
2025-11-19,23.9,23.9,23.9,23.9,-0.0669,-0.2791,0
2025-11-20,22.867,22.867,22.867,22.867,-1.033,-4.3222,0
2025-11-21,21.5533,21.5533,21.5533,21.5533,-1.3137,-5.745,0
2025-11-24,19.8948,19.8948,19.8948,19.8948,-1.6585,-7.6949,0
2025-11-25,19.3179,19.3179,19.3179,19.3179,-0.5769,-2.8998,0
2025-11-26,18.7431,18.7431,18.7431,18.7431,-0.5748,-2.9755,0
2025-11-28,18.2687,18.2687,18.2687,18.2687,-0.4744,-2.5311,0
2025-12-01,18.3442,18.3442,18.3442,18.3442,0.0755,0.4133,0
2025-12-02,17.9472,17.9472,17.9472,17.9472,-0.397,-2.1642,0
2025-12-03,17.7946,17.7946,17.7946,17.7946,-0.1526,-0.8503,0
2025-12-04,17.5422,17.5422,17.5422,17.5422,-0.2524,-1.4184,0
2025-12-05,17.2631,17.2631,17.2631,17.2631,-0.2791,-1.591,0
2025-12-08,17.6046,17.6046,17.6046,17.6046,0.3415,1.9782,0
2025-12-09,17.609,17.609,17.609,17.609,0.0044,0.025,0
2025-12-10,16.6644,16.6644,16.6644,16.6644,-0.9446,-5.3643,0
2025-12-11,16.2564,16.2564,16.2564,16.2564,-0.408,-2.4483,0
2025-12-12,16.5715,16.5715,16.5715,16.5715,0.3151,1.9383,0
2025-12-15,16.5036,16.5036,16.5036,16.5036,-0.0679,-0.4097,0
2025-12-16,16.3399,16.3399,16.3399,16.3399,-0.1637,-0.9919,0
2025-12-17,16.01,16.01,16.01,16.01,-0.3299,-2.019,0
2025-12-18,18.1867,18.1867,18.1867,18.1867,2.1767,13.5959,0
2025-12-19,17.4453,17.4453,17.4453,17.4453,-0.7414,-4.0766,0
2025-12-22,16.8537,16.8537,16.8537,16.8537,-0.5916,-3.3912,0
2025-12-23,16.9364,16.9364,16.9364,16.9364,0.0827,0.4907,0
2025-12-24,16.8532,16.8532,16.8532,16.8532,-0.0832,-0.4912,0
2025-12-26,16.8173,16.8173,16.8173,16.8173,-0.0359,-0.213,0
2025-12-29,16.6251,16.6251,16.6251,16.6251,-0.1922,-1.1429,0
2025-12-30,16.3736,16.3736,16.3736,16.3736,-0.2515,-1.5128,0
2025-12-31,16.5325,16.5325,16.5325,16.5325,0.1589,0.9705,0
2026-01-02,16.1271,16.1271,16.1271,16.1271,-0.4054,-2.4521,0
2026-01-05,16.4125,16.4125,16.4125,16.4125,0.2854,1.7697,0
2026-01-06,16.2426,16.2426,16.2426,16.2426,-0.1699,-1.0352,0
2026-01-07,16.6914,16.6914,16.6914,16.6914,0.4488,2.7631,0
2026-01-08,16.5193,16.5193,16.5193,16.5193,-0.1721,-1.0311,0
2026-01-09,16.1552,16.1552,16.1552,16.1552,-0.3641,-2.2041,0
2026-01-12,16.1224,16.1224,16.1224,16.1224,-0.0328,-0.203,0
2026-01-13,16.5992,16.5992,16.5992,16.5992,0.4768,2.9574,0
2026-01-14,17.287,17.287,17.287,17.287,0.6878,4.1436,0
2026-01-15,16.5041,16.5041,16.5041,16.5041,-0.7829,-4.5288,0
2026-01-16,16.6389,16.6389,16.6389,16.6389,0.1348,0.8168,0
2026-01-20,20.2228,20.2228,20.2228,20.2228,3.5839,21.5393,0
2026-01-21,18.82,18.82,18.82,18.82,-1.4028,-6.9367,0
2026-01-22,17.9803,17.9803,17.9803,17.9803,-0.8397,-4.4617,0
2026-01-23,18.346,18.346,18.346,18.346,0.3657,2.0339,0
2026-01-26,18.2753,18.2753,18.2753,18.2753,-0.0707,-0.3854,0
2026-01-27,18.594,18.594,18.594,18.594,0.3187,1.7439,0
2026-01-28,18.6005,18.6005,18.6005,18.6005,0.0065,0.035,0
2026-01-29,18.7805,18.7805,18.7805,18.7805,0.18,0.9677,0
2026-01-30,19.0448,19.0448,19.0448,19.0448,0.2643,1.4073,0
2026-02-02,17.9118,17.9118,17.9118,17.9118,-1.133,-5.9491,0
2026-02-03,18.9085,18.9085,18.9085,18.9085,0.9967,5.5645,0
2026-02-04,19.2928,19.2928,19.2928,19.2928,0.3843,2.0324,0
2026-02-05,20.8475,20.8475,20.8475,20.8475,1.5547,8.0584,0
2026-02-06,19.1365,19.1365,19.1365,19.1365,-1.711,-8.2072,0
2026-02-09,18.2983,18.2983,18.2983,18.2983,-0.8382,-4.3801,0
2026-02-10,18.8064,18.8064,18.8064,18.8064,0.5081,2.7768,0
2026-02-11,18.6671,18.6671,18.6671,18.6671,-0.1393,-0.7407,0
2026-02-12,20.6575,20.6575,20.6575,20.6575,1.9904,10.6626,0
2026-02-13,21.029,21.029,21.029,21.029,0.3715,1.7984,0
2026-02-17,20.0571,20.0571,20.0571,20.0571,-0.9719,-4.6217,0
2026-02-18,19.69,19.69,19.69,19.69,-0.3671,-1.8303,0
2026-02-19,20.7531,20.7531,20.7531,20.7531,1.0631,5.3992,0
2026-02-20,20.2231,20.2231,20.2231,20.2231,-0.53,-2.5538,0
2026-02-23,21.0977,21.0977,21.0977,21.0977,0.8746,4.3248,0
2026-02-24,20.2524,20.2524,20.2524,20.2524,-0.8453,-4.0066,0
2026-02-25,19.4492,19.4492,19.4492,19.4492,-0.8032,-3.9659,0
2026-02-26,19.7561,19.7561,19.7561,19.7561,0.3069,1.578,0
2026-02-27,20.6361,20.6361,20.6361,20.6361,0.88,4.4543,0
2026-03-02,20.932,20.932,20.932,20.932,0.2959,1.4339,0
2026-03-03,22.1056,22.1056,22.1056,22.1056,1.1736,5.6067,0
2026-03-04,21.2017,21.2017,21.2017,21.2017,-0.9039,-4.089,0
2026-03-05,22.9737,22.9737,22.9737,22.9737,1.772,8.3578,0
2026-03-06,26.9657,26.9657,26.9657,26.9657,3.992,17.3764,0
2026-03-09,23.5673,23.5673,23.5673,23.5673,-3.3984,-12.6027,0
2026-03-10,25.0953,25.0953,25.0953,25.0953,1.528,6.4836,0
2026-03-11,23.5823,23.5823,23.5823,23.5823,-1.513,-6.029,0
2026-03-12,25.8135,25.8135,25.8135,25.8135,2.2312,9.4613,0
2026-03-13,26.3706,26.3706,26.3706,26.3706,0.5571,2.1582,0
2026-03-16,23.3145,23.3145,23.3145,23.3145,-3.0561,-11.589,0
2026-03-17,22.3122,22.3122,22.3122,22.3122,-1.0023,-4.299,0
2026-03-18,22.89,22.89,22.89,22.89,0.5778,2.5896,0
2026-03-19,23.9468,23.9468,23.9468,23.9468,1.0568,4.6169,0
2026-03-20,25.7467,25.7467,25.7467,25.7467,1.7999,7.5162,0
2026-03-23,24.3024,24.3024,24.3024,24.3024,-1.4443,-5.6097,0
2026-03-24,24.9404,24.9404,24.9404,24.9404,0.638,2.6253,0
2026-03-25,24.2885,24.2885,24.2885,24.2885,-0.6519,-2.6138,0
2026-03-26,26.2588,26.2588,26.2588,26.2588,1.9703,8.1121,0
2026-03-27,28.49,28.49,28.49,28.49,2.2312,8.497,0
2026-03-30,28.2082,28.2082,28.2082,28.2082,-0.2818,-0.9891,0
2026-03-31,25.0224,25.0224,25.0224,25.0224,-3.1858,-11.2939,0
2026-04-01,25.0,25.25,23.95,24.4503,-0.5721,-2.29%,"105,826"
2026-04-02,24.35,26.9,24.16,24.4806,0.0303,+0.12%,"115,725"
2026-04-03,24.55,24.95,24.38,24.9,0.4194,+1.71%,"3,436"
2026-04-06,25.15,25.75,23.55,23.843,-1.057,-4.24%,"77,035"
2026-04-07,23.8,26.25,23.65,24.9752,1.1322,+4.75%,"118,888"
2026-04-08,24.35,24.81,21.14,21.6653,-3.3099,-13.25%,"156,721"
2026-04-09,21.95,22.3,20.25,20.2766,-1.3887,-6.41%,"90,578"
2026-04-10,20.35,20.9,19.8,20.4077,0.1311,+0.65%,"65,436"
2026-04-13,21.45,22.25,19.3,19.304,-1.1037,-5.41%,"68,661"
2026-04-14,20.6,20.7,20.15,20.4795,-0.2352,-1.14%,"88,379"
2026-04-15,20.45,20.8,20.2,20.5903,0.1108,+0.54%,"74,896"
2026-04-16,20.55,21.05,20.35,20.4999,-0.0904,-0.44%,"78,996"
2026-04-17,20.47,20.6,19.75,20.2916,-0.2083,-1.02%,"90,365"
2026-04-20,21.15,21.6,20.45,20.5949,0.3033,+1.49%,"72,847"
2026-04-21,20.45,21.35,20.2,20.9532,0.3583,+1.74%,"118,514"
2026-04-22,20.7,20.96,20.39,20.6508,-0.3024,-1.44%,"62,067"
2026-04-23,20.66,21.76,20.45,20.6595,0.0087,+0.04%,"120,760"
2026-04-24,20.7,20.91,20.35,20.8574,0.1979,+0.96%,"75,854"
2026-04-27,20.8,20.9,19.97,20.0502,-0.8072,-3.87%,"64,006"
2026-04-28,20.04,20.65,19.65,19.7201,-0.3301,-1.65%,"80,772"
2026-04-29,19.71,20.55,19.5,20.2515,0.5314,+2.69%,"87,351"
2026-04-30,20.5,20.67,19.37,19.4774,-0.7741,-3.82%,"68,993"
2026-05-01,19.4,19.83,19.2,19.6928,0.2154,+1.11%,"65,182"
2026-05-04,19.45,20.65,19.1,19.9531,0.2603,+1.32%,"99,428"
2026-05-05,19.95,20.0,19.38,19.7775,-0.1756,-0.88%,"58,834"
2026-05-06,19.55,19.6,18.7,19.3268,-0.4507,-2.28%,"90,027"
2026-05-07,19.3,19.45,18.8,19.3,-0.0268,-0.14%,"85,176"
2026-05-08,19.35,19.35,18.75,19.2159,-0.0841,-0.44%,"63,454"
2026-05-11,19.3,19.6,19.05,19.4709,0.255,+1.33%,"61,556"
2026-05-12,19.5,20.0,18.8,19.0069,-0.464,-2.38%,"85,726"
2026-05-13,19.02,19.25,18.8,19.0526,0.0457,+0.24%,"53,818"
2026-05-14,18.9,19.15,18.25,18.3627,-0.6899,-3.62%,"52,922"
2026-05-15,18.4,19.65,18.3,19.106,0.7433,+4.05%,"90,727"
2026-05-18,20.65,20.95,20.15,20.281,-0.3753,-1.82%,"137,208"
2026-05-19,20.25,20.55,20.05,20.4174,+0.1364,+0.67%,"94,845"
