Date,Percentage
1999-01-04,0.0
1999-01-05,0.0
1999-01-06,0.0
1999-01-07,0.0
1999-01-08,0.0
1999-01-11,0.0
1999-01-12,0.0
1999-01-13,0.0
1999-01-14,0.0
1999-01-15,38.88888888888889
1999-01-19,33.33333333333333
1999-01-20,50.0
1999-01-21,27.77777777777778
1999-01-22,16.666666666666664
1999-01-25,22.22222222222222
1999-01-26,38.88888888888889
1999-01-27,27.77777777777778
1999-01-28,55.55555555555556
1999-01-29,55.55555555555556
1999-02-01,55.55555555555556
1999-02-02,38.88888888888889
1999-02-03,44.44444444444444
1999-02-04,44.44444444444444
1999-02-05,22.22222222222222
1999-02-08,27.77777777777778
1999-02-09,11.11111111111111
1999-02-10,5.555555555555555
1999-02-11,33.33333333333333
1999-02-12,16.666666666666664
1999-02-16,27.77777777777778
1999-02-17,33.33333333333333
1999-02-18,38.88888888888889
1999-02-19,55.55555555555556
1999-02-22,77.77777777777779
1999-02-23,72.22222222222221
1999-02-24,83.33333333333334
1999-02-25,61.111111111111114
1999-02-26,50.0
1999-03-01,16.666666666666664
1999-03-02,11.11111111111111
1999-03-03,11.11111111111111
1999-03-04,16.666666666666664
1999-03-05,55.55555555555556
1999-03-08,61.111111111111114
1999-03-09,66.66666666666666
1999-03-10,83.33333333333334
1999-03-11,100.0
1999-03-12,100.0
1999-03-15,88.88888888888889
1999-03-16,94.44444444444444
1999-03-17,83.33333333333334
1999-03-18,61.111111111111114
1999-03-19,72.22222222222221
1999-03-22,38.88888888888889
1999-03-23,16.666666666666664
1999-03-24,5.555555555555555
1999-03-25,44.44444444444444
1999-03-26,22.22222222222222
1999-03-29,44.44444444444444
1999-03-30,33.33333333333333
1999-03-31,50.0
1999-04-01,77.77777777777779
1999-04-05,83.33333333333334
1999-04-06,100.0
1999-04-07,100.0
1999-04-08,100.0
1999-04-09,100.0
1999-04-12,88.88888888888889
1999-04-13,83.33333333333334
1999-04-14,94.44444444444444
1999-04-15,66.66666666666666
1999-04-16,55.55555555555556
1999-04-19,50.0
1999-04-20,50.0
1999-04-21,50.0
1999-04-22,66.66666666666666
1999-04-23,66.66666666666666
1999-04-26,77.77777777777779
1999-04-27,100.0
1999-04-28,94.44444444444444
1999-04-29,88.88888888888889
1999-04-30,72.22222222222221
1999-05-03,88.88888888888889
1999-05-04,77.77777777777779
1999-05-05,72.22222222222221
1999-05-06,66.66666666666666
1999-05-07,55.55555555555556
1999-05-10,50.0
1999-05-11,55.55555555555556
1999-05-12,22.22222222222222
1999-05-13,55.55555555555556
1999-05-14,16.666666666666664
1999-05-17,0.0
1999-05-18,0.0
1999-05-19,5.555555555555555
1999-05-20,44.44444444444444
1999-05-21,38.88888888888889
1999-05-24,22.22222222222222
1999-05-25,22.22222222222222
1999-05-26,11.11111111111111
1999-05-27,0.0
1999-05-28,11.11111111111111
1999-06-01,16.666666666666664
1999-06-02,22.22222222222222
1999-06-03,50.0
1999-06-04,77.77777777777779
1999-06-07,88.88888888888889
1999-06-08,100.0
1999-06-09,100.0
1999-06-10,88.88888888888889
1999-06-11,77.77777777777779
1999-06-14,66.66666666666666
1999-06-15,55.55555555555556
1999-06-16,72.22222222222221
1999-06-17,61.111111111111114
1999-06-18,94.44444444444444
1999-06-21,88.88888888888889
1999-06-22,77.77777777777779
1999-06-23,55.55555555555556
1999-06-24,38.88888888888889
1999-06-25,44.44444444444444
1999-06-28,44.44444444444444
1999-06-29,55.55555555555556
1999-06-30,88.88888888888889
1999-07-01,83.33333333333334
1999-07-02,77.77777777777779
1999-07-06,88.88888888888889
1999-07-07,77.77777777777779
1999-07-08,72.22222222222221
1999-07-09,50.0
1999-07-12,50.0
1999-07-13,22.22222222222222
1999-07-14,27.77777777777778
1999-07-15,61.111111111111114
1999-07-16,44.44444444444444
1999-07-19,66.66666666666666
1999-07-20,38.88888888888889
1999-07-21,27.77777777777778
1999-07-22,5.555555555555555
1999-07-23,5.555555555555555
1999-07-26,5.555555555555555
1999-07-27,33.33333333333333
1999-07-28,44.44444444444444
1999-07-29,16.666666666666664
1999-07-30,44.44444444444444
1999-08-02,38.88888888888889
1999-08-03,44.44444444444444
1999-08-04,50.0
1999-08-05,33.33333333333333
1999-08-06,0.0
1999-08-09,11.11111111111111
1999-08-10,11.11111111111111
1999-08-11,22.22222222222222
1999-08-12,44.44444444444444
1999-08-13,83.33333333333334
1999-08-16,83.33333333333334
1999-08-17,83.33333333333334
1999-08-18,88.88888888888889
1999-08-19,77.77777777777779
1999-08-20,88.88888888888889
1999-08-23,94.44444444444444
1999-08-24,100.0
1999-08-25,88.88888888888889
1999-08-26,83.33333333333334
1999-08-27,61.111111111111114
1999-08-30,55.55555555555556
1999-08-31,16.666666666666664
1999-09-01,66.66666666666666
1999-09-02,22.22222222222222
1999-09-03,66.66666666666666
1999-09-07,55.55555555555556
1999-09-08,55.55555555555556
1999-09-09,88.88888888888889
1999-09-10,66.66666666666666
1999-09-13,44.44444444444444
1999-09-14,22.22222222222222
1999-09-15,5.555555555555555
1999-09-16,5.555555555555555
1999-09-17,16.666666666666664
1999-09-20,44.44444444444444
1999-09-21,5.555555555555555
1999-09-22,16.666666666666664
1999-09-23,16.666666666666664
1999-09-24,22.22222222222222
1999-09-27,27.77777777777778
1999-09-28,22.22222222222222
1999-09-29,22.22222222222222
1999-09-30,55.55555555555556
1999-10-01,66.66666666666666
1999-10-04,72.22222222222221
1999-10-05,83.33333333333334
1999-10-06,94.44444444444444
1999-10-07,88.88888888888889
1999-10-08,77.77777777777779
1999-10-11,83.33333333333334
1999-10-12,83.33333333333334
1999-10-13,33.33333333333333
1999-10-14,27.77777777777778
1999-10-15,5.555555555555555
1999-10-18,0.0
1999-10-19,16.666666666666664
1999-10-20,16.666666666666664
1999-10-21,5.555555555555555
1999-10-22,38.88888888888889
1999-10-25,55.55555555555556
1999-10-26,55.55555555555556
1999-10-27,50.0
1999-10-28,88.88888888888889
1999-10-29,94.44444444444444
1999-11-01,83.33333333333334
1999-11-02,88.88888888888889
1999-11-03,88.88888888888889
1999-11-04,88.88888888888889
1999-11-05,88.88888888888889
1999-11-08,66.66666666666666
1999-11-09,83.33333333333334
1999-11-10,88.88888888888889
1999-11-11,100.0
1999-11-12,83.33333333333334
1999-11-15,94.44444444444444
1999-11-16,83.33333333333334
1999-11-17,94.44444444444444
1999-11-18,83.33333333333334
1999-11-19,77.77777777777779
1999-11-22,72.22222222222221
1999-11-23,61.111111111111114
1999-11-24,38.88888888888889
1999-11-26,66.66666666666666
1999-11-29,61.111111111111114
1999-11-30,11.11111111111111
1999-12-01,27.77777777777778
1999-12-02,55.55555555555556
1999-12-03,88.88888888888889
1999-12-06,88.88888888888889
1999-12-07,88.88888888888889
1999-12-08,77.77777777777779
1999-12-09,83.33333333333334
1999-12-10,83.33333333333334
1999-12-13,83.33333333333334
1999-12-14,66.66666666666666
1999-12-15,38.88888888888889
1999-12-16,61.111111111111114
1999-12-17,88.88888888888889
1999-12-20,88.88888888888889
1999-12-21,77.77777777777779
1999-12-22,83.33333333333334
1999-12-23,100.0
1999-12-27,100.0
1999-12-28,94.44444444444444
1999-12-29,77.77777777777779
1999-12-30,94.44444444444444
1999-12-31,94.44444444444444
2000-01-03,100.0
2000-01-04,11.11111111111111
2000-01-05,11.11111111111111
2000-01-06,11.11111111111111
2000-01-07,38.88888888888889
2000-01-10,77.77777777777779
2000-01-11,55.55555555555556
2000-01-12,44.44444444444444
2000-01-13,55.55555555555556
2000-01-14,77.77777777777779
2000-01-18,55.55555555555556
2000-01-19,44.44444444444444
2000-01-20,44.44444444444444
2000-01-21,22.22222222222222
2000-01-24,5.555555555555555
2000-01-25,0.0
2000-01-26,22.22222222222222
2000-01-27,16.666666666666664
2000-01-28,5.555555555555555
2000-01-31,11.11111111111111
2000-02-01,11.11111111111111
2000-02-02,61.111111111111114
2000-02-03,88.88888888888889
2000-02-04,72.22222222222221
2000-02-07,83.33333333333334
2000-02-08,88.88888888888889
2000-02-09,88.88888888888889
2000-02-10,83.33333333333334
2000-02-11,55.55555555555556
2000-02-14,61.111111111111114
2000-02-15,38.88888888888889
2000-02-16,50.0
2000-02-17,61.111111111111114
2000-02-18,22.22222222222222
2000-02-22,33.33333333333333
2000-02-23,44.44444444444444
2000-02-24,33.33333333333333
2000-02-25,27.77777777777778
2000-02-28,11.11111111111111
2000-02-29,44.44444444444444
2000-03-01,55.55555555555556
2000-03-02,72.22222222222221
2000-03-03,72.22222222222221
2000-03-06,61.111111111111114
2000-03-07,38.88888888888889
2000-03-08,61.111111111111114
2000-03-09,61.111111111111114
2000-03-10,55.55555555555556
2000-03-13,0.0
2000-03-14,22.22222222222222
2000-03-15,22.22222222222222
2000-03-16,61.111111111111114
2000-03-17,55.55555555555556
2000-03-20,77.77777777777779
2000-03-21,72.22222222222221
2000-03-22,72.22222222222221
2000-03-23,94.44444444444444
2000-03-24,94.44444444444444
2000-03-27,77.77777777777779
2000-03-28,83.33333333333334
2000-03-29,50.0
2000-03-30,16.666666666666664
2000-03-31,22.22222222222222
2000-04-03,27.77777777777778
2000-04-04,22.22222222222222
2000-04-05,16.666666666666664
2000-04-06,33.33333333333333
2000-04-07,50.0
2000-04-10,61.111111111111114
2000-04-11,27.77777777777778
2000-04-12,11.11111111111111
2000-04-13,16.666666666666664
2000-04-14,5.555555555555555
2000-04-17,5.555555555555555
2000-04-18,11.11111111111111
2000-04-19,11.11111111111111
2000-04-20,16.666666666666664
2000-04-24,5.555555555555555
2000-04-25,50.0
2000-04-26,50.0
2000-04-27,44.44444444444444
2000-04-28,61.111111111111114
2000-05-01,72.22222222222221
2000-05-02,55.55555555555556
2000-05-03,16.666666666666664
2000-05-04,22.22222222222222
2000-05-05,38.88888888888889
2000-05-08,11.11111111111111
2000-05-09,22.22222222222222
2000-05-10,22.22222222222222
2000-05-11,27.77777777777778
2000-05-12,63.1578947368421
2000-05-15,57.89473684210527
2000-05-16,89.47368421052632
2000-05-17,21.052631578947366
2000-05-18,42.10526315789473
2000-05-19,10.526315789473683
2000-05-22,10.526315789473683
2000-05-23,10.526315789473683
2000-05-24,26.31578947368421
2000-05-25,26.31578947368421
2000-05-26,47.368421052631575
2000-05-30,84.21052631578947
2000-05-31,84.21052631578947
2000-06-01,94.73684210526315
2000-06-02,100.0
2000-06-05,94.73684210526315
2000-06-06,94.73684210526315
2000-06-07,94.73684210526315
2000-06-08,89.47368421052632
2000-06-09,84.21052631578947
2000-06-12,73.68421052631578
2000-06-13,84.21052631578947
2000-06-14,84.21052631578947
2000-06-15,47.368421052631575
2000-06-16,42.10526315789473
2000-06-19,47.368421052631575
2000-06-20,47.368421052631575
2000-06-21,31.57894736842105
2000-06-22,15.789473684210526
2000-06-23,10.0
2000-06-26,20.0
2000-06-27,25.0
2000-06-28,55.00000000000001
2000-06-29,45.0
2000-06-30,75.0
2000-07-03,75.0
2000-07-05,50.0
2000-07-06,75.0
2000-07-07,85.0
2000-07-10,85.0
2000-07-11,80.0
2000-07-12,85.0
2000-07-13,80.0
2000-07-14,57.14285714285714
2000-07-17,61.904761904761905
2000-07-18,28.57142857142857
2000-07-19,19.047619047619047
2000-07-20,38.095238095238095
2000-07-21,28.57142857142857
2000-07-24,9.523809523809524
2000-07-25,14.285714285714285
2000-07-26,28.57142857142857
2000-07-27,23.809523809523807
2000-07-28,4.761904761904762
2000-07-31,9.523809523809524
2000-08-01,14.285714285714285
2000-08-02,4.761904761904762
2000-08-03,23.809523809523807
2000-08-04,38.095238095238095
2000-08-07,57.14285714285714
2000-08-08,52.38095238095239
2000-08-09,66.66666666666666
2000-08-10,66.66666666666666
2000-08-11,66.66666666666666
2000-08-14,80.95238095238095
2000-08-15,76.19047619047619
2000-08-16,100.0
2000-08-17,95.23809523809523
2000-08-18,76.19047619047619
2000-08-21,61.904761904761905
2000-08-22,66.66666666666666
2000-08-23,52.38095238095239
2000-08-24,47.61904761904761
2000-08-25,33.33333333333333
2000-08-28,42.857142857142854
2000-08-29,23.809523809523807
2000-08-30,23.809523809523807
2000-08-31,28.57142857142857
2000-09-01,57.14285714285714
2000-09-05,38.095238095238095
2000-09-06,23.809523809523807
2000-09-07,33.33333333333333
2000-09-08,4.761904761904762
2000-09-11,9.523809523809524
2000-09-12,0.0
2000-09-13,0.0
2000-09-14,9.523809523809524
2000-09-15,9.523809523809524
2000-09-18,0.0
2000-09-19,14.285714285714285
2000-09-20,4.761904761904762
2000-09-21,9.523809523809524
2000-09-22,28.57142857142857
2000-09-25,28.57142857142857
2000-09-26,38.095238095238095
2000-09-27,52.38095238095239
2000-09-28,66.66666666666666
2000-09-29,61.904761904761905
2000-10-02,47.61904761904761
2000-10-03,57.14285714285714
2000-10-04,66.66666666666666
2000-10-05,57.14285714285714
2000-10-06,19.047619047619047
2000-10-09,0.0
2000-10-10,0.0
2000-10-11,0.0
2000-10-12,4.761904761904762
2000-10-13,9.523809523809524
2000-10-16,4.761904761904762
2000-10-17,4.761904761904762
2000-10-18,4.761904761904762
2000-10-19,57.14285714285714
2000-10-20,47.61904761904761
2000-10-23,47.61904761904761
2000-10-24,71.42857142857143
2000-10-25,47.61904761904761
2000-10-26,33.33333333333333
2000-10-27,76.19047619047619
2000-10-30,76.19047619047619
2000-10-31,76.19047619047619
2000-11-01,80.95238095238095
2000-11-02,90.47619047619048
2000-11-03,100.0
2000-11-06,90.47619047619048
2000-11-07,95.23809523809523
2000-11-08,52.38095238095239
2000-11-09,42.857142857142854
2000-11-10,14.285714285714285
2000-11-13,0.0
2000-11-14,33.33333333333333
2000-11-15,28.57142857142857
2000-11-16,14.285714285714285
2000-11-17,9.523809523809524
2000-11-20,4.761904761904762
2000-11-21,9.523809523809524
2000-11-22,0.0
2000-11-24,14.285714285714285
2000-11-27,38.095238095238095
2000-11-28,28.57142857142857
2000-11-29,23.809523809523807
2000-11-30,19.047619047619047
2000-12-01,61.904761904761905
2000-12-04,57.14285714285714
2000-12-05,90.47619047619048
2000-12-06,80.95238095238095
2000-12-07,76.19047619047619
2000-12-08,80.95238095238095
2000-12-11,90.47619047619048
2000-12-12,71.42857142857143
2000-12-13,47.61904761904761
2000-12-14,28.57142857142857
2000-12-15,9.523809523809524
2000-12-18,23.809523809523807
2000-12-19,9.523809523809524
2000-12-20,23.809523809523807
2000-12-21,33.33333333333333
2000-12-22,57.14285714285714
2000-12-26,57.14285714285714
2000-12-27,66.66666666666666
2000-12-28,76.19047619047619
2000-12-29,90.47619047619048
2001-01-02,71.42857142857143
2001-01-03,95.23809523809523
2001-01-04,85.71428571428571
2001-01-05,80.95238095238095
2001-01-08,66.66666666666666
2001-01-09,61.904761904761905
2001-01-10,42.857142857142854
2001-01-11,76.19047619047619
2001-01-12,71.42857142857143
2001-01-16,42.857142857142854
2001-01-17,66.66666666666666
2001-01-18,90.47619047619048
2001-01-19,76.19047619047619
2001-01-22,76.19047619047619
2001-01-23,85.71428571428571
2001-01-24,61.904761904761905
2001-01-25,47.61904761904761
2001-01-26,28.57142857142857
2001-01-29,42.857142857142854
2001-01-30,57.14285714285714
2001-01-31,76.19047619047619
2001-02-01,80.95238095238095
2001-02-02,47.61904761904761
2001-02-05,47.61904761904761
2001-02-06,28.57142857142857
2001-02-07,14.285714285714285
2001-02-08,14.285714285714285
2001-02-09,14.285714285714285
2001-02-12,33.33333333333333
2001-02-13,33.33333333333333
2001-02-14,28.57142857142857
2001-02-15,33.33333333333333
2001-02-16,14.285714285714285
2001-02-20,14.285714285714285
2001-02-21,14.285714285714285
2001-02-22,4.761904761904762
2001-02-23,9.523809523809524
2001-02-26,14.285714285714285
2001-02-27,19.047619047619047
2001-02-28,42.857142857142854
2001-03-01,38.095238095238095
2001-03-02,52.38095238095239
2001-03-05,52.38095238095239
2001-03-06,80.95238095238095
2001-03-07,66.66666666666666
2001-03-08,61.904761904761905
2001-03-09,14.285714285714285
2001-03-12,0.0
2001-03-13,0.0
2001-03-14,0.0
2001-03-15,0.0
2001-03-16,4.761904761904762
2001-03-19,0.0
2001-03-20,0.0
2001-03-21,9.523809523809524
2001-03-22,9.523809523809524
2001-03-23,14.285714285714285
2001-03-26,57.14285714285714
2001-03-27,90.47619047619048
2001-03-28,28.57142857142857
2001-03-29,42.857142857142854
2001-03-30,52.38095238095239
2001-04-02,42.857142857142854
2001-04-03,19.047619047619047
2001-04-04,47.61904761904761
2001-04-05,85.71428571428571
2001-04-06,66.66666666666666
2001-04-09,71.42857142857143
2001-04-10,71.42857142857143
2001-04-11,80.95238095238095
2001-04-12,85.71428571428571
2001-04-16,71.42857142857143
2001-04-17,52.38095238095239
2001-04-18,90.47619047619048
2001-04-19,90.47619047619048
2001-04-20,80.95238095238095
2001-04-23,61.904761904761905
2001-04-24,61.904761904761905
2001-04-25,71.42857142857143
2001-04-26,80.95238095238095
2001-04-27,80.95238095238095
2001-04-30,80.95238095238095
2001-05-01,95.23809523809523
2001-05-02,85.71428571428571
2001-05-03,52.38095238095239
2001-05-04,71.42857142857143
2001-05-07,52.38095238095239
2001-05-08,42.857142857142854
2001-05-09,14.285714285714285
2001-05-10,42.857142857142854
2001-05-11,38.095238095238095
2001-05-14,9.523809523809524
2001-05-15,14.285714285714285
2001-05-16,42.857142857142854
2001-05-17,61.904761904761905
2001-05-18,66.66666666666666
2001-05-21,71.42857142857143
2001-05-22,61.904761904761905
2001-05-23,42.857142857142854
2001-05-24,52.38095238095239
2001-05-25,28.57142857142857
2001-05-29,19.047619047619047
2001-05-30,4.761904761904762
2001-05-31,9.523809523809524
2001-06-01,4.761904761904762
2001-06-04,14.285714285714285
2001-06-05,61.904761904761905
2001-06-06,47.61904761904761
2001-06-07,66.66666666666666
2001-06-08,61.904761904761905
2001-06-11,28.57142857142857
2001-06-12,38.095238095238095
2001-06-13,52.38095238095239
2001-06-14,19.047619047619047
2001-06-15,28.57142857142857
2001-06-18,9.523809523809524
2001-06-19,14.285714285714285
2001-06-20,4.761904761904762
2001-06-21,28.57142857142857
2001-06-22,23.809523809523807
2001-06-25,42.857142857142854
2001-06-26,28.57142857142857
2001-06-27,28.57142857142857
2001-06-28,38.095238095238095
2001-06-29,61.904761904761905
2001-07-02,71.42857142857143
2001-07-03,52.38095238095239
2001-07-05,9.523809523809524
2001-07-06,4.761904761904762
2001-07-09,9.523809523809524
2001-07-10,14.285714285714285
2001-07-11,14.285714285714285
2001-07-12,33.33333333333333
2001-07-13,28.57142857142857
2001-07-16,23.809523809523807
2001-07-17,42.857142857142854
2001-07-18,38.095238095238095
2001-07-19,57.14285714285714
2001-07-20,47.61904761904761
2001-07-23,33.33333333333333
2001-07-24,28.57142857142857
2001-07-25,42.857142857142854
2001-07-26,57.14285714285714
2001-07-27,76.19047619047619
2001-07-30,80.95238095238095
2001-07-31,76.19047619047619
2001-08-01,95.23809523809523
2001-08-02,95.23809523809523
2001-08-03,80.95238095238095
2001-08-06,76.19047619047619
2001-08-07,71.42857142857143
2001-08-08,42.857142857142854
2001-08-09,38.095238095238095
2001-08-10,9.523809523809524
2001-08-13,42.857142857142854
2001-08-14,66.66666666666666
2001-08-15,61.904761904761905
2001-08-16,52.38095238095239
2001-08-17,33.33333333333333
2001-08-20,33.33333333333333
2001-08-21,33.33333333333333
2001-08-22,71.42857142857143
2001-08-23,52.38095238095239
2001-08-24,85.71428571428571
2001-08-27,76.19047619047619
2001-08-28,47.61904761904761
2001-08-29,28.57142857142857
2001-08-30,28.57142857142857
2001-08-31,19.047619047619047
2001-09-04,23.809523809523807
2001-09-05,9.523809523809524
2001-09-06,4.761904761904762
2001-09-07,4.761904761904762
2001-09-10,9.523809523809524
2001-09-17,0.0
2001-09-18,0.0
2001-09-19,0.0
2001-09-20,0.0
2001-09-21,0.0
2001-09-24,0.0
2001-09-25,9.523809523809524
2001-09-26,14.285714285714285
2001-09-27,47.61904761904761
2001-09-28,76.19047619047619
2001-10-01,80.95238095238095
2001-10-02,95.23809523809523
2001-10-03,95.23809523809523
2001-10-04,90.47619047619048
2001-10-05,85.71428571428571
2001-10-08,80.95238095238095
2001-10-09,76.19047619047619
2001-10-10,85.71428571428571
2001-10-11,95.23809523809523
2001-10-12,80.95238095238095
2001-10-15,76.19047619047619
2001-10-16,76.19047619047619
2001-10-17,71.42857142857143
2001-10-18,61.904761904761905
2001-10-19,28.57142857142857
2001-10-22,38.095238095238095
2001-10-23,71.42857142857143
2001-10-24,80.95238095238095
2001-10-25,71.42857142857143
2001-10-26,90.47619047619048
2001-10-29,47.61904761904761
2001-10-30,19.047619047619047
2001-10-31,14.285714285714285
2001-11-01,76.19047619047619
2001-11-02,52.38095238095239
2001-11-05,76.19047619047619
2001-11-06,80.95238095238095
2001-11-07,71.42857142857143
2001-11-08,85.71428571428571
2001-11-09,90.47619047619048
2001-11-12,61.904761904761905
2001-11-13,76.19047619047619
2001-11-14,76.19047619047619
2001-11-15,71.42857142857143
2001-11-16,80.95238095238095
2001-11-19,85.71428571428571
2001-11-20,80.95238095238095
2001-11-21,66.66666666666666
2001-11-23,85.71428571428571
2001-11-26,90.47619047619048
2001-11-27,61.904761904761905
2001-11-28,23.809523809523807
2001-11-29,19.047619047619047
2001-11-30,28.57142857142857
2001-12-03,42.857142857142854
2001-12-04,66.66666666666666
2001-12-05,100.0
2001-12-06,95.23809523809523
2001-12-07,90.47619047619048
2001-12-10,76.19047619047619
2001-12-11,71.42857142857143
2001-12-12,71.42857142857143
2001-12-13,23.809523809523807
2001-12-14,19.047619047619047
2001-12-17,38.095238095238095
2001-12-18,28.57142857142857
2001-12-19,28.57142857142857
2001-12-20,33.33333333333333
2001-12-21,38.095238095238095
2001-12-24,38.095238095238095
2001-12-26,47.61904761904761
2001-12-27,85.71428571428571
2001-12-28,85.71428571428571
2001-12-31,71.42857142857143
2002-01-02,90.47619047619048
2002-01-03,100.0
2002-01-04,95.23809523809523
2002-01-07,90.47619047619048
2002-01-08,76.19047619047619
2002-01-09,52.38095238095239
2002-01-10,38.095238095238095
2002-01-11,19.047619047619047
2002-01-14,14.285714285714285
2002-01-15,9.523809523809524
2002-01-16,9.523809523809524
2002-01-17,19.047619047619047
2002-01-18,23.809523809523807
2002-01-22,28.57142857142857
2002-01-23,38.095238095238095
2002-01-24,61.904761904761905
2002-01-25,47.61904761904761
2002-01-28,52.38095238095239
2002-01-29,28.57142857142857
2002-01-30,33.33333333333333
2002-01-31,42.857142857142854
2002-02-01,19.047619047619047
2002-02-04,28.57142857142857
2002-02-05,14.285714285714285
2002-02-06,19.047619047619047
2002-02-07,14.285714285714285
2002-02-08,38.095238095238095
2002-02-11,76.19047619047619
2002-02-12,80.95238095238095
2002-02-13,80.95238095238095
2002-02-14,95.23809523809523
2002-02-15,85.71428571428571
2002-02-19,33.33333333333333
2002-02-20,33.33333333333333
2002-02-21,19.047619047619047
2002-02-22,28.57142857142857
2002-02-25,38.095238095238095
2002-02-26,38.095238095238095
2002-02-27,66.66666666666666
2002-02-28,66.66666666666666
2002-03-01,80.95238095238095
2002-03-04,100.0
2002-03-05,95.23809523809523
2002-03-06,95.23809523809523
2002-03-07,95.23809523809523
2002-03-08,90.47619047619048
2002-03-11,85.71428571428571
2002-03-12,80.95238095238095
2002-03-13,71.42857142857143
2002-03-14,71.42857142857143
2002-03-15,76.19047619047619
2002-03-18,76.19047619047619
2002-03-19,85.71428571428571
2002-03-20,66.66666666666666
2002-03-21,61.904761904761905
2002-03-22,52.38095238095239
2002-03-25,23.809523809523807
2002-03-26,42.857142857142854
2002-03-27,33.33333333333333
2002-03-28,52.38095238095239
2002-04-01,61.904761904761905
2002-04-02,47.61904761904761
2002-04-03,38.095238095238095
2002-04-04,33.33333333333333
2002-04-05,57.14285714285714
2002-04-08,19.047619047619047
2002-04-09,19.047619047619047
2002-04-10,61.904761904761905
2002-04-11,23.809523809523807
2002-04-12,33.33333333333333
2002-04-15,33.33333333333333
2002-04-16,100.0
2002-04-17,100.0
2002-04-18,95.23809523809523
2002-04-19,95.23809523809523
2002-04-22,71.42857142857143
2002-04-23,71.42857142857143
2002-04-24,66.66666666666666
2002-04-25,57.14285714285714
2002-04-26,23.809523809523807
2002-04-29,14.285714285714285
2002-04-30,38.095238095238095
2002-05-01,38.095238095238095
2002-05-02,42.857142857142854
2002-05-03,42.857142857142854
2002-05-06,33.33333333333333
2002-05-07,23.809523809523807
2002-05-08,71.42857142857143
2002-05-09,47.61904761904761
2002-05-10,23.809523809523807
2002-05-13,76.19047619047619
2002-05-14,85.71428571428571
2002-05-15,85.71428571428571
2002-05-16,95.23809523809523
2002-05-17,100.0
2002-05-20,95.23809523809523
2002-05-21,57.14285714285714
2002-05-22,52.38095238095239
2002-05-23,47.61904761904761
2002-05-24,38.095238095238095
2002-05-28,42.857142857142854
2002-05-29,38.095238095238095
2002-05-30,33.33333333333333
2002-05-31,19.047619047619047
2002-06-03,23.809523809523807
2002-06-04,4.761904761904762
2002-06-05,9.523809523809524
2002-06-06,9.523809523809524
2002-06-07,19.047619047619047
2002-06-10,23.809523809523807
2002-06-11,19.047619047619047
2002-06-12,9.523809523809524
2002-06-13,14.285714285714285
2002-06-14,0.0
2002-06-17,33.33333333333333
2002-06-18,28.57142857142857
2002-06-19,4.761904761904762
2002-06-20,4.761904761904762
2002-06-21,4.761904761904762
2002-06-24,4.761904761904762
2002-06-25,9.523809523809524
2002-06-26,23.809523809523807
2002-06-27,52.38095238095239
2002-06-28,76.19047619047619
2002-07-01,66.66666666666666
2002-07-02,42.857142857142854
2002-07-03,28.57142857142857
2002-07-05,80.95238095238095
2002-07-08,90.47619047619048
2002-07-09,76.19047619047619
2002-07-10,38.095238095238095
2002-07-11,28.57142857142857
2002-07-12,28.57142857142857
2002-07-15,23.809523809523807
2002-07-16,19.047619047619047
2002-07-17,19.047619047619047
2002-07-18,23.809523809523807
2002-07-19,9.523809523809524
2002-07-22,4.761904761904762
2002-07-23,0.0
2002-07-24,9.523809523809524
2002-07-25,0.0
2002-07-26,9.523809523809524
2002-07-29,52.38095238095239
2002-07-30,57.14285714285714
2002-07-31,47.61904761904761
2002-08-01,28.57142857142857
2002-08-02,33.33333333333333
2002-08-05,0.0
2002-08-06,14.285714285714285
2002-08-07,28.57142857142857
2002-08-08,76.19047619047619
2002-08-09,85.71428571428571
2002-08-12,66.66666666666666
2002-08-13,85.71428571428571
2002-08-14,85.71428571428571
2002-08-15,95.23809523809523
2002-08-16,95.23809523809523
2002-08-19,85.71428571428571
2002-08-20,71.42857142857143
2002-08-21,85.71428571428571
2002-08-22,90.47619047619048
2002-08-23,66.66666666666666
2002-08-26,85.71428571428571
2002-08-27,61.904761904761905
2002-08-28,23.809523809523807
2002-08-29,14.285714285714285
2002-08-30,14.285714285714285
2002-09-03,0.0
2002-09-04,4.761904761904762
2002-09-05,4.761904761904762
2002-09-06,4.761904761904762
2002-09-09,14.285714285714285
2002-09-10,28.57142857142857
2002-09-11,71.42857142857143
2002-09-12,28.57142857142857
2002-09-13,23.809523809523807
2002-09-16,0.0
2002-09-17,9.523809523809524
2002-09-18,9.523809523809524
2002-09-19,4.761904761904762
2002-09-20,4.761904761904762
2002-09-23,0.0
2002-09-24,0.0
2002-09-25,0.0
2002-09-26,19.047619047619047
2002-09-27,14.285714285714285
2002-09-30,4.761904761904762
2002-10-01,47.61904761904761
2002-10-02,38.095238095238095
2002-10-03,61.904761904761905
2002-10-04,19.047619047619047
2002-10-07,14.285714285714285
2002-10-08,23.809523809523807
2002-10-09,9.523809523809524
2002-10-10,19.047619047619047
2002-10-11,71.42857142857143
2002-10-14,57.14285714285714
2002-10-15,90.47619047619048
2002-10-16,80.95238095238095
2002-10-17,100.0
2002-10-18,100.0
2002-10-21,100.0
2002-10-22,95.23809523809523
2002-10-23,76.19047619047619
2002-10-24,61.904761904761905
2002-10-25,71.42857142857143
2002-10-28,80.95238095238095
2002-10-29,42.857142857142854
2002-10-30,66.66666666666666
2002-10-31,71.42857142857143
2002-11-01,80.95238095238095
2002-11-04,100.0
2002-11-05,90.47619047619048
2002-11-06,85.71428571428571
2002-11-07,80.95238095238095
2002-11-08,61.904761904761905
2002-11-11,23.809523809523807
2002-11-12,38.095238095238095
2002-11-13,19.047619047619047
2002-11-14,61.904761904761905
2002-11-15,66.66666666666666
2002-11-18,71.42857142857143
2002-11-19,66.66666666666666
2002-11-20,80.95238095238095
2002-11-21,90.47619047619048
2002-11-22,85.71428571428571
2002-11-25,80.95238095238095
2002-11-26,33.33333333333333
2002-11-27,71.42857142857143
2002-11-29,66.66666666666666
2002-12-02,57.14285714285714
2002-12-03,47.61904761904761
2002-12-04,28.57142857142857
2002-12-05,23.809523809523807
2002-12-06,14.285714285714285
2002-12-09,14.285714285714285
2002-12-10,14.285714285714285
2002-12-11,19.047619047619047
2002-12-12,33.33333333333333
2002-12-13,23.809523809523807
2002-12-16,61.904761904761905
2002-12-17,57.14285714285714
2002-12-18,23.809523809523807
2002-12-19,19.047619047619047
2002-12-20,61.904761904761905
2002-12-23,47.61904761904761
2002-12-24,66.66666666666666
2002-12-26,71.42857142857143
2002-12-27,42.857142857142854
2002-12-30,42.857142857142854
2002-12-31,42.857142857142854
2003-01-02,85.71428571428571
2003-01-03,90.47619047619048
2003-01-06,95.23809523809523
2003-01-07,85.71428571428571
2003-01-08,76.19047619047619
2003-01-09,90.47619047619048
2003-01-10,76.19047619047619
2003-01-13,85.71428571428571
2003-01-14,100.0
2003-01-15,76.19047619047619
2003-01-16,61.904761904761905
2003-01-17,38.095238095238095
2003-01-21,23.809523809523807
2003-01-22,14.285714285714285
2003-01-23,33.33333333333333
2003-01-24,19.047619047619047
2003-01-27,4.761904761904762
2003-01-28,14.285714285714285
2003-01-29,4.761904761904762
2003-01-30,0.0
2003-01-31,23.809523809523807
2003-02-03,52.38095238095239
2003-02-04,33.33333333333333
2003-02-05,28.57142857142857
2003-02-06,4.761904761904762
2003-02-07,9.090909090909092
2003-02-10,4.545454545454546
2003-02-11,13.636363636363635
2003-02-12,18.181818181818183
2003-02-13,13.636363636363635
2003-02-14,45.45454545454545
2003-02-18,81.81818181818183
2003-02-19,72.72727272727273
2003-02-20,77.27272727272727
2003-02-21,68.18181818181817
2003-02-24,50.0
2003-02-25,27.27272727272727
2003-02-26,18.181818181818183
2003-02-27,27.27272727272727
2003-02-28,31.818181818181817
2003-03-03,40.909090909090914
2003-03-04,18.181818181818183
2003-03-05,36.36363636363637
2003-03-06,13.636363636363635
2003-03-07,9.090909090909092
2003-03-10,4.545454545454546
2003-03-11,4.545454545454546
2003-03-12,4.545454545454546
2003-03-13,27.27272727272727
2003-03-14,40.909090909090914
2003-03-17,72.72727272727273
2003-03-18,81.81818181818183
2003-03-19,90.9090909090909
2003-03-20,100.0
2003-03-21,95.45454545454545
2003-03-24,81.81818181818183
2003-03-25,90.9090909090909
2003-03-26,77.27272727272727
2003-03-27,63.63636363636363
2003-03-28,36.36363636363637
2003-03-31,18.181818181818183
2003-04-01,31.818181818181817
2003-04-02,72.72727272727273
2003-04-03,68.18181818181817
2003-04-04,81.81818181818183
2003-04-07,90.9090909090909
2003-04-08,95.45454545454545
2003-04-09,81.81818181818183
2003-04-10,81.81818181818183
2003-04-11,77.27272727272727
2003-04-14,86.36363636363636
2003-04-15,86.36363636363636
2003-04-16,86.36363636363636
2003-04-17,77.27272727272727
2003-04-21,81.81818181818183
2003-04-22,100.0
2003-04-23,77.27272727272727
2003-04-24,72.72727272727273
2003-04-25,63.63636363636363
2003-04-28,77.27272727272727
2003-04-29,72.72727272727273
2003-04-30,86.36363636363636
2003-05-01,90.9090909090909
2003-05-02,95.45454545454545
2003-05-05,95.45454545454545
2003-05-06,100.0
2003-05-07,90.9090909090909
2003-05-08,86.36363636363636
2003-05-09,95.45454545454545
2003-05-12,100.0
2003-05-13,95.45454545454545
2003-05-14,86.36363636363636
2003-05-15,72.72727272727273
2003-05-16,81.81818181818183
2003-05-19,27.27272727272727
2003-05-20,36.36363636363637
2003-05-21,40.909090909090914
2003-05-22,54.54545454545454
2003-05-23,72.72727272727273
2003-05-27,86.36363636363636
2003-05-28,86.36363636363636
2003-05-29,95.45454545454545
2003-05-30,95.45454545454545
2003-06-02,95.45454545454545
2003-06-03,90.9090909090909
2003-06-04,95.45454545454545
2003-06-05,100.0
2003-06-06,86.36363636363636
2003-06-09,86.36363636363636
2003-06-10,90.9090909090909
2003-06-11,100.0
2003-06-12,95.45454545454545
2003-06-13,100.0
2003-06-16,100.0
2003-06-17,90.9090909090909
2003-06-18,81.81818181818183
2003-06-19,63.63636363636363
2003-06-20,50.0
2003-06-23,9.090909090909092
2003-06-24,0.0
2003-06-25,9.090909090909092
2003-06-26,13.636363636363635
2003-06-27,9.090909090909092
2003-06-30,4.545454545454546
2003-07-01,45.45454545454545
2003-07-02,72.72727272727273
2003-07-03,59.09090909090909
2003-07-07,90.9090909090909
2003-07-08,72.72727272727273
2003-07-09,72.72727272727273
2003-07-10,45.45454545454545
2003-07-11,63.63636363636363
2003-07-14,86.36363636363636
2003-07-15,45.45454545454545
2003-07-16,50.0
2003-07-17,13.636363636363635
2003-07-18,50.0
2003-07-21,36.36363636363637
2003-07-22,50.0
2003-07-23,72.72727272727273
2003-07-24,72.72727272727273
2003-07-25,100.0
2003-07-28,90.9090909090909
2003-07-29,90.9090909090909
2003-07-30,63.63636363636363
2003-07-31,63.63636363636363
2003-08-01,50.0
2003-08-04,40.909090909090914
2003-08-05,18.181818181818183
2003-08-06,9.090909090909092
2003-08-07,22.727272727272727
2003-08-08,27.27272727272727
2003-08-11,59.09090909090909
2003-08-12,72.72727272727273
2003-08-13,81.81818181818183
2003-08-14,95.45454545454545
2003-08-15,95.45454545454545
2003-08-18,95.45454545454545
2003-08-19,100.0
2003-08-20,86.36363636363636
2003-08-21,63.63636363636363
2003-08-22,59.09090909090909
2003-08-25,45.45454545454545
2003-08-26,45.45454545454545
2003-08-27,27.27272727272727
2003-08-28,50.0
2003-08-29,54.54545454545454
2003-09-02,68.18181818181817
2003-09-03,81.81818181818183
2003-09-04,86.36363636363636
2003-09-05,95.45454545454545
2003-09-08,100.0
2003-09-09,81.81818181818183
2003-09-10,68.18181818181817
2003-09-11,63.63636363636363
2003-09-12,59.09090909090909
2003-09-15,59.09090909090909
2003-09-16,81.81818181818183
2003-09-17,86.36363636363636
2003-09-18,90.9090909090909
2003-09-19,90.9090909090909
2003-09-22,50.0
2003-09-23,59.09090909090909
2003-09-24,40.909090909090914
2003-09-25,27.27272727272727
2003-09-26,9.090909090909092
2003-09-29,27.27272727272727
2003-09-30,18.181818181818183
2003-10-01,77.27272727272727
2003-10-02,68.18181818181817
2003-10-03,95.45454545454545
2003-10-06,95.45454545454545
2003-10-07,95.45454545454545
2003-10-08,95.45454545454545
2003-10-09,100.0
2003-10-10,100.0
2003-10-13,100.0
2003-10-14,95.45454545454545
2003-10-15,86.36363636363636
2003-10-16,90.9090909090909
2003-10-17,63.63636363636363
2003-10-20,81.81818181818183
2003-10-21,86.36363636363636
2003-10-22,27.27272727272727
2003-10-23,22.727272727272727
2003-10-24,22.727272727272727
2003-10-27,31.818181818181817
2003-10-28,86.36363636363636
2003-10-29,72.72727272727273
2003-10-30,72.72727272727273
2003-10-31,63.63636363636363
2003-11-03,86.36363636363636
2003-11-04,81.81818181818183
2003-11-05,72.72727272727273
2003-11-06,54.54545454545454
2003-11-07,72.72727272727273
2003-11-10,59.09090909090909
2003-11-11,31.818181818181817
2003-11-12,77.27272727272727
2003-11-13,72.72727272727273
2003-11-14,72.72727272727273
2003-11-17,36.36363636363637
2003-11-18,50.0
2003-11-19,59.09090909090909
2003-11-20,36.36363636363637
2003-11-21,45.45454545454545
2003-11-24,54.54545454545454
2003-11-25,72.72727272727273
2003-11-26,81.81818181818183
2003-11-28,86.36363636363636
2003-12-01,100.0
2003-12-02,100.0
2003-12-03,100.0
2003-12-04,100.0
2003-12-05,81.81818181818183
2003-12-08,81.81818181818183
2003-12-09,68.18181818181817
2003-12-10,50.0
2003-12-11,72.72727272727273
2003-12-12,81.81818181818183
2003-12-15,72.72727272727273
2003-12-16,86.36363636363636
2003-12-17,63.63636363636363
2003-12-18,95.45454545454545
2003-12-19,77.27272727272727
2003-12-22,86.36363636363636
2003-12-23,86.36363636363636
2003-12-24,90.9090909090909
2003-12-26,86.36363636363636
2003-12-29,100.0
2003-12-30,100.0
2003-12-31,95.45454545454545
2004-01-02,100.0
2004-01-05,100.0
2004-01-06,100.0
2004-01-07,100.0
2004-01-08,100.0
2004-01-09,95.45454545454545
2004-01-12,86.36363636363636
2004-01-13,81.81818181818183
2004-01-14,86.36363636363636
2004-01-15,50.0
2004-01-16,45.45454545454545
2004-01-20,63.63636363636363
2004-01-21,90.9090909090909
2004-01-22,95.45454545454545
2004-01-23,72.72727272727273
2004-01-26,86.36363636363636
2004-01-27,81.81818181818183
2004-01-28,9.090909090909092
2004-01-29,4.545454545454546
2004-01-30,13.636363636363635
2004-02-02,13.636363636363635
2004-02-03,13.636363636363635
2004-02-04,4.545454545454546
2004-02-05,22.727272727272727
2004-02-06,86.36363636363636
2004-02-09,90.9090909090909
2004-02-10,95.45454545454545
2004-02-11,100.0
2004-02-12,95.45454545454545
2004-02-13,100.0
2004-02-17,100.0
2004-02-18,81.81818181818183
2004-02-19,86.36363636363636
2004-02-20,13.636363636363635
2004-02-23,13.636363636363635
2004-02-24,13.636363636363635
2004-02-25,13.636363636363635
2004-02-26,13.636363636363635
2004-02-27,36.36363636363637
2004-03-01,77.27272727272727
2004-03-02,45.45454545454545
2004-03-03,40.909090909090914
2004-03-04,50.0
2004-03-05,90.9090909090909
2004-03-08,68.18181818181817
2004-03-09,31.818181818181817
2004-03-10,0.0
2004-03-11,0.0
2004-03-12,4.545454545454546
2004-03-15,4.545454545454546
2004-03-16,9.090909090909092
2004-03-17,27.27272727272727
2004-03-18,40.909090909090914
2004-03-19,40.909090909090914
2004-03-22,18.181818181818183
2004-03-23,27.27272727272727
2004-03-24,31.818181818181817
2004-03-25,59.09090909090909
2004-03-26,54.54545454545454
2004-03-29,90.9090909090909
2004-03-30,100.0
2004-03-31,95.45454545454545
2004-04-01,95.45454545454545
2004-04-02,95.45454545454545
2004-04-05,95.45454545454545
2004-04-06,95.45454545454545
2004-04-07,95.45454545454545
2004-04-08,90.9090909090909
2004-04-12,95.45454545454545
2004-04-13,27.27272727272727
2004-04-14,13.636363636363635
2004-04-15,0.0
2004-04-16,36.36363636363637
2004-04-19,40.909090909090914
2004-04-20,9.090909090909092
2004-04-21,13.636363636363635
2004-04-22,54.54545454545454
2004-04-23,50.0
2004-04-26,45.45454545454545
2004-04-27,45.45454545454545
2004-04-28,4.545454545454546
2004-04-29,0.0
2004-04-30,0.0
2004-05-03,9.090909090909092
2004-05-04,50.0
2004-05-05,59.09090909090909
2004-05-06,22.727272727272727
2004-05-07,4.545454545454546
2004-05-10,0.0
2004-05-11,0.0
2004-05-12,0.0
2004-05-13,0.0
2004-05-14,0.0
2004-05-17,0.0
2004-05-18,0.0
2004-05-19,63.63636363636363
2004-05-20,63.63636363636363
2004-05-21,95.45454545454545
2004-05-24,95.45454545454545
2004-05-25,100.0
2004-05-26,100.0
2004-05-27,100.0
2004-05-28,100.0
2004-06-01,100.0
2004-06-02,95.45454545454545
2004-06-03,68.18181818181817
2004-06-04,86.36363636363636
2004-06-07,100.0
2004-06-08,100.0
2004-06-09,31.818181818181817
2004-06-10,50.0
2004-06-14,9.090909090909092
2004-06-15,50.0
2004-06-16,22.727272727272727
2004-06-17,50.0
2004-06-18,63.63636363636363
2004-06-21,63.63636363636363
2004-06-22,54.54545454545454
2004-06-23,81.81818181818183
2004-06-24,95.45454545454545
2004-06-25,95.45454545454545
2004-06-28,81.81818181818183
2004-06-29,77.27272727272727
2004-06-30,86.36363636363636
2004-07-01,63.63636363636363
2004-07-02,72.72727272727273
2004-07-06,45.45454545454545
2004-07-07,63.63636363636363
2004-07-08,59.09090909090909
2004-07-09,68.18181818181817
2004-07-12,68.18181818181817
2004-07-13,45.45454545454545
2004-07-14,40.909090909090914
2004-07-15,18.181818181818183
2004-07-16,31.818181818181817
2004-07-19,50.0
2004-07-20,36.36363636363637
2004-07-21,18.181818181818183
2004-07-22,18.181818181818183
2004-07-23,9.090909090909092
2004-07-26,4.545454545454546
2004-07-27,13.636363636363635
2004-07-28,27.27272727272727
2004-07-29,40.909090909090914
2004-07-30,50.0
2004-08-02,63.63636363636363
2004-08-03,72.72727272727273
2004-08-04,59.09090909090909
2004-08-05,45.45454545454545
2004-08-06,27.27272727272727
2004-08-09,31.818181818181817
2004-08-10,45.45454545454545
2004-08-11,36.36363636363637
2004-08-12,18.181818181818183
2004-08-13,27.27272727272727
2004-08-16,86.36363636363636
2004-08-17,77.27272727272727
2004-08-18,100.0
2004-08-19,90.9090909090909
2004-08-20,90.9090909090909
2004-08-23,77.27272727272727
2004-08-24,63.63636363636363
2004-08-25,86.36363636363636
2004-08-26,86.36363636363636
2004-08-27,77.27272727272727
2004-08-30,50.0
2004-08-31,90.9090909090909
2004-09-01,100.0
2004-09-02,100.0
2004-09-03,81.81818181818183
2004-09-07,100.0
2004-09-08,86.36363636363636
2004-09-09,90.9090909090909
2004-09-10,90.9090909090909
2004-09-13,90.9090909090909
2004-09-14,95.45454545454545
2004-09-15,72.72727272727273
2004-09-16,81.81818181818183
2004-09-17,81.81818181818183
2004-09-20,72.72727272727273
2004-09-21,95.45454545454545
2004-09-22,54.54545454545454
2004-09-23,40.909090909090914
2004-09-24,50.0
2004-09-27,40.909090909090914
2004-09-28,59.09090909090909
2004-09-29,68.18181818181817
2004-09-30,63.63636363636363
2004-10-01,100.0
2004-10-04,100.0
2004-10-05,100.0
2004-10-06,100.0
2004-10-07,95.45454545454545
2004-10-08,90.9090909090909
2004-10-11,86.36363636363636
2004-10-12,40.909090909090914
2004-10-13,0.0
2004-10-14,0.0
2004-10-15,27.27272727272727
2004-10-18,22.727272727272727
2004-10-19,31.818181818181817
2004-10-20,50.0
2004-10-21,68.18181818181817
2004-10-22,54.54545454545454
2004-10-25,59.09090909090909
2004-10-26,77.27272727272727
2004-10-27,100.0
2004-10-28,81.81818181818183
2004-10-29,100.0
2004-11-01,95.45454545454545
2004-11-02,100.0
2004-11-03,100.0
2004-11-04,100.0
2004-11-05,100.0
2004-11-08,100.0
2004-11-09,100.0
2004-11-10,95.45454545454545
2004-11-11,95.45454545454545
2004-11-12,100.0
2004-11-15,100.0
2004-11-16,86.36363636363636
2004-11-17,95.45454545454545
2004-11-18,90.9090909090909
2004-11-19,72.72727272727273
2004-11-22,72.72727272727273
2004-11-23,77.27272727272727
2004-11-24,95.45454545454545
2004-11-26,90.9090909090909
2004-11-29,86.36363636363636
2004-11-30,72.72727272727273
2004-12-01,86.36363636363636
2004-12-02,90.9090909090909
2004-12-03,95.45454545454545
2004-12-06,86.36363636363636
2004-12-07,50.0
2004-12-08,45.45454545454545
2004-12-09,27.27272727272727
2004-12-10,13.636363636363635
2004-12-13,59.09090909090909
2004-12-14,63.63636363636363
2004-12-15,90.9090909090909
2004-12-16,68.18181818181817
2004-12-17,68.18181818181817
2004-12-20,90.9090909090909
2004-12-21,95.45454545454545
2004-12-22,100.0
2004-12-23,100.0
2004-12-27,90.9090909090909
2004-12-28,100.0
2004-12-29,100.0
2004-12-30,100.0
2004-12-31,100.0
2005-01-03,72.72727272727273
2005-01-04,0.0
2005-01-05,0.0
2005-01-06,9.090909090909092
2005-01-07,9.090909090909092
2005-01-10,9.090909090909092
2005-01-11,18.181818181818183
2005-01-12,31.818181818181817
2005-01-13,22.727272727272727
2005-01-14,45.45454545454545
2005-01-18,59.09090909090909
2005-01-19,27.27272727272727
2005-01-20,13.636363636363635
2005-01-21,31.818181818181817
2005-01-24,27.27272727272727
2005-01-25,31.818181818181817
2005-01-26,81.81818181818183
2005-01-27,68.18181818181817
2005-01-28,59.09090909090909
2005-01-31,86.36363636363636
2005-02-01,95.45454545454545
2005-02-02,95.45454545454545
2005-02-03,77.27272727272727
2005-02-04,81.81818181818183
2005-02-07,81.81818181818183
2005-02-08,72.72727272727273
2005-02-09,63.63636363636363
2005-02-10,86.36363636363636
2005-02-11,95.45454545454545
2005-02-14,95.45454545454545
2005-02-15,100.0
2005-02-16,95.45454545454545
2005-02-17,72.72727272727273
2005-02-18,81.81818181818183
2005-02-22,68.18181818181817
2005-02-23,54.54545454545454
2005-02-24,63.63636363636363
2005-02-25,90.9090909090909
2005-02-28,86.36363636363636
2005-03-01,90.9090909090909
2005-03-02,77.27272727272727
2005-03-03,77.27272727272727
2005-03-04,90.9090909090909
2005-03-07,90.9090909090909
2005-03-08,81.81818181818183
2005-03-09,72.72727272727273
2005-03-10,54.54545454545454
2005-03-11,50.0
2005-03-14,22.727272727272727
2005-03-15,4.545454545454546
2005-03-16,9.090909090909092
2005-03-17,13.636363636363635
2005-03-18,22.727272727272727
2005-03-21,9.090909090909092
2005-03-22,0.0
2005-03-23,0.0
2005-03-24,0.0
2005-03-28,0.0
2005-03-29,0.0
2005-03-30,18.181818181818183
2005-03-31,27.27272727272727
2005-04-01,40.909090909090914
2005-04-04,40.909090909090914
2005-04-05,63.63636363636363
2005-04-06,86.36363636363636
2005-04-07,90.9090909090909
2005-04-08,90.9090909090909
2005-04-11,90.9090909090909
2005-04-12,95.45454545454545
2005-04-13,50.0
2005-04-14,18.181818181818183
2005-04-15,4.545454545454546
2005-04-18,0.0
2005-04-19,13.636363636363635
2005-04-20,4.545454545454546
2005-04-21,31.818181818181817
2005-04-22,18.181818181818183
2005-04-25,59.09090909090909
2005-04-26,45.45454545454545
2005-04-27,45.45454545454545
2005-04-28,13.636363636363635
2005-04-29,36.36363636363637
2005-05-02,36.36363636363637
2005-05-03,45.45454545454545
2005-05-04,81.81818181818183
2005-05-05,86.36363636363636
2005-05-06,86.36363636363636
2005-05-09,95.45454545454545
2005-05-10,59.09090909090909
2005-05-11,68.18181818181817
2005-05-12,4.545454545454546
2005-05-13,4.545454545454546
2005-05-16,13.636363636363635
2005-05-17,9.090909090909092
2005-05-18,59.09090909090909
2005-05-19,68.18181818181817
2005-05-20,59.09090909090909
2005-05-23,81.81818181818183
2005-05-24,77.27272727272727
2005-05-25,81.81818181818183
2005-05-26,81.81818181818183
2005-05-27,86.36363636363636
2005-05-31,45.45454545454545
2005-06-01,50.0
2005-06-02,72.72727272727273
2005-06-03,45.45454545454545
2005-06-06,63.63636363636363
2005-06-07,72.72727272727273
2005-06-08,54.54545454545454
2005-06-09,72.72727272727273
2005-06-10,54.54545454545454
2005-06-13,72.72727272727273
2005-06-14,59.09090909090909
2005-06-15,72.72727272727273
2005-06-16,86.36363636363636
2005-06-17,100.0
2005-06-20,90.9090909090909
2005-06-21,90.9090909090909
2005-06-22,100.0
2005-06-23,45.45454545454545
2005-06-24,22.727272727272727
2005-06-27,22.727272727272727
2005-06-28,36.36363636363637
2005-06-29,31.818181818181817
2005-06-30,45.45454545454545
2005-07-01,27.27272727272727
2005-07-05,36.36363636363637
2005-07-06,45.45454545454545
2005-07-07,31.818181818181817
2005-07-08,77.27272727272727
2005-07-11,95.45454545454545
2005-07-12,100.0
2005-07-13,95.45454545454545
2005-07-14,100.0
2005-07-15,86.36363636363636
2005-07-18,90.9090909090909
2005-07-19,95.45454545454545
2005-07-20,90.9090909090909
2005-07-21,95.45454545454545
2005-07-22,81.81818181818183
2005-07-25,63.63636363636363
2005-07-26,59.09090909090909
2005-07-27,90.9090909090909
2005-07-28,95.45454545454545
2005-07-29,95.45454545454545
2005-08-01,95.45454545454545
2005-08-02,100.0
2005-08-03,100.0
2005-08-04,95.45454545454545
2005-08-05,63.63636363636363
2005-08-08,72.72727272727273
2005-08-09,90.9090909090909
2005-08-10,90.9090909090909
2005-08-11,90.9090909090909
2005-08-12,81.81818181818183
2005-08-15,86.36363636363636
2005-08-16,22.727272727272727
2005-08-17,27.27272727272727
2005-08-18,4.545454545454546
2005-08-19,4.545454545454546
2005-08-22,9.090909090909092
2005-08-23,4.545454545454546
2005-08-24,9.090909090909092
2005-08-25,22.727272727272727
2005-08-26,18.181818181818183
2005-08-29,18.181818181818183
2005-08-30,13.636363636363635
2005-08-31,77.27272727272727
2005-09-01,90.9090909090909
2005-09-02,90.9090909090909
2005-09-06,100.0
2005-09-07,95.45454545454545
2005-09-08,90.9090909090909
2005-09-09,100.0
2005-09-12,95.45454545454545
2005-09-13,63.63636363636363
2005-09-14,54.54545454545454
2005-09-15,40.909090909090914
2005-09-16,77.27272727272727
2005-09-19,40.909090909090914
2005-09-20,36.36363636363637
2005-09-21,36.36363636363637
2005-09-22,31.818181818181817
2005-09-23,18.181818181818183
2005-09-26,50.0
2005-09-27,50.0
2005-09-28,72.72727272727273
2005-09-29,100.0
2005-09-30,95.45454545454545
2005-10-03,81.81818181818183
2005-10-04,54.54545454545454
2005-10-05,22.727272727272727
2005-10-06,22.727272727272727
2005-10-07,36.36363636363637
2005-10-10,22.727272727272727
2005-10-11,18.181818181818183
2005-10-12,0.0
2005-10-13,4.545454545454546
2005-10-14,22.727272727272727
2005-10-17,9.090909090909092
2005-10-18,0.0
2005-10-19,4.545454545454546
2005-10-20,0.0
2005-10-21,0.0
2005-10-24,36.36363636363637
2005-10-25,54.54545454545454
2005-10-26,54.54545454545454
2005-10-27,27.27272727272727
2005-10-28,45.45454545454545
2005-10-31,100.0
2005-11-01,95.45454545454545
2005-11-02,100.0
2005-11-03,95.45454545454545
2005-11-04,81.81818181818183
2005-11-07,86.36363636363636
2005-11-08,68.18181818181817
2005-11-09,68.18181818181817
2005-11-10,54.54545454545454
2005-11-11,81.81818181818183
2005-11-14,45.45454545454545
2005-11-15,45.45454545454545
2005-11-16,45.45454545454545
2005-11-17,90.9090909090909
2005-11-18,90.9090909090909
2005-11-21,100.0
2005-11-22,95.45454545454545
2005-11-23,100.0
2005-11-25,100.0
2005-11-28,100.0
2005-11-29,86.36363636363636
2005-11-30,54.54545454545454
2005-12-01,90.9090909090909
2005-12-02,90.9090909090909
2005-12-05,86.36363636363636
2005-12-06,86.36363636363636
2005-12-07,77.27272727272727
2005-12-08,68.18181818181817
2005-12-09,81.81818181818183
2005-12-12,90.9090909090909
2005-12-13,90.9090909090909
2005-12-14,90.9090909090909
2005-12-15,72.72727272727273
2005-12-16,77.27272727272727
2005-12-19,63.63636363636363
2005-12-20,50.0
2005-12-21,77.27272727272727
2005-12-22,90.9090909090909
2005-12-23,86.36363636363636
2005-12-27,50.0
2005-12-28,77.27272727272727
2005-12-29,90.9090909090909
2005-12-30,68.18181818181817
2006-01-03,100.0
2006-01-04,100.0
2006-01-05,100.0
2006-01-06,100.0
2006-01-09,100.0
2006-01-10,100.0
2006-01-11,100.0
2006-01-12,95.45454545454545
2006-01-13,90.9090909090909
2006-01-17,36.36363636363637
2006-01-18,0.0
2006-01-19,31.818181818181817
2006-01-20,18.181818181818183
2006-01-23,50.0
2006-01-24,63.63636363636363
2006-01-25,77.27272727272727
2006-01-26,95.45454545454545
2006-01-27,100.0
2006-01-30,95.45454545454545
2006-01-31,100.0
2006-02-01,100.0
2006-02-02,68.18181818181817
2006-02-03,36.36363636363637
2006-02-06,31.818181818181817
2006-02-07,9.090909090909092
2006-02-08,13.636363636363635
2006-02-09,40.909090909090914
2006-02-10,22.727272727272727
2006-02-13,18.181818181818183
2006-02-14,54.54545454545454
2006-02-15,40.909090909090914
2006-02-16,72.72727272727273
2006-02-17,77.27272727272727
2006-02-21,86.36363636363636
2006-02-22,86.36363636363636
2006-02-23,90.9090909090909
2006-02-24,95.45454545454545
2006-02-27,95.45454545454545
2006-02-28,45.45454545454545
2006-03-01,86.36363636363636
2006-03-02,81.81818181818183
2006-03-03,54.54545454545454
2006-03-06,31.818181818181817
2006-03-07,0.0
2006-03-08,4.545454545454546
2006-03-09,4.545454545454546
2006-03-10,50.0
2006-03-13,63.63636363636363
2006-03-14,95.45454545454545
2006-03-15,100.0
2006-03-16,95.45454545454545
2006-03-17,100.0
2006-03-20,90.9090909090909
2006-03-21,77.27272727272727
2006-03-22,72.72727272727273
2006-03-23,45.45454545454545
2006-03-24,63.63636363636363
2006-03-27,45.45454545454545
2006-03-28,13.636363636363635
2006-03-29,54.54545454545454
2006-03-30,86.36363636363636
2006-03-31,77.27272727272727
2006-04-03,86.36363636363636
2006-04-04,100.0
2006-04-05,100.0
2006-04-06,100.0
2006-04-07,59.09090909090909
2006-04-10,59.09090909090909
2006-04-11,31.818181818181817
2006-04-12,27.27272727272727
2006-04-13,31.818181818181817
2006-04-17,54.54545454545454
2006-04-18,100.0
2006-04-19,100.0
2006-04-20,100.0
2006-04-21,100.0
2006-04-24,95.45454545454545
2006-04-25,90.9090909090909
2006-04-26,95.45454545454545
2006-04-27,86.36363636363636
2006-04-28,95.45454545454545
2006-05-01,81.81818181818183
2006-05-02,100.0
2006-05-03,90.9090909090909
2006-05-04,100.0
2006-05-05,100.0
2006-05-08,100.0
2006-05-09,100.0
2006-05-10,95.45454545454545
2006-05-11,59.09090909090909
2006-05-12,9.090909090909092
2006-05-15,0.0
2006-05-16,0.0
2006-05-17,0.0
2006-05-18,0.0
2006-05-19,0.0
2006-05-22,0.0
2006-05-23,0.0
2006-05-24,0.0
2006-05-25,13.636363636363635
2006-05-26,54.54545454545454
2006-05-30,4.545454545454546
2006-05-31,54.54545454545454
2006-06-01,77.27272727272727
2006-06-02,90.9090909090909
2006-06-05,31.818181818181817
2006-06-06,4.545454545454546
2006-06-07,0.0
2006-06-08,0.0
2006-06-09,0.0
2006-06-12,0.0
2006-06-13,0.0
2006-06-14,0.0
2006-06-15,59.09090909090909
2006-06-16,36.36363636363637
2006-06-19,13.636363636363635
2006-06-20,54.54545454545454
2006-06-21,100.0
2006-06-22,90.9090909090909
2006-06-23,95.45454545454545
2006-06-26,95.45454545454545
2006-06-27,27.27272727272727
2006-06-28,68.18181818181817
2006-06-29,100.0
2006-06-30,100.0
2006-07-03,100.0
2006-07-05,100.0
2006-07-06,100.0
2006-07-07,95.45454545454545
2006-07-10,100.0
2006-07-11,100.0
2006-07-12,22.727272727272727
2006-07-13,0.0
2006-07-14,0.0
2006-07-17,0.0
2006-07-18,0.0
2006-07-19,36.36363636363637
2006-07-20,13.636363636363635
2006-07-21,18.181818181818183
2006-07-24,90.9090909090909
2006-07-25,100.0
2006-07-26,100.0
2006-07-27,100.0
2006-07-28,100.0
2006-07-31,100.0
2006-08-01,90.9090909090909
2006-08-02,100.0
2006-08-03,90.9090909090909
2006-08-04,86.36363636363636
2006-08-07,68.18181818181817
2006-08-08,63.63636363636363
2006-08-09,63.63636363636363
2006-08-10,59.09090909090909
2006-08-11,31.818181818181817
2006-08-14,31.818181818181817
2006-08-15,100.0
2006-08-16,100.0
2006-08-17,100.0
2006-08-18,95.45454545454545
2006-08-21,90.9090909090909
2006-08-22,81.81818181818183
2006-08-23,50.0
2006-08-24,45.45454545454545
2006-08-25,22.727272727272727
2006-08-28,59.09090909090909
2006-08-29,81.81818181818183
2006-08-30,86.36363636363636
2006-08-31,77.27272727272727
2006-09-01,100.0
2006-09-05,100.0
2006-09-06,40.909090909090914
2006-09-07,18.181818181818183
2006-09-08,22.727272727272727
2006-09-11,9.090909090909092
2006-09-12,40.909090909090914
2006-09-13,50.0
2006-09-14,36.36363636363637
2006-09-15,45.45454545454545
2006-09-18,81.81818181818183
2006-09-19,45.45454545454545
2006-09-20,81.81818181818183
2006-09-21,68.18181818181817
2006-09-22,50.0
2006-09-25,59.09090909090909
2006-09-26,77.27272727272727
2006-09-27,90.9090909090909
2006-09-28,90.9090909090909
2006-09-29,77.27272727272727
2006-10-02,77.27272727272727
2006-10-03,54.54545454545454
2006-10-04,86.36363636363636
2006-10-05,90.9090909090909
2006-10-06,81.81818181818183
2006-10-09,77.27272727272727
2006-10-10,81.81818181818183
2006-10-11,63.63636363636363
2006-10-12,90.9090909090909
2006-10-13,86.36363636363636
2006-10-16,95.45454545454545
2006-10-17,54.54545454545454
2006-10-18,72.72727272727273
2006-10-19,95.45454545454545
2006-10-20,95.45454545454545
2006-10-23,95.45454545454545
2006-10-24,90.9090909090909
2006-10-25,95.45454545454545
2006-10-26,100.0
2006-10-27,90.9090909090909
2006-10-30,54.54545454545454
2006-10-31,81.81818181818183
2006-11-01,63.63636363636363
2006-11-02,77.27272727272727
2006-11-03,72.72727272727273
2006-11-06,95.45454545454545
2006-11-07,90.9090909090909
2006-11-08,95.45454545454545
2006-11-09,95.45454545454545
2006-11-10,90.9090909090909
2006-11-13,77.27272727272727
2006-11-14,86.36363636363636
2006-11-15,95.45454545454545
2006-11-16,77.27272727272727
2006-11-17,72.72727272727273
2006-11-20,45.45454545454545
2006-11-21,86.36363636363636
2006-11-22,95.45454545454545
2006-11-24,95.45454545454545
2006-11-27,36.36363636363637
2006-11-28,50.0
2006-11-29,95.45454545454545
2006-11-30,95.45454545454545
2006-12-01,77.27272727272727
2006-12-04,100.0
2006-12-05,100.0
2006-12-06,95.45454545454545
2006-12-07,90.9090909090909
2006-12-08,86.36363636363636
2006-12-11,86.36363636363636
2006-12-12,81.81818181818183
2006-12-13,72.72727272727273
2006-12-14,95.45454545454545
2006-12-15,86.36363636363636
2006-12-18,72.72727272727273
2006-12-19,77.27272727272727
2006-12-20,72.72727272727273
2006-12-21,68.18181818181817
2006-12-22,45.45454545454545
2006-12-26,50.0
2006-12-27,86.36363636363636
2006-12-28,86.36363636363636
2006-12-29,90.9090909090909
2007-01-03,81.81818181818183
2007-01-04,72.72727272727273
2007-01-05,18.181818181818183
2007-01-08,18.181818181818183
2007-01-09,13.636363636363635
2007-01-10,13.636363636363635
2007-01-11,18.181818181818183
2007-01-12,86.36363636363636
2007-01-16,77.27272727272727
2007-01-17,77.27272727272727
2007-01-18,68.18181818181817
2007-01-19,100.0
2007-01-22,86.36363636363636
2007-01-23,100.0
2007-01-24,100.0
2007-01-25,45.45454545454545
2007-01-26,50.0
2007-01-29,40.909090909090914
2007-01-30,77.27272727272727
2007-01-31,81.81818181818183
2007-02-01,95.45454545454545
2007-02-02,90.9090909090909
2007-02-05,81.81818181818183
2007-02-06,100.0
2007-02-07,100.0
2007-02-08,95.45454545454545
2007-02-09,54.54545454545454
2007-02-12,31.818181818181817
2007-02-13,77.27272727272727
2007-02-14,95.45454545454545
2007-02-15,100.0
2007-02-16,95.45454545454545
2007-02-20,100.0
2007-02-21,77.27272727272727
2007-02-22,95.45454545454545
2007-02-23,90.9090909090909
2007-02-26,77.27272727272727
2007-02-27,0.0
2007-02-28,0.0
2007-03-01,0.0
2007-03-02,0.0
2007-03-05,0.0
2007-03-06,0.0
2007-03-07,4.545454545454546
2007-03-08,54.54545454545454
2007-03-09,86.36363636363636
2007-03-12,100.0
2007-03-13,13.636363636363635
2007-03-14,50.0
2007-03-15,68.18181818181817
2007-03-16,72.72727272727273
2007-03-19,100.0
2007-03-20,100.0
2007-03-21,100.0
2007-03-22,100.0
2007-03-23,100.0
2007-03-26,100.0
2007-03-27,95.45454545454545
2007-03-28,72.72727272727273
2007-03-29,90.9090909090909
2007-03-30,77.27272727272727
2007-04-02,81.81818181818183
2007-04-03,95.45454545454545
2007-04-04,100.0
2007-04-05,95.45454545454545
2007-04-09,95.45454545454545
2007-04-10,100.0
2007-04-11,100.0
2007-04-12,95.45454545454545
2007-04-13,95.45454545454545
2007-04-16,100.0
2007-04-17,90.9090909090909
2007-04-18,77.27272727272727
2007-04-19,59.09090909090909
2007-04-20,86.36363636363636
2007-04-23,72.72727272727273
2007-04-24,59.09090909090909
2007-04-25,86.36363636363636
2007-04-26,68.18181818181817
2007-04-27,54.54545454545454
2007-04-30,36.36363636363637
2007-05-01,36.36363636363637
2007-05-02,86.36363636363636
2007-05-03,72.72727272727273
2007-05-04,95.45454545454545
2007-05-07,95.45454545454545
2007-05-08,72.72727272727273
2007-05-09,72.72727272727273
2007-05-10,31.818181818181817
2007-05-11,72.72727272727273
2007-05-14,50.0
2007-05-15,59.09090909090909
2007-05-16,68.18181818181817
2007-05-17,63.63636363636363
2007-05-18,90.9090909090909
2007-05-21,77.27272727272727
2007-05-22,72.72727272727273
2007-05-23,86.36363636363636
2007-05-24,18.181818181818183
2007-05-25,59.09090909090909
2007-05-29,68.18181818181817
2007-05-30,68.18181818181817
2007-05-31,72.72727272727273
2007-06-01,81.81818181818183
2007-06-04,90.9090909090909
2007-06-05,90.9090909090909
2007-06-06,18.181818181818183
2007-06-07,13.636363636363635
2007-06-08,22.727272727272727
2007-06-11,27.27272727272727
2007-06-12,4.545454545454546
2007-06-13,27.27272727272727
2007-06-14,68.18181818181817
2007-06-15,100.0
2007-06-18,100.0
2007-06-19,100.0
2007-06-20,77.27272727272727
2007-06-21,90.9090909090909
2007-06-22,40.909090909090914
2007-06-25,13.636363636363635
2007-06-26,4.545454545454546
2007-06-27,18.181818181818183
2007-06-28,18.181818181818183
2007-06-29,50.0
2007-07-02,100.0
2007-07-03,100.0
2007-07-05,95.45454545454545
2007-07-06,100.0
2007-07-09,100.0
2007-07-10,86.36363636363636
2007-07-11,95.45454545454545
2007-07-12,100.0
2007-07-13,100.0
2007-07-16,100.0
2007-07-17,77.27272727272727
2007-07-18,50.0
2007-07-19,68.18181818181817
2007-07-20,40.909090909090914
2007-07-23,63.63636363636363
2007-07-24,18.181818181818183
2007-07-25,27.27272727272727
2007-07-26,0.0
2007-07-27,0.0
2007-07-30,4.545454545454546
2007-07-31,0.0
2007-08-01,0.0
2007-08-02,4.545454545454546
2007-08-03,0.0
2007-08-06,13.636363636363635
2007-08-07,31.818181818181817
2007-08-08,90.9090909090909
2007-08-09,22.727272727272727
2007-08-10,0.0
2007-08-13,0.0
2007-08-14,0.0
2007-08-15,0.0
2007-08-16,0.0
2007-08-17,0.0
2007-08-20,0.0
2007-08-21,4.545454545454546
2007-08-22,95.45454545454545
2007-08-23,95.45454545454545
2007-08-24,100.0
2007-08-27,100.0
2007-08-28,54.54545454545454
2007-08-29,100.0
2007-08-30,100.0
2007-08-31,100.0
2007-09-04,100.0
2007-09-05,86.36363636363636
2007-09-06,86.36363636363636
2007-09-07,40.909090909090914
2007-09-10,36.36363636363637
2007-09-11,81.81818181818183
2007-09-12,77.27272727272727
2007-09-13,86.36363636363636
2007-09-14,72.72727272727273
2007-09-17,31.818181818181817
2007-09-18,100.0
2007-09-19,100.0
2007-09-20,100.0
2007-09-21,100.0
2007-09-24,100.0
2007-09-25,95.45454545454545
2007-09-26,95.45454545454545
2007-09-27,100.0
2007-09-28,100.0
2007-10-01,100.0
2007-10-02,100.0
2007-10-03,95.45454545454545
2007-10-04,95.45454545454545
2007-10-05,100.0
2007-10-08,100.0
2007-10-09,100.0
2007-10-10,100.0
2007-10-11,100.0
2007-10-12,95.45454545454545
2007-10-15,72.72727272727273
2007-10-16,9.090909090909092
2007-10-17,45.45454545454545
2007-10-18,68.18181818181817
2007-10-19,4.545454545454546
2007-10-22,4.545454545454546
2007-10-23,36.36363636363637
2007-10-24,36.36363636363637
2007-10-25,63.63636363636363
2007-10-26,95.45454545454545
2007-10-29,100.0
2007-10-30,86.36363636363636
2007-10-31,95.45454545454545
2007-11-01,40.909090909090914
2007-11-02,68.18181818181817
2007-11-05,9.090909090909092
2007-11-06,59.09090909090909
2007-11-07,9.090909090909092
2007-11-08,18.181818181818183
2007-11-09,0.0
2007-11-12,0.0
2007-11-13,18.181818181818183
2007-11-14,18.181818181818183
2007-11-15,4.545454545454546
2007-11-16,22.727272727272727
2007-11-19,0.0
2007-11-20,17.391304347826086
2007-11-21,0.0
2007-11-23,21.73913043478261
2007-11-26,4.3478260869565215
2007-11-27,34.78260869565217
2007-11-28,86.95652173913044
2007-11-29,91.30434782608695
2007-11-30,95.65217391304348
2007-12-03,91.30434782608695
2007-12-04,91.30434782608695
2007-12-05,95.65217391304348
2007-12-06,100.0
2007-12-07,100.0
2007-12-10,100.0
2007-12-11,4.3478260869565215
2007-12-12,69.56521739130434
2007-12-13,8.695652173913043
2007-12-14,0.0
2007-12-17,0.0
2007-12-18,0.0
2007-12-19,0.0
2007-12-20,0.0
2007-12-21,39.130434782608695
2007-12-24,78.26086956521739
2007-12-26,95.65217391304348
2007-12-27,91.30434782608695
2007-12-28,100.0
2007-12-31,82.6086956521739
2008-01-02,69.56521739130434
2008-01-03,56.52173913043478
2008-01-04,4.3478260869565215
2008-01-07,8.695652173913043
2008-01-08,4.3478260869565215
2008-01-09,21.73913043478261
2008-01-10,39.130434782608695
2008-01-11,13.043478260869565
2008-01-14,34.78260869565217
2008-01-15,8.695652173913043
2008-01-16,4.3478260869565215
2008-01-17,0.0
2008-01-18,4.3478260869565215
2008-01-22,0.0
2008-01-23,0.0
2008-01-24,8.695652173913043
2008-01-25,26.08695652173913
2008-01-28,43.47826086956522
2008-01-29,69.56521739130434
2008-01-30,60.86956521739131
2008-01-31,91.30434782608695
2008-02-01,100.0
2008-02-04,95.65217391304348
2008-02-05,4.3478260869565215
2008-02-06,4.3478260869565215
2008-02-07,8.695652173913043
2008-02-08,4.3478260869565215
2008-02-11,30.434782608695656
2008-02-12,39.130434782608695
2008-02-13,82.6086956521739
2008-02-14,69.56521739130434
2008-02-15,91.30434782608695
2008-02-19,100.0
2008-02-20,100.0
2008-02-21,82.6086956521739
2008-02-22,91.30434782608695
2008-02-25,91.30434782608695
2008-02-26,95.65217391304348
2008-02-27,95.65217391304348
2008-02-28,91.30434782608695
2008-02-29,30.434782608695656
2008-03-03,30.434782608695656
2008-03-04,13.043478260869565
2008-03-05,26.08695652173913
2008-03-06,4.3478260869565215
2008-03-07,4.3478260869565215
2008-03-10,0.0
2008-03-11,52.17391304347826
2008-03-12,60.86956521739131
2008-03-13,65.21739130434783
2008-03-14,26.08695652173913
2008-03-17,8.695652173913043
2008-03-18,60.86956521739131
2008-03-19,8.695652173913043
2008-03-20,30.434782608695656
2008-03-24,60.86956521739131
2008-03-25,86.95652173913044
2008-03-26,91.30434782608695
2008-03-27,95.65217391304348
2008-03-28,80.0
2008-03-31,76.0
2008-04-01,88.46153846153845
2008-04-02,84.61538461538461
2008-04-03,80.76923076923077
2008-04-04,80.76923076923077
2008-04-07,84.61538461538461
2008-04-08,80.76923076923077
2008-04-09,57.692307692307686
2008-04-10,73.07692307692307
2008-04-11,19.230769230769234
2008-04-14,15.384615384615385
2008-04-15,30.76923076923077
2008-04-16,92.3076923076923
2008-04-17,80.76923076923077
2008-04-18,100.0
2008-04-21,100.0
2008-04-22,96.15384615384616
2008-04-23,96.15384615384616
2008-04-24,73.07692307692307
2008-04-25,73.07692307692307
2008-04-28,61.53846153846154
2008-04-29,26.923076923076923
2008-04-30,34.61538461538461
2008-05-01,80.76923076923077
2008-05-02,84.61538461538461
2008-05-05,88.46153846153845
2008-05-06,88.46153846153845
2008-05-07,30.76923076923077
2008-05-08,46.15384615384615
2008-05-09,30.76923076923077
2008-05-12,69.23076923076923
2008-05-13,46.15384615384615
2008-05-14,61.53846153846154
2008-05-15,84.61538461538461
2008-05-16,100.0
2008-05-19,88.46153846153845
2008-05-20,73.07692307692307
2008-05-21,42.30769230769231
2008-05-22,65.38461538461539
2008-05-23,23.076923076923077
2008-05-27,11.538461538461538
2008-05-28,19.230769230769234
2008-05-29,23.076923076923077
2008-05-30,46.15384615384615
2008-06-02,23.076923076923077
2008-06-03,11.538461538461538
2008-06-04,7.6923076923076925
2008-06-05,53.84615384615385
2008-06-06,0.0
2008-06-09,0.0
2008-06-10,0.0
2008-06-11,0.0
2008-06-12,0.0
2008-06-13,0.0
2008-06-16,11.538461538461538
2008-06-17,23.076923076923077
2008-06-18,19.230769230769234
2008-06-19,23.076923076923077
2008-06-20,3.8461538461538463
2008-06-23,3.8461538461538463
2008-06-24,0.0
2008-06-25,23.076923076923077
2008-06-26,0.0
2008-06-27,7.6923076923076925
2008-06-30,7.6923076923076925
2008-07-01,7.6923076923076925
2008-07-02,0.0
2008-07-03,0.0
2008-07-07,0.0
2008-07-08,3.8461538461538463
2008-07-09,3.8461538461538463
2008-07-10,11.538461538461538
2008-07-11,11.538461538461538
2008-07-14,11.538461538461538
2008-07-15,3.8461538461538463
2008-07-16,46.15384615384615
2008-07-17,61.53846153846154
2008-07-18,65.38461538461539
2008-07-21,84.61538461538461
2008-07-22,88.46153846153845
2008-07-23,92.3076923076923
2008-07-24,53.84615384615385
2008-07-25,57.692307692307686
2008-07-28,15.384615384615385
2008-07-29,50.0
2008-07-30,61.53846153846154
2008-07-31,30.76923076923077
2008-08-01,19.230769230769234
2008-08-04,7.6923076923076925
2008-08-05,50.0
2008-08-06,61.53846153846154
2008-08-07,19.230769230769234
2008-08-08,34.61538461538461
2008-08-11,23.076923076923077
2008-08-12,23.076923076923077
2008-08-13,15.384615384615385
2008-08-14,15.384615384615385
2008-08-15,19.230769230769234
2008-08-18,3.8461538461538463
2008-08-19,3.8461538461538463
2008-08-20,15.384615384615385
2008-08-21,19.230769230769234
2008-08-22,30.76923076923077
2008-08-25,7.6923076923076925
2008-08-26,3.8461538461538463
2008-08-27,57.692307692307686
2008-08-28,80.76923076923077
2008-08-29,73.07692307692307
2008-09-02,34.61538461538461
2008-09-03,26.923076923076923
2008-09-04,0.0
2008-09-05,0.0
2008-09-08,3.8461538461538463
2008-09-09,0.0
2008-09-10,3.8461538461538463
2008-09-11,3.8461538461538463
2008-09-12,19.230769230769234
2008-09-15,0.0
2008-09-16,0.0
2008-09-17,0.0
2008-09-18,7.6923076923076925
2008-09-19,96.15384615384616
2008-09-22,65.38461538461539
2008-09-23,46.15384615384615
2008-09-24,50.0
2008-09-25,88.46153846153845
2008-09-26,76.92307692307693
2008-09-29,0.0
2008-09-30,15.384615384615385
2008-10-01,0.0
2008-10-02,0.0
2008-10-03,0.0
2008-10-06,0.0
2008-10-07,0.0
2008-10-08,0.0
2008-10-09,0.0
2008-10-10,0.0
2008-10-13,19.230769230769234
2008-10-14,15.384615384615385
2008-10-15,0.0
2008-10-16,3.8461538461538463
2008-10-17,7.6923076923076925
2008-10-20,61.53846153846154
2008-10-21,19.230769230769234
2008-10-22,0.0
2008-10-23,0.0
2008-10-24,0.0
2008-10-27,0.0
2008-10-28,23.076923076923077
2008-10-29,38.46153846153847
2008-10-30,88.46153846153845
2008-10-31,96.15384615384616
2008-11-03,100.0
2008-11-04,100.0
2008-11-05,96.15384615384616
2008-11-06,30.76923076923077
2008-11-07,84.61538461538461
2008-11-10,53.84615384615385
2008-11-11,7.6923076923076925
2008-11-12,0.0
2008-11-13,53.84615384615385
2008-11-14,0.0
2008-11-17,0.0
2008-11-18,3.8461538461538463
2008-11-19,0.0
2008-11-20,0.0
2008-11-21,3.8461538461538463
2008-11-24,57.692307692307686
2008-11-25,73.07692307692307
2008-11-26,88.46153846153845
2008-11-28,96.15384615384616
2008-12-01,3.8461538461538463
2008-12-02,73.07692307692307
2008-12-03,88.46153846153845
2008-12-04,30.76923076923077
2008-12-05,42.30769230769231
2008-12-08,96.15384615384616
2008-12-09,84.61538461538461
2008-12-10,96.15384615384616
2008-12-11,100.0
2008-12-12,100.0
2008-12-15,88.46153846153845
2008-12-16,100.0
2008-12-17,100.0
2008-12-18,88.46153846153845
2008-12-19,76.92307692307693
2008-12-22,34.61538461538461
2008-12-23,26.923076923076923
2008-12-24,34.61538461538461
2008-12-26,46.15384615384615
2008-12-29,50.0
2008-12-30,80.76923076923077
2008-12-31,96.15384615384616
2009-01-02,100.0
2009-01-05,100.0
2009-01-06,100.0
2009-01-07,88.46153846153845
2009-01-08,84.61538461538461
2009-01-09,30.76923076923077
2009-01-12,7.6923076923076925
2009-01-13,7.6923076923076925
2009-01-14,0.0
2009-01-15,3.8461538461538463
2009-01-16,7.6923076923076925
2009-01-20,0.0
2009-01-21,0.0
2009-01-22,3.8461538461538463
2009-01-23,7.6923076923076925
2009-01-26,23.076923076923077
2009-01-27,61.53846153846154
2009-01-28,100.0
2009-01-29,50.0
2009-01-30,30.76923076923077
2009-02-02,19.230769230769234
2009-02-03,69.23076923076923
2009-02-04,53.84615384615385
2009-02-05,76.92307692307693
2009-02-06,96.15384615384616
2009-02-09,85.18518518518519
2009-02-10,18.51851851851852
2009-02-11,51.85185185185185
2009-02-12,29.629629629629626
2009-02-13,29.629629629629626
2009-02-17,3.7037037037037033
2009-02-18,0.0
2009-02-19,0.0
2009-02-20,0.0
2009-02-23,0.0
2009-02-24,22.22222222222222
2009-02-25,3.7037037037037033
2009-02-26,0.0
2009-02-27,3.7037037037037033
2009-03-02,0.0
2009-03-03,0.0
2009-03-04,29.629629629629626
2009-03-05,7.4074074074074066
2009-03-06,14.814814814814813
2009-03-09,11.11111111111111
2009-03-10,70.37037037037037
2009-03-11,81.48148148148148
2009-03-12,96.29629629629629
2009-03-13,96.29629629629629
2009-03-16,96.29629629629629
2009-03-17,96.29629629629629
2009-03-18,100.0
2009-03-19,100.0
2009-03-20,100.0
2009-03-23,100.0
2009-03-24,96.29629629629629
2009-03-25,100.0
2009-03-26,100.0
2009-03-27,74.07407407407408
2009-03-30,7.4074074074074066
2009-03-31,29.629629629629626
2009-04-01,81.48148148148148
2009-04-02,96.29629629629629
2009-04-03,100.0
2009-04-06,92.5925925925926
2009-04-07,59.25925925925925
2009-04-08,96.29629629629629
2009-04-09,100.0
2009-04-13,100.0
2009-04-14,100.0
2009-04-15,100.0
2009-04-16,100.0
2009-04-17,96.29629629629629
2009-04-20,11.11111111111111
2009-04-21,55.55555555555556
2009-04-22,29.629629629629626
2009-04-23,77.77777777777779
2009-04-24,96.29629629629629
2009-04-27,59.25925925925925
2009-04-28,48.148148148148145
2009-04-29,96.29629629629629
2009-04-30,92.5925925925926
2009-05-01,100.0
2009-05-04,100.0
2009-05-05,100.0
2009-05-06,100.0
2009-05-07,100.0
2009-05-08,100.0
2009-05-11,100.0
2009-05-12,92.5925925925926
2009-05-13,25.925925925925924
2009-05-14,40.74074074074074
2009-05-15,18.51851851851852
2009-05-18,96.29629629629629
2009-05-19,96.29629629629629
2009-05-20,96.29629629629629
2009-05-21,77.77777777777779
2009-05-22,96.29629629629629
2009-05-26,96.29629629629629
2009-05-27,88.88888888888889
2009-05-28,96.29629629629629
2009-05-29,100.0
2009-06-01,100.0
2009-06-02,100.0
2009-06-03,81.48148148148148
2009-06-04,88.88888888888889
2009-06-05,55.55555555555556
2009-06-08,29.629629629629626
2009-06-09,48.148148148148145
2009-06-10,55.55555555555556
2009-06-11,81.48148148148148
2009-06-12,70.37037037037037
2009-06-15,7.4074074074074066
2009-06-16,7.4074074074074066
2009-06-17,7.4074074074074066
2009-06-18,11.11111111111111
2009-06-19,22.22222222222222
2009-06-22,0.0
2009-06-23,7.142857142857142
2009-06-24,21.428571428571427
2009-06-25,82.14285714285714
2009-06-26,92.85714285714286
2009-06-29,96.42857142857143
2009-06-30,96.42857142857143
2009-07-01,96.42857142857143
2009-07-02,46.42857142857143
2009-07-06,35.714285714285715
2009-07-07,14.285714285714285
2009-07-08,10.714285714285714
2009-07-09,10.714285714285714
2009-07-10,7.142857142857142
2009-07-13,21.428571428571427
2009-07-14,60.71428571428571
2009-07-15,100.0
2009-07-16,96.42857142857143
2009-07-17,96.42857142857143
2009-07-20,100.0
2009-07-21,100.0
2009-07-22,100.0
2009-07-23,100.0
2009-07-24,100.0
2009-07-27,96.42857142857143
2009-07-28,92.85714285714286
2009-07-29,71.42857142857143
2009-07-30,85.71428571428571
2009-07-31,92.85714285714286
2009-08-03,100.0
2009-08-04,96.42857142857143
2009-08-05,92.85714285714286
2009-08-06,82.14285714285714
2009-08-07,85.71428571428571
2009-08-10,71.42857142857143
2009-08-11,21.428571428571427
2009-08-12,39.285714285714285
2009-08-13,78.57142857142857
2009-08-14,64.28571428571429
2009-08-17,0.0
2009-08-18,14.285714285714285
2009-08-19,31.03448275862069
2009-08-20,89.65517241379311
2009-08-21,93.10344827586206
2009-08-24,93.10344827586206
2009-08-25,89.65517241379311
2009-08-26,89.65517241379311
2009-08-27,89.65517241379311
2009-08-28,86.20689655172413
2009-08-31,51.724137931034484
2009-09-01,3.4482758620689653
2009-09-02,10.344827586206897
2009-09-03,27.586206896551722
2009-09-04,58.620689655172406
2009-09-08,89.65517241379311
2009-09-09,96.55172413793103
2009-09-10,96.55172413793103
2009-09-11,100.0
2009-09-14,96.55172413793103
2009-09-15,96.55172413793103
2009-09-16,100.0
2009-09-17,96.55172413793103
2009-09-18,93.10344827586206
2009-09-21,82.75862068965517
2009-09-22,96.55172413793103
2009-09-23,68.96551724137932
2009-09-24,24.137931034482758
2009-09-25,34.48275862068966
2009-09-28,51.724137931034484
2009-09-29,44.827586206896555
2009-09-30,62.06896551724138
2009-10-01,13.793103448275861
2009-10-02,13.793103448275861
2009-10-05,27.586206896551722
2009-10-06,86.20689655172413
2009-10-07,86.20689655172413
2009-10-08,93.10344827586206
2009-10-09,100.0
2009-10-12,100.0
2009-10-13,100.0
2009-10-14,96.55172413793103
2009-10-15,93.10344827586206
2009-10-16,86.20689655172413
2009-10-19,96.55172413793103
2009-10-20,68.96551724137932
2009-10-21,55.172413793103445
2009-10-22,72.41379310344827
2009-10-23,34.48275862068966
2009-10-26,10.344827586206897
2009-10-27,3.4482758620689653
2009-10-28,0.0
2009-10-29,6.896551724137931
2009-10-30,0.0
2009-11-02,0.0
2009-11-03,0.0
2009-11-04,6.896551724137931
2009-11-05,86.20689655172413
2009-11-06,96.55172413793103
2009-11-09,100.0
2009-11-10,100.0
2009-11-11,100.0
2009-11-12,96.55172413793103
2009-11-13,96.55172413793103
2009-11-16,100.0
2009-11-17,93.10344827586206
2009-11-18,89.65517241379311
2009-11-19,41.37931034482759
2009-11-20,10.344827586206897
2009-11-23,62.06896551724138
2009-11-24,51.724137931034484
2009-11-25,96.55172413793103
2009-11-27,3.4482758620689653
2009-11-30,3.4482758620689653
2009-12-01,72.41379310344827
2009-12-02,100.0
2009-12-03,72.41379310344827
2009-12-04,62.06896551724138
2009-12-07,44.827586206896555
2009-12-08,20.689655172413794
2009-12-09,31.03448275862069
2009-12-10,34.48275862068966
2009-12-11,41.37931034482759
2009-12-14,51.724137931034484
2009-12-15,31.03448275862069
2009-12-16,58.620689655172406
2009-12-17,13.793103448275861
2009-12-18,17.24137931034483
2009-12-21,27.586206896551722
2009-12-22,55.172413793103445
2009-12-23,75.86206896551724
2009-12-24,82.75862068965517
2009-12-28,89.65517241379311
2009-12-29,96.55172413793103
2009-12-30,89.65517241379311
2009-12-31,62.06896551724138
2010-01-04,96.55172413793103
2010-01-05,100.0
2010-01-06,100.0
2010-01-07,100.0
2010-01-08,100.0
2010-01-11,100.0
2010-01-12,72.41379310344827
2010-01-13,86.20689655172413
2010-01-14,82.75862068965517
2010-01-15,20.689655172413794
2010-01-19,51.724137931034484
2010-01-20,10.344827586206897
2010-01-21,0.0
2010-01-22,0.0
2010-01-25,0.0
2010-01-26,0.0
2010-01-27,3.4482758620689653
2010-01-28,0.0
2010-01-29,0.0
2010-02-01,20.689655172413794
2010-02-02,72.41379310344827
2010-02-03,55.172413793103445
2010-02-04,3.4482758620689653
2010-02-05,0.0
2010-02-08,0.0
2010-02-09,17.24137931034483
2010-02-10,10.344827586206897
2010-02-11,65.51724137931035
2010-02-12,44.827586206896555
2010-02-16,96.55172413793103
2010-02-17,100.0
2010-02-18,100.0
2010-02-19,96.55172413793103
2010-02-22,100.0
2010-02-23,34.48275862068966
2010-02-24,51.724137931034484
2010-02-25,31.03448275862069
2010-02-26,48.275862068965516
2010-03-01,68.96551724137932
2010-03-02,82.75862068965517
2010-03-03,89.65517241379311
2010-03-04,93.10344827586206
2010-03-05,100.0
2010-03-08,100.0
2010-03-09,100.0
2010-03-10,100.0
2010-03-11,100.0
2010-03-12,100.0
2010-03-15,82.75862068965517
2010-03-16,96.55172413793103
2010-03-17,96.55172413793103
2010-03-18,86.20689655172413
2010-03-19,58.620689655172406
2010-03-22,51.724137931034484
2010-03-23,68.96551724137932
2010-03-24,20.689655172413794
2010-03-25,31.03448275862069
2010-03-26,41.37931034482759
2010-03-29,79.3103448275862
2010-03-30,75.86206896551724
2010-03-31,82.75862068965517
2010-04-01,100.0
2010-04-05,100.0
2010-04-06,100.0
2010-04-07,86.20689655172413
2010-04-08,72.41379310344827
2010-04-09,93.10344827586206
2010-04-12,93.10344827586206
2010-04-13,79.3103448275862
2010-04-14,89.65517241379311
2010-04-15,82.75862068965517
2010-04-16,24.137931034482758
2010-04-19,10.344827586206897
2010-04-20,37.93103448275862
2010-04-21,17.24137931034483
2010-04-22,20.689655172413794
2010-04-23,51.724137931034484
2010-04-26,58.620689655172406
2010-04-27,0.0
2010-04-28,3.4482758620689653
2010-04-29,48.275862068965516
2010-04-30,10.344827586206897
2010-05-03,24.137931034482758
2010-05-04,3.4482758620689653
2010-05-05,3.4482758620689653
2010-05-06,0.0
2010-05-07,0.0
2010-05-10,27.586206896551722
2010-05-11,23.333333333333332
2010-05-12,66.66666666666666
2010-05-13,40.0
2010-05-14,10.0
2010-05-17,10.0
2010-05-18,3.3333333333333335
2010-05-19,0.0
2010-05-20,0.0
2010-05-21,0.0
2010-05-24,0.0
2010-05-25,0.0
2010-05-26,0.0
2010-05-27,80.64516129032258
2010-05-28,54.83870967741935
2010-06-01,35.483870967741936
2010-06-02,90.32258064516128
2010-06-03,87.09677419354838
2010-06-04,16.129032258064516
2010-06-07,3.225806451612903
2010-06-08,25.806451612903224
2010-06-09,19.35483870967742
2010-06-10,96.7741935483871
2010-06-11,93.54838709677419
2010-06-14,100.0
2010-06-15,100.0
2010-06-16,100.0
2010-06-17,100.0
2010-06-18,100.0
2010-06-21,100.0
2010-06-22,90.32258064516128
2010-06-23,67.74193548387096
2010-06-24,16.129032258064516
2010-06-25,25.806451612903224
2010-06-28,19.35483870967742
2010-06-29,0.0
2010-06-30,0.0
2010-07-01,0.0
2010-07-02,6.451612903225806
2010-07-06,54.83870967741935
2010-07-07,96.7741935483871
2010-07-08,100.0
2010-07-09,100.0
2010-07-12,100.0
2010-07-13,100.0
2010-07-14,100.0
2010-07-15,100.0
2010-07-16,54.83870967741935
2010-07-19,54.83870967741935
2010-07-20,64.51612903225806
2010-07-21,22.58064516129032
2010-07-22,96.7741935483871
2010-07-23,96.7741935483871
2010-07-26,100.0
2010-07-27,93.54838709677419
2010-07-28,87.09677419354838
2010-07-29,96.7741935483871
2010-07-30,96.7741935483871
2010-08-02,100.0
2010-08-03,100.0
2010-08-04,100.0
2010-08-05,96.7741935483871
2010-08-06,100.0
2010-08-09,100.0
2010-08-10,67.74193548387096
2010-08-11,0.0
2010-08-12,0.0
2010-08-13,6.451612903225806
2010-08-16,9.67741935483871
2010-08-17,29.03225806451613
2010-08-18,41.935483870967744
2010-08-19,19.35483870967742
2010-08-20,19.35483870967742
2010-08-23,22.58064516129032
2010-08-24,12.903225806451612
2010-08-25,12.903225806451612
2010-08-26,12.903225806451612
2010-08-27,54.83870967741935
2010-08-30,25.806451612903224
2010-08-31,35.483870967741936
2010-09-01,96.7741935483871
2010-09-02,96.875
2010-09-03,96.875
2010-09-07,96.875
2010-09-08,96.875
2010-09-09,96.875
2010-09-10,96.875
2010-09-13,96.875
2010-09-14,96.875
2010-09-15,90.625
2010-09-16,93.75
2010-09-17,87.5
2010-09-20,96.875
2010-09-21,93.75
2010-09-22,90.625
2010-09-23,62.5
2010-09-24,90.625
2010-09-27,90.625
2010-09-28,100.0
2010-09-29,96.96969696969697
2010-09-30,87.87878787878788
2010-10-01,96.96969696969697
2010-10-04,60.60606060606061
2010-10-05,96.96969696969697
2010-10-06,96.96969696969697
2010-10-07,90.9090909090909
2010-10-08,90.9090909090909
2010-10-11,90.9090909090909
2010-10-12,87.87878787878788
2010-10-13,93.93939393939394
2010-10-14,96.96969696969697
2010-10-15,93.93939393939394
2010-10-18,90.9090909090909
2010-10-19,3.0303030303030303
2010-10-20,54.54545454545454
2010-10-21,54.54545454545454
2010-10-22,60.60606060606061
2010-10-25,81.81818181818183
2010-10-26,36.36363636363637
2010-10-27,24.242424242424242
2010-10-28,45.45454545454545
2010-10-29,54.54545454545454
2010-11-01,63.63636363636363
2010-11-02,93.93939393939394
2010-11-03,96.96969696969697
2010-11-04,100.0
2010-11-05,93.93939393939394
2010-11-08,81.81818181818183
2010-11-09,69.6969696969697
2010-11-10,66.66666666666666
2010-11-11,39.39393939393939
2010-11-12,3.0303030303030303
2010-11-15,3.0303030303030303
2010-11-16,0.0
2010-11-17,0.0
2010-11-18,24.242424242424242
2010-11-19,54.54545454545454
2010-11-22,42.42424242424242
2010-11-23,0.0
2010-11-24,30.303030303030305
2010-11-26,12.121212121212121
2010-11-29,15.151515151515152
2010-11-30,9.090909090909092
2010-12-01,51.515151515151516
2010-12-02,87.87878787878788
2010-12-03,100.0
2010-12-06,100.0
2010-12-07,100.0
2010-12-08,93.93939393939394
2010-12-09,87.87878787878788
2010-12-10,87.87878787878788
2010-12-13,90.9090909090909
2010-12-14,84.84848484848484
2010-12-15,45.45454545454545
2010-12-16,54.54545454545454
2010-12-17,39.39393939393939
2010-12-20,42.42424242424242
2010-12-21,66.66666666666666
2010-12-22,72.72727272727273
2010-12-23,66.66666666666666
2010-12-27,63.63636363636363
2010-12-28,60.60606060606061
2010-12-29,90.9090909090909
2010-12-30,87.87878787878788
2010-12-31,100.0
2011-01-03,96.96969696969697
2011-01-04,87.87878787878788
2011-01-05,69.6969696969697
2011-01-06,39.39393939393939
2011-01-07,24.242424242424242
2011-01-10,18.181818181818183
2011-01-11,30.303030303030305
2011-01-12,78.78787878787878
2011-01-13,78.78787878787878
2011-01-14,81.81818181818183
2011-01-18,81.81818181818183
2011-01-19,63.63636363636363
2011-01-20,36.36363636363637
2011-01-21,45.45454545454545
2011-01-24,54.54545454545454
2011-01-25,48.484848484848484
2011-01-26,66.66666666666666
2011-01-27,66.66666666666666
2011-01-28,15.151515151515152
2011-01-31,33.33333333333333
2011-02-01,69.6969696969697
2011-02-02,72.72727272727273
2011-02-03,75.75757575757575
2011-02-04,72.72727272727273
2011-02-07,78.78787878787878
2011-02-08,72.72727272727273
2011-02-09,51.515151515151516
2011-02-10,36.36363636363637
2011-02-11,42.42424242424242
2011-02-14,33.33333333333333
2011-02-15,33.33333333333333
2011-02-16,60.60606060606061
2011-02-17,69.6969696969697
2011-02-18,72.72727272727273
2011-02-22,9.090909090909092
2011-02-23,18.181818181818183
2011-02-24,15.151515151515152
2011-02-25,42.42424242424242
2011-02-28,72.72727272727273
2011-03-01,33.33333333333333
2011-03-02,51.515151515151516
2011-03-03,93.93939393939394
2011-03-04,84.84848484848484
2011-03-07,63.63636363636363
2011-03-08,75.75757575757575
2011-03-09,63.63636363636363
2011-03-10,15.151515151515152
2011-03-11,15.151515151515152
2011-03-14,15.151515151515152
2011-03-15,9.090909090909092
2011-03-16,3.0303030303030303
2011-03-17,6.0606060606060606
2011-03-18,27.27272727272727
2011-03-21,75.75757575757575
2011-03-22,90.9090909090909
2011-03-23,100.0
2011-03-24,100.0
2011-03-25,100.0
2011-03-28,93.93939393939394
2011-03-29,90.9090909090909
2011-03-30,90.9090909090909
2011-03-31,88.23529411764706
2011-04-01,94.11764705882352
2011-04-04,91.17647058823529
2011-04-05,91.17647058823529
2011-04-06,91.17647058823529
2011-04-07,91.17647058823529
2011-04-08,91.17647058823529
2011-04-11,79.41176470588235
2011-04-12,41.17647058823529
2011-04-13,38.23529411764706
2011-04-14,50.0
2011-04-15,50.0
2011-04-18,8.823529411764707
2011-04-19,26.47058823529412
2011-04-20,88.23529411764706
2011-04-21,94.11764705882352
2011-04-25,94.11764705882352
2011-04-26,91.17647058823529
2011-04-27,88.23529411764706
2011-04-28,82.35294117647058
2011-04-29,91.17647058823529
2011-05-02,91.17647058823529
2011-05-03,55.88235294117647
2011-05-04,23.52941176470588
2011-05-05,5.88235294117647
2011-05-06,8.823529411764707
2011-05-09,11.76470588235294
2011-05-10,32.35294117647059
2011-05-11,2.941176470588235
2011-05-12,20.588235294117645
2011-05-13,5.88235294117647
2011-05-16,2.941176470588235
2011-05-17,5.88235294117647
2011-05-18,44.11764705882353
2011-05-19,70.58823529411765
2011-05-20,23.52941176470588
2011-05-23,0.0
2011-05-24,8.823529411764707
2011-05-25,14.705882352941178
2011-05-26,41.17647058823529
2011-05-27,76.47058823529412
2011-05-31,94.11764705882352
2011-06-01,55.88235294117647
2011-06-02,79.41176470588235
2011-06-03,79.41176470588235
2011-06-06,38.23529411764706
2011-06-07,55.88235294117647
2011-06-08,17.647058823529413
2011-06-09,32.35294117647059
2011-06-10,5.88235294117647
2011-06-13,2.941176470588235
2011-06-14,29.411764705882355
2011-06-15,0.0
2011-06-16,0.0
2011-06-17,5.88235294117647
2011-06-20,8.823529411764707
2011-06-21,76.47058823529412
2011-06-22,44.11764705882353
2011-06-23,29.411764705882355
2011-06-24,14.705882352941178
2011-06-27,32.35294117647059
2011-06-28,73.52941176470588
2011-06-29,97.05882352941177
2011-06-30,97.05882352941177
2011-07-01,100.0
2011-07-05,100.0
2011-07-06,85.29411764705883
2011-07-07,94.11764705882352
2011-07-08,76.47058823529412
2011-07-11,11.76470588235294
2011-07-12,5.88235294117647
2011-07-13,17.647058823529413
2011-07-14,14.705882352941178
2011-07-15,17.647058823529413
2011-07-18,11.76470588235294
2011-07-19,23.52941176470588
2011-07-20,61.76470588235294
2011-07-21,91.17647058823529
2011-07-22,94.11764705882352
2011-07-25,91.17647058823529
2011-07-26,91.17647058823529
2011-07-27,35.294117647058826
2011-07-28,38.23529411764706
2011-07-29,41.17647058823529
2011-08-01,29.411764705882355
2011-08-02,5.88235294117647
2011-08-03,2.941176470588235
2011-08-04,0.0
2011-08-05,0.0
2011-08-08,0.0
2011-08-09,0.0
2011-08-10,0.0
2011-08-11,0.0
2011-08-12,8.823529411764707
2011-08-15,79.41176470588235
2011-08-16,70.58823529411765
2011-08-17,97.05882352941177
2011-08-18,29.411764705882355
2011-08-19,8.823529411764707
2011-08-22,8.823529411764707
2011-08-23,70.58823529411765
2011-08-24,52.94117647058824
2011-08-25,8.823529411764707
2011-08-26,35.294117647058826
2011-08-29,97.05882352941177
2011-08-30,94.11764705882352
2011-08-31,97.05882352941177
2011-09-01,97.05882352941177
2011-09-02,47.05882352941176
2011-09-06,8.823529411764707
2011-09-07,58.82352941176471
2011-09-08,23.52941176470588
2011-09-09,0.0
2011-09-12,0.0
2011-09-13,5.88235294117647
2011-09-14,8.823529411764707
2011-09-15,35.294117647058826
2011-09-16,52.94117647058824
2011-09-19,17.647058823529413
2011-09-20,23.52941176470588
2011-09-21,2.941176470588235
2011-09-22,0.0
2011-09-23,0.0
2011-09-26,5.88235294117647
2011-09-27,41.17647058823529
2011-09-28,20.588235294117645
2011-09-29,41.17647058823529
2011-09-30,11.76470588235294
2011-10-03,0.0
2011-10-04,11.76470588235294
2011-10-05,61.76470588235294
2011-10-06,88.23529411764706
2011-10-07,85.29411764705883
2011-10-10,100.0
2011-10-11,100.0
2011-10-12,100.0
2011-10-13,100.0
2011-10-14,100.0
2011-10-17,91.17647058823529
2011-10-18,94.11764705882352
2011-10-19,52.94117647058824
2011-10-20,35.294117647058826
2011-10-21,82.35294117647058
2011-10-24,100.0
2011-10-25,73.52941176470588
2011-10-26,91.17647058823529
2011-10-27,100.0
2011-10-28,100.0
2011-10-31,70.58823529411765
2011-11-01,11.76470588235294
2011-11-02,32.35294117647059
2011-11-03,61.76470588235294
2011-11-04,38.23529411764706
2011-11-07,50.0
2011-11-08,70.58823529411765
2011-11-09,0.0
2011-11-10,0.0
2011-11-11,55.88235294117647
2011-11-14,11.76470588235294
2011-11-15,17.647058823529413
2011-11-16,2.941176470588235
2011-11-17,0.0
2011-11-18,0.0
2011-11-21,0.0
2011-11-22,0.0
2011-11-23,0.0
2011-11-25,0.0
2011-11-28,11.76470588235294
2011-11-29,32.35294117647059
2011-11-30,100.0
2011-12-01,100.0
2011-12-02,100.0
2011-12-05,100.0
2011-12-06,100.0
2011-12-07,100.0
2011-12-08,31.428571428571427
2011-12-09,74.28571428571429
2011-12-12,5.714285714285714
2011-12-13,0.0
2011-12-14,0.0
2011-12-15,2.857142857142857
2011-12-16,8.571428571428571
2011-12-19,0.0
2011-12-20,68.57142857142857
2011-12-21,88.57142857142857
2011-12-22,91.42857142857143
2011-12-23,100.0
2011-12-27,91.42857142857143
2011-12-28,54.285714285714285
2011-12-29,80.0
2011-12-30,80.0
2012-01-03,100.0
2012-01-04,88.57142857142857
2012-01-05,68.57142857142857
2012-01-06,51.42857142857142
2012-01-09,62.857142857142854
2012-01-10,80.0
2012-01-11,74.28571428571429
2012-01-12,88.57142857142857
2012-01-13,45.714285714285715
2012-01-17,91.42857142857143
2012-01-18,100.0
2012-01-19,100.0
2012-01-20,100.0
2012-01-23,100.0
2012-01-24,100.0
2012-01-25,100.0
2012-01-26,89.1891891891892
2012-01-27,91.8918918918919
2012-01-30,67.56756756756756
2012-01-31,75.67567567567568
2012-02-01,94.5945945945946
2012-02-02,94.5945945945946
2012-02-03,92.10526315789474
2012-02-06,92.10526315789474
2012-02-07,89.47368421052632
2012-02-08,94.73684210526315
2012-02-09,94.73684210526315
2012-02-10,50.0
2012-02-13,78.94736842105263
2012-02-14,34.21052631578947
2012-02-15,31.57894736842105
2012-02-16,65.78947368421053
2012-02-17,81.57894736842105
2012-02-21,84.21052631578947
2012-02-22,73.68421052631578
2012-02-23,81.57894736842105
2012-02-24,86.8421052631579
2012-02-27,73.68421052631578
2012-02-28,86.8421052631579
2012-02-29,68.42105263157895
2012-03-01,86.8421052631579
2012-03-02,71.05263157894737
2012-03-05,28.947368421052634
2012-03-06,0.0
2012-03-07,7.894736842105263
2012-03-08,63.1578947368421
2012-03-09,50.0
2012-03-12,34.21052631578947
2012-03-13,89.47368421052632
2012-03-14,63.1578947368421
2012-03-15,89.47368421052632
2012-03-16,97.36842105263158
2012-03-19,92.10526315789474
2012-03-20,68.42105263157895
2012-03-21,47.368421052631575
2012-03-22,15.789473684210526
2012-03-23,23.684210526315788
2012-03-26,81.57894736842105
2012-03-27,63.1578947368421
2012-03-28,23.684210526315788
2012-03-29,15.789473684210526
2012-03-30,50.0
2012-04-02,76.31578947368422
2012-04-03,44.73684210526316
2012-04-04,15.789473684210526
2012-04-05,15.789473684210526
2012-04-09,2.631578947368421
2012-04-10,0.0
2012-04-11,2.631578947368421
2012-04-12,44.73684210526316
2012-04-13,21.052631578947366
2012-04-16,23.684210526315788
2012-04-17,81.57894736842105
2012-04-18,60.526315789473685
2012-04-19,47.368421052631575
2012-04-20,71.05263157894737
2012-04-23,21.052631578947366
2012-04-24,34.21052631578947
2012-04-25,73.68421052631578
2012-04-26,89.47368421052632
2012-04-27,92.10526315789474
2012-04-30,86.8421052631579
2012-05-01,89.47368421052632
2012-05-02,71.05263157894737
2012-05-03,42.10526315789473
2012-05-04,10.526315789473683
2012-05-07,13.157894736842104
2012-05-08,5.263157894736842
2012-05-09,0.0
2012-05-10,0.0
2012-05-11,0.0
2012-05-14,0.0
2012-05-15,0.0
2012-05-16,0.0
2012-05-17,0.0
2012-05-18,0.0
2012-05-21,0.0
2012-05-22,2.631578947368421
2012-05-23,0.0
2012-05-24,2.631578947368421
2012-05-25,0.0
2012-05-29,57.89473684210527
2012-05-30,13.157894736842104
2012-05-31,21.052631578947366
2012-06-01,2.631578947368421
2012-06-04,5.263157894736842
2012-06-05,7.894736842105263
2012-06-06,78.94736842105263
2012-06-07,92.10526315789474
2012-06-08,92.10526315789474
2012-06-11,52.63157894736842
2012-06-12,97.36842105263158
2012-06-13,81.57894736842105
2012-06-14,92.10526315789474
2012-06-15,97.36842105263158
2012-06-18,92.10526315789474
2012-06-19,100.0
2012-06-20,94.73684210526315
2012-06-21,42.10526315789473
2012-06-22,65.78947368421053
2012-06-25,5.263157894736842
2012-06-26,13.157894736842104
2012-06-27,31.57894736842105
2012-06-28,21.052631578947366
2012-06-29,100.0
2012-07-02,100.0
2012-07-03,100.0
2012-07-05,100.0
2012-07-06,76.31578947368422
2012-07-09,63.1578947368421
2012-07-10,39.473684210526315
2012-07-11,31.57894736842105
2012-07-12,5.263157894736842
2012-07-13,31.57894736842105
2012-07-16,39.473684210526315
2012-07-17,71.05263157894737
2012-07-18,78.94736842105263
2012-07-19,92.10526315789474
2012-07-20,50.0
2012-07-23,7.894736842105263
2012-07-24,0.0
2012-07-25,5.263157894736842
2012-07-26,57.89473684210527
2012-07-27,89.47368421052632
2012-07-30,89.47368421052632
2012-07-31,89.47368421052632
2012-08-01,92.10526315789474
2012-08-02,65.78947368421053
2012-08-03,92.10526315789474
2012-08-06,94.73684210526315
2012-08-07,94.73684210526315
2012-08-08,97.36842105263158
2012-08-09,89.47368421052632
2012-08-10,92.10526315789474
2012-08-13,86.8421052631579
2012-08-14,76.31578947368422
2012-08-15,63.1578947368421
2012-08-16,84.21052631578947
2012-08-17,78.94736842105263
2012-08-20,81.57894736842105
2012-08-21,81.57894736842105
2012-08-22,73.68421052631578
2012-08-23,63.1578947368421
2012-08-24,60.526315789473685
2012-08-27,42.10526315789473
2012-08-28,23.684210526315788
2012-08-29,18.421052631578945
2012-08-30,2.631578947368421
2012-08-31,31.57894736842105
2012-09-04,36.84210526315789
2012-09-05,36.84210526315789
2012-09-06,86.8421052631579
2012-09-07,94.73684210526315
2012-09-10,97.36842105263158
2012-09-11,97.36842105263158
2012-09-12,100.0
2012-09-13,100.0
2012-09-14,100.0
2012-09-17,100.0
2012-09-18,97.36842105263158
2012-09-19,97.36842105263158
2012-09-20,84.21052631578947
2012-09-21,78.94736842105263
2012-09-24,52.63157894736842
2012-09-25,7.894736842105263
2012-09-26,5.263157894736842
2012-09-27,28.947368421052634
2012-09-28,23.684210526315788
2012-10-01,36.84210526315789
2012-10-02,57.89473684210527
2012-10-03,47.368421052631575
2012-10-04,84.21052631578947
2012-10-05,89.47368421052632
2012-10-08,81.57894736842105
2012-10-09,21.052631578947366
2012-10-10,10.526315789473683
2012-10-11,31.57894736842105
2012-10-12,26.31578947368421
2012-10-15,55.26315789473685
2012-10-16,92.10526315789474
2012-10-17,97.36842105263158
2012-10-18,94.73684210526315
2012-10-19,60.526315789473685
2012-10-22,81.57894736842105
2012-10-23,21.052631578947366
2012-10-24,15.789473684210526
2012-10-25,36.84210526315789
2012-10-26,18.421052631578945
2012-10-31,13.157894736842104
2012-11-01,63.1578947368421
2012-11-02,42.10526315789473
2012-11-05,42.10526315789473
2012-11-06,71.05263157894737
2012-11-07,36.84210526315789
2012-11-08,13.157894736842104
2012-11-09,15.789473684210526
2012-11-12,18.421052631578945
2012-11-13,7.894736842105263
2012-11-14,0.0
2012-11-15,2.631578947368421
2012-11-16,7.894736842105263
2012-11-19,71.05263157894737
2012-11-20,78.94736842105263
2012-11-21,71.05263157894737
2012-11-23,94.73684210526315
2012-11-26,92.10526315789474
2012-11-27,86.8421052631579
2012-11-28,86.8421052631579
2012-11-29,92.10526315789474
2012-11-30,89.47368421052632
2012-12-03,81.57894736842105
2012-12-04,81.57894736842105
2012-12-05,92.10526315789474
2012-12-06,97.36842105263158
2012-12-07,89.47368421052632
2012-12-10,94.73684210526315
2012-12-11,97.36842105263158
2012-12-12,100.0
2012-12-13,84.21052631578947
2012-12-14,86.8421052631579
2012-12-17,86.8421052631579
2012-12-18,92.10526315789474
2012-12-19,92.10526315789474
2012-12-20,97.36842105263158
2012-12-21,78.94736842105263
2012-12-24,63.1578947368421
2012-12-26,68.42105263157895
2012-12-27,76.31578947368422
2012-12-28,47.368421052631575
2012-12-31,94.73684210526315
2013-01-02,100.0
2013-01-03,86.8421052631579
2013-01-04,97.36842105263158
2013-01-07,86.8421052631579
2013-01-08,73.68421052631578
2013-01-09,71.05263157894737
2013-01-10,97.36842105263158
2013-01-11,84.21052631578947
2013-01-14,81.57894736842105
2013-01-15,71.05263157894737
2013-01-16,68.42105263157895
2013-01-17,84.21052631578947
2013-01-18,84.21052631578947
2013-01-22,73.68421052631578
2013-01-23,76.31578947368422
2013-01-24,76.31578947368422
2013-01-25,78.94736842105263
2013-01-28,65.78947368421053
2013-01-29,81.57894736842105
2013-01-30,73.68421052631578
2013-01-31,55.26315789473685
2013-02-01,78.94736842105263
2013-02-04,39.473684210526315
2013-02-05,55.26315789473685
2013-02-06,50.0
2013-02-07,26.31578947368421
2013-02-08,39.473684210526315
2013-02-11,36.84210526315789
2013-02-12,50.0
2013-02-13,73.68421052631578
2013-02-14,57.89473684210527
2013-02-15,50.0
2013-02-19,63.1578947368421
2013-02-20,36.84210526315789
2013-02-21,7.894736842105263
2013-02-22,34.21052631578947
2013-02-25,2.631578947368421
2013-02-26,10.526315789473683
2013-02-27,39.473684210526315
2013-02-28,36.84210526315789
2013-03-01,44.73684210526316
2013-03-04,47.368421052631575
2013-03-05,84.21052631578947
2013-03-06,92.10526315789474
2013-03-07,84.21052631578947
2013-03-08,89.47368421052632
2013-03-11,86.8421052631579
2013-03-12,76.31578947368422
2013-03-13,55.26315789473685
2013-03-14,57.89473684210527
2013-03-15,63.1578947368421
2013-03-18,21.052631578947366
2013-03-19,15.789473684210526
2013-03-20,21.052631578947366
2013-03-21,10.526315789473683
2013-03-22,28.947368421052634
2013-03-25,15.789473684210526
2013-03-26,47.368421052631575
2013-03-27,44.73684210526316
2013-03-28,57.89473684210527
2013-04-01,39.473684210526315
2013-04-02,60.526315789473685
2013-04-03,36.84210526315789
2013-04-04,44.73684210526316
2013-04-05,21.052631578947366
2013-04-08,36.84210526315789
2013-04-09,60.526315789473685
2013-04-10,81.57894736842105
2013-04-11,89.47368421052632
2013-04-12,71.05263157894737
2013-04-15,13.157894736842104
2013-04-16,65.78947368421053
2013-04-17,15.789473684210526
2013-04-18,15.789473684210526
2013-04-19,28.947368421052634
2013-04-22,36.84210526315789
2013-04-23,65.78947368421053
2013-04-24,89.47368421052632
2013-04-25,94.73684210526315
2013-04-26,89.47368421052632
2013-04-29,94.73684210526315
2013-04-30,94.73684210526315
2013-05-01,89.47368421052632
2013-05-02,89.47368421052632
2013-05-03,97.36842105263158
2013-05-06,100.0
2013-05-07,97.36842105263158
2013-05-08,94.73684210526315
2013-05-09,89.47368421052632
2013-05-10,78.94736842105263
2013-05-13,65.78947368421053
2013-05-14,57.89473684210527
2013-05-15,57.89473684210527
2013-05-16,31.57894736842105
2013-05-17,52.63157894736842
2013-05-20,63.1578947368421
2013-05-21,65.78947368421053
2013-05-22,23.684210526315788
2013-05-23,10.526315789473683
2013-05-24,10.526315789473683
2013-05-28,23.684210526315788
2013-05-29,23.684210526315788
2013-05-30,39.473684210526315
2013-05-31,5.263157894736842
2013-06-03,18.421052631578945
2013-06-04,13.157894736842104
2013-06-05,2.631578947368421
2013-06-06,13.157894736842104
2013-06-07,23.684210526315788
2013-06-10,26.31578947368421
2013-06-11,10.526315789473683
2013-06-12,7.894736842105263
2013-06-13,52.63157894736842
2013-06-14,26.31578947368421
2013-06-17,65.78947368421053
2013-06-18,65.78947368421053
2013-06-19,10.526315789473683
2013-06-20,0.0
2013-06-21,2.631578947368421
2013-06-24,0.0
2013-06-25,0.0
2013-06-26,7.894736842105263
2013-06-27,39.473684210526315
2013-06-28,44.73684210526316
2013-07-01,68.42105263157895
2013-07-02,65.78947368421053
2013-07-03,68.42105263157895
2013-07-05,52.63157894736842
2013-07-08,65.78947368421053
2013-07-09,78.94736842105263
2013-07-10,63.1578947368421
2013-07-11,89.47368421052632
2013-07-12,84.21052631578947
2013-07-15,94.73684210526315
2013-07-16,100.0
2013-07-17,100.0
2013-07-18,97.36842105263158
2013-07-19,94.73684210526315
2013-07-22,97.36842105263158
2013-07-23,97.36842105263158
2013-07-24,84.21052631578947
2013-07-25,81.57894736842105
2013-07-26,73.68421052631578
2013-07-29,50.0
2013-07-30,47.368421052631575
2013-07-31,42.10526315789473
2013-08-01,65.78947368421053
2013-08-02,68.42105263157895
2013-08-05,65.78947368421053
2013-08-06,52.63157894736842
2013-08-07,44.73684210526316
2013-08-08,84.21052631578947
2013-08-09,81.57894736842105
2013-08-12,84.21052631578947
2013-08-13,92.10526315789474
2013-08-14,86.8421052631579
2013-08-15,60.526315789473685
2013-08-16,55.26315789473685
2013-08-19,21.052631578947366
2013-08-20,18.421052631578945
2013-08-21,2.631578947368421
2013-08-22,21.052631578947366
2013-08-23,47.368421052631575
2013-08-26,21.052631578947366
2013-08-27,2.631578947368421
2013-08-28,5.263157894736842
2013-08-29,5.263157894736842
2013-08-30,13.157894736842104
2013-09-03,39.473684210526315
2013-09-04,60.526315789473685
2013-09-05,60.526315789473685
2013-09-06,86.8421052631579
2013-09-09,100.0
2013-09-10,100.0
2013-09-11,100.0
2013-09-12,97.36842105263158
2013-09-13,97.36842105263158
2013-09-16,97.36842105263158
2013-09-17,97.36842105263158
2013-09-18,97.36842105263158
2013-09-19,100.0
2013-09-20,89.47368421052632
2013-09-23,89.47368421052632
2013-09-24,68.42105263157895
2013-09-25,55.26315789473685
2013-09-26,55.26315789473685
2013-09-27,36.84210526315789
2013-09-30,18.421052631578945
2013-10-01,36.84210526315789
2013-10-02,52.63157894736842
2013-10-03,28.947368421052634
2013-10-04,63.1578947368421
2013-10-07,39.473684210526315
2013-10-08,15.789473684210526
2013-10-09,28.947368421052634
2013-10-10,89.47368421052632
2013-10-11,94.73684210526315
2013-10-14,94.73684210526315
2013-10-15,92.10526315789474
2013-10-16,100.0
2013-10-17,100.0
2013-10-18,100.0
2013-10-21,94.73684210526315
2013-10-22,100.0
2013-10-23,65.78947368421053
2013-10-24,71.05263157894737
2013-10-25,63.1578947368421
2013-10-28,57.89473684210527
2013-10-29,63.1578947368421
2013-10-30,44.73684210526316
2013-10-31,21.052631578947366
2013-11-01,18.421052631578945
2013-11-04,34.21052631578947
2013-11-05,15.789473684210526
2013-11-06,28.947368421052634
2013-11-07,5.263157894736842
2013-11-08,13.157894736842104
2013-11-11,15.789473684210526
2013-11-12,10.526315789473683
2013-11-13,31.57894736842105
2013-11-14,50.0
2013-11-15,76.31578947368422
2013-11-18,84.21052631578947
2013-11-19,65.78947368421053
2013-11-20,31.57894736842105
2013-11-21,55.26315789473685
2013-11-22,71.05263157894737
2013-11-25,50.0
2013-11-26,55.26315789473685
2013-11-27,60.526315789473685
2013-11-29,73.68421052631578
2013-12-02,39.473684210526315
2013-12-03,21.052631578947366
2013-12-04,21.052631578947366
2013-12-05,15.789473684210526
2013-12-06,42.10526315789473
2013-12-09,47.368421052631575
2013-12-10,47.368421052631575
2013-12-11,13.157894736842104
2013-12-12,7.894736842105263
2013-12-13,13.157894736842104
2013-12-16,39.473684210526315
2013-12-17,18.421052631578945
2013-12-18,78.94736842105263
2013-12-19,50.0
2013-12-20,57.89473684210527
2013-12-23,76.31578947368422
2013-12-24,81.57894736842105
2013-12-26,71.05263157894737
2013-12-27,92.10526315789474
2013-12-30,94.73684210526315
2013-12-31,94.73684210526315
2014-01-02,44.73684210526316
2014-01-03,34.21052631578947
2014-01-06,28.947368421052634
2014-01-07,42.10526315789473
2014-01-08,34.21052631578947
2014-01-09,39.473684210526315
2014-01-10,71.05263157894737
2014-01-13,42.10526315789473
2014-01-14,71.05263157894737
2014-01-15,71.05263157894737
2014-01-16,68.42105263157895
2014-01-17,50.0
2014-01-21,63.1578947368421
2014-01-22,71.05263157894737
2014-01-23,44.73684210526316
2014-01-24,0.0
2014-01-27,0.0
2014-01-28,0.0
2014-01-29,0.0
2014-01-30,0.0
2014-01-31,0.0
2014-02-03,0.0
2014-02-04,15.789473684210526
2014-02-05,18.421052631578945
2014-02-06,84.21052631578947
2014-02-07,100.0
2014-02-10,89.47368421052632
2014-02-11,100.0
2014-02-12,100.0
2014-02-13,100.0
2014-02-14,100.0
2014-02-18,97.36842105263158
2014-02-19,84.21052631578947
2014-02-20,81.57894736842105
2014-02-21,92.10526315789474
2014-02-24,89.47368421052632
2014-02-25,78.94736842105263
2014-02-26,65.78947368421053
2014-02-27,73.68421052631578
2014-02-28,81.57894736842105
2014-03-03,26.31578947368421
2014-03-04,84.21052631578947
2014-03-05,76.31578947368422
2014-03-06,92.10526315789474
2014-03-07,76.31578947368422
2014-03-10,68.42105263157895
2014-03-11,39.473684210526315
2014-03-12,39.473684210526315
2014-03-13,13.157894736842104
2014-03-14,21.052631578947366
2014-03-17,28.947368421052634
2014-03-18,71.05263157894737
2014-03-19,15.789473684210526
2014-03-20,36.84210526315789
2014-03-21,26.31578947368421
2014-03-24,42.10526315789473
2014-03-25,84.21052631578947
2014-03-26,78.94736842105263
2014-03-27,78.94736842105263
2014-03-28,84.21052631578947
2014-03-31,97.36842105263158
2014-04-01,97.36842105263158
2014-04-02,97.36842105263158
2014-04-03,94.73684210526315
2014-04-04,81.57894736842105
2014-04-07,68.42105263157895
2014-04-08,73.68421052631578
2014-04-09,94.73684210526315
2014-04-10,47.368421052631575
2014-04-11,39.473684210526315
2014-04-14,36.84210526315789
2014-04-15,15.789473684210526
2014-04-16,55.26315789473685
2014-04-17,78.94736842105263
2014-04-21,71.05263157894737
2014-04-22,76.31578947368422
2014-04-23,57.89473684210527
2014-04-24,65.78947368421053
2014-04-25,42.10526315789473
2014-04-28,42.10526315789473
2014-04-29,76.31578947368422
2014-04-30,76.31578947368422
2014-05-01,77.5
2014-05-02,80.0
2014-05-05,70.0
2014-05-06,57.49999999999999
2014-05-07,65.0
2014-05-08,67.5
2014-05-09,47.5
2014-05-12,77.5
2014-05-13,70.0
2014-05-14,75.0
2014-05-15,47.5
2014-05-16,55.00000000000001
2014-05-19,50.0
2014-05-20,32.5
2014-05-21,57.49999999999999
2014-05-22,65.0
2014-05-23,70.0
2014-05-27,72.5
2014-05-28,67.5
2014-05-29,77.5
2014-05-30,67.5
2014-06-02,72.5
2014-06-03,70.0
2014-06-04,60.0
2014-06-05,80.0
2014-06-06,95.0
2014-06-09,92.5
2014-06-10,90.0
2014-06-11,65.0
2014-06-12,47.5
2014-06-13,37.5
2014-06-16,32.5
2014-06-17,35.0
2014-06-18,65.0
2014-06-19,65.0
2014-06-20,57.49999999999999
2014-06-23,55.00000000000001
2014-06-24,25.0
2014-06-25,40.0
2014-06-26,42.5
2014-06-27,50.0
2014-06-30,40.0
2014-07-01,67.5
2014-07-02,82.5
2014-07-03,92.5
2014-07-07,65.0
2014-07-08,42.5
2014-07-09,50.0
2014-07-10,32.5
2014-07-11,37.5
2014-07-14,42.5
2014-07-15,37.5
2014-07-16,52.5
2014-07-17,12.5
2014-07-18,55.00000000000001
2014-07-21,52.5
2014-07-22,62.5
2014-07-23,80.0
2014-07-24,77.5
2014-07-25,62.5
2014-07-28,67.5
2014-07-29,42.5
2014-07-30,35.0
2014-07-31,12.5
2014-08-01,10.0
2014-08-04,20.0
2014-08-05,7.5
2014-08-06,2.5
2014-08-07,2.5
2014-08-08,12.5
2014-08-11,40.0
2014-08-12,45.0
2014-08-13,75.0
2014-08-14,87.5
2014-08-15,90.0
2014-08-18,92.5
2014-08-19,92.5
2014-08-20,87.5
2014-08-21,80.0
2014-08-22,72.5
2014-08-25,82.5
2014-08-26,87.5
2014-08-27,85.0
2014-08-28,70.0
2014-08-29,57.49999999999999
2014-09-02,50.0
2014-09-03,77.5
2014-09-04,55.00000000000001
2014-09-05,75.0
2014-09-08,40.0
2014-09-09,17.5
2014-09-10,17.5
2014-09-11,7.5
2014-09-12,5.0
2014-09-15,7.5
2014-09-16,27.500000000000004
2014-09-17,17.5
2014-09-18,45.0
2014-09-19,37.5
2014-09-22,25.0
2014-09-23,5.0
2014-09-24,22.5
2014-09-25,5.0
2014-09-26,7.5
2014-09-29,2.5
2014-09-30,0.0
2014-10-01,0.0
2014-10-02,5.0
2014-10-03,10.0
2014-10-06,27.500000000000004
2014-10-07,10.0
2014-10-08,42.5
2014-10-09,12.5
2014-10-10,7.5
2014-10-13,7.5
2014-10-14,15.0
2014-10-15,12.5
2014-10-16,12.5
2014-10-17,25.0
2014-10-20,70.0
2014-10-21,90.0
2014-10-22,82.5
2014-10-23,90.0
2014-10-24,95.0
2014-10-27,87.5
2014-10-28,97.5
2014-10-29,82.5
2014-10-30,90.0
2014-10-31,90.0
2014-11-03,60.0
2014-11-04,70.0
2014-11-05,52.5
2014-11-06,32.5
2014-11-07,40.0
2014-11-10,45.0
2014-11-11,65.0
2014-11-12,35.0
2014-11-13,42.5
2014-11-14,57.49999999999999
2014-11-17,50.0
2014-11-18,75.0
2014-11-19,75.0
2014-11-20,67.5
2014-11-21,85.0
2014-11-24,82.5
2014-11-25,85.0
2014-11-26,82.5
2014-11-28,55.00000000000001
2014-12-01,37.5
2014-12-02,47.5
2014-12-03,40.0
2014-12-04,37.5
2014-12-05,30.0
2014-12-08,12.5
2014-12-09,7.5
2014-12-10,5.0
2014-12-11,7.5
2014-12-12,5.0
2014-12-15,0.0
2014-12-16,5.0
2014-12-17,12.5
2014-12-18,57.49999999999999
2014-12-19,62.5
2014-12-22,92.5
2014-12-23,82.5
2014-12-24,87.5
2014-12-26,92.5
2014-12-29,82.5
2014-12-30,55.00000000000001
2014-12-31,47.5
2015-01-02,15.0
2015-01-05,7.5
2015-01-06,5.0
2015-01-07,15.0
2015-01-08,50.0
2015-01-09,42.5
2015-01-12,37.5
2015-01-13,52.5
2015-01-14,52.5
2015-01-15,47.5
2015-01-16,75.0
2015-01-20,75.0
2015-01-21,85.0
2015-01-22,87.5
2015-01-23,80.0
2015-01-26,82.5
2015-01-27,80.0
2015-01-28,42.5
2015-01-29,60.0
2015-01-30,27.500000000000004
2015-02-02,60.0
2015-02-03,87.5
2015-02-04,82.5
2015-02-05,90.0
2015-02-06,60.0
2015-02-09,50.0
2015-02-10,62.5
2015-02-11,42.5
2015-02-12,87.5
2015-02-13,90.0
2015-02-17,85.0
2015-02-18,90.0
2015-02-19,77.5
2015-02-20,90.0
2015-02-23,77.5
2015-02-24,87.5
2015-02-25,85.0
2015-02-26,52.5
2015-02-27,65.0
2015-03-02,70.0
2015-03-03,35.0
2015-03-04,12.5
2015-03-05,20.0
2015-03-06,2.5
2015-03-09,5.0
2015-03-10,0.0
2015-03-11,2.5
2015-03-12,10.0
2015-03-13,5.0
2015-03-16,32.5
2015-03-17,30.0
2015-03-18,85.0
2015-03-19,70.0
2015-03-20,87.5
2015-03-23,92.5
2015-03-24,92.5
2015-03-25,82.5
2015-03-26,60.0
2015-03-27,55.00000000000001
2015-03-30,72.5
2015-03-31,37.5
2015-04-01,60.0
2015-04-02,80.0
2015-04-06,95.0
2015-04-07,92.5
2015-04-08,97.5
2015-04-09,92.5
2015-04-10,95.0
2015-04-13,55.00000000000001
2015-04-14,80.0
2015-04-15,75.0
2015-04-16,77.5
2015-04-17,45.0
2015-04-20,42.5
2015-04-21,65.0
2015-04-22,62.5
2015-04-23,85.0
2015-04-24,87.5
2015-04-27,90.0
2015-04-28,90.0
2015-04-29,70.0
2015-04-30,47.5
2015-05-01,57.49999999999999
2015-05-04,47.5
2015-05-05,20.0
2015-05-06,17.5
2015-05-07,20.0
2015-05-08,60.0
2015-05-11,52.5
2015-05-12,45.0
2015-05-13,62.5
2015-05-14,82.5
2015-05-15,95.0
2015-05-18,80.0
2015-05-19,65.0
2015-05-20,70.0
2015-05-21,60.0
2015-05-22,35.0
2015-05-26,5.0
2015-05-27,15.0
2015-05-28,5.0
2015-05-29,0.0
2015-06-01,5.0
2015-06-02,22.5
2015-06-03,40.0
2015-06-04,17.5
2015-06-05,2.5
2015-06-08,10.0
2015-06-09,12.5
2015-06-10,60.0
2015-06-11,70.0
2015-06-12,45.0
2015-06-15,15.0
2015-06-16,37.5
2015-06-17,47.5
2015-06-18,72.5
2015-06-19,52.5
2015-06-22,87.5
2015-06-23,95.0
2015-06-24,82.5
2015-06-25,72.5
2015-06-26,57.49999999999999
2015-06-29,0.0
2015-06-30,7.5
2015-07-01,10.0
2015-07-02,20.0
2015-07-06,5.0
2015-07-07,5.0
2015-07-08,0.0
2015-07-09,2.5
2015-07-10,62.5
2015-07-13,75.0
2015-07-14,85.0
2015-07-15,75.0
2015-07-16,82.5
2015-07-17,80.0
2015-07-20,72.5
2015-07-21,75.0
2015-07-22,40.0
2015-07-23,27.500000000000004
2015-07-24,12.5
2015-07-27,7.5
2015-07-28,15.0
2015-07-29,15.0
2015-07-30,22.5
2015-07-31,57.49999999999999
2015-08-03,45.0
2015-08-04,42.5
2015-08-05,57.49999999999999
2015-08-06,45.0
2015-08-07,35.0
2015-08-10,67.5
2015-08-11,27.500000000000004
2015-08-12,15.0
2015-08-13,17.5
2015-08-14,25.0
2015-08-17,20.0
2015-08-18,10.0
2015-08-19,5.0
2015-08-20,2.5
2015-08-21,2.5
2015-08-24,0.0
2015-08-25,0.0
2015-08-26,0.0
2015-08-27,42.5
2015-08-28,47.5
2015-08-31,45.0
2015-09-01,22.5
2015-09-02,40.0
2015-09-03,52.5
2015-09-04,10.0
2015-09-08,62.5
2015-09-09,47.5
2015-09-10,65.0
2015-09-11,70.0
2015-09-14,70.0
2015-09-15,90.0
2015-09-16,97.5
2015-09-17,92.6829268292683
2015-09-18,53.65853658536586
2015-09-21,41.46341463414634
2015-09-22,4.878048780487805
2015-09-23,2.4390243902439024
2015-09-24,2.4390243902439024
2015-09-25,2.4390243902439024
2015-09-28,0.0
2015-09-29,0.0
2015-09-30,17.073170731707318
2015-10-01,39.02439024390244
2015-10-02,87.8048780487805
2015-10-05,100.0
2015-10-06,100.0
2015-10-07,100.0
2015-10-08,100.0
2015-10-09,100.0
2015-10-12,97.5609756097561
2015-10-13,85.36585365853658
2015-10-14,82.92682926829268
2015-10-15,85.36585365853658
2015-10-16,85.36585365853658
2015-10-19,73.17073170731707
2015-10-20,58.536585365853654
2015-10-21,36.58536585365854
2015-10-22,60.97560975609756
2015-10-23,75.60975609756098
2015-10-26,60.97560975609756
2015-10-27,34.146341463414636
2015-10-28,34.146341463414636
2015-10-29,21.951219512195124
2015-10-30,14.634146341463413
2015-11-02,56.09756097560976
2015-11-03,60.97560975609756
2015-11-04,39.02439024390244
2015-11-05,39.02439024390244
2015-11-06,24.390243902439025
2015-11-09,9.75609756097561
2015-11-10,4.878048780487805
2015-11-11,14.634146341463413
2015-11-12,7.317073170731707
2015-11-13,2.4390243902439024
2015-11-16,9.75609756097561
2015-11-17,12.195121951219512
2015-11-18,53.65853658536586
2015-11-19,80.48780487804879
2015-11-20,80.48780487804879
2015-11-23,56.09756097560976
2015-11-24,60.97560975609756
2015-11-25,60.97560975609756
2015-11-27,46.34146341463415
2015-11-30,53.65853658536586
2015-12-01,65.85365853658537
2015-12-02,29.268292682926827
2015-12-03,31.70731707317073
2015-12-04,58.536585365853654
2015-12-07,34.146341463414636
2015-12-08,9.75609756097561
2015-12-09,9.75609756097561
2015-12-10,2.4390243902439024
2015-12-11,0.0
2015-12-14,4.878048780487805
2015-12-15,4.878048780487805
2015-12-16,70.73170731707317
2015-12-17,34.146341463414636
2015-12-18,41.46341463414634
2015-12-21,53.65853658536586
2015-12-22,82.92682926829268
2015-12-23,92.6829268292683
2015-12-24,95.1219512195122
2015-12-28,92.6829268292683
2015-12-29,90.2439024390244
2015-12-30,58.536585365853654
2015-12-31,29.268292682926827
2016-01-04,7.317073170731707
2016-01-05,2.4390243902439024
2016-01-06,2.4390243902439024
2016-01-07,0.0
2016-01-08,0.0
2016-01-11,0.0
2016-01-12,0.0
2016-01-13,2.4390243902439024
2016-01-14,7.317073170731707
2016-01-15,0.0
2016-01-19,2.4390243902439024
2016-01-20,2.4390243902439024
2016-01-21,7.317073170731707
2016-01-22,63.41463414634146
2016-01-25,34.146341463414636
2016-01-26,70.73170731707317
2016-01-27,68.29268292682927
2016-01-28,82.92682926829268
2016-01-29,97.5609756097561
2016-02-01,95.1219512195122
2016-02-02,58.536585365853654
2016-02-03,75.60975609756098
2016-02-04,70.73170731707317
2016-02-05,53.65853658536586
2016-02-08,31.70731707317073
2016-02-09,21.951219512195124
2016-02-10,21.951219512195124
2016-02-11,9.75609756097561
2016-02-12,21.951219512195124
2016-02-16,65.85365853658537
2016-02-17,95.1219512195122
2016-02-18,90.2439024390244
2016-02-19,92.6829268292683
2016-02-22,100.0
2016-02-23,87.8048780487805
2016-02-24,75.60975609756098
2016-02-25,87.8048780487805
2016-02-26,58.536585365853654
2016-02-29,48.78048780487805
2016-03-01,97.5609756097561
2016-03-02,97.5609756097561
2016-03-03,100.0
2016-03-04,100.0
2016-03-07,100.0
2016-03-08,95.1219512195122
2016-03-09,100.0
2016-03-10,95.1219512195122
2016-03-11,100.0
2016-03-14,90.2439024390244
2016-03-15,68.29268292682927
2016-03-16,87.8048780487805
2016-03-17,97.5609756097561
2016-03-18,95.1219512195122
2016-03-21,95.1219512195122
2016-03-22,87.8048780487805
2016-03-23,46.34146341463415
2016-03-24,24.390243902439025
2016-03-28,34.146341463414636
2016-03-29,68.29268292682927
2016-03-30,90.2439024390244
2016-03-31,80.48780487804879
2016-04-01,65.85365853658537
2016-04-04,48.78048780487805
2016-04-05,9.75609756097561
2016-04-06,39.02439024390244
2016-04-07,9.75609756097561
2016-04-08,36.58536585365854
2016-04-11,60.97560975609756
2016-04-12,87.8048780487805
2016-04-13,90.2439024390244
2016-04-14,90.2439024390244
2016-04-15,92.6829268292683
2016-04-18,95.1219512195122
2016-04-19,97.5609756097561
2016-04-20,92.6829268292683
2016-04-21,85.36585365853658
2016-04-22,58.536585365853654
2016-04-25,43.90243902439025
2016-04-26,48.78048780487805
2016-04-27,65.85365853658537
2016-04-28,34.146341463414636
2016-04-29,41.46341463414634
2016-05-02,53.65853658536586
2016-05-03,2.4390243902439024
2016-05-04,0.0
2016-05-05,7.317073170731707
2016-05-06,7.317073170731707
2016-05-09,2.4390243902439024
2016-05-10,31.70731707317073
2016-05-11,29.268292682926827
2016-05-12,29.268292682926827
2016-05-13,14.634146341463413
2016-05-16,41.46341463414634
2016-05-17,34.146341463414636
2016-05-18,21.951219512195124
2016-05-19,9.75609756097561
2016-05-20,24.390243902439025
2016-05-23,19.51219512195122
2016-05-24,60.97560975609756
2016-05-25,80.48780487804879
2016-05-26,87.8048780487805
2016-05-27,80.48780487804879
2016-05-31,70.73170731707317
2016-06-01,68.29268292682927
2016-06-02,63.41463414634146
2016-06-03,85.36585365853658
2016-06-06,92.6829268292683
2016-06-07,100.0
2016-06-08,97.5609756097561
2016-06-09,73.17073170731707
2016-06-10,19.51219512195122
2016-06-13,4.878048780487805
2016-06-14,4.878048780487805
2016-06-15,7.317073170731707
2016-06-16,2.4390243902439024
2016-06-17,9.75609756097561
2016-06-20,68.29268292682927
2016-06-21,95.1219512195122
2016-06-22,97.5609756097561
2016-06-23,100.0
2016-06-24,7.317073170731707
2016-06-27,4.878048780487805
2016-06-28,17.073170731707318
2016-06-29,56.09756097560976
2016-06-30,75.60975609756098
2016-07-01,70.73170731707317
2016-07-05,39.02439024390244
2016-07-06,36.58536585365854
2016-07-07,39.02439024390244
2016-07-08,95.1219512195122
2016-07-11,97.5609756097561
2016-07-12,100.0
2016-07-13,100.0
2016-07-14,100.0
2016-07-15,97.5609756097561
2016-07-18,95.1219512195122
2016-07-19,90.2439024390244
2016-07-20,90.2439024390244
2016-07-21,82.92682926829268
2016-07-22,70.73170731707317
2016-07-25,58.536585365853654
2016-07-26,63.41463414634146
2016-07-27,70.73170731707317
2016-07-28,65.85365853658537
2016-07-29,78.04878048780488
2016-08-01,56.09756097560976
2016-08-02,36.58536585365854
2016-08-03,31.70731707317073
2016-08-04,46.34146341463415
2016-08-05,78.04878048780488
2016-08-08,87.8048780487805
2016-08-09,92.6829268292683
2016-08-10,92.6829268292683
2016-08-11,97.5609756097561
2016-08-12,95.1219512195122
2016-08-15,100.0
2016-08-16,95.1219512195122
2016-08-17,75.60975609756098
2016-08-18,87.8048780487805
2016-08-19,65.85365853658537
2016-08-22,36.58536585365854
2016-08-23,48.78048780487805
2016-08-24,39.02439024390244
2016-08-25,26.82926829268293
2016-08-26,9.75609756097561
2016-08-29,26.82926829268293
2016-08-30,29.268292682926827
2016-08-31,19.51219512195122
2016-09-01,36.58536585365854
2016-09-02,70.73170731707317
2016-09-06,92.6829268292683
2016-09-07,92.6829268292683
2016-09-08,82.92682926829268
2016-09-09,19.51219512195122
2016-09-12,29.268292682926827
2016-09-13,0.0
2016-09-14,0.0
2016-09-15,17.073170731707318
2016-09-16,2.4390243902439024
2016-09-19,9.75609756097561
2016-09-20,21.951219512195124
2016-09-21,82.92682926829268
2016-09-22,100.0
2016-09-23,90.2439024390244
2016-09-26,58.536585365853654
2016-09-27,60.97560975609756
2016-09-28,90.2439024390244
2016-09-29,34.146341463414636
2016-09-30,68.29268292682927
2016-10-03,58.536585365853654
2016-10-04,29.268292682926827
2016-10-05,56.09756097560976
2016-10-06,53.65853658536586
2016-10-07,31.70731707317073
2016-10-10,48.78048780487805
2016-10-11,17.073170731707318
2016-10-12,19.51219512195122
2016-10-13,19.51219512195122
2016-10-14,19.51219512195122
2016-10-17,17.073170731707318
2016-10-18,56.09756097560976
2016-10-19,70.73170731707317
2016-10-20,73.17073170731707
2016-10-21,70.73170731707317
2016-10-24,73.17073170731707
2016-10-25,70.73170731707317
2016-10-26,41.46341463414634
2016-10-27,21.951219512195124
2016-10-28,24.390243902439025
2016-10-31,26.82926829268293
2016-11-01,12.195121951219512
2016-11-02,12.195121951219512
2016-11-03,12.195121951219512
2016-11-04,4.878048780487805
2016-11-07,46.34146341463415
2016-11-08,75.60975609756098
2016-11-09,48.78048780487805
2016-11-10,29.268292682926827
2016-11-11,19.51219512195122
2016-11-14,12.195121951219512
2016-11-15,21.951219512195124
2016-11-16,12.195121951219512
2016-11-17,17.073170731707318
2016-11-18,17.073170731707318
2016-11-21,29.268292682926827
2016-11-22,53.65853658536586
2016-11-23,48.78048780487805
2016-11-25,65.85365853658537
2016-11-28,56.09756097560976
2016-11-29,63.41463414634146
2016-11-30,68.29268292682927
2016-12-01,51.21951219512195
2016-12-02,51.21951219512195
2016-12-05,80.48780487804879
2016-12-06,85.36585365853658
2016-12-07,100.0
2016-12-08,95.1219512195122
2016-12-09,95.1219512195122
2016-12-12,90.2439024390244
2016-12-13,92.6829268292683
2016-12-14,41.46341463414634
2016-12-15,39.02439024390244
2016-12-16,31.70731707317073
2016-12-19,21.951219512195124
2016-12-20,24.390243902439025
2016-12-21,34.146341463414636
2016-12-22,29.268292682926827
2016-12-23,48.78048780487805
2016-12-27,56.09756097560976
2016-12-28,53.65853658536586
2016-12-29,82.92682926829268
2016-12-30,78.04878048780488
2017-01-03,90.2439024390244
2017-01-04,95.1219512195122
2017-01-05,95.1219512195122
2017-01-06,95.1219512195122
2017-01-09,92.6829268292683
2017-01-10,85.36585365853658
2017-01-11,92.6829268292683
2017-01-12,90.2439024390244
2017-01-13,90.2439024390244
2017-01-17,78.04878048780488
2017-01-18,63.41463414634146
2017-01-19,51.21951219512195
2017-01-20,70.73170731707317
2017-01-23,82.92682926829268
2017-01-24,97.5609756097561
2017-01-25,97.5609756097561
2017-01-26,90.2439024390244
2017-01-27,85.36585365853658
2017-01-30,60.97560975609756
2017-01-31,63.41463414634146
2017-02-01,60.97560975609756
2017-02-02,73.17073170731707
2017-02-03,87.8048780487805
2017-02-06,48.78048780487805
2017-02-07,36.58536585365854
2017-02-08,56.09756097560976
2017-02-09,63.41463414634146
2017-02-10,70.73170731707317
2017-02-13,85.36585365853658
2017-02-14,82.92682926829268
2017-02-15,85.36585365853658
2017-02-16,78.04878048780488
2017-02-17,80.48780487804879
2017-02-21,78.04878048780488
2017-02-22,78.04878048780488
2017-02-23,78.04878048780488
2017-02-24,36.58536585365854
2017-02-27,24.390243902439025
2017-02-28,21.951219512195124
2017-03-01,70.73170731707317
2017-03-02,36.58536585365854
2017-03-03,63.41463414634146
2017-03-06,46.34146341463415
2017-03-07,39.02439024390244
2017-03-08,21.951219512195124
2017-03-09,34.146341463414636
2017-03-10,63.41463414634146
2017-03-13,78.04878048780488
2017-03-14,56.09756097560976
2017-03-15,90.2439024390244
2017-03-16,92.6829268292683
2017-03-17,92.6829268292683
2017-03-20,92.6829268292683
2017-03-21,78.04878048780488
2017-03-22,68.29268292682927
2017-03-23,70.73170731707317
2017-03-24,75.60975609756098
2017-03-27,78.04878048780488
2017-03-28,75.60975609756098
2017-03-29,82.92682926829268
2017-03-30,60.97560975609756
2017-03-31,56.09756097560976
2017-04-03,48.78048780487805
2017-04-04,56.09756097560976
2017-04-05,43.90243902439025
2017-04-06,46.34146341463415
2017-04-07,43.90243902439025
2017-04-10,43.90243902439025
2017-04-11,53.65853658536586
2017-04-12,53.65853658536586
2017-04-13,36.58536585365854
2017-04-17,63.41463414634146
2017-04-18,41.46341463414634
2017-04-19,24.390243902439025
2017-04-20,46.34146341463415
2017-04-21,48.78048780487805
2017-04-24,78.04878048780488
2017-04-25,78.04878048780488
2017-04-26,75.60975609756098
2017-04-27,70.73170731707317
2017-04-28,80.48780487804879
2017-05-01,82.92682926829268
2017-05-02,85.36585365853658
2017-05-03,75.60975609756098
2017-05-04,63.41463414634146
2017-05-05,78.04878048780488
2017-05-08,70.73170731707317
2017-05-09,75.60975609756098
2017-05-10,87.8048780487805
2017-05-11,80.48780487804879
2017-05-12,75.60975609756098
2017-05-15,90.2439024390244
2017-05-16,92.6829268292683
2017-05-17,31.70731707317073
2017-05-18,36.58536585365854
2017-05-19,85.36585365853658
2017-05-22,82.92682926829268
2017-05-23,80.48780487804879
2017-05-24,80.48780487804879
2017-05-25,78.04878048780488
2017-05-26,73.17073170731707
2017-05-30,60.97560975609756
2017-05-31,53.65853658536586
2017-06-01,78.04878048780488
2017-06-02,85.36585365853658
2017-06-05,85.36585365853658
2017-06-06,70.73170731707317
2017-06-07,68.29268292682927
2017-06-08,65.85365853658537
2017-06-09,56.09756097560976
2017-06-12,31.70731707317073
2017-06-13,63.41463414634146
2017-06-14,53.65853658536586
2017-06-15,21.951219512195124
2017-06-16,46.34146341463415
2017-06-19,68.29268292682927
2017-06-20,29.268292682926827
2017-06-21,29.268292682926827
2017-06-22,29.268292682926827
2017-06-23,48.78048780487805
2017-06-26,60.97560975609756
2017-06-27,53.65853658536586
2017-06-28,82.92682926829268
2017-06-29,46.34146341463415
2017-06-30,53.65853658536586
2017-07-03,60.97560975609756
2017-07-05,60.97560975609756
2017-07-06,31.70731707317073
2017-07-07,43.90243902439025
2017-07-10,46.34146341463415
2017-07-11,68.29268292682927
2017-07-12,95.1219512195122
2017-07-13,97.5609756097561
2017-07-14,100.0
2017-07-17,95.1219512195122
2017-07-18,95.1219512195122
2017-07-19,95.1219512195122
2017-07-20,90.2439024390244
2017-07-21,78.04878048780488
2017-07-24,70.73170731707317
2017-07-25,68.29268292682927
2017-07-26,80.48780487804879
2017-07-27,73.17073170731707
2017-07-28,70.73170731707317
2017-07-31,60.97560975609756
2017-08-01,70.73170731707317
2017-08-02,80.48780487804879
2017-08-03,73.17073170731707
2017-08-04,78.04878048780488
2017-08-07,70.73170731707317
2017-08-08,53.65853658536586
2017-08-09,41.46341463414634
2017-08-10,0.0
2017-08-11,9.75609756097561
2017-08-14,14.634146341463413
2017-08-15,14.634146341463413
2017-08-16,58.536585365853654
2017-08-17,14.634146341463413
2017-08-18,31.70731707317073
2017-08-21,46.34146341463415
2017-08-22,87.8048780487805
2017-08-23,85.36585365853658
2017-08-24,75.60975609756098
2017-08-25,90.2439024390244
2017-08-28,90.2439024390244
2017-08-29,68.29268292682927
2017-08-30,58.536585365853654
2017-08-31,82.92682926829268
2017-09-01,90.2439024390244
2017-09-05,58.536585365853654
2017-09-06,78.04878048780488
2017-09-07,85.36585365853658
2017-09-08,73.17073170731707
2017-09-11,90.2439024390244
2017-09-12,85.36585365853658
2017-09-13,75.60975609756098
2017-09-14,70.73170731707317
2017-09-15,75.60975609756098
2017-09-18,70.73170731707317
2017-09-19,78.04878048780488
2017-09-20,60.97560975609756
2017-09-21,51.21951219512195
2017-09-22,51.21951219512195
2017-09-25,26.82926829268293
2017-09-26,7.317073170731707
2017-09-27,19.51219512195122
2017-09-28,26.82926829268293
2017-09-29,56.09756097560976
2017-10-02,58.536585365853654
2017-10-03,70.73170731707317
2017-10-04,73.17073170731707
2017-10-05,75.60975609756098
2017-10-06,70.73170731707317
2017-10-09,68.29268292682927
2017-10-10,82.92682926829268
2017-10-11,85.36585365853658
2017-10-12,82.92682926829268
2017-10-13,82.92682926829268
2017-10-16,73.17073170731707
2017-10-17,58.536585365853654
2017-10-18,75.60975609756098
2017-10-19,58.536585365853654
2017-10-20,43.90243902439025
2017-10-23,24.390243902439025
2017-10-24,24.390243902439025
2017-10-25,21.951219512195124
2017-10-26,19.51219512195122
2017-10-27,36.58536585365854
2017-10-30,46.34146341463415
2017-10-31,60.97560975609756
2017-11-01,65.85365853658537
2017-11-02,75.60975609756098
2017-11-03,58.536585365853654
2017-11-06,73.17073170731707
2017-11-07,39.02439024390244
2017-11-08,56.09756097560976
2017-11-09,31.70731707317073
2017-11-10,19.51219512195122
2017-11-13,19.51219512195122
2017-11-14,9.75609756097561
2017-11-15,4.878048780487805
2017-11-16,34.146341463414636
2017-11-17,43.90243902439025
2017-11-20,46.34146341463415
2017-11-21,73.17073170731707
2017-11-22,87.8048780487805
2017-11-24,92.6829268292683
2017-11-27,85.36585365853658
2017-11-28,87.8048780487805
2017-11-29,60.97560975609756
2017-11-30,51.21951219512195
2017-12-01,51.21951219512195
2017-12-04,34.146341463414636
2017-12-05,26.82926829268293
2017-12-06,17.073170731707318
2017-12-07,24.390243902439025
2017-12-08,58.536585365853654
2017-12-11,63.41463414634146
2017-12-12,70.73170731707317
2017-12-13,80.48780487804879
2017-12-14,65.85365853658537
2017-12-15,70.73170731707317
2017-12-18,95.1219512195122
2017-12-19,87.8048780487805
2017-12-20,87.8048780487805
2017-12-21,85.36585365853658
2017-12-22,90.2439024390244
2017-12-26,85.36585365853658
2017-12-27,90.2439024390244
2017-12-28,92.6829268292683
2017-12-29,90.2439024390244
2018-01-02,97.5609756097561
2018-01-03,97.5609756097561
2018-01-04,100.0
2018-01-05,100.0
2018-01-08,100.0
2018-01-09,100.0
2018-01-10,80.48780487804879
2018-01-11,87.8048780487805
2018-01-12,95.1219512195122
2018-01-16,85.36585365853658
2018-01-17,95.1219512195122
2018-01-18,97.5609756097561
2018-01-19,95.1219512195122
2018-01-22,95.1219512195122
2018-01-23,92.6829268292683
2018-01-24,95.1219512195122
2018-01-25,95.1219512195122
2018-01-26,100.0
2018-01-29,85.36585365853658
2018-01-30,19.51219512195122
2018-01-31,34.146341463414636
2018-02-01,43.90243902439025
2018-02-02,2.4390243902439024
2018-02-05,0.0
2018-02-06,2.4390243902439024
2018-02-07,0.0
2018-02-08,0.0
2018-02-09,0.0
2018-02-12,0.0
2018-02-13,12.195121951219512
2018-02-14,82.92682926829268
2018-02-15,97.5609756097561
2018-02-16,95.1219512195122
2018-02-20,87.8048780487805
2018-02-21,75.60975609756098
2018-02-22,85.36585365853658
2018-02-23,90.2439024390244
2018-02-26,90.2439024390244
2018-02-27,34.146341463414636
2018-02-28,9.75609756097561
2018-03-01,7.317073170731707
2018-03-02,9.75609756097561
2018-03-05,17.073170731707318
2018-03-06,31.70731707317073
2018-03-07,39.02439024390244
2018-03-08,48.78048780487805
2018-03-09,85.36585365853658
2018-03-12,92.6829268292683
2018-03-13,82.92682926829268
2018-03-14,80.48780487804879
2018-03-15,51.21951219512195
2018-03-16,41.46341463414634
2018-03-19,17.073170731707318
2018-03-20,19.51219512195122
2018-03-21,43.90243902439025
2018-03-22,4.878048780487805
2018-03-23,7.317073170731707
2018-03-26,36.58536585365854
2018-03-27,9.75609756097561
2018-03-28,19.51219512195122
2018-03-29,60.97560975609756
2018-04-02,14.634146341463413
2018-04-03,41.46341463414634
2018-04-04,60.97560975609756
2018-04-05,75.60975609756098
2018-04-06,39.02439024390244
2018-04-09,65.85365853658537
2018-04-10,95.1219512195122
2018-04-11,80.48780487804879
2018-04-12,85.36585365853658
2018-04-13,80.48780487804879
2018-04-16,87.8048780487805
2018-04-17,82.92682926829268
2018-04-18,90.2439024390244
2018-04-19,80.48780487804879
2018-04-20,56.09756097560976
2018-04-23,39.02439024390244
2018-04-24,21.951219512195124
2018-04-25,9.75609756097561
2018-04-26,34.146341463414636
2018-04-27,36.58536585365854
2018-04-30,21.951219512195124
2018-05-01,24.390243902439025
2018-05-02,17.073170731707318
2018-05-03,21.951219512195124
2018-05-04,39.02439024390244
2018-05-07,39.02439024390244
2018-05-08,41.46341463414634
2018-05-09,41.46341463414634
2018-05-10,73.17073170731707
2018-05-11,73.17073170731707
2018-05-14,75.60975609756098
2018-05-15,43.90243902439025
2018-05-16,53.65853658536586
2018-05-17,43.90243902439025
2018-05-18,24.390243902439025
2018-05-21,53.65853658536586
2018-05-22,51.21951219512195
2018-05-23,17.073170731707318
2018-05-24,17.073170731707318
2018-05-25,19.51219512195122
2018-05-29,9.75609756097561
2018-05-30,21.951219512195124
2018-05-31,19.51219512195122
2018-06-01,41.46341463414634
2018-06-04,56.09756097560976
2018-06-05,58.536585365853654
2018-06-06,82.92682926829268
2018-06-07,70.73170731707317
2018-06-08,75.60975609756098
2018-06-11,80.48780487804879
2018-06-12,60.97560975609756
2018-06-13,56.09756097560976
2018-06-14,46.34146341463415
2018-06-15,17.073170731707318
2018-06-18,2.4390243902439024
2018-06-19,2.4390243902439024
2018-06-20,4.878048780487805
2018-06-21,7.317073170731707
2018-06-22,21.951219512195124
2018-06-25,7.317073170731707
2018-06-26,12.195121951219512
2018-06-27,7.317073170731707
2018-06-28,12.195121951219512
2018-06-29,36.58536585365854
2018-07-02,19.51219512195122
2018-07-03,39.02439024390244
2018-07-05,63.41463414634146
2018-07-06,78.04878048780488
2018-07-09,97.5609756097561
2018-07-10,97.5609756097561
2018-07-11,63.41463414634146
2018-07-12,87.8048780487805
2018-07-13,80.48780487804879
2018-07-16,70.73170731707317
2018-07-17,82.92682926829268
2018-07-18,65.85365853658537
2018-07-19,51.21951219512195
2018-07-20,73.17073170731707
2018-07-23,60.97560975609756
2018-07-24,85.36585365853658
2018-07-25,92.6829268292683
2018-07-26,73.17073170731707
2018-07-27,85.36585365853658
2018-07-30,85.36585365853658
2018-07-31,82.92682926829268
2018-08-01,58.536585365853654
2018-08-02,29.268292682926827
2018-08-03,36.58536585365854
2018-08-06,21.951219512195124
2018-08-07,39.02439024390244
2018-08-08,43.90243902439025
2018-08-09,34.146341463414636
2018-08-10,0.0
2018-08-13,0.0
2018-08-14,4.878048780487805
2018-08-15,2.4390243902439024
2018-08-16,9.75609756097561
2018-08-17,19.51219512195122
2018-08-20,26.82926829268293
2018-08-21,75.60975609756098
2018-08-22,92.6829268292683
2018-08-23,78.04878048780488
2018-08-24,92.6829268292683
2018-08-27,92.6829268292683
2018-08-28,92.6829268292683
2018-08-29,95.1219512195122
2018-08-30,53.65853658536586
2018-08-31,34.146341463414636
2018-09-04,17.073170731707318
2018-09-05,4.878048780487805
2018-09-06,2.4390243902439024
2018-09-07,4.878048780487805
2018-09-10,4.878048780487805
2018-09-11,12.195121951219512
2018-09-12,24.390243902439025
2018-09-13,68.29268292682927
2018-09-14,65.85365853658537
2018-09-17,65.85365853658537
2018-09-18,85.36585365853658
2018-09-19,90.2439024390244
2018-09-20,92.6829268292683
2018-09-21,92.6829268292683
2018-09-24,85.36585365853658
2018-09-25,82.92682926829268
2018-09-26,75.60975609756098
2018-09-27,63.41463414634146
2018-09-28,43.90243902439025
2018-10-01,41.46341463414634
2018-10-02,24.390243902439025
2018-10-03,12.195121951219512
2018-10-04,4.878048780487805
2018-10-05,2.4390243902439024
2018-10-08,4.878048780487805
2018-10-09,2.4390243902439024
2018-10-10,2.4390243902439024
2018-10-11,4.878048780487805
2018-10-12,7.317073170731707
2018-10-15,9.75609756097561
2018-10-16,43.90243902439025
2018-10-17,26.82926829268293
2018-10-18,12.195121951219512
2018-10-19,17.073170731707318
2018-10-22,26.82926829268293
2018-10-23,19.51219512195122
2018-10-24,2.4390243902439024
2018-10-25,12.195121951219512
2018-10-26,12.195121951219512
2018-10-29,4.878048780487805
2018-10-30,26.82926829268293
2018-10-31,60.97560975609756
2018-11-01,90.2439024390244
2018-11-02,92.6829268292683
2018-11-05,97.5609756097561
2018-11-06,97.5609756097561
2018-11-07,97.5609756097561
2018-11-08,90.2439024390244
2018-11-09,58.536585365853654
2018-11-12,12.195121951219512
2018-11-13,14.634146341463413
2018-11-14,12.195121951219512
2018-11-15,48.78048780487805
2018-11-16,46.34146341463415
2018-11-19,24.390243902439025
2018-11-20,4.878048780487805
2018-11-21,26.82926829268293
2018-11-23,14.634146341463413
2018-11-26,53.65853658536586
2018-11-27,43.90243902439025
2018-11-28,87.8048780487805
2018-11-29,92.6829268292683
2018-11-30,73.17073170731707
2018-12-03,97.5609756097561
2018-12-04,56.09756097560976
2018-12-06,31.70731707317073
2018-12-07,14.634146341463413
2018-12-10,7.317073170731707
2018-12-11,4.878048780487805
2018-12-12,24.390243902439025
2018-12-13,34.146341463414636
2018-12-14,12.195121951219512
2018-12-17,4.878048780487805
2018-12-18,14.634146341463413
2018-12-19,12.195121951219512
2018-12-20,12.195121951219512
2018-12-21,9.75609756097561
2018-12-24,7.317073170731707
2018-12-26,24.390243902439025
2018-12-27,29.268292682926827
2018-12-28,51.21951219512195
2018-12-31,73.17073170731707
2019-01-02,73.17073170731707
2019-01-03,56.09756097560976
2019-01-04,95.1219512195122
2019-01-07,92.6829268292683
2019-01-08,92.6829268292683
2019-01-09,95.1219512195122
2019-01-10,97.5609756097561
2019-01-11,97.5609756097561
2019-01-14,95.1219512195122
2019-01-15,85.36585365853658
2019-01-16,90.2439024390244
2019-01-17,92.6829268292683
2019-01-18,92.6829268292683
2019-01-22,46.34146341463415
2019-01-23,65.85365853658537
2019-01-24,78.04878048780488
2019-01-25,95.1219512195122
2019-01-28,85.36585365853658
2019-01-29,87.8048780487805
2019-01-30,90.2439024390244
2019-01-31,95.1219512195122
2019-02-01,87.8048780487805
2019-02-04,92.6829268292683
2019-02-05,95.1219512195122
2019-02-06,80.48780487804879
2019-02-07,43.90243902439025
2019-02-08,31.70731707317073
2019-02-11,14.634146341463413
2019-02-12,41.46341463414634
2019-02-13,39.02439024390244
2019-02-14,43.90243902439025
2019-02-15,65.85365853658537
2019-02-19,78.04878048780488
2019-02-20,87.8048780487805
2019-02-21,78.04878048780488
2019-02-22,95.1219512195122
2019-02-25,95.1219512195122
2019-02-26,97.5609756097561
2019-02-27,80.48780487804879
2019-02-28,60.97560975609756
2019-03-01,60.97560975609756
2019-03-04,58.536585365853654
2019-03-05,53.65853658536586
2019-03-06,31.70731707317073
2019-03-07,2.4390243902439024
2019-03-08,7.317073170731707
2019-03-11,17.073170731707318
2019-03-12,31.70731707317073
2019-03-13,80.48780487804879
2019-03-14,65.85365853658537
2019-03-15,100.0
2019-03-18,97.5609756097561
2019-03-19,100.0
2019-03-20,97.5609756097561
2019-03-21,95.1219512195122
2019-03-22,17.073170731707318
2019-03-25,17.073170731707318
2019-03-26,24.390243902439025
2019-03-27,9.75609756097561
2019-03-28,17.073170731707318
2019-03-29,41.46341463414634
2019-04-01,87.8048780487805
2019-04-02,90.2439024390244
2019-04-03,95.1219512195122
2019-04-04,100.0
2019-04-05,97.5609756097561
2019-04-08,95.1219512195122
2019-04-09,92.6829268292683
2019-04-10,85.36585365853658
2019-04-11,75.60975609756098
2019-04-12,78.04878048780488
2019-04-15,73.17073170731707
2019-04-16,80.48780487804879
2019-04-17,80.48780487804879
2019-04-18,65.85365853658537
2019-04-22,63.41463414634146
2019-04-23,60.97560975609756
2019-04-24,21.951219512195124
2019-04-25,26.82926829268293
2019-04-26,39.02439024390244
2019-04-29,39.02439024390244
2019-04-30,51.21951219512195
2019-05-01,26.82926829268293
2019-05-02,19.51219512195122
2019-05-03,60.97560975609756
2019-05-06,12.195121951219512
2019-05-07,2.4390243902439024
2019-05-08,2.4390243902439024
2019-05-09,2.4390243902439024
2019-05-10,9.75609756097561
2019-05-13,0.0
2019-05-14,0.0
2019-05-15,2.4390243902439024
2019-05-16,26.82926829268293
2019-05-17,17.073170731707318
2019-05-20,19.51219512195122
2019-05-21,46.34146341463415
2019-05-22,34.146341463414636
2019-05-23,17.073170731707318
2019-05-24,34.146341463414636
2019-05-28,31.70731707317073
2019-05-29,26.82926829268293
2019-05-30,31.70731707317073
2019-05-31,31.70731707317073
2019-06-03,46.34146341463415
2019-06-04,80.48780487804879
2019-06-05,82.92682926829268
2019-06-06,90.2439024390244
2019-06-07,97.5609756097561
2019-06-10,95.1219512195122
2019-06-11,97.5609756097561
2019-06-12,92.6829268292683
2019-06-13,85.36585365853658
2019-06-14,48.78048780487805
2019-06-17,46.34146341463415
2019-06-18,87.8048780487805
2019-06-19,92.6829268292683
2019-06-20,95.1219512195122
2019-06-21,90.2439024390244
2019-06-24,87.8048780487805
2019-06-25,85.36585365853658
2019-06-26,87.8048780487805
2019-06-27,90.2439024390244
2019-06-28,92.6829268292683
2019-07-01,95.1219512195122
2019-07-02,87.8048780487805
2019-07-03,90.2439024390244
2019-07-05,68.29268292682927
2019-07-08,53.65853658536586
2019-07-09,29.268292682926827
2019-07-10,46.34146341463415
2019-07-11,43.90243902439025
2019-07-12,48.78048780487805
2019-07-15,58.536585365853654
2019-07-16,39.02439024390244
2019-07-17,31.70731707317073
2019-07-18,63.41463414634146
2019-07-19,43.90243902439025
2019-07-22,31.70731707317073
2019-07-23,48.78048780487805
2019-07-24,58.536585365853654
2019-07-25,36.58536585365854
2019-07-26,34.146341463414636
2019-07-29,41.46341463414634
2019-07-30,17.073170731707318
2019-07-31,9.75609756097561
2019-08-01,2.4390243902439024
2019-08-02,2.4390243902439024
2019-08-05,0.0
2019-08-06,0.0
2019-08-07,0.0
2019-08-08,24.390243902439025
2019-08-09,17.073170731707318
2019-08-12,2.4390243902439024
2019-08-13,26.82926829268293
2019-08-14,0.0
2019-08-15,2.4390243902439024
2019-08-16,29.268292682926827
2019-08-19,46.34146341463415
2019-08-20,29.268292682926827
2019-08-21,75.60975609756098
2019-08-22,65.85365853658537
2019-08-23,9.75609756097561
2019-08-26,39.02439024390244
2019-08-27,46.34146341463415
2019-08-28,53.65853658536586
2019-08-29,65.85365853658537
2019-08-30,82.92682926829268
2019-09-03,73.17073170731707
2019-09-04,92.6829268292683
2019-09-05,95.1219512195122
2019-09-06,97.5609756097561
2019-09-09,97.5609756097561
2019-09-10,95.1219512195122
2019-09-11,97.5609756097561
2019-09-12,97.5609756097561
2019-09-13,92.6829268292683
2019-09-16,80.48780487804879
2019-09-17,75.60975609756098
2019-09-18,68.29268292682927
2019-09-19,58.536585365853654
2019-09-20,46.34146341463415
2019-09-23,29.268292682926827
2019-09-24,14.634146341463413
2019-09-25,12.195121951219512
2019-09-26,19.51219512195122
2019-09-27,17.073170731707318
2019-09-30,21.951219512195124
2019-10-01,12.195121951219512
2019-10-02,2.4390243902439024
2019-10-03,17.073170731707318
2019-10-04,36.58536585365854
2019-10-07,19.51219512195122
2019-10-08,9.75609756097561
2019-10-09,29.268292682926827
2019-10-10,75.60975609756098
2019-10-11,95.1219512195122
2019-10-14,92.6829268292683
2019-10-15,95.1219512195122
2019-10-16,95.1219512195122
2019-10-17,95.1219512195122
2019-10-18,97.5609756097561
2019-10-21,97.5609756097561
2019-10-22,97.5609756097561
2019-10-23,90.2439024390244
2019-10-24,85.36585365853658
2019-10-25,82.92682926829268
2019-10-28,82.92682926829268
2019-10-29,75.60975609756098
2019-10-30,78.04878048780488
2019-10-31,58.536585365853654
2019-11-01,80.48780487804879
2019-11-04,90.2439024390244
2019-11-05,82.92682926829268
2019-11-06,78.04878048780488
2019-11-07,87.8048780487805
2019-11-08,75.60975609756098
2019-11-11,63.41463414634146
2019-11-12,46.34146341463415
2019-11-13,39.02439024390244
2019-11-14,31.70731707317073
2019-11-15,56.09756097560976
2019-11-18,58.536585365853654
2019-11-19,46.34146341463415
2019-11-20,31.70731707317073
2019-11-21,24.390243902439025
2019-11-22,29.268292682926827
2019-11-25,58.536585365853654
2019-11-26,60.97560975609756
2019-11-27,56.09756097560976
2019-11-29,29.268292682926827
2019-12-02,21.951219512195124
2019-12-03,9.75609756097561
2019-12-04,48.78048780487805
2019-12-05,48.78048780487805
2019-12-06,68.29268292682927
2019-12-09,48.78048780487805
2019-12-10,58.536585365853654
2019-12-11,92.6829268292683
2019-12-12,100.0
2019-12-13,97.5609756097561
2019-12-16,90.2439024390244
2019-12-17,90.2439024390244
2019-12-18,87.8048780487805
2019-12-19,87.8048780487805
2019-12-20,87.8048780487805
2019-12-23,90.2439024390244
2019-12-24,87.8048780487805
2019-12-26,90.2439024390244
2019-12-27,95.1219512195122
2019-12-30,73.17073170731707
2019-12-31,75.60975609756098
2020-01-02,100.0
2020-01-03,58.536585365853654
2020-01-06,58.536585365853654
2020-01-07,34.146341463414636
2020-01-08,51.21951219512195
2020-01-09,48.78048780487805
2020-01-10,51.21951219512195
2020-01-13,75.60975609756098
2020-01-14,65.85365853658537
2020-01-15,60.97560975609756
2020-01-16,85.36585365853658
2020-01-17,85.36585365853658
2020-01-21,46.34146341463415
2020-01-22,53.65853658536586
2020-01-23,39.02439024390244
2020-01-24,19.51219512195122
2020-01-27,0.0
2020-01-28,2.4390243902439024
2020-01-29,4.878048780487805
2020-01-30,4.878048780487805
2020-01-31,0.0
2020-02-03,0.0
2020-02-04,46.34146341463415
2020-02-05,80.48780487804879
2020-02-06,70.73170731707317
2020-02-07,56.09756097560976
2020-02-10,53.65853658536586
2020-02-11,75.60975609756098
2020-02-12,82.92682926829268
2020-02-13,68.29268292682927
2020-02-14,63.41463414634146
2020-02-18,36.58536585365854
2020-02-19,58.536585365853654
2020-02-20,29.268292682926827
2020-02-21,19.51219512195122
2020-02-24,0.0
2020-02-25,0.0
2020-02-26,0.0
2020-02-27,0.0
2020-02-28,0.0
2020-03-02,2.4390243902439024
2020-03-03,0.0
2020-03-04,39.02439024390244
2020-03-05,12.195121951219512
2020-03-06,7.317073170731707
2020-03-09,0.0
2020-03-10,0.0
2020-03-11,0.0
2020-03-12,0.0
2020-03-13,0.0
2020-03-16,0.0
2020-03-17,2.4390243902439024
2020-03-18,0.0
2020-03-19,2.4390243902439024
2020-03-20,2.4390243902439024
2020-03-23,2.4390243902439024
2020-03-24,43.90243902439025
2020-03-25,90.2439024390244
2020-03-26,100.0
2020-03-27,95.1219512195122
2020-03-30,92.6829268292683
2020-03-31,95.1219512195122
2020-04-01,56.09756097560976
2020-04-02,78.04878048780488
2020-04-03,39.02439024390244
2020-04-06,90.2439024390244
2020-04-07,97.5609756097561
2020-04-08,100.0
2020-04-09,100.0
2020-04-13,100.0
2020-04-14,100.0
2020-04-15,82.92682926829268
2020-04-16,70.73170731707317
2020-04-17,87.8048780487805
2020-04-20,65.85365853658537
2020-04-21,7.317073170731707
2020-04-22,43.90243902439025
2020-04-23,34.146341463414636
2020-04-24,63.41463414634146
2020-04-27,90.2439024390244
2020-04-28,97.5609756097561
2020-04-29,100.0
2020-04-30,87.8048780487805
2020-05-01,51.21951219512195
2020-05-04,51.21951219512195
2020-05-05,48.78048780487805
2020-05-06,21.951219512195124
2020-05-07,56.09756097560976
2020-05-08,82.92682926829268
2020-05-11,70.73170731707317
2020-05-12,53.65853658536586
2020-05-13,29.268292682926827
2020-05-14,34.146341463414636
2020-05-15,19.51219512195122
2020-05-18,92.6829268292683
2020-05-19,73.17073170731707
2020-05-20,90.2439024390244
2020-05-21,80.48780487804879
2020-05-22,75.60975609756098
2020-05-26,90.2439024390244
2020-05-27,92.6829268292683
2020-05-28,87.8048780487805
2020-05-29,95.1219512195122
2020-06-01,100.0
2020-06-02,100.0
2020-06-03,100.0
2020-06-04,100.0
2020-06-05,100.0
2020-06-08,100.0
2020-06-09,100.0
2020-06-10,97.5609756097561
2020-06-11,2.4390243902439024
2020-06-12,4.878048780487805
2020-06-15,2.4390243902439024
2020-06-16,17.073170731707318
2020-06-17,24.390243902439025
2020-06-18,21.951219512195124
2020-06-19,24.390243902439025
2020-06-22,68.29268292682927
2020-06-23,80.48780487804879
2020-06-24,24.390243902439025
2020-06-25,53.65853658536586
2020-06-26,14.634146341463413
2020-06-29,29.268292682926827
2020-06-30,31.70731707317073
2020-07-01,65.85365853658537
2020-07-02,92.6829268292683
2020-07-06,100.0
2020-07-07,87.8048780487805
2020-07-08,95.1219512195122
2020-07-09,70.73170731707317
2020-07-10,80.48780487804879
2020-07-13,65.85365853658537
2020-07-14,90.2439024390244
2020-07-15,87.8048780487805
2020-07-16,75.60975609756098
2020-07-17,80.48780487804879
2020-07-20,82.92682926829268
2020-07-21,87.8048780487805
2020-07-22,87.8048780487805
2020-07-23,68.29268292682927
2020-07-24,53.65853658536586
2020-07-27,80.48780487804879
2020-07-28,58.536585365853654
2020-07-29,82.92682926829268
2020-07-30,51.21951219512195
2020-07-31,21.951219512195124
2020-08-03,34.146341463414636
2020-08-04,53.65853658536586
2020-08-05,80.48780487804879
2020-08-06,82.92682926829268
2020-08-07,63.41463414634146
2020-08-10,65.85365853658537
2020-08-11,58.536585365853654
2020-08-12,82.92682926829268
2020-08-13,85.36585365853658
2020-08-14,80.48780487804879
2020-08-17,82.92682926829268
2020-08-18,85.36585365853658
2020-08-19,63.41463414634146
2020-08-20,53.65853658536586
2020-08-21,39.02439024390244
2020-08-24,60.97560975609756
2020-08-25,60.97560975609756
2020-08-26,78.04878048780488
2020-08-27,56.09756097560976
2020-08-28,85.36585365853658
2020-08-31,43.90243902439025
2020-09-01,53.65853658536586
2020-09-02,73.17073170731707
2020-09-03,9.523809523809524
2020-09-04,9.523809523809524
2020-09-08,4.761904761904762
2020-09-09,35.714285714285715
2020-09-10,9.523809523809524
2020-09-11,33.33333333333333
2020-09-14,61.904761904761905
2020-09-15,80.95238095238095
2020-09-16,80.95238095238095
2020-09-17,83.33333333333334
2020-09-18,52.38095238095239
2020-09-21,14.285714285714285
2020-09-22,7.142857142857142
2020-09-23,4.761904761904762
2020-09-24,4.761904761904762
2020-09-25,4.761904761904762
2020-09-28,33.33333333333333
2020-09-29,28.57142857142857
2020-09-30,52.38095238095239
2020-10-01,76.19047619047619
2020-10-02,78.57142857142857
2020-10-05,97.61904761904762
2020-10-06,95.23809523809523
2020-10-07,92.85714285714286
2020-10-08,95.23809523809523
2020-10-09,97.61904761904762
2020-10-12,97.61904761904762
2020-10-13,80.95238095238095
2020-10-14,73.80952380952381
2020-10-15,40.476190476190474
2020-10-16,40.476190476190474
2020-10-19,16.666666666666664
2020-10-20,47.61904761904761
2020-10-21,26.190476190476193
2020-10-22,33.33333333333333
2020-10-23,54.761904761904766
2020-10-26,21.428571428571427
2020-10-27,14.285714285714285
2020-10-28,2.380952380952381
2020-10-29,2.380952380952381
2020-10-30,0.0
2020-11-02,7.142857142857142
2020-11-03,57.14285714285714
2020-11-04,90.47619047619048
2020-11-05,97.61904761904762
2020-11-06,97.61904761904762
2020-11-09,100.0
2020-11-10,95.23809523809523
2020-11-11,97.61904761904762
2020-11-12,95.23809523809523
2020-11-13,97.61904761904762
2020-11-16,97.61904761904762
2020-11-17,95.23809523809523
2020-11-18,90.47619047619048
2020-11-19,95.23809523809523
2020-11-20,90.47619047619048
2020-11-23,88.09523809523809
2020-11-24,95.23809523809523
2020-11-25,97.61904761904762
2020-11-27,95.23809523809523
2020-11-30,52.38095238095239
2020-12-01,92.85714285714286
2020-12-02,90.47619047619048
2020-12-03,92.85714285714286
2020-12-04,97.61904761904762
2020-12-07,85.71428571428571
2020-12-08,88.09523809523809
2020-12-09,85.71428571428571
2020-12-10,92.85714285714286
2020-12-11,64.28571428571429
2020-12-14,61.904761904761905
2020-12-15,90.47619047619048
2020-12-16,95.23809523809523
2020-12-17,95.23809523809523
2020-12-18,83.33333333333334
2020-12-21,40.476190476190474
2020-12-22,23.809523809523807
2020-12-23,59.523809523809526
2020-12-24,69.04761904761905
2020-12-28,76.19047619047619
2020-12-29,80.95238095238095
2020-12-30,92.85714285714286
2020-12-31,59.523809523809526
2021-01-04,85.71428571428571
2021-01-05,90.47619047619048
2021-01-06,90.47619047619048
2021-01-07,90.47619047619048
2021-01-08,100.0
2021-01-11,83.33333333333334
2021-01-12,88.09523809523809
2021-01-13,78.57142857142857
2021-01-14,85.71428571428571
2021-01-15,38.095238095238095
2021-01-19,38.095238095238095
2021-01-20,64.28571428571429
2021-01-21,59.523809523809526
2021-01-22,42.857142857142854
2021-01-25,40.476190476190474
2021-01-26,33.33333333333333
2021-01-27,9.523809523809524
2021-01-28,7.142857142857142
2021-01-29,2.380952380952381
2021-02-01,11.904761904761903
2021-02-02,45.23809523809524
2021-02-03,57.14285714285714
2021-02-04,61.904761904761905
2021-02-05,80.95238095238095
2021-02-08,83.33333333333334
2021-02-09,90.47619047619048
2021-02-10,83.33333333333334
2021-02-11,92.85714285714286
2021-02-12,90.47619047619048
2021-02-16,90.47619047619048
2021-02-17,80.95238095238095
2021-02-18,59.523809523809526
2021-02-19,57.14285714285714
2021-02-22,33.33333333333333
2021-02-23,38.095238095238095
2021-02-24,57.14285714285714
2021-02-25,14.285714285714285
2021-02-26,2.380952380952381
2021-03-01,40.476190476190474
2021-03-02,52.38095238095239
2021-03-03,38.095238095238095
2021-03-04,21.428571428571427
2021-03-05,45.23809523809524
2021-03-08,40.476190476190474
2021-03-09,73.80952380952381
2021-03-10,85.71428571428571
2021-03-11,95.23809523809523
2021-03-12,90.47619047619048
2021-03-15,92.85714285714286
2021-03-16,92.85714285714286
2021-03-17,90.47619047619048
2021-03-18,59.523809523809526
2021-03-19,52.38095238095239
2021-03-22,40.476190476190474
2021-03-23,4.761904761904762
2021-03-24,4.761904761904762
2021-03-25,14.285714285714285
2021-03-26,69.04761904761905
2021-03-29,54.761904761904766
2021-03-30,59.523809523809526
2021-03-31,61.904761904761905
2021-04-01,90.47619047619048
2021-04-05,90.47619047619048
2021-04-06,88.09523809523809
2021-04-07,85.71428571428571
2021-04-08,92.85714285714286
2021-04-09,80.95238095238095
2021-04-12,73.80952380952381
2021-04-13,83.33333333333334
2021-04-14,78.57142857142857
2021-04-15,95.23809523809523
2021-04-16,97.61904761904762
2021-04-19,83.33333333333334
2021-04-20,52.38095238095239
2021-04-21,76.19047619047619
2021-04-22,52.38095238095239
2021-04-23,80.95238095238095
2021-04-26,80.95238095238095
2021-04-27,78.57142857142857
2021-04-28,83.33333333333334
2021-04-29,80.95238095238095
2021-04-30,40.476190476190474
2021-05-03,66.66666666666666
2021-05-04,26.190476190476193
2021-05-05,52.38095238095239
2021-05-06,66.66666666666666
2021-05-07,95.23809523809523
2021-05-10,73.80952380952381
2021-05-11,54.761904761904766
2021-05-12,21.428571428571427
2021-05-13,38.095238095238095
2021-05-14,71.42857142857143
2021-05-17,69.04761904761905
2021-05-18,71.42857142857143
2021-05-19,40.476190476190474
2021-05-20,78.57142857142857
2021-05-21,61.904761904761905
2021-05-24,78.57142857142857
2021-05-25,69.04761904761905
2021-05-26,73.80952380952381
2021-05-27,78.57142857142857
2021-05-28,83.33333333333334
2021-06-01,92.85714285714286
2021-06-02,92.85714285714286
2021-06-03,80.95238095238095
2021-06-04,90.47619047619048
2021-06-07,88.09523809523809
2021-06-08,88.09523809523809
2021-06-09,64.28571428571429
2021-06-10,80.95238095238095
2021-06-11,71.42857142857143
2021-06-14,78.57142857142857
2021-06-15,59.523809523809526
2021-06-16,21.428571428571427
2021-06-17,9.523809523809524
2021-06-18,4.761904761904762
2021-06-21,7.142857142857142
2021-06-22,14.285714285714285
2021-06-23,23.809523809523807
2021-06-24,38.095238095238095
2021-06-25,61.904761904761905
2021-06-28,45.23809523809524
2021-06-29,57.14285714285714
2021-06-30,26.190476190476193
2021-07-01,38.095238095238095
2021-07-02,47.61904761904761
2021-07-06,23.809523809523807
2021-07-07,35.714285714285715
2021-07-08,11.904761904761903
2021-07-09,45.23809523809524
2021-07-12,50.0
2021-07-13,40.476190476190474
2021-07-14,47.61904761904761
2021-07-15,28.57142857142857
2021-07-16,11.904761904761903
2021-07-19,0.0
2021-07-20,4.761904761904762
2021-07-21,50.0
2021-07-22,45.23809523809524
2021-07-23,59.523809523809526
2021-07-26,69.04761904761905
2021-07-27,57.14285714285714
2021-07-28,73.80952380952381
2021-07-29,88.09523809523809
2021-07-30,71.42857142857143
2021-08-02,69.04761904761905
2021-08-03,83.33333333333334
2021-08-04,78.57142857142857
2021-08-05,78.57142857142857
2021-08-06,64.28571428571429
2021-08-09,64.28571428571429
2021-08-10,61.904761904761905
2021-08-11,78.57142857142857
2021-08-12,71.42857142857143
2021-08-13,78.57142857142857
2021-08-16,61.904761904761905
2021-08-17,38.095238095238095
2021-08-18,35.714285714285715
2021-08-19,16.666666666666664
2021-08-20,35.714285714285715
2021-08-23,50.0
2021-08-24,76.19047619047619
2021-08-25,76.19047619047619
2021-08-26,59.523809523809526
2021-08-27,90.47619047619048
2021-08-30,90.47619047619048
2021-08-31,83.33333333333334
2021-09-01,97.61904761904762
2021-09-02,95.23809523809523
2021-09-03,88.09523809523809
2021-09-07,76.19047619047619
2021-09-08,33.33333333333333
2021-09-09,28.57142857142857
2021-09-10,26.190476190476193
2021-09-13,30.952380952380953
2021-09-14,28.57142857142857
2021-09-15,38.095238095238095
2021-09-16,30.952380952380953
2021-09-17,11.904761904761903
2021-09-20,2.380952380952381
2021-09-21,2.380952380952381
2021-09-22,14.285714285714285
2021-09-23,61.904761904761905
2021-09-24,28.57142857142857
2021-09-27,45.23809523809524
2021-09-28,9.523809523809524
2021-09-29,7.142857142857142
2021-09-30,16.666666666666664
2021-10-01,28.57142857142857
2021-10-04,21.428571428571427
2021-10-05,42.857142857142854
2021-10-06,35.714285714285715
2021-10-07,54.761904761904766
2021-10-08,59.523809523809526
2021-10-11,57.14285714285714
2021-10-12,59.523809523809526
2021-10-13,85.71428571428571
2021-10-14,92.85714285714286
2021-10-15,95.23809523809523
2021-10-18,95.23809523809523
2021-10-19,90.47619047619048
2021-10-20,97.61904761904762
2021-10-21,83.33333333333334
2021-10-22,83.33333333333334
2021-10-25,80.95238095238095
2021-10-26,76.19047619047619
2021-10-27,52.38095238095239
2021-10-28,59.523809523809526
2021-10-29,33.33333333333333
2021-11-01,54.761904761904766
2021-11-02,40.476190476190474
2021-11-03,59.523809523809526
2021-11-04,59.523809523809526
2021-11-05,64.28571428571429
2021-11-08,80.95238095238095
2021-11-09,66.66666666666666
2021-11-10,28.57142857142857
2021-11-11,42.857142857142854
2021-11-12,54.761904761904766
2021-11-15,47.61904761904761
2021-11-16,33.33333333333333
2021-11-17,16.666666666666664
2021-11-18,28.57142857142857
2021-11-19,11.904761904761903
2021-11-22,14.285714285714285
2021-11-23,14.285714285714285
2021-11-24,11.904761904761903
2021-11-26,2.380952380952381
2021-11-29,0.0
2021-11-30,4.761904761904762
2021-12-01,2.380952380952381
2021-12-02,23.809523809523807
2021-12-03,21.428571428571427
2021-12-06,47.61904761904761
2021-12-07,90.47619047619048
2021-12-08,97.61904761904762
2021-12-09,88.09523809523809
2021-12-10,83.33333333333334
2021-12-13,57.14285714285714
2021-12-14,23.809523809523807
2021-12-15,50.0
2021-12-16,59.523809523809526
2021-12-17,14.285714285714285
2021-12-20,11.904761904761903
2021-12-21,45.23809523809524
2021-12-22,76.19047619047619
2021-12-23,85.71428571428571
2021-12-27,92.85714285714286
2021-12-28,90.47619047619048
2021-12-29,88.09523809523809
2021-12-30,85.71428571428571
2021-12-31,83.33333333333334
2022-01-03,83.33333333333334
2022-01-04,80.95238095238095
2022-01-05,59.523809523809526
2022-01-06,38.095238095238095
2022-01-07,61.904761904761905
2022-01-10,40.476190476190474
2022-01-11,76.19047619047619
2022-01-12,88.09523809523809
2022-01-13,80.95238095238095
2022-01-14,73.80952380952381
2022-01-18,38.095238095238095
2022-01-19,42.857142857142854
2022-01-20,35.714285714285715
2022-01-21,28.57142857142857
2022-01-24,11.904761904761903
2022-01-25,19.047619047619047
2022-01-26,14.285714285714285
2022-01-27,16.666666666666664
2022-01-28,16.666666666666664
2022-01-31,69.04761904761905
2022-02-01,90.47619047619048
2022-02-02,90.47619047619048
2022-02-03,71.42857142857143
2022-02-04,85.71428571428571
2022-02-07,78.57142857142857
2022-02-08,80.95238095238095
2022-02-09,97.61904761904762
2022-02-10,83.33333333333334
2022-02-11,45.23809523809524
2022-02-14,28.57142857142857
2022-02-15,64.28571428571429
2022-02-16,83.33333333333334
2022-02-17,35.714285714285715
2022-02-18,28.57142857142857
2022-02-22,19.047619047619047
2022-02-23,14.285714285714285
2022-02-24,4.761904761904762
2022-02-25,45.23809523809524
2022-02-28,42.857142857142854
2022-03-01,21.428571428571427
2022-03-02,38.095238095238095
2022-03-03,35.714285714285715
2022-03-04,28.57142857142857
2022-03-07,21.428571428571427
2022-03-08,16.666666666666664
2022-03-09,45.23809523809524
2022-03-10,33.33333333333333
2022-03-11,26.190476190476193
2022-03-14,26.190476190476193
2022-03-15,50.0
2022-03-16,90.47619047619048
2022-03-17,100.0
2022-03-18,95.23809523809523
2022-03-21,92.85714285714286
2022-03-22,95.23809523809523
2022-03-23,90.47619047619048
2022-03-24,88.09523809523809
2022-03-25,80.95238095238095
2022-03-28,78.57142857142857
2022-03-29,97.61904761904762
2022-03-30,88.09523809523809
2022-03-31,52.38095238095239
2022-04-01,80.95238095238095
2022-04-04,92.85714285714286
2022-04-05,52.38095238095239
2022-04-06,28.57142857142857
2022-04-07,26.190476190476193
2022-04-08,28.57142857142857
2022-04-11,21.428571428571427
2022-04-12,14.285714285714285
2022-04-13,23.809523809523807
2022-04-14,21.428571428571427
2022-04-18,14.285714285714285
2022-04-19,40.476190476190474
2022-04-20,59.523809523809526
2022-04-21,26.190476190476193
2022-04-22,4.761904761904762
2022-04-25,4.761904761904762
2022-04-26,2.380952380952381
2022-04-27,4.761904761904762
2022-04-28,7.142857142857142
2022-04-29,4.761904761904762
2022-05-02,7.142857142857142
2022-05-03,16.666666666666664
2022-05-04,76.19047619047619
2022-05-05,7.142857142857142
2022-05-06,4.761904761904762
2022-05-09,2.380952380952381
2022-05-10,0.0
2022-05-11,0.0
2022-05-12,0.0
2022-05-13,23.809523809523807
2022-05-16,33.33333333333333
2022-05-17,78.57142857142857
2022-05-18,45.23809523809524
2022-05-19,78.57142857142857
2022-05-20,80.95238095238095
2022-05-23,88.09523809523809
2022-05-24,78.57142857142857
2022-05-25,78.57142857142857
2022-05-26,90.47619047619048
2022-05-27,95.23809523809523
2022-05-31,97.61904761904762
2022-06-01,90.47619047619048
2022-06-02,92.85714285714286
2022-06-03,71.42857142857143
2022-06-06,69.04761904761905
2022-06-07,76.19047619047619
2022-06-08,23.809523809523807
2022-06-09,2.380952380952381
2022-06-10,2.380952380952381
2022-06-13,0.0
2022-06-14,0.0
2022-06-15,2.380952380952381
2022-06-16,0.0
2022-06-17,0.0
2022-06-21,4.761904761904762
2022-06-22,7.142857142857142
2022-06-23,16.666666666666664
2022-06-24,64.28571428571429
2022-06-27,71.42857142857143
2022-06-28,61.904761904761905
2022-06-29,50.0
2022-06-30,35.714285714285715
2022-07-01,33.33333333333333
2022-07-05,16.666666666666664
2022-07-06,14.285714285714285
2022-07-07,45.23809523809524
2022-07-08,38.095238095238095
2022-07-11,4.761904761904762
2022-07-12,7.142857142857142
2022-07-13,4.761904761904762
2022-07-14,4.761904761904762
2022-07-15,30.952380952380953
2022-07-18,59.523809523809526
2022-07-19,85.71428571428571
2022-07-20,80.95238095238095
2022-07-21,90.47619047619048
2022-07-22,90.47619047619048
2022-07-25,92.85714285714286
2022-07-26,73.80952380952381
2022-07-27,97.61904761904762
2022-07-28,97.61904761904762
2022-07-29,95.23809523809523
2022-08-01,90.47619047619048
2022-08-02,76.19047619047619
2022-08-03,83.33333333333334
2022-08-04,88.09523809523809
2022-08-05,73.80952380952381
2022-08-08,88.09523809523809
2022-08-09,69.04761904761905
2022-08-10,92.85714285714286
2022-08-11,97.61904761904762
2022-08-12,100.0
2022-08-15,92.85714285714286
2022-08-16,88.09523809523809
2022-08-17,52.38095238095239
2022-08-18,40.476190476190474
2022-08-19,11.904761904761903
2022-08-22,7.142857142857142
2022-08-23,9.523809523809524
2022-08-24,11.904761904761903
2022-08-25,40.476190476190474
2022-08-26,9.523809523809524
2022-08-29,11.904761904761903
2022-08-30,9.523809523809524
2022-08-31,9.523809523809524
2022-09-01,7.142857142857142
2022-09-02,4.761904761904762
2022-09-06,4.761904761904762
2022-09-07,14.285714285714285
2022-09-08,21.428571428571427
2022-09-09,73.80952380952381
2022-09-12,95.23809523809523
2022-09-13,38.095238095238095
2022-09-14,52.38095238095239
2022-09-15,23.809523809523807
2022-09-16,11.904761904761903
2022-09-19,19.047619047619047
2022-09-20,7.142857142857142
2022-09-21,7.142857142857142
2022-09-22,4.761904761904762
2022-09-23,0.0
2022-09-26,0.0
2022-09-27,0.0
2022-09-28,0.0
2022-09-29,2.380952380952381
2022-09-30,2.380952380952381
2022-10-03,35.714285714285715
2022-10-04,90.47619047619048
2022-10-05,90.47619047619048
2022-10-06,88.09523809523809
2022-10-07,35.714285714285715
2022-10-10,23.809523809523807
2022-10-11,9.523809523809524
2022-10-12,7.142857142857142
2022-10-13,40.476190476190474
2022-10-14,7.142857142857142
2022-10-17,57.14285714285714
2022-10-18,76.19047619047619
2022-10-19,71.42857142857143
2022-10-20,76.19047619047619
2022-10-21,90.47619047619048
2022-10-24,80.95238095238095
2022-10-25,85.71428571428571
2022-10-26,85.71428571428571
2022-10-27,80.95238095238095
2022-10-28,85.71428571428571
2022-10-31,90.47619047619048
2022-11-01,90.47619047619048
2022-11-02,57.14285714285714
2022-11-03,40.476190476190474
2022-11-04,88.09523809523809
2022-11-07,90.47619047619048
2022-11-08,95.23809523809523
2022-11-09,83.33333333333334
2022-11-10,95.23809523809523
2022-11-11,95.23809523809523
2022-11-14,92.85714285714286
2022-11-15,92.85714285714286
2022-11-16,83.33333333333334
2022-11-17,78.57142857142857
2022-11-18,71.42857142857143
2022-11-21,50.0
2022-11-22,71.42857142857143
2022-11-23,69.04761904761905
2022-11-25,71.42857142857143
2022-11-28,42.857142857142854
2022-11-29,69.04761904761905
2022-11-30,95.23809523809523
2022-12-01,90.47619047619048
2022-12-02,88.09523809523809
2022-12-05,59.523809523809526
2022-12-06,40.476190476190474
2022-12-07,40.476190476190474
2022-12-08,45.23809523809524
2022-12-09,42.857142857142854
2022-12-12,40.476190476190474
2022-12-13,71.42857142857143
2022-12-14,66.66666666666666
2022-12-15,14.285714285714285
2022-12-16,11.904761904761903
2022-12-19,7.142857142857142
2022-12-20,16.666666666666664
2022-12-21,45.23809523809524
2022-12-22,33.33333333333333
2022-12-23,45.23809523809524
2022-12-27,57.14285714285714
2022-12-28,28.57142857142857
2022-12-29,90.47619047619048
2022-12-30,61.904761904761905
2023-01-03,66.66666666666666
2023-01-04,80.95238095238095
2023-01-05,73.80952380952381
2023-01-06,90.47619047619048
2023-01-09,92.85714285714286
2023-01-10,97.61904761904762
2023-01-11,95.23809523809523
2023-01-12,90.47619047619048
2023-01-13,95.23809523809523
2023-01-17,95.23809523809523
2023-01-18,85.71428571428571
2023-01-19,85.71428571428571
2023-01-20,97.61904761904762
2023-01-23,92.85714285714286
2023-01-24,90.47619047619048
2023-01-25,83.33333333333334
2023-01-26,80.95238095238095
2023-01-27,69.04761904761905
2023-01-30,47.61904761904761
2023-01-31,54.761904761904766
2023-02-01,80.95238095238095
2023-02-02,64.28571428571429
2023-02-03,35.714285714285715
2023-02-06,11.904761904761903
2023-02-07,26.190476190476193
2023-02-08,19.047619047619047
2023-02-09,26.190476190476193
2023-02-10,26.190476190476193
2023-02-13,40.476190476190474
2023-02-14,47.61904761904761
2023-02-15,57.14285714285714
2023-02-16,45.23809523809524
2023-02-17,47.61904761904761
2023-02-21,16.666666666666664
2023-02-22,7.142857142857142
2023-02-23,19.047619047619047
2023-02-24,2.380952380952381
2023-02-27,21.428571428571427
2023-02-28,14.285714285714285
2023-03-01,45.23809523809524
2023-03-02,47.61904761904761
2023-03-03,90.47619047619048
2023-03-06,80.95238095238095
2023-03-07,38.095238095238095
2023-03-08,52.38095238095239
2023-03-09,23.809523809523807
2023-03-10,11.904761904761903
2023-03-13,0.0
2023-03-14,7.142857142857142
2023-03-15,0.0
2023-03-16,9.523809523809524
2023-03-17,7.142857142857142
2023-03-20,30.952380952380953
2023-03-21,64.28571428571429
2023-03-22,73.80952380952381
2023-03-23,76.19047619047619
2023-03-24,59.523809523809526
2023-03-27,85.71428571428571
2023-03-28,90.47619047619048
2023-03-29,92.85714285714286
2023-03-30,95.23809523809523
2023-03-31,95.23809523809523
2023-04-03,90.47619047619048
2023-04-04,92.85714285714286
2023-04-05,76.19047619047619
2023-04-06,78.57142857142857
2023-04-10,73.80952380952381
2023-04-11,78.57142857142857
2023-04-12,76.19047619047619
2023-04-13,90.47619047619048
2023-04-14,78.57142857142857
2023-04-17,78.57142857142857
2023-04-18,76.19047619047619
2023-04-19,69.04761904761905
2023-04-20,59.523809523809526
2023-04-21,50.0
2023-04-24,59.523809523809526
2023-04-25,16.666666666666664
2023-04-26,21.428571428571427
2023-04-27,54.761904761904766
2023-04-28,66.66666666666666
2023-05-01,64.28571428571429
2023-05-02,23.809523809523807
2023-05-03,33.33333333333333
2023-05-04,38.095238095238095
2023-05-05,90.47619047619048
2023-05-08,92.85714285714286
2023-05-09,64.28571428571429
2023-05-10,59.523809523809526
2023-05-11,40.476190476190474
2023-05-12,33.33333333333333
2023-05-15,54.761904761904766
2023-05-16,30.952380952380953
2023-05-17,38.095238095238095
2023-05-18,28.57142857142857
2023-05-19,38.095238095238095
2023-05-22,50.0
2023-05-23,19.047619047619047
2023-05-24,7.142857142857142
2023-05-25,9.523809523809524
2023-05-26,21.428571428571427
2023-05-30,19.047619047619047
2023-05-31,16.666666666666664
2023-06-01,30.952380952380953
2023-06-02,80.95238095238095
2023-06-05,61.904761904761905
2023-06-06,80.95238095238095
2023-06-07,80.95238095238095
2023-06-08,90.47619047619048
2023-06-09,85.71428571428571
2023-06-12,90.47619047619048
2023-06-13,95.23809523809523
2023-06-14,95.23809523809523
2023-06-15,95.23809523809523
2023-06-16,95.23809523809523
2023-06-20,52.38095238095239
2023-06-21,50.0
2023-06-22,26.190476190476193
2023-06-23,9.523809523809524
2023-06-26,11.904761904761903
2023-06-27,26.190476190476193
2023-06-28,26.190476190476193
2023-06-29,26.190476190476193
2023-06-30,66.66666666666666
2023-07-03,95.23809523809523
2023-07-05,64.28571428571429
2023-07-06,23.809523809523807
2023-07-07,47.61904761904761
2023-07-10,52.38095238095239
2023-07-11,83.33333333333334
2023-07-12,97.61904761904762
2023-07-13,100.0
2023-07-14,100.0
2023-07-17,100.0
2023-07-18,95.23809523809523
2023-07-19,95.23809523809523
2023-07-20,80.95238095238095
2023-07-21,71.42857142857143
2023-07-24,71.42857142857143
2023-07-25,69.04761904761905
2023-07-26,76.19047619047619
2023-07-27,40.476190476190474
2023-07-28,66.66666666666666
2023-07-31,73.80952380952381
2023-08-01,33.33333333333333
2023-08-02,9.523809523809524
2023-08-03,9.523809523809524
2023-08-04,11.904761904761903
2023-08-07,16.666666666666664
2023-08-08,11.904761904761903
2023-08-09,9.523809523809524
2023-08-10,14.285714285714285
2023-08-11,7.142857142857142
2023-08-14,7.142857142857142
2023-08-15,7.142857142857142
2023-08-16,2.380952380952381
2023-08-17,4.761904761904762
2023-08-18,2.380952380952381
2023-08-21,9.523809523809524
2023-08-22,7.142857142857142
2023-08-23,38.095238095238095
2023-08-24,26.190476190476193
2023-08-25,45.23809523809524
2023-08-28,76.19047619047619
2023-08-29,92.85714285714286
2023-08-30,95.23809523809523
2023-08-31,71.42857142857143
2023-09-01,66.66666666666666
2023-09-05,35.714285714285715
2023-09-06,28.57142857142857
2023-09-07,16.666666666666664
2023-09-08,16.666666666666664
2023-09-11,40.476190476190474
2023-09-12,28.57142857142857
2023-09-13,28.57142857142857
2023-09-14,64.28571428571429
2023-09-15,57.14285714285714
2023-09-18,47.61904761904761
2023-09-19,45.23809523809524
2023-09-20,50.0
2023-09-21,4.761904761904762
2023-09-22,11.904761904761903
2023-09-25,7.142857142857142
2023-09-26,7.142857142857142
2023-09-27,9.523809523809524
2023-09-28,19.047619047619047
2023-09-29,16.666666666666664
2023-10-02,9.523809523809524
2023-10-03,9.523809523809524
2023-10-04,7.142857142857142
2023-10-05,9.523809523809524
2023-10-06,59.523809523809526
2023-10-09,42.857142857142854
2023-10-10,80.95238095238095
2023-10-11,83.33333333333334
2023-10-12,69.04761904761905
2023-10-13,59.523809523809526
2023-10-16,80.95238095238095
2023-10-17,66.66666666666666
2023-10-18,14.285714285714285
2023-10-19,9.523809523809524
2023-10-20,7.142857142857142
2023-10-23,7.142857142857142
2023-10-24,4.761904761904762
2023-10-25,4.761904761904762
2023-10-26,9.523809523809524
2023-10-27,9.523809523809524
2023-10-30,38.095238095238095
2023-10-31,52.38095238095239
2023-11-01,76.19047619047619
2023-11-02,97.61904761904762
2023-11-03,100.0
2023-11-06,100.0
2023-11-07,97.61904761904762
2023-11-08,90.47619047619048
2023-11-09,80.95238095238095
2023-11-10,80.95238095238095
2023-11-13,76.19047619047619
2023-11-14,97.61904761904762
2023-11-15,95.23809523809523
2023-11-16,90.47619047619048
2023-11-17,97.61904761904762
2023-11-20,100.0
2023-11-21,95.23809523809523
2023-11-22,85.71428571428571
2023-11-24,92.85714285714286
2023-11-27,85.71428571428571
2023-11-28,85.71428571428571
2023-11-29,76.19047619047619
2023-11-30,69.04761904761905
2023-12-01,88.09523809523809
2023-12-04,57.14285714285714
2023-12-05,52.38095238095239
2023-12-06,45.23809523809524
2023-12-07,59.523809523809526
2023-12-08,64.28571428571429
2023-12-11,54.761904761904766
2023-12-12,52.38095238095239
2023-12-13,88.09523809523809
2023-12-14,97.61904761904762
2023-12-15,97.61904761904762
2023-12-18,90.47619047619048
2023-12-19,97.61904761904762
2023-12-20,73.80952380952381
2023-12-21,97.61904761904762
2023-12-22,92.85714285714286
2023-12-26,92.85714285714286
2023-12-27,90.47619047619048
2023-12-28,92.85714285714286
2023-12-29,92.85714285714286
2024-01-02,42.857142857142854
2024-01-03,26.190476190476193
2024-01-04,35.714285714285715
2024-01-05,35.714285714285715
2024-01-08,52.38095238095239
2024-01-09,28.57142857142857
2024-01-10,35.714285714285715
2024-01-11,33.33333333333333
2024-01-12,45.23809523809524
2024-01-16,16.666666666666664
2024-01-17,11.904761904761903
2024-01-18,16.666666666666664
2024-01-19,23.809523809523807
2024-01-22,26.190476190476193
2024-01-23,33.33333333333333
2024-01-24,54.761904761904766
2024-01-25,69.04761904761905
2024-01-26,88.09523809523809
2024-01-29,90.47619047619048
2024-01-30,80.95238095238095
2024-01-31,66.66666666666666
2024-02-01,78.57142857142857
2024-02-02,52.38095238095239
2024-02-05,33.33333333333333
2024-02-06,57.14285714285714
2024-02-07,61.904761904761905
2024-02-08,47.61904761904761
2024-02-09,50.0
2024-02-12,66.66666666666666
2024-02-13,19.047619047619047
2024-02-14,61.904761904761905
2024-02-15,76.19047619047619
2024-02-16,85.71428571428571
2024-02-20,85.71428571428571
2024-02-21,85.71428571428571
2024-02-22,95.23809523809523
2024-02-23,90.47619047619048
2024-02-26,85.71428571428571
2024-02-27,80.95238095238095
2024-02-28,50.0
2024-02-29,47.61904761904761
2024-03-01,76.19047619047619
2024-03-04,54.761904761904766
2024-03-05,35.714285714285715
2024-03-06,66.66666666666666
2024-03-07,78.57142857142857
2024-03-08,73.80952380952381
2024-03-11,78.57142857142857
2024-03-12,76.19047619047619
2024-03-13,85.71428571428571
2024-03-14,71.42857142857143
2024-03-15,54.761904761904766
2024-03-18,47.61904761904761
2024-03-19,35.714285714285715
2024-03-20,71.42857142857143
2024-03-21,73.80952380952381
2024-03-22,54.761904761904766
2024-03-25,52.38095238095239
2024-03-26,54.761904761904766
2024-03-27,64.28571428571429
2024-03-28,71.42857142857143
2024-04-01,57.14285714285714
2024-04-02,52.38095238095239
2024-04-03,59.523809523809526
2024-04-04,40.476190476190474
2024-04-05,57.14285714285714
2024-04-08,73.80952380952381
2024-04-09,71.42857142857143
2024-04-10,42.857142857142854
2024-04-11,47.61904761904761
2024-04-12,4.761904761904762
2024-04-15,4.761904761904762
2024-04-16,0.0
2024-04-17,0.0
2024-04-18,0.0
2024-04-19,7.142857142857142
2024-04-22,40.476190476190474
2024-04-23,71.42857142857143
2024-04-24,71.42857142857143
2024-04-25,76.19047619047619
2024-04-26,85.71428571428571
2024-04-29,97.61904761904762
2024-04-30,54.761904761904766
2024-05-01,57.14285714285714
2024-05-02,80.95238095238095
2024-05-03,95.23809523809523
2024-05-06,97.61904761904762
2024-05-07,92.85714285714286
2024-05-08,92.85714285714286
2024-05-09,88.09523809523809
2024-05-10,85.71428571428571
2024-05-13,80.95238095238095
2024-05-14,80.95238095238095
2024-05-15,90.47619047619048
2024-05-16,90.47619047619048
2024-05-17,88.09523809523809
2024-05-20,88.09523809523809
2024-05-21,83.33333333333334
2024-05-22,38.095238095238095
2024-05-23,23.809523809523807
2024-05-24,33.33333333333333
2024-05-28,33.33333333333333
2024-05-29,4.761904761904762
2024-05-30,14.285714285714285
2024-05-31,28.57142857142857
2024-06-03,38.095238095238095
2024-06-04,28.57142857142857
2024-06-05,52.38095238095239
2024-06-06,61.904761904761905
2024-06-07,23.809523809523807
2024-06-10,35.714285714285715
2024-06-11,19.047619047619047
2024-06-12,47.61904761904761
2024-06-13,23.809523809523807
2024-06-14,23.809523809523807
2024-06-17,28.57142857142857
2024-06-18,38.095238095238095
2024-06-20,40.476190476190474
2024-06-21,33.33333333333333
2024-06-24,64.28571428571429
2024-06-25,57.14285714285714
2024-06-26,33.33333333333333
2024-06-27,52.38095238095239
2024-06-28,47.61904761904761
2024-07-01,50.0
2024-07-02,54.761904761904766
2024-07-03,92.85714285714286
2024-07-05,92.85714285714286
2024-07-08,85.71428571428571
2024-07-09,85.71428571428571
2024-07-10,92.85714285714286
2024-07-11,97.61904761904762
2024-07-12,97.61904761904762
2024-07-15,90.47619047619048
2024-07-16,92.85714285714286
2024-07-17,69.04761904761905
2024-07-18,42.857142857142854
2024-07-19,28.57142857142857
2024-07-22,50.0
2024-07-23,28.57142857142857
2024-07-24,11.904761904761903
2024-07-25,9.523809523809524
2024-07-26,35.714285714285715
2024-07-29,28.57142857142857
2024-07-30,38.095238095238095
2024-07-31,69.04761904761905
2024-08-01,19.047619047619047
2024-08-02,9.523809523809524
2024-08-05,0.0
2024-08-06,0.0
2024-08-07,4.761904761904762
2024-08-08,40.476190476190474
2024-08-09,59.523809523809526
2024-08-12,61.904761904761905
2024-08-13,92.85714285714286
2024-08-14,95.23809523809523
2024-08-15,100.0
2024-08-16,97.61904761904762
2024-08-19,100.0
2024-08-20,95.23809523809523
2024-08-21,95.23809523809523
2024-08-22,83.33333333333334
2024-08-23,92.85714285714286
2024-08-26,90.47619047619048
2024-08-27,90.47619047619048
2024-08-28,64.28571428571429
2024-08-29,66.66666666666666
2024-08-30,69.04761904761905
2024-09-03,14.285714285714285
2024-09-04,23.809523809523807
2024-09-05,28.57142857142857
2024-09-06,14.285714285714285
2024-09-09,14.285714285714285
2024-09-10,16.666666666666664
2024-09-11,26.190476190476193
2024-09-12,54.761904761904766
2024-09-13,76.19047619047619
2024-09-16,85.71428571428571
2024-09-17,88.09523809523809
2024-09-18,83.33333333333334
2024-09-19,97.61904761904762
2024-09-20,85.71428571428571
2024-09-23,85.71428571428571
2024-09-24,90.47619047619048
2024-09-25,80.95238095238095
2024-09-26,92.85714285714286
2024-09-27,92.85714285714286
2024-09-30,69.04761904761905
2024-10-01,45.23809523809524
2024-10-02,33.33333333333333
2024-10-03,9.523809523809524
2024-10-04,21.428571428571427
2024-10-07,11.904761904761903
2024-10-08,11.904761904761903
2024-10-09,9.523809523809524
2024-10-10,19.047619047619047
2024-10-11,50.0
2024-10-14,59.523809523809526
2024-10-15,40.476190476190474
2024-10-16,52.38095238095239
2024-10-17,47.61904761904761
2024-10-18,61.904761904761905
2024-10-21,26.190476190476193
2024-10-22,26.190476190476193
2024-10-23,4.761904761904762
2024-10-24,14.285714285714285
2024-10-25,11.904761904761903
2024-10-28,42.857142857142854
2024-10-29,35.714285714285715
2024-10-30,16.666666666666664
2024-10-31,11.904761904761903
2024-11-01,19.047619047619047
2024-11-04,26.190476190476193
2024-11-05,66.66666666666666
2024-11-06,38.095238095238095
2024-11-07,66.66666666666666
2024-11-08,40.476190476190474
2024-11-11,33.33333333333333
2024-11-12,19.047619047619047
2024-11-13,16.666666666666664
2024-11-14,16.666666666666664
2024-11-15,9.523809523809524
2024-11-18,28.57142857142857
2024-11-19,30.952380952380953
2024-11-20,28.57142857142857
2024-11-21,42.857142857142854
2024-11-22,47.61904761904761
2024-11-25,64.28571428571429
2024-11-26,50.0
2024-11-27,66.66666666666666
2024-11-29,83.33333333333334
2024-12-02,78.57142857142857
2024-12-03,92.85714285714286
2024-12-04,80.95238095238095
2024-12-05,85.71428571428571
2024-12-06,80.95238095238095
2024-12-09,80.95238095238095
2024-12-10,71.42857142857143
2024-12-11,71.42857142857143
2024-12-12,35.714285714285715
2024-12-13,40.476190476190474
2024-12-16,26.190476190476193
2024-12-17,9.523809523809524
2024-12-18,2.380952380952381
2024-12-19,2.380952380952381
2024-12-20,7.142857142857142
2024-12-23,14.285714285714285
2024-12-24,26.190476190476193
2024-12-26,47.61904761904761
2024-12-27,40.476190476190474
2024-12-30,26.190476190476193
2024-12-31,42.857142857142854
2025-01-02,40.476190476190474
2025-01-03,59.523809523809526
2025-01-06,80.95238095238095
2025-01-07,69.04761904761905
2025-01-08,54.761904761904766
2025-01-10,26.190476190476193
2025-01-13,28.57142857142857
2025-01-14,42.857142857142854
2025-01-15,71.42857142857143
2025-01-16,73.80952380952381
2025-01-17,78.57142857142857
2025-01-21,95.23809523809523
2025-01-22,95.23809523809523
2025-01-23,95.23809523809523
2025-01-24,92.85714285714286
2025-01-27,80.95238095238095
2025-01-28,80.95238095238095
2025-01-29,78.57142857142857
2025-01-30,90.47619047619048
2025-01-31,64.28571428571429
2025-02-03,28.57142857142857
2025-02-04,64.28571428571429
2025-02-05,76.19047619047619
2025-02-06,83.33333333333334
2025-02-07,61.904761904761905
2025-02-10,78.57142857142857
2025-02-11,83.33333333333334
2025-02-12,73.80952380952381
2025-02-13,92.85714285714286
2025-02-14,90.47619047619048
2025-02-18,90.47619047619048
2025-02-19,83.33333333333334
2025-02-20,88.09523809523809
2025-02-21,61.904761904761905
2025-02-24,45.23809523809524
2025-02-25,57.14285714285714
2025-02-26,54.761904761904766
2025-02-27,19.047619047619047
2025-02-28,19.047619047619047
2025-03-03,35.714285714285715
2025-03-04,35.714285714285715
2025-03-05,73.80952380952381
2025-03-06,66.66666666666666
2025-03-07,71.42857142857143
2025-03-10,45.23809523809524
2025-03-11,47.61904761904761
2025-03-12,64.28571428571429
2025-03-13,45.23809523809524
2025-03-14,83.33333333333334
2025-03-17,97.61904761904762
2025-03-18,88.09523809523809
2025-03-19,90.47619047619048
2025-03-20,66.66666666666666
2025-03-21,52.38095238095239
2025-03-24,57.14285714285714
2025-03-25,59.523809523809526
2025-03-26,35.714285714285715
2025-03-27,38.095238095238095
2025-03-28,11.904761904761903
2025-03-31,14.285714285714285
2025-04-01,26.190476190476193
2025-04-02,47.61904761904761
2025-04-03,11.904761904761903
2025-04-04,0.0
2025-04-07,0.0
2025-04-08,0.0
2025-04-09,33.33333333333333
2025-04-10,4.761904761904762
2025-04-11,73.80952380952381
2025-04-14,90.47619047619048
2025-04-15,95.23809523809523
2025-04-16,97.61904761904762
2025-04-17,97.61904761904762
2025-04-21,90.47619047619048
2025-04-22,92.85714285714286
2025-04-23,97.61904761904762
2025-04-24,100.0
2025-04-25,100.0
2025-04-28,97.61904761904762
2025-04-29,97.61904761904762
2025-04-30,92.85714285714286
2025-05-01,88.09523809523809
2025-05-02,95.23809523809523
2025-05-05,88.09523809523809
2025-05-06,90.47619047619048
2025-05-07,88.09523809523809
2025-05-08,85.71428571428571
2025-05-09,88.09523809523809
2025-05-12,90.47619047619048
2025-05-13,95.23809523809523
2025-05-14,83.33333333333334
2025-05-15,97.61904761904762
2025-05-16,95.23809523809523
2025-05-19,95.23809523809523
2025-05-20,85.71428571428571
2025-05-21,78.57142857142857
2025-05-22,59.523809523809526
2025-05-23,66.66666666666666
2025-05-27,78.57142857142857
2025-05-28,61.904761904761905
2025-05-29,73.80952380952381
2025-05-30,50.0
2025-06-02,71.42857142857143
2025-06-03,61.904761904761905
2025-06-04,76.19047619047619
2025-06-05,85.71428571428571
2025-06-06,85.71428571428571
2025-06-09,88.09523809523809
2025-06-10,85.71428571428571
2025-06-11,85.71428571428571
2025-06-12,85.71428571428571
2025-06-13,26.190476190476193
2025-06-16,52.38095238095239
2025-06-17,19.047619047619047
2025-06-18,14.285714285714285
2025-06-20,9.523809523809524
2025-06-23,19.047619047619047
2025-06-24,78.57142857142857
2025-06-25,66.66666666666666
2025-06-26,90.47619047619048
2025-06-27,92.85714285714286
2025-06-30,95.23809523809523
2025-07-01,97.61904761904762
2025-07-02,100.0
2025-07-03,97.61904761904762
2025-07-07,71.42857142857143
2025-07-08,78.57142857142857
2025-07-09,73.80952380952381
2025-07-10,71.42857142857143
2025-07-11,50.0
2025-07-14,42.857142857142854
2025-07-15,28.57142857142857
2025-07-16,30.952380952380953
2025-07-17,45.23809523809524
2025-07-18,42.857142857142854
2025-07-21,59.523809523809526
2025-07-22,73.80952380952381
2025-07-23,92.85714285714286
2025-07-24,88.09523809523809
2025-07-25,85.71428571428571
2025-07-28,47.61904761904761
2025-07-29,38.095238095238095
2025-07-30,21.428571428571427
2025-07-31,4.761904761904762
2025-08-01,4.761904761904762
2025-08-04,33.33333333333333
2025-08-05,42.857142857142854
2025-08-06,73.80952380952381
2025-08-07,90.47619047619048
2025-08-08,90.47619047619048
2025-08-11,76.19047619047619
2025-08-12,95.23809523809523
2025-08-13,95.23809523809523
2025-08-14,83.33333333333334
2025-08-15,83.33333333333334
2025-08-18,80.95238095238095
2025-08-19,66.66666666666666
2025-08-20,64.28571428571429
2025-08-21,52.38095238095239
2025-08-22,90.47619047619048
2025-08-25,66.66666666666666
2025-08-26,54.761904761904766
2025-08-27,45.23809523809524
2025-08-28,52.38095238095239
2025-08-29,35.714285714285715
2025-09-02,28.57142857142857
2025-09-03,33.33333333333333
2025-09-04,33.33333333333333
2025-09-05,52.38095238095239
2025-09-08,83.33333333333334
2025-09-09,78.57142857142857
2025-09-10,71.42857142857143
2025-09-11,88.09523809523809
2025-09-12,85.71428571428571
2025-09-15,88.09523809523809
2025-09-16,90.47619047619048
2025-09-17,66.66666666666666
2025-09-18,66.66666666666666
2025-09-19,61.904761904761905
2025-09-22,66.66666666666666
2025-09-23,54.761904761904766
2025-09-24,35.714285714285715
2025-09-25,16.666666666666664
2025-09-26,28.57142857142857
2025-09-29,52.38095238095239
2025-09-30,61.904761904761905
2025-10-01,73.80952380952381
2025-10-02,71.42857142857143
2025-10-03,80.95238095238095
2025-10-06,80.95238095238095
2025-10-07,73.80952380952381
2025-10-08,78.57142857142857
2025-10-09,47.61904761904761
2025-10-10,4.761904761904762
2025-10-13,30.952380952380953
2025-10-14,33.33333333333333
2025-10-15,45.23809523809524
2025-10-16,57.14285714285714
2025-10-17,47.61904761904761
2025-10-20,80.95238095238095
2025-10-21,50.0
2025-10-22,52.38095238095239
2025-10-23,85.71428571428571
2025-10-24,78.57142857142857
2025-10-27,78.57142857142857
2025-10-28,88.09523809523809
2025-10-29,78.57142857142857
2025-10-30,66.66666666666666
2025-10-31,59.523809523809526
2025-11-03,52.38095238095239
2025-11-04,26.190476190476193
2025-11-05,35.714285714285715
2025-11-06,28.57142857142857
2025-11-07,38.095238095238095
2025-11-10,73.80952380952381
2025-11-11,83.33333333333334
2025-11-12,83.33333333333334
2025-11-13,66.66666666666666
2025-11-14,54.761904761904766
2025-11-17,21.428571428571427
2025-11-18,11.904761904761903
2025-11-19,11.904761904761903
2025-11-20,7.142857142857142
2025-11-21,7.142857142857142
2025-11-24,16.666666666666664
2025-11-25,59.523809523809526
2025-11-26,85.71428571428571
2025-11-28,92.85714285714286
2025-12-01,85.71428571428571
2025-12-02,88.09523809523809
2025-12-03,92.85714285714286
2025-12-04,90.47619047619048
2025-12-05,83.33333333333334
2025-12-08,78.57142857142857
2025-12-09,66.66666666666666
2025-12-10,83.33333333333334
2025-12-11,88.09523809523809
2025-12-12,73.80952380952381
2025-12-15,76.19047619047619
2025-12-16,61.904761904761905
2025-12-17,33.33333333333333
2025-12-18,57.14285714285714
2025-12-19,73.80952380952381
2025-12-22,85.71428571428571
2025-12-23,97.61904761904762
2025-12-24,95.23809523809523
2025-12-26,95.23809523809523
2025-12-29,76.19047619047619
2025-12-30,78.57142857142857
2025-12-31,59.523809523809526
2026-01-02,80.95238095238095
2026-01-05,90.47619047619048
2026-01-06,95.23809523809523
2026-01-07,78.57142857142857
2026-01-08,83.33333333333334
2026-01-09,88.09523809523809
2026-01-12,90.47619047619048
2026-01-13,80.95238095238095
2026-01-14,83.33333333333334
2026-01-15,76.19047619047619
2026-01-16,76.19047619047619
2026-01-20,42.857142857142854
2026-01-21,76.19047619047619
2026-01-22,80.95238095238095
2026-01-23,88.09523809523809
2026-01-26,88.09523809523809
2026-01-27,97.61904761904762
2026-01-28,95.23809523809523
2026-01-29,92.85714285714286
2026-01-30,54.761904761904766
2026-02-02,73.80952380952381
2026-02-03,76.19047619047619
2026-02-04,59.523809523809526
2026-02-05,21.428571428571427
2026-02-06,69.04761904761905
2026-02-09,85.71428571428571
2026-02-10,83.33333333333334
2026-02-11,80.95238095238095
2026-02-12,54.761904761904766
2026-02-13,54.761904761904766
2026-02-17,59.523809523809526
2026-02-18,71.42857142857143
2026-02-19,52.38095238095239
2026-02-20,71.42857142857143
2026-02-23,59.523809523809526
2026-02-24,69.04761904761905
2026-02-25,71.42857142857143
2026-02-26,66.66666666666666
2026-02-27,57.14285714285714
2026-03-02,28.57142857142857
2026-03-03,4.761904761904762
2026-03-04,7.142857142857142
2026-03-05,2.380952380952381
2026-03-06,4.761904761904762
2026-03-09,7.142857142857142
2026-03-10,7.142857142857142
2026-03-11,16.666666666666664
2026-03-12,11.904761904761903
2026-03-13,7.142857142857142
2026-03-16,30.952380952380953
2026-03-17,40.476190476190474
2026-03-18,14.285714285714285
2026-03-19,16.666666666666664
2026-03-20,4.761904761904762
2026-03-23,35.714285714285715
2026-03-24,9.523809523809524
2026-03-25,54.761904761904766
2026-03-26,11.904761904761903
2026-03-27,7.142857142857142
2026-03-30,16.666666666666664
2026-03-31,90.47619047619048
2026-04-01,95.23809523809523
2026-04-02,92.85714285714286
2026-04-06,95.23809523809523
2026-04-07,92.85714285714286
2026-04-08,100.0
2026-04-09,100.0
2026-04-10,100.0
2026-04-13,100.0
2026-04-14,97.61904761904762
2026-04-15,95.23809523809523
2026-04-16,95.23809523809523
2026-04-17,95.23809523809523
2026-04-20,83.33333333333334
2026-04-21,28.57142857142857
2026-04-22,28.57142857142857
2026-04-23,14.285714285714285
2026-04-24,19.047619047619047
2026-04-27,14.285714285714285
2026-04-28,11.904761904761903
2026-04-29,16.666666666666664
2026-04-30,52.38095238095239
2026-05-01,66.66666666666666
2026-05-04,33.33333333333333
2026-05-05,66.66666666666666
2026-05-06,95.23809523809523
2026-05-07,78.57142857142857
2026-05-08,88.09523809523809
2026-05-11,80.95238095238095
2026-05-12,54.761904761904766
2026-05-13,59.523809523809526
2026-05-14,52.38095238095239
2026-05-15,4.761904761904762
2026-05-18,19.047619047619047
2026-05-19,4.761904761904762
2026-05-20,50.0
2026-05-21,64.28571428571429
2026-05-22,66.66666666666666
2026-05-26,85.71428571428571
2026-05-27,83.33333333333334
2026-05-28,83.33333333333334
2026-05-29,83.33333333333334
2026-06-01,61.904761904761905
2026-06-02,69.04761904761905
2026-06-03,38.095238095238095
2026-06-04,42.857142857142854
2026-06-05,2.380952380952381
2026-06-08,4.761904761904762
2026-06-09,19.047619047619047
2026-06-10,11.904761904761903
2026-06-11,64.28571428571429
2026-06-12,78.57142857142857
2026-06-15,95.23809523809523
2026-06-16,88.09523809523809
2026-06-17,66.66666666666666
2026-06-18,73.80952380952381
2026-06-22,57.14285714285714
2026-06-23,26.190476190476193
2026-06-24,19.047619047619047
2026-06-25,14.285714285714285
2026-06-26,16.666666666666664
2026-06-29,21.428571428571427
2026-06-30,40.476190476190474
2026-07-01,28.57142857142857
2026-07-02,59.523809523809526
2026-07-06,90.47619047619048
2026-07-07,64.28571428571429
2026-07-08,42.857142857142854
2026-07-09,64.28571428571429
2026-07-10,71.42857142857143
2026-07-13,40.476190476190474
2026-07-14,57.14285714285714
2026-07-15,66.66666666666666
2026-07-16,47.61904761904761
2026-07-17,38.095238095238095
2026-07-20,30.952380952380953
2026-07-21,69.04761904761905
2026-07-22,76.19047619047619
2026-07-23,21.428571428571427
2026-07-24,35.714285714285715
2026-07-27,54.761904761904766
2026-07-28,61.904761904761905
2026-07-29,52.38095238095239
2026-07-30,85.71428571428571
2026-07-31,90.47619047619048
2026-08-03,90.47619047619048
2026-08-04,95.23809523809523
2026-08-05,95.23809523809523
2026-08-06,92.85714285714286
2026-08-07,95.23809523809523
2026-08-10,88.09523809523809
2026-08-11,73.80952380952381
2026-08-12,71.42857142857143
2026-08-13,57.14285714285714
2026-08-14,54.761904761904766
2026-08-17,45.23809523809524
2026-08-18,33.33333333333333
2026-08-19,59.523809523809526
2026-08-20,47.61904761904761
2026-08-21,71.42857142857143
2026-08-24,66.66666666666666
2026-08-25,76.19047619047619
2026-08-26,80.95238095238095
2026-08-27,73.80952380952381
2026-08-28,61.904761904761905
2026-08-31,38.095238095238095
2026-09-01,11.904761904761903
2026-09-02,23.809523809523807
2026-09-03,54.761904761904766
2026-09-04,61.904761904761905
2026-09-08,54.761904761904766
2026-09-09,47.61904761904761
2026-09-10,28.57142857142857
2026-09-11,40.476190476190474
2026-09-14,14.285714285714285
2026-09-15,4.761904761904762
2026-09-16,2.380952380952381
2026-09-17,11.904761904761903
2026-09-18,11.904761904761903
2026-09-21,50.0
2026-09-22,64.28571428571429
2026-09-23,26.190476190476193
2026-09-24,21.428571428571427
2026-09-25,33.33333333333333
2026-09-28,21.428571428571427
2026-09-29,16.666666666666664
2026-09-30,7.142857142857142
2026-10-01,4.761904761904762
2026-10-02,14.285714285714285
2026-10-05,21.428571428571427
2026-10-06,33.33333333333333
