Aggregate Series,S&P 500 - EPS Revisions Breadth
Data Start,2003-01-01
Data End,2026-05-28

Date,Value
2003-01-01,25.760648727416992
2003-01-02,25.557809829711914
2003-01-03,25.30364418029785
2003-01-06,25.30364418029785
2003-01-07,25.30364418029785
2003-01-08,25.910930633544922
2003-01-09,27.530364990234375
2003-01-10,25.101215362548828
2003-01-13,25.101215362548828
2003-01-14,24.089069366455078
2003-01-15,26.923076629638672
2003-01-16,28.542510986328125
2003-01-17,27.935222625732422
2003-01-20,27.935222625732422
2003-01-21,28.542510986328125
2003-01-22,28.947368621826172
2003-01-23,29.7570858001709
2003-01-24,31.781375885009766
2003-01-27,32.18623352050781
2003-01-28,32.591094970703125
2003-01-29,31.37651824951172
2003-01-30,32.793521881103516
2003-01-31,32.18623352050781
2003-02-03,32.793521881103516
2003-02-04,32.38866424560547
2003-02-05,31.983806610107422
2003-02-06,31.174089431762695
2003-02-07,31.174089431762695
2003-02-10,31.578947067260742
2003-02-11,32.591094970703125
2003-02-12,32.793521881103516
2003-02-13,31.781375885009766
2003-02-14,30.161943435668945
2003-02-17,30.161943435668945
2003-02-18,30.769229888916016
2003-02-19,30.36437225341797
2003-02-20,30.769229888916016
2003-02-21,29.614604949951172
2003-02-24,29.41176414489746
2003-02-25,28.803245544433594
2003-02-26,28.600404739379883
2003-02-27,28.803245544433594
2003-02-28,30.566801071166992
2003-03-03,31.578947067260742
2003-03-04,32.591094970703125
2003-03-05,34.41295623779297
2003-03-06,32.591094970703125
2003-03-07,29.35222625732422
2003-03-10,28.947368621826172
2003-03-11,28.137651443481445
2003-03-12,30.36437225341797
2003-03-13,30.161943435668945
2003-03-14,29.35222625732422
2003-03-17,29.7570858001709
2003-03-18,31.37651824951172
2003-03-19,30.36437225341797
2003-03-20,30.769229888916016
2003-03-21,31.578947067260742
2003-03-24,31.37651824951172
2003-03-25,31.781375885009766
2003-03-26,30.971660614013672
2003-03-27,31.37651824951172
2003-03-28,30.628803253173828
2003-03-31,30.628803253173828
2003-04-01,29.41176414489746
2003-04-02,29.81744384765625
2003-04-03,28.397565841674805
2003-04-04,27.32793617248535
2003-04-07,27.32793617248535
2003-04-08,27.7327938079834
2003-04-09,31.983806610107422
2003-04-10,31.781375885009766
2003-04-11,33.19837951660156
2003-04-14,32.38866424560547
2003-04-15,31.983806610107422
2003-04-16,33.40081024169922
2003-04-17,26.113359451293945
2003-04-18,25.963489532470703
2003-04-21,26.16632843017578
2003-04-22,26.369169235229492
2003-04-23,29.41176414489746
2003-04-24,31.643001556396484
2003-04-25,32.86003875732422
2003-04-28,32.86003875732422
2003-04-29,32.048683166503906
2003-04-30,32.048683166503906
2003-05-01,33.46855926513672
2003-05-02,31.983806610107422
2003-05-05,31.983806610107422
2003-05-06,32.38866424560547
2003-05-07,33.40081024169922
2003-05-08,33.805667877197266
2003-05-09,34.21052551269531
2003-05-12,34.21052551269531
2003-05-13,33.805667877197266
2003-05-14,35.829959869384766
2003-05-15,37.44939422607422
2003-05-16,49.3927116394043
2003-05-19,49.3927116394043
2003-05-20,48.98785400390625
2003-05-21,47.3684196472168
2003-05-22,46.153846740722656
2003-05-23,42.71255111694336
2003-05-26,42.71255111694336
2003-05-27,42.30769348144531
2003-05-28,39.47368240356445
2003-05-29,37.44939422607422
2003-05-30,37.854251861572266
2003-06-02,37.24696350097656
2003-06-03,38.866397857666016
2003-06-04,38.46154022216797
2003-06-05,39.068824768066406
2003-06-06,35.829959869384766
2003-06-09,36.032386779785156
2003-06-10,36.032386779785156
2003-06-11,36.23481750488281
2003-06-12,35.829959869384766
2003-06-13,33.60323715209961
2003-06-16,32.99595260620117
2003-06-17,32.38866424560547
2003-06-18,33.40081024169922
2003-06-19,32.99595260620117
2003-06-20,34.00809860229492
2003-06-23,33.805667877197266
2003-06-24,33.40081024169922
2003-06-25,32.793521881103516
2003-06-26,33.40081024169922
2003-06-27,35.02024459838867
2003-06-30,35.02024459838867
2003-07-01,35.22267150878906
2003-07-02,35.62752914428711
2003-07-03,35.02024459838867
2003-07-04,35.02024459838867
2003-07-07,34.41295623779297
2003-07-08,34.41295623779297
2003-07-09,34.00809860229492
2003-07-10,36.23481750488281
2003-07-11,34.00809860229492
2003-07-14,34.00809860229492
2003-07-15,33.60323715209961
2003-07-16,34.21052551269531
2003-07-17,34.61538314819336
2003-07-18,34.21052551269531
2003-07-21,34.21052551269531
2003-07-22,36.23481750488281
2003-07-23,38.056678771972656
2003-07-24,39.67611312866211
2003-07-25,40.28340148925781
2003-07-28,40.68825912475586
2003-07-29,41.29554748535156
2003-07-30,42.5101203918457
2003-07-31,43.52226638793945
2003-08-01,44.44444274902344
2003-08-04,44.44444274902344
2003-08-05,44.0404052734375
2003-08-06,44.44444274902344
2003-08-07,44.44444274902344
2003-08-08,44.84848403930664
2003-08-11,44.84848403930664
2003-08-12,44.44444274902344
2003-08-13,45.45454406738281
2003-08-14,45.65656661987305
2003-08-15,44.64646530151367
2003-08-18,44.64646530151367
2003-08-19,45.45454406738281
2003-08-20,44.0404052734375
2003-08-21,43.232322692871094
2003-08-22,38.181819915771484
2003-08-25,38.38383865356445
2003-08-26,38.58585739135742
2003-08-27,38.181819915771484
2003-08-28,37.57575607299805
2003-08-29,34.747474670410156
2003-09-01,34.747474670410156
2003-09-02,34.34343338012695
2003-09-03,32.3232307434082
2003-09-04,33.13131332397461
2003-09-05,33.93939208984375
2003-09-08,34.141414642333984
2003-09-09,33.13131332397461
2003-09-10,33.73737335205078
2003-09-11,35.35353469848633
2003-09-12,36.3636360168457
2003-09-15,36.3636360168457
2003-09-16,37.17171859741211
2003-09-17,38.38383865356445
2003-09-18,38.989898681640625
2003-09-19,39.79798126220703
2003-09-22,39.191917419433594
2003-09-23,37.77777862548828
2003-09-24,38.38383865356445
2003-09-25,38.787879943847656
2003-09-26,37.24696350097656
2003-09-29,37.44939422607422
2003-09-30,37.044532775878906
2003-10-01,38.866397857666016
2003-10-02,38.056678771972656
2003-10-03,39.191917419433594
2003-10-06,38.989898681640625
2003-10-07,39.39393997192383
2003-10-08,40.808082580566406
2003-10-09,45.252525329589844
2003-10-10,46.46464538574219
2003-10-13,46.26262664794922
2003-10-14,45.858585357666016
2003-10-15,46.66666793823242
2003-10-16,47.272727966308594
2003-10-17,48.28282928466797
2003-10-20,48.88888931274414
2003-10-21,49.49494934082031
2003-10-22,50.30303192138672
2003-10-23,49.69696807861328
2003-10-24,46.06060791015625
2003-10-27,45.858585357666016
2003-10-28,46.26262664794922
2003-10-29,48.68687057495117
2003-10-30,48.28282928466797
2003-10-31,49.898990631103516
2003-11-03,49.898990631103516
2003-11-04,50.50505065917969
2003-11-05,50.707069396972656
2003-11-06,49.09090805053711
2003-11-07,49.09090805053711
2003-11-10,49.292930603027344
2003-11-11,48.68687057495117
2003-11-12,48.48484802246094
2003-11-13,48.88888931274414
2003-11-14,44.5344123840332
2003-11-17,44.33198547363281
2003-11-18,45.141700744628906
2003-11-19,43.9271240234375
2003-11-20,44.129554748535156
2003-11-21,42.105262756347656
2003-11-24,42.105262756347656
2003-11-25,42.105262756347656
2003-11-26,41.29554748535156
2003-11-27,41.29554748535156
2003-11-28,40.28340148925781
2003-12-01,40.4858283996582
2003-12-02,40.890689849853516
2003-12-03,40.080970764160156
2003-12-04,40.68825912475586
2003-12-05,40.808082580566406
2003-12-08,40.808082580566406
2003-12-09,40.60606002807617
2003-12-10,39.5959587097168
2003-12-11,37.77777862548828
2003-12-12,38.787879943847656
2003-12-15,38.787879943847656
2003-12-16,40.60606002807617
2003-12-17,41.41414260864258
2003-12-18,41.61616134643555
2003-12-19,41.212120056152344
2003-12-22,41.212120056152344
2003-12-23,41.212120056152344
2003-12-24,41.010101318359375
2003-12-25,41.010101318359375
2003-12-26,38.181819915771484
2003-12-29,38.181819915771484
2003-12-30,38.181819915771484
2003-12-31,37.77777862548828
2004-01-01,37.77777862548828
2004-01-02,36.161617279052734
2004-01-05,36.3636360168457
2004-01-06,36.969696044921875
2004-01-07,37.17171859741211
2004-01-08,37.77777862548828
2004-01-09,38.181819915771484
2004-01-12,38.181819915771484
2004-01-13,37.77777862548828
2004-01-14,36.56565475463867
2004-01-15,38.38383865356445
2004-01-16,36.969696044921875
2004-01-19,36.969696044921875
2004-01-20,37.97979736328125
2004-01-21,41.212120056152344
2004-01-22,40.808082580566406
2004-01-23,43.838382720947266
2004-01-26,44.24242401123047
2004-01-27,44.44444274902344
2004-01-28,43.6363639831543
2004-01-29,46.86868667602539
2004-01-30,46.66666793823242
2004-02-02,47.07070541381836
2004-02-03,47.878787994384766
2004-02-04,48.28282928466797
2004-02-05,48.48484802246094
2004-02-06,48.28282928466797
2004-02-09,48.48484802246094
2004-02-10,48.48484802246094
2004-02-11,49.69696807861328
2004-02-12,51.11111068725586
2004-02-13,49.49494934082031
2004-02-16,49.49494934082031
2004-02-17,49.09090805053711
2004-02-18,48.68687057495117
2004-02-19,48.88888931274414
2004-02-20,44.24242401123047
2004-02-23,44.0404052734375
2004-02-24,44.84848403930664
2004-02-25,44.84848403930664
2004-02-26,42.62626266479492
2004-02-27,39.47368240356445
2004-03-01,39.27125549316406
2004-03-02,38.25910949707031
2004-03-03,38.66396713256836
2004-03-04,39.67611312866211
2004-03-05,37.37373733520508
2004-03-08,37.17171859741211
2004-03-09,37.57575607299805
2004-03-10,37.17171859741211
2004-03-11,36.767677307128906
2004-03-12,36.767677307128906
2004-03-15,36.767677307128906
2004-03-16,36.3636360168457
2004-03-17,37.57575607299805
2004-03-18,39.79798126220703
2004-03-19,40.0
2004-03-22,40.4040412902832
2004-03-23,41.212120056152344
2004-03-24,40.4040412902832
2004-03-25,42.42424392700195
2004-03-26,43.030303955078125
2004-03-29,43.43434524536133
2004-03-30,43.838382720947266
2004-03-31,43.43434524536133
2004-04-01,43.838382720947266
2004-04-02,43.9271240234375
2004-04-05,43.72469711303711
2004-04-06,45.141700744628906
2004-04-07,44.73684310913086
2004-04-08,46.76113510131836
2004-04-09,46.76113510131836
2004-04-12,46.76113510131836
2004-04-13,48.38056564331055
2004-04-14,49.190284729003906
2004-04-15,49.190284729003906
2004-04-16,52.22671890258789
2004-04-19,52.22671890258789
2004-04-20,53.4412956237793
2004-04-21,55.870445251464844
2004-04-22,58.70445251464844
2004-04-23,55.78093338012695
2004-04-26,55.78093338012695
2004-04-27,56.18661117553711
2004-04-28,57.60649108886719
2004-04-29,58.82352828979492
2004-04-30,58.064517974853516
2004-05-03,58.26612854003906
2004-05-04,58.870967864990234
2004-05-05,59.274192810058594
2004-05-06,59.475807189941406
2004-05-07,59.07258224487305
2004-05-10,59.07258224487305
2004-05-11,59.07258224487305
2004-05-12,58.467742919921875
2004-05-13,56.85483932495117
2004-05-14,54.23387145996094
2004-05-17,54.6370964050293
2004-05-18,53.83064651489258
2004-05-19,53.629032135009766
2004-05-20,51.00806427001953
2004-05-21,45.76612854003906
2004-05-24,46.16935348510742
2004-05-25,45.564517974853516
2004-05-26,42.94355010986328
2004-05-27,41.33064651489258
2004-05-28,38.10483932495117
2004-05-31,38.10483932495117
2004-06-01,37.70161437988281
2004-06-02,39.1129035949707
2004-06-03,39.314517974853516
2004-06-04,39.1129035949707
2004-06-07,38.709678649902344
2004-06-08,39.1129035949707
2004-06-09,39.1129035949707
2004-06-10,38.709678649902344
2004-06-11,38.709678649902344
2004-06-14,38.709678649902344
2004-06-15,38.30644989013672
2004-06-16,37.90322494506836
2004-06-17,39.1129035949707
2004-06-18,40.524192810058594
2004-06-21,40.92741775512695
2004-06-22,40.725807189941406
2004-06-23,42.74193572998047
2004-06-24,43.75
2004-06-25,43.14516067504883
2004-06-28,42.74193572998047
2004-06-29,43.75
2004-06-30,41.33064651489258
2004-07-01,43.14516067504883
2004-07-02,45.3441276550293
2004-07-05,45.3441276550293
2004-07-06,45.141700744628906
2004-07-07,44.73684310913086
2004-07-08,44.5344123840332
2004-07-09,44.5344123840332
2004-07-12,44.5344123840332
2004-07-13,45.951416015625
2004-07-14,45.3441276550293
2004-07-15,45.74898910522461
2004-07-16,42.91497802734375
2004-07-19,42.105262756347656
2004-07-20,41.902835845947266
2004-07-21,43.9271240234375
2004-07-22,43.9271240234375
2004-07-23,43.117408752441406
2004-07-26,42.91497802734375
2004-07-27,42.30769348144531
2004-07-28,43.31983947753906
2004-07-29,42.71255111694336
2004-07-30,42.33871078491211
2004-08-02,42.33871078491211
2004-08-03,44.15322494506836
2004-08-04,43.54838562011719
2004-08-05,43.95161437988281
2004-08-06,44.959678649902344
2004-08-09,44.15322494506836
2004-08-10,44.959678649902344
2004-08-11,44.15322494506836
2004-08-12,43.54838562011719
2004-08-13,43.95161437988281
2004-08-16,44.15322494506836
2004-08-17,44.959678649902344
2004-08-18,44.55644989013672
2004-08-19,42.94355010986328
2004-08-20,39.717742919921875
2004-08-23,39.91935348510742
2004-08-24,39.314517974853516
2004-08-25,36.89516067504883
2004-08-26,34.67741775512695
2004-08-27,30.44354820251465
2004-08-30,30.44354820251465
2004-08-31,28.830644607543945
2004-09-01,27.419355392456055
2004-09-02,27.620967864990234
2004-09-03,26.66666603088379
2004-09-06,26.66666603088379
2004-09-07,26.66666603088379
2004-09-08,26.66666603088379
2004-09-09,26.26262664794922
2004-09-10,27.272727966308594
2004-09-13,27.070707321166992
2004-09-14,27.272727966308594
2004-09-15,26.26262664794922
2004-09-16,26.86868667602539
2004-09-17,25.656564712524414
2004-09-20,26.26262664794922
2004-09-21,28.080808639526367
2004-09-22,28.282827377319336
2004-09-23,28.484848022460938
2004-09-24,29.29292869567871
2004-09-27,29.090909957885742
2004-09-28,29.29292869567871
2004-09-29,28.68686866760254
2004-09-30,28.282827377319336
2004-10-01,28.830644607543945
2004-10-04,28.629032135009766
2004-10-05,30.24193572998047
2004-10-06,31.04838752746582
2004-10-07,31.25
2004-10-08,31.04838752746582
2004-10-11,31.25
2004-10-12,32.05644989013672
2004-10-13,33.26612854003906
2004-10-14,34.879032135009766
2004-10-15,34.274192810058594
2004-10-18,33.870967864990234
2004-10-19,33.064517974853516
2004-10-20,33.870967864990234
2004-10-21,33.064517974853516
2004-10-22,37.09677505493164
2004-10-25,36.89516067504883
2004-10-26,37.29838562011719
2004-10-27,37.29838562011719
2004-10-28,37.70161437988281
2004-10-29,36.3636360168457
2004-11-01,36.161617279052734
2004-11-02,35.9595947265625
2004-11-03,35.75757598876953
2004-11-04,37.77777862548828
2004-11-05,41.212120056152344
2004-11-08,41.41414260864258
2004-11-09,40.808082580566406
2004-11-10,41.010101318359375
2004-11-11,40.808082580566406
2004-11-12,41.212120056152344
2004-11-15,41.818180084228516
2004-11-16,40.808082580566406
2004-11-17,40.808082580566406
2004-11-18,40.20201873779297
2004-11-19,39.191917419433594
2004-11-22,39.191917419433594
2004-11-23,39.39393997192383
2004-11-24,37.77777862548828
2004-11-25,37.77777862548828
2004-11-26,36.3636360168457
2004-11-29,37.17171859741211
2004-11-30,37.57575607299805
2004-12-01,38.38383865356445
2004-12-02,36.767677307128906
2004-12-03,36.161617279052734
2004-12-06,36.3636360168457
2004-12-07,36.969696044921875
2004-12-08,36.3636360168457
2004-12-09,36.161617279052734
2004-12-10,37.37373733520508
2004-12-13,36.767677307128906
2004-12-14,36.3636360168457
2004-12-15,36.969696044921875
2004-12-16,36.969696044921875
2004-12-17,36.969696044921875
2004-12-20,36.969696044921875
2004-12-21,36.56565475463867
2004-12-22,35.75757598876953
2004-12-23,35.35353469848633
2004-12-24,35.35353469848633
2004-12-27,36.161617279052734
2004-12-28,36.767677307128906
2004-12-29,36.56565475463867
2004-12-30,35.35353469848633
2004-12-31,32.66128921508789
2005-01-03,33.064517974853516
2005-01-04,34.475807189941406
2005-01-05,35.48387145996094
2005-01-06,34.475807189941406
2005-01-07,37.90322494506836
2005-01-10,37.90322494506836
2005-01-11,37.70161437988281
2005-01-12,37.5
2005-01-13,36.69355010986328
2005-01-14,37.5
2005-01-17,37.5
2005-01-18,38.10483932495117
2005-01-19,37.09677505493164
2005-01-20,36.69355010986328
2005-01-21,38.10483932495117
2005-01-24,38.10483932495117
2005-01-25,38.709678649902344
2005-01-26,37.90322494506836
2005-01-27,38.30644989013672
2005-01-28,38.10483932495117
2005-01-31,39.1129035949707
2005-02-01,38.50806427001953
2005-02-02,39.1129035949707
2005-02-03,39.314517974853516
2005-02-04,38.10483932495117
2005-02-07,38.30644989013672
2005-02-08,38.50806427001953
2005-02-09,38.91128921508789
2005-02-10,37.90322494506836
2005-02-11,36.69355010986328
2005-02-14,36.89516067504883
2005-02-15,36.290321350097656
2005-02-16,35.282257080078125
2005-02-17,34.67741775512695
2005-02-18,33.467742919921875
2005-02-21,33.467742919921875
2005-02-22,34.274192810058594
2005-02-23,34.879032135009766
2005-02-24,32.8629035949707
2005-02-25,33.66935348510742
2005-02-28,33.66935348510742
2005-03-01,32.05644989013672
2005-03-02,31.45161247253418
2005-03-03,32.05644989013672
2005-03-04,32.25806427001953
2005-03-07,32.05644989013672
2005-03-08,33.870967864990234
2005-03-09,34.07258224487305
2005-03-10,35.282257080078125
2005-03-11,34.475807189941406
2005-03-14,34.475807189941406
2005-03-15,33.064517974853516
2005-03-16,34.07258224487305
2005-03-17,34.07258224487305
2005-03-18,35.8870964050293
2005-03-21,35.8870964050293
2005-03-22,35.8870964050293
2005-03-23,36.08871078491211
2005-03-24,35.08064651489258
2005-03-25,35.08064651489258
2005-03-28,35.48387145996094
2005-03-29,35.685482025146484
2005-03-30,35.282257080078125
2005-03-31,34.67741775512695
2005-04-01,35.282257080078125
2005-04-04,35.282257080078125
2005-04-05,34.274192810058594
2005-04-06,36.69355010986328
2005-04-07,37.29838562011719
2005-04-08,38.50806427001953
2005-04-11,39.1129035949707
2005-04-12,41.129032135009766
2005-04-13,39.51612854003906
2005-04-14,40.524192810058594
2005-04-15,40.524192810058594
2005-04-18,40.725807189941406
2005-04-19,42.74193572998047
2005-04-20,42.94355010986328
2005-04-21,44.15322494506836
2005-04-22,44.35483932495117
2005-04-25,44.15322494506836
2005-04-26,44.15322494506836
2005-04-27,45.16128921508789
2005-04-28,48.3870964050293
2005-04-29,46.370967864990234
2005-05-02,46.370967864990234
2005-05-03,46.370967864990234
2005-05-04,45.564517974853516
2005-05-05,44.55644989013672
2005-05-06,43.14516067504883
2005-05-09,42.94355010986328
2005-05-10,42.540321350097656
2005-05-11,42.33871078491211
2005-05-12,42.33871078491211
2005-05-13,44.15322494506836
2005-05-16,44.15322494506836
2005-05-17,44.15322494506836
2005-05-18,43.95161437988281
2005-05-19,43.54838562011719
2005-05-20,40.92741775512695
2005-05-23,41.33064651489258
2005-05-24,41.129032135009766
2005-05-25,41.935482025146484
2005-05-26,39.1129035949707
2005-05-27,37.29838562011719
2005-05-30,37.29838562011719
2005-05-31,36.89516067504883
2005-06-01,35.48387145996094
2005-06-02,35.8870964050293
2005-06-03,33.870967864990234
2005-06-06,32.8629035949707
2005-06-07,34.879032135009766
2005-06-08,35.08064651489258
2005-06-09,35.685482025146484
2005-06-10,34.475807189941406
2005-06-13,34.67741775512695
2005-06-14,32.8629035949707
2005-06-15,32.25806427001953
2005-06-16,32.66128921508789
2005-06-17,31.65322494506836
2005-06-20,31.45161247253418
2005-06-21,33.26612854003906
2005-06-22,32.459678649902344
2005-06-23,32.05644989013672
2005-06-24,33.870967864990234
2005-06-27,33.66935348510742
2005-06-28,35.685482025146484
2005-06-29,35.8870964050293
2005-06-30,36.69355010986328
2005-07-01,37.09677505493164
2005-07-04,37.09677505493164
2005-07-05,37.29838562011719
2005-07-06,39.1129035949707
2005-07-07,40.92741775512695
2005-07-08,41.70040512084961
2005-07-11,41.70040512084961
2005-07-12,42.105262756347656
2005-07-13,43.52226638793945
2005-07-14,44.129554748535156
2005-07-15,43.9271240234375
2005-07-18,43.9271240234375
2005-07-19,44.33198547363281
2005-07-20,44.73684310913086
2005-07-21,46.35627365112305
2005-07-22,46.85598373413086
2005-07-25,46.4503059387207
2005-07-26,46.65314483642578
2005-07-27,49.49290084838867
2005-07-28,49.290061950683594
2005-07-29,48.073020935058594
2005-08-01,48.27586364746094
2005-08-02,48.681541442871094
2005-08-03,47.870182037353516
2005-08-04,48.073020935058594
2005-08-05,47.6767692565918
2005-08-08,47.6767692565918
2005-08-09,48.28282928466797
2005-08-10,47.47474670410156
2005-08-11,46.66666793823242
2005-08-12,46.4503059387207
2005-08-15,46.4503059387207
2005-08-16,44.62474822998047
2005-08-17,45.030426025390625
2005-08-18,45.638946533203125
2005-08-19,43.699188232421875
2005-08-22,43.699188232421875
2005-08-23,44.105690002441406
2005-08-24,41.66666793823242
2005-08-25,40.85365676879883
2005-08-26,38.414634704589844
2005-08-29,38.21138381958008
2005-08-30,37.398372650146484
2005-08-31,37.601627349853516
2005-09-01,36.178863525390625
2005-09-02,37.17171859741211
2005-09-05,37.17171859741211
2005-09-06,36.767677307128906
2005-09-07,36.161617279052734
2005-09-08,35.55555725097656
2005-09-09,35.35353469848633
2005-09-12,35.35353469848633
2005-09-13,34.141414642333984
2005-09-14,35.15151596069336
2005-09-15,36.3636360168457
2005-09-16,38.58585739135742
2005-09-19,38.38383865356445
2005-09-20,37.57575607299805
2005-09-21,37.17171859741211
2005-09-22,36.56565475463867
2005-09-23,37.37373733520508
2005-09-26,37.57575607299805
2005-09-27,37.97979736328125
2005-09-28,37.97979736328125
2005-09-29,38.181819915771484
2005-09-30,38.58585739135742
2005-10-03,38.58585739135742
2005-10-04,39.39393997192383
2005-10-05,38.38383865356445
2005-10-06,39.191917419433594
2005-10-07,39.1480712890625
2005-10-10,39.350914001464844
2005-10-11,38.742393493652344
2005-10-12,37.322513580322266
2005-10-13,36.71399688720703
2005-10-14,37.11967468261719
2005-10-17,37.322513580322266
2005-10-18,38.33671569824219
2005-10-19,40.16227340698242
2005-10-20,39.350914001464844
2005-10-21,37.52535629272461
2005-10-24,37.52535629272461
2005-10-25,37.931034088134766
2005-10-26,39.55375289916992
2005-10-27,40.56795120239258
2005-10-28,40.56795120239258
2005-10-31,40.56795120239258
2005-11-01,39.55375289916992
2005-11-02,39.350914001464844
2005-11-03,40.56795120239258
2005-11-04,40.0
2005-11-07,40.20201873779297
2005-11-08,40.4040412902832
2005-11-09,40.808082580566406
2005-11-10,41.61616134643555
2005-11-11,40.4040412902832
2005-11-14,40.20201873779297
2005-11-15,40.60606002807617
2005-11-16,39.79798126220703
2005-11-17,39.191917419433594
2005-11-18,36.969696044921875
2005-11-21,36.969696044921875
2005-11-22,37.77777862548828
2005-11-23,34.949493408203125
2005-11-24,34.949493408203125
2005-11-25,34.00809860229492
2005-11-28,33.19837951660156
2005-11-29,33.40081024169922
2005-11-30,31.781375885009766
2005-12-01,32.18623352050781
2005-12-02,29.898990631103516
2005-12-05,29.494949340820312
2005-12-06,30.101009368896484
2005-12-07,31.717172622680664
2005-12-08,32.121212005615234
2005-12-09,32.727272033691406
2005-12-12,32.727272033691406
2005-12-13,31.717172622680664
2005-12-14,31.11111068725586
2005-12-15,30.101009368896484
2005-12-16,30.505050659179688
2005-12-19,30.303030014038086
2005-12-20,32.3232307434082
2005-12-21,31.515151977539062
2005-12-22,31.717172622680664
2005-12-23,30.971660614013672
2005-12-26,30.971660614013672
2005-12-27,30.161943435668945
2005-12-28,30.769229888916016
2005-12-29,30.769229888916016
2005-12-30,29.494949340820312
2006-01-02,29.494949340820312
2006-01-03,29.898990631103516
2006-01-04,30.505050659179688
2006-01-05,32.121212005615234
2006-01-06,33.805667877197266
2006-01-09,33.60323715209961
2006-01-10,33.805667877197266
2006-01-11,35.62752914428711
2006-01-12,36.63967514038086
2006-01-13,35.42510223388672
2006-01-16,35.42510223388672
2006-01-17,35.02024459838867
2006-01-18,35.42510223388672
2006-01-19,35.62752914428711
2006-01-20,35.02024459838867
2006-01-23,35.02024459838867
2006-01-24,35.02024459838867
2006-01-25,36.842105865478516
2006-01-26,37.24696350097656
2006-01-27,36.63967514038086
2006-01-30,36.23481750488281
2006-01-31,37.44939422607422
2006-02-01,39.47368240356445
2006-02-02,41.49797439575195
2006-02-03,41.379310607910156
2006-02-06,41.379310607910156
2006-02-07,41.379310607910156
2006-02-08,40.770790100097656
2006-02-09,41.379310607910156
2006-02-10,41.17647171020508
2006-02-13,41.379310607910156
2006-02-14,41.78498840332031
2006-02-15,40.56795120239258
2006-02-16,39.350914001464844
2006-02-17,38.94523239135742
2006-02-20,38.94523239135742
2006-02-21,38.539554595947266
2006-02-22,37.931034088134766
2006-02-23,35.90263748168945
2006-02-24,32.86003875732422
2006-02-27,33.06288146972656
2006-02-28,32.65719985961914
2006-03-01,33.6713981628418
2006-03-02,34.07707977294922
2006-03-03,34.949493408203125
2006-03-06,35.15151596069336
2006-03-07,34.34343338012695
2006-03-08,33.13131332397461
2006-03-09,33.53535461425781
2006-03-10,34.141414642333984
2006-03-13,34.54545593261719
2006-03-14,34.747474670410156
2006-03-15,30.505050659179688
2006-03-16,29.29292869567871
2006-03-17,35.9595947265625
2006-03-20,36.161617279052734
2006-03-21,36.3636360168457
2006-03-22,36.161617279052734
2006-03-23,37.37373733520508
2006-03-24,36.767677307128906
2006-03-27,36.969696044921875
2006-03-28,37.57575607299805
2006-03-29,36.969696044921875
2006-03-30,36.56565475463867
2006-03-31,38.58585739135742
2006-04-03,38.787879943847656
2006-04-04,39.79798126220703
2006-04-05,39.79798126220703
2006-04-06,40.0
2006-04-07,39.511199951171875
2006-04-10,39.714866638183594
2006-04-11,40.73319625854492
2006-04-12,39.1038703918457
2006-04-13,41.95519256591797
2006-04-14,41.95519256591797
2006-04-17,41.34419631958008
2006-04-18,43.177188873291016
2006-04-19,42.566192626953125
2006-04-20,43.177188873291016
2006-04-21,46.1224479675293
2006-04-24,46.32653045654297
2006-04-25,47.95918273925781
2006-04-26,47.34693908691406
2006-04-27,47.95918273925781
2006-04-28,43.76278305053711
2006-05-01,43.55828094482422
2006-05-02,45.398773193359375
2006-05-03,45.603271484375
2006-05-04,45.807769775390625
2006-05-05,46.66666793823242
2006-05-08,46.46464538574219
2006-05-09,48.28282928466797
2006-05-10,47.07070541381836
2006-05-11,47.47474670410156
2006-05-12,48.68687057495117
2006-05-15,48.68687057495117
2006-05-16,49.898990631103516
2006-05-17,48.68687057495117
2006-05-18,47.47474670410156
2006-05-19,44.84848403930664
2006-05-22,44.64646530151367
2006-05-23,44.24242401123047
2006-05-24,43.232322692871094
2006-05-25,41.212120056152344
2006-05-26,36.767677307128906
2006-05-29,36.767677307128906
2006-05-30,37.37373733520508
2006-05-31,36.56565475463867
2006-06-01,37.17171859741211
2006-06-02,36.032386779785156
2006-06-05,35.829959869384766
2006-06-06,35.02024459838867
2006-06-07,34.817813873291016
2006-06-08,35.829959869384766
2006-06-09,35.62752914428711
2006-06-12,35.829959869384766
2006-06-13,37.044532775878906
2006-06-14,36.032386779785156
2006-06-15,36.23481750488281
2006-06-16,35.091278076171875
2006-06-19,35.091278076171875
2006-06-20,36.30831527709961
2006-06-21,37.322513580322266
2006-06-22,37.11967468261719
2006-06-23,37.11967468261719
2006-06-26,36.91683578491211
2006-06-27,37.322513580322266
2006-06-28,36.30831527709961
2006-06-29,36.10547637939453
2006-06-30,33.73737335205078
2006-07-03,33.73737335205078
2006-07-04,33.73737335205078
2006-07-05,34.141414642333984
2006-07-06,34.141414642333984
2006-07-07,35.9595947265625
2006-07-10,35.9595947265625
2006-07-11,34.949493408203125
2006-07-12,35.35353469848633
2006-07-13,37.37373733520508
2006-07-14,38.58585739135742
2006-07-17,38.38383865356445
2006-07-18,38.58585739135742
2006-07-19,39.39393997192383
2006-07-20,40.0
2006-07-21,37.57575607299805
2006-07-24,37.77777862548828
2006-07-25,39.191917419433594
2006-07-26,39.79798126220703
2006-07-27,40.20201873779297
2006-07-28,39.5959587097168
2006-07-31,40.20201873779297
2006-08-01,41.61616134643555
2006-08-02,41.818180084228516
2006-08-03,42.42424392700195
2006-08-04,41.212120056152344
2006-08-07,41.41414260864258
2006-08-08,41.010101318359375
2006-08-09,40.60606002807617
2006-08-10,40.60606002807617
2006-08-11,39.67611312866211
2006-08-14,39.67611312866211
2006-08-15,39.878543853759766
2006-08-16,38.66396713256836
2006-08-17,39.878543853759766
2006-08-18,39.47368240356445
2006-08-21,39.47368240356445
2006-08-22,37.65182113647461
2006-08-23,37.44939422607422
2006-08-24,38.056678771972656
2006-08-25,35.22267150878906
2006-08-28,34.41295623779297
2006-08-29,34.817813873291016
2006-08-30,33.805667877197266
2006-08-31,32.99595260620117
2006-09-01,29.494949340820312
2006-09-04,29.494949340820312
2006-09-05,29.898990631103516
2006-09-06,30.70707130432129
2006-09-07,30.909090042114258
2006-09-08,27.676767349243164
2006-09-11,27.070707321166992
2006-09-12,27.878787994384766
2006-09-13,28.88888931274414
2006-09-14,28.68686866760254
2006-09-15,29.898990631103516
2006-09-18,30.505050659179688
2006-09-19,31.11111068725586
2006-09-20,31.515151977539062
2006-09-21,32.92929458618164
2006-09-22,33.73737335205078
2006-09-25,33.73737335205078
2006-09-26,33.93939208984375
2006-09-27,35.55555725097656
2006-09-28,35.55555725097656
2006-09-29,34.34343338012695
2006-10-02,34.34343338012695
2006-10-03,36.161617279052734
2006-10-04,36.56565475463867
2006-10-05,37.37373733520508
2006-10-06,39.878543853759766
2006-10-09,39.878543853759766
2006-10-10,41.093116760253906
2006-10-11,42.30769348144531
2006-10-12,42.91497802734375
2006-10-13,45.3441276550293
2006-10-16,45.3441276550293
2006-10-17,46.5587043762207
2006-10-18,45.951416015625
2006-10-19,45.951416015625
2006-10-20,44.33198547363281
2006-10-23,44.33198547363281
2006-10-24,45.74898910522461
2006-10-25,43.9271240234375
2006-10-26,45.141700744628906
2006-10-27,44.5344123840332
2006-10-30,44.33198547363281
2006-10-31,44.129554748535156
2006-11-01,44.33198547363281
2006-11-02,43.52226638793945
2006-11-03,43.030303955078125
2006-11-06,43.030303955078125
2006-11-07,43.43434524536133
2006-11-08,42.02020263671875
2006-11-09,42.82828140258789
2006-11-10,42.59634780883789
2006-11-13,42.799190521240234
2006-11-14,43.20486831665039
2006-11-15,42.59634780883789
2006-11-16,42.59634780883789
2006-11-17,40.770790100097656
2006-11-20,40.56795120239258
2006-11-21,40.16227340698242
2006-11-22,38.94523239135742
2006-11-23,38.94523239135742
2006-11-24,34.34959411621094
2006-11-27,34.34959411621094
2006-11-28,33.33333206176758
2006-11-29,33.739837646484375
2006-11-30,33.739837646484375
2006-12-01,32.048683166503906
2006-12-04,32.65719985961914
2006-12-05,32.45436096191406
2006-12-06,33.26572036743164
2006-12-07,32.86003875732422
2006-12-08,33.33333206176758
2006-12-11,33.53658676147461
2006-12-12,32.52032470703125
2006-12-13,34.34959411621094
2006-12-14,34.75609588623047
2006-12-15,34.34959411621094
2006-12-18,34.5528450012207
2006-12-19,34.34959411621094
2006-12-20,34.9593505859375
2006-12-21,34.75609588623047
2006-12-22,32.52032470703125
2006-12-25,32.52032470703125
2006-12-26,32.11382293701172
2006-12-27,31.09756088256836
2006-12-28,30.487804412841797
2006-12-29,28.252033233642578
2007-01-01,28.252033233642578
2007-01-02,28.252033233642578
2007-01-03,28.252033233642578
2007-01-04,29.878047943115234
2007-01-05,30.769229888916016
2007-01-08,30.566801071166992
2007-01-09,31.983806610107422
2007-01-10,32.38866424560547
2007-01-11,33.805667877197266
2007-01-12,32.45436096191406
2007-01-15,32.45436096191406
2007-01-16,33.6713981628418
2007-01-17,34.8884391784668
2007-01-18,35.091278076171875
2007-01-19,37.931034088134766
2007-01-22,37.931034088134766
2007-01-23,38.133872985839844
2007-01-24,36.51115798950195
2007-01-25,35.699798583984375
2007-01-26,32.45436096191406
2007-01-29,32.45436096191406
2007-01-30,33.6713981628418
2007-01-31,32.45436096191406
2007-02-01,33.46855926513672
2007-02-02,34.141414642333984
2007-02-05,35.15151596069336
2007-02-06,35.55555725097656
2007-02-07,36.161617279052734
2007-02-08,35.9595947265625
2007-02-09,34.949493408203125
2007-02-12,34.949493408203125
2007-02-13,35.75757598876953
2007-02-14,35.55555725097656
2007-02-15,33.73737335205078
2007-02-16,32.65719985961914
2007-02-19,32.65719985961914
2007-02-20,33.26572036743164
2007-02-21,34.2799186706543
2007-02-22,35.091278076171875
2007-02-23,31.707317352294922
2007-02-26,31.910568237304688
2007-02-27,31.300813674926758
2007-02-28,30.081300735473633
2007-03-01,29.878047943115234
2007-03-02,30.101009368896484
2007-03-05,30.101009368896484
2007-03-06,29.696969985961914
2007-03-07,30.303030014038086
2007-03-08,29.494949340820312
2007-03-09,29.29292869567871
2007-03-12,29.29292869567871
2007-03-13,30.70707130432129
2007-03-14,29.494949340820312
2007-03-15,29.494949340820312
2007-03-16,29.696969985961914
2007-03-19,29.696969985961914
2007-03-20,28.88888931274414
2007-03-21,28.282827377319336
2007-03-22,28.282827377319336
2007-03-23,26.97768783569336
2007-03-26,27.180526733398438
2007-03-27,27.586206436157227
2007-03-28,30.02028465270996
2007-03-29,30.22312355041504
2007-03-30,29.696969985961914
2007-04-02,30.303030014038086
2007-04-03,29.29292869567871
2007-04-04,29.696969985961914
2007-04-05,30.505050659179688
2007-04-06,30.566801071166992
2007-04-09,30.971660614013672
2007-04-10,31.578947067260742
2007-04-11,31.37651824951172
2007-04-12,32.793521881103516
2007-04-13,34.21052551269531
2007-04-16,34.41295623779297
2007-04-17,37.854251861572266
2007-04-18,39.27125549316406
2007-04-19,39.67611312866211
2007-04-20,43.81338882446289
2007-04-23,44.01622772216797
2007-04-24,43.40770721435547
2007-04-25,43.61054611206055
2007-04-26,42.799190521240234
2007-04-27,44.82758712768555
2007-04-30,44.421905517578125
2007-05-01,44.421905517578125
2007-05-02,45.2332649230957
2007-05-03,45.638946533203125
2007-05-04,45.65656661987305
2007-05-07,45.65656661987305
2007-05-08,45.252525329589844
2007-05-09,49.292930603027344
2007-05-10,47.272727966308594
2007-05-11,46.06060791015625
2007-05-14,46.06060791015625
2007-05-15,45.050506591796875
2007-05-16,45.65656661987305
2007-05-17,45.252525329589844
2007-05-18,44.44444274902344
2007-05-21,44.0404052734375
2007-05-22,44.24242401123047
2007-05-23,44.44444274902344
2007-05-24,44.84848403930664
2007-05-25,43.43434524536133
2007-05-28,43.43434524536133
2007-05-29,42.62626266479492
2007-05-30,42.42424392700195
2007-05-31,42.62626266479492
2007-06-01,42.82828140258789
2007-06-04,42.82828140258789
2007-06-05,42.62626266479492
2007-06-06,38.181819915771484
2007-06-07,38.38383865356445
2007-06-08,38.787879943847656
2007-06-11,38.38383865356445
2007-06-12,37.77777862548828
2007-06-13,38.38383865356445
2007-06-14,38.38383865356445
2007-06-15,38.38383865356445
2007-06-18,38.181819915771484
2007-06-19,37.37373733520508
2007-06-20,36.969696044921875
2007-06-21,38.58585739135742
2007-06-22,39.068824768066406
2007-06-25,38.866397857666016
2007-06-26,39.27125549316406
2007-06-27,39.27125549316406
2007-06-28,39.67611312866211
2007-06-29,40.60606002807617
2007-07-02,40.60606002807617
2007-07-03,41.212120056152344
2007-07-04,41.212120056152344
2007-07-05,41.41414260864258
2007-07-06,39.878543853759766
2007-07-09,40.080970764160156
2007-07-10,40.68825912475586
2007-07-11,40.890689849853516
2007-07-12,41.093116760253906
2007-07-13,41.987831115722656
2007-07-16,41.78498840332031
2007-07-17,42.39350891113281
2007-07-18,42.799190521240234
2007-07-19,44.62474822998047
2007-07-20,44.21906661987305
2007-07-23,44.62474822998047
2007-07-24,46.85598373413086
2007-07-25,46.04462432861328
2007-07-26,45.2332649230957
2007-07-27,42.39350891113281
2007-07-30,42.39350891113281
2007-07-31,41.987831115722656
2007-08-01,42.59634780883789
2007-08-02,41.582149505615234
2007-08-03,40.20201873779297
2007-08-06,40.60606002807617
2007-08-07,40.0
2007-08-08,39.39393997192383
2007-08-09,40.4040412902832
2007-08-10,40.20201873779297
2007-08-13,39.79798126220703
2007-08-14,39.79798126220703
2007-08-15,40.808082580566406
2007-08-16,40.20201873779297
2007-08-17,37.77777862548828
2007-08-20,37.97979736328125
2007-08-21,36.969696044921875
2007-08-22,35.15151596069336
2007-08-23,37.17171859741211
2007-08-24,34.747474670410156
2007-08-27,34.54545593261719
2007-08-28,34.949493408203125
2007-08-29,32.727272033691406
2007-08-30,32.3232307434082
2007-08-31,30.303030014038086
2007-09-03,30.303030014038086
2007-09-04,29.898990631103516
2007-09-05,28.88888931274414
2007-09-06,27.676767349243164
2007-09-07,27.125505447387695
2007-09-10,27.32793617248535
2007-09-11,27.530364990234375
2007-09-12,27.7327938079834
2007-09-13,27.530364990234375
2007-09-14,29.149797439575195
2007-09-17,29.149797439575195
2007-09-18,29.554655075073242
2007-09-19,30.971660614013672
2007-09-20,31.578947067260742
2007-09-21,31.174089431762695
2007-09-24,31.37651824951172
2007-09-25,31.781375885009766
2007-09-26,33.40081024169922
2007-09-27,33.19837951660156
2007-09-28,34.482757568359375
2007-10-01,34.07707977294922
2007-10-02,38.33671569824219
2007-10-03,39.350914001464844
2007-10-04,38.539554595947266
2007-10-05,40.890689849853516
2007-10-08,40.890689849853516
2007-10-09,40.890689849853516
2007-10-10,38.66396713256836
2007-10-11,38.866397857666016
2007-10-12,40.65040588378906
2007-10-15,41.05691146850586
2007-10-16,42.276424407958984
2007-10-17,41.46341323852539
2007-10-18,41.86991882324219
2007-10-19,42.276424407958984
2007-10-22,42.47967529296875
2007-10-23,42.88617706298828
2007-10-24,43.08943176269531
2007-10-25,42.07316970825195
2007-10-26,37.14285659790039
2007-10-29,37.34693908691406
2007-10-30,35.51020431518555
2007-10-31,34.693878173828125
2007-11-01,34.693878173828125
2007-11-02,31.919191360473633
2007-11-05,31.717172622680664
2007-11-06,31.717172622680664
2007-11-07,32.3232307434082
2007-11-08,33.13131332397461
2007-11-09,32.92929458618164
2007-11-12,32.92929458618164
2007-11-13,32.92929458618164
2007-11-14,34.141414642333984
2007-11-15,34.34343338012695
2007-11-16,33.33333206176758
2007-11-19,33.53535461425781
2007-11-20,34.949493408203125
2007-11-21,33.33333206176758
2007-11-22,33.33333206176758
2007-11-23,33.6713981628418
2007-11-26,33.26572036743164
2007-11-27,33.87424087524414
2007-11-28,35.091278076171875
2007-11-29,32.65719985961914
2007-11-30,34.141414642333984
2007-12-03,34.54545593261719
2007-12-04,33.13131332397461
2007-12-05,32.92929458618164
2007-12-06,31.31313133239746
2007-12-07,30.909090042114258
2007-12-10,30.909090042114258
2007-12-11,30.505050659179688
2007-12-12,31.717172622680664
2007-12-13,30.70707130432129
2007-12-14,30.161943435668945
2007-12-17,29.959514617919922
2007-12-18,29.959514617919922
2007-12-19,30.971660614013672
2007-12-20,32.38866424560547
2007-12-21,31.845842361450195
2007-12-24,31.440162658691406
2007-12-25,31.440162658691406
2007-12-26,30.628803253173828
2007-12-27,30.22312355041504
2007-12-28,29.614604949951172
2007-12-31,28.194726943969727
2008-01-01,28.194726943969727
2008-01-02,28.397565841674805
2008-01-03,29.614604949951172
2008-01-04,31.31313133239746
2008-01-07,31.11111068725586
2008-01-08,30.909090042114258
2008-01-09,29.696969985961914
2008-01-10,27.676767349243164
2008-01-11,28.282827377319336
2008-01-14,28.282827377319336
2008-01-15,29.898990631103516
2008-01-16,29.090909957885742
2008-01-17,29.090909957885742
2008-01-18,31.919191360473633
2008-01-21,31.919191360473633
2008-01-22,32.121212005615234
2008-01-23,34.54545593261719
2008-01-24,34.949493408203125
2008-01-25,36.3636360168457
2008-01-28,36.3636360168457
2008-01-29,35.55555725097656
2008-01-30,34.54545593261719
2008-01-31,33.73737335205078
2008-02-01,32.52525329589844
2008-02-04,32.52525329589844
2008-02-05,32.92929458618164
2008-02-06,31.919191360473633
2008-02-07,32.3232307434082
2008-02-08,32.52525329589844
2008-02-11,32.52525329589844
2008-02-12,33.33333206176758
2008-02-13,32.92929458618164
2008-02-14,31.717172622680664
2008-02-15,32.3232307434082
2008-02-18,32.3232307434082
2008-02-19,32.121212005615234
2008-02-20,30.70707130432129
2008-02-21,31.919191360473633
2008-02-22,29.29292869567871
2008-02-25,29.29292869567871
2008-02-26,30.303030014038086
2008-02-27,30.909090042114258
2008-02-28,31.11111068725586
2008-02-29,30.505050659179688
2008-03-03,30.303030014038086
2008-03-04,29.494949340820312
2008-03-05,29.898990631103516
2008-03-06,30.101009368896484
2008-03-07,30.101009368896484
2008-03-10,29.696969985961914
2008-03-11,28.080808639526367
2008-03-12,29.090909957885742
2008-03-13,28.080808639526367
2008-03-14,28.88888931274414
2008-03-17,29.29292869567871
2008-03-18,28.484848022460938
2008-03-19,28.88888931274414
2008-03-20,27.676767349243164
2008-03-21,27.676767349243164
2008-03-24,27.878787994384766
2008-03-25,26.66666603088379
2008-03-26,26.26262664794922
2008-03-27,26.060606002807617
2008-03-28,25.858585357666016
2008-03-31,25.656564712524414
2008-04-01,25.454545974731445
2008-04-02,26.66666603088379
2008-04-03,27.070707321166992
2008-04-04,26.26262664794922
2008-04-07,26.26262664794922
2008-04-08,25.858585357666016
2008-04-09,28.68686866760254
2008-04-10,30.303030014038086
2008-04-11,30.505050659179688
2008-04-14,30.505050659179688
2008-04-15,31.717172622680664
2008-04-16,31.919191360473633
2008-04-17,31.515151977539062
2008-04-18,31.31313133239746
2008-04-21,31.515151977539062
2008-04-22,31.11111068725586
2008-04-23,32.52525329589844
2008-04-24,33.33333206176758
2008-04-25,32.92929458618164
2008-04-28,32.92929458618164
2008-04-29,34.34343338012695
2008-04-30,34.949493408203125
2008-05-01,34.54545593261719
2008-05-02,36.3636360168457
2008-05-05,36.56565475463867
2008-05-06,36.767677307128906
2008-05-07,35.55555725097656
2008-05-08,36.969696044921875
2008-05-09,37.17171859741211
2008-05-12,37.37373733520508
2008-05-13,37.77777862548828
2008-05-14,37.37373733520508
2008-05-15,37.17171859741211
2008-05-16,37.37373733520508
2008-05-19,37.37373733520508
2008-05-20,37.17171859741211
2008-05-21,37.37373733520508
2008-05-22,37.37373733520508
2008-05-23,37.57575607299805
2008-05-26,37.57575607299805
2008-05-27,36.56565475463867
2008-05-28,35.75757598876953
2008-05-29,36.767677307128906
2008-05-30,40.4040412902832
2008-06-02,40.808082580566406
2008-06-03,38.38383865356445
2008-06-04,38.181819915771484
2008-06-05,36.56565475463867
2008-06-06,36.91683578491211
2008-06-09,37.11967468261719
2008-06-10,36.30831527709961
2008-06-11,35.699798583984375
2008-06-12,36.10547637939453
2008-06-13,36.30831527709961
2008-06-16,36.71399688720703
2008-06-17,35.49695587158203
2008-06-18,34.68560028076172
2008-06-19,35.29411697387695
2008-06-20,35.091278076171875
2008-06-23,35.49695587158203
2008-06-24,34.68560028076172
2008-06-25,34.8884391784668
2008-06-26,34.8884391784668
2008-06-27,29.41176414489746
2008-06-30,29.006084442138672
2008-07-01,27.586206436157227
2008-07-02,26.77484703063965
2008-07-03,28.600404739379883
2008-07-04,29.149797439575195
2008-07-07,28.947368621826172
2008-07-08,28.34008026123047
2008-07-09,29.554655075073242
2008-07-10,29.554655075073242
2008-07-11,31.781375885009766
2008-07-14,31.578947067260742
2008-07-15,32.99595260620117
2008-07-16,33.19837951660156
2008-07-17,32.591094970703125
2008-07-18,30.971660614013672
2008-07-21,30.566801071166992
2008-07-22,31.983806610107422
2008-07-23,31.578947067260742
2008-07-24,31.983806610107422
2008-07-25,34.41295623779297
2008-07-28,34.41295623779297
2008-07-29,33.40081024169922
2008-07-30,33.805667877197266
2008-07-31,34.00809860229492
2008-08-01,33.13131332397461
2008-08-04,33.13131332397461
2008-08-05,32.727272033691406
2008-08-06,32.727272033691406
2008-08-07,33.53535461425781
2008-08-08,33.13131332397461
2008-08-11,33.33333206176758
2008-08-12,32.727272033691406
2008-08-13,33.93939208984375
2008-08-14,33.33333206176758
2008-08-15,32.727272033691406
2008-08-18,32.727272033691406
2008-08-19,31.919191360473633
2008-08-20,32.121212005615234
2008-08-21,32.727272033691406
2008-08-22,30.505050659179688
2008-08-25,30.505050659179688
2008-08-26,29.898990631103516
2008-08-27,29.494949340820312
2008-08-28,28.68686866760254
2008-08-29,26.72064781188965
2008-09-01,26.72064781188965
2008-09-02,26.113359451293945
2008-09-03,26.113359451293945
2008-09-04,28.137651443481445
2008-09-05,26.86868667602539
2008-09-08,26.86868667602539
2008-09-09,27.474746704101562
2008-09-10,26.66666603088379
2008-09-11,27.474746704101562
2008-09-12,28.080808639526367
2008-09-15,27.878787994384766
2008-09-16,28.282827377319336
2008-09-17,27.474746704101562
2008-09-18,26.86868667602539
2008-09-19,25.858585357666016
2008-09-22,25.858585357666016
2008-09-23,26.66666603088379
2008-09-24,26.060606002807617
2008-09-25,25.252525329589844
2008-09-26,26.113359451293945
2008-09-29,26.3157901763916
2008-09-30,26.3157901763916
2008-10-01,27.125505447387695
2008-10-02,26.923076629638672
2008-10-03,23.076923370361328
2008-10-06,22.67206382751465
2008-10-07,21.65991973876953
2008-10-08,21.457489013671875
2008-10-09,21.25506019592285
2008-10-10,20.28397560119629
2008-10-13,20.28397560119629
2008-10-14,19.47261619567871
2008-10-15,19.269777297973633
2008-10-16,19.8782958984375
2008-10-17,19.8782958984375
2008-10-20,19.8782958984375
2008-10-21,19.8782958984375
2008-10-22,18.864097595214844
2008-10-23,18.052738189697266
2008-10-24,18.255578994750977
2008-10-27,18.255578994750977
2008-10-28,18.661256790161133
2008-10-29,17.647058486938477
2008-10-30,17.4442195892334
2008-10-31,15.991903305053711
2008-11-03,15.991903305053711
2008-11-04,15.789473533630371
2008-11-05,15.991903305053711
2008-11-06,15.384614944458008
2008-11-07,15.384614944458008
2008-11-10,15.384614944458008
2008-11-11,16.194332122802734
2008-11-12,16.194332122802734
2008-11-13,16.396760940551758
2008-11-14,14.198782920837402
2008-11-17,14.198782920837402
2008-11-18,15.415821075439453
2008-11-19,15.01014232635498
2008-11-20,16.024341583251953
2008-11-21,15.243902206420898
2008-11-24,15.243902206420898
2008-11-25,16.05691146850586
2008-11-26,15.243902206420898
2008-11-27,15.243902206420898
2008-11-28,15.885947227478027
2008-12-01,15.885947227478027
2008-12-02,14.66395092010498
2008-12-03,14.256619453430176
2008-12-04,14.66395092010498
2008-12-05,15.182186126708984
2008-12-08,15.182186126708984
2008-12-09,13.967611312866211
2008-12-10,14.979757308959961
2008-12-11,15.991903305053711
2008-12-12,16.43001937866211
2008-12-15,16.43001937866211
2008-12-16,16.43001937866211
2008-12-17,16.8356990814209
2008-12-18,16.024341583251953
2008-12-19,15.415821075439453
2008-12-22,15.415821075439453
2008-12-23,15.821500778198242
2008-12-24,15.415821075439453
2008-12-25,15.415821075439453
2008-12-26,14.837398529052734
2008-12-29,14.837398529052734
2008-12-30,15.040650367736816
2008-12-31,16.869918823242188
2009-01-01,16.869918823242188
2009-01-02,17.311609268188477
2009-01-05,17.311609268188477
2009-01-06,18.533605575561523
2009-01-07,19.144603729248047
2009-01-08,16.700611114501953
2009-01-09,18.367347717285156
2009-01-12,18.163265228271484
2009-01-13,19.183673858642578
2009-01-14,19.387754440307617
2009-01-15,18.979591369628906
2009-01-16,17.755102157592773
2009-01-19,17.755102157592773
2009-01-20,17.5510196685791
2009-01-21,16.73469352722168
2009-01-22,16.73469352722168
2009-01-23,15.918367385864258
2009-01-26,15.918367385864258
2009-01-27,16.93877601623535
2009-01-28,15.306122779846191
2009-01-29,14.897958755493164
2009-01-30,14.372469902038574
2009-02-02,14.372469902038574
2009-02-03,14.777327537536621
2009-02-04,14.574898719787598
2009-02-05,14.574898719787598
2009-02-06,14.777327537536621
2009-02-09,14.777327537536621
2009-02-10,14.574898719787598
2009-02-11,14.979757308959961
2009-02-12,14.979757308959961
2009-02-13,14.574898719787598
2009-02-16,14.574898719787598
2009-02-17,14.777327537536621
2009-02-18,16.396760940551758
2009-02-19,16.59918975830078
2009-02-20,15.182186126708984
2009-02-23,15.182186126708984
2009-02-24,17.813764572143555
2009-02-25,18.825910568237305
2009-02-26,19.433198928833008
2009-02-27,21.212121963500977
2009-03-02,21.414140701293945
2009-03-03,21.616161346435547
2009-03-04,22.22222137451172
2009-03-05,23.232322692871094
2009-03-06,20.606060028076172
2009-03-09,20.404041290283203
2009-03-10,20.2020206451416
2009-03-11,19.393939971923828
2009-03-12,20.404041290283203
2009-03-13,20.808080673217773
2009-03-16,20.606060028076172
2009-03-17,20.606060028076172
2009-03-18,21.010101318359375
2009-03-19,22.22222137451172
2009-03-20,22.626262664794922
2009-03-23,22.42424201965332
2009-03-24,23.434343338012695
2009-03-25,23.030303955078125
2009-03-26,23.232322692871094
2009-03-27,25.252525329589844
2009-03-30,25.252525329589844
2009-03-31,24.040403366088867
2009-04-01,23.232322692871094
2009-04-02,23.434343338012695
2009-04-03,23.8383846282959
2009-04-06,23.8383846282959
2009-04-07,26.060606002807617
2009-04-08,26.86868667602539
2009-04-09,25.858585357666016
2009-04-10,25.858585357666016
2009-04-13,25.858585357666016
2009-04-14,27.474746704101562
2009-04-15,27.474746704101562
2009-04-16,26.26262664794922
2009-04-17,26.26262664794922
2009-04-20,26.46464729309082
2009-04-21,27.878787994384766
2009-04-22,28.88888931274414
2009-04-23,29.696969985961914
2009-04-24,28.484848022460938
2009-04-27,28.282827377319336
2009-04-28,28.68686866760254
2009-04-29,29.494949340820312
2009-04-30,29.898990631103516
2009-05-01,31.65322494506836
2009-05-04,31.65322494506836
2009-05-05,31.45161247253418
2009-05-06,31.65322494506836
2009-05-07,30.84677505493164
2009-05-08,33.66935348510742
2009-05-11,33.870967864990234
2009-05-12,33.064517974853516
2009-05-13,33.870967864990234
2009-05-14,33.26612854003906
2009-05-15,33.870967864990234
2009-05-18,33.870967864990234
2009-05-19,35.8870964050293
2009-05-20,35.685482025146484
2009-05-21,36.69355010986328
2009-05-22,37.5
2009-05-25,37.5
2009-05-26,38.91128921508789
2009-05-27,39.717742919921875
2009-05-28,39.717742919921875
2009-05-29,42.74193572998047
2009-06-01,42.74193572998047
2009-06-02,42.540321350097656
2009-06-03,42.74193572998047
2009-06-04,43.95161437988281
2009-06-05,43.95161437988281
2009-06-08,43.54838562011719
2009-06-09,44.35483932495117
2009-06-10,43.34677505493164
2009-06-11,44.35483932495117
2009-06-12,43.75
2009-06-15,43.75
2009-06-16,40.524192810058594
2009-06-17,41.532257080078125
2009-06-18,40.120967864990234
2009-06-19,41.532257080078125
2009-06-22,41.33064651489258
2009-06-23,41.129032135009766
2009-06-24,40.725807189941406
2009-06-25,39.51612854003906
2009-06-26,39.314517974853516
2009-06-29,39.314517974853516
2009-06-30,39.1129035949707
2009-07-01,38.10483932495117
2009-07-02,35.685482025146484
2009-07-03,35.42510223388672
2009-07-06,35.22267150878906
2009-07-07,36.032386779785156
2009-07-08,35.62752914428711
2009-07-09,35.829959869384766
2009-07-10,34.61538314819336
2009-07-13,34.61538314819336
2009-07-14,36.032386779785156
2009-07-15,38.866397857666016
2009-07-16,39.47368240356445
2009-07-17,39.27125549316406
2009-07-20,39.27125549316406
2009-07-21,40.28340148925781
2009-07-22,42.105262756347656
2009-07-23,41.49797439575195
2009-07-24,41.093116760253906
2009-07-27,41.093116760253906
2009-07-28,43.117408752441406
2009-07-29,43.72469711303711
2009-07-30,43.117408752441406
2009-07-31,42.62626266479492
2009-08-03,42.82828140258789
2009-08-04,42.82828140258789
2009-08-05,43.030303955078125
2009-08-06,43.030303955078125
2009-08-07,44.44444274902344
2009-08-10,44.24242401123047
2009-08-11,44.84848403930664
2009-08-12,45.252525329589844
2009-08-13,44.44444274902344
2009-08-14,44.24242401123047
2009-08-17,44.0404052734375
2009-08-18,43.232322692871094
2009-08-19,42.62626266479492
2009-08-20,42.22222137451172
2009-08-21,41.29554748535156
2009-08-24,41.29554748535156
2009-08-25,40.28340148925781
2009-08-26,40.080970764160156
2009-08-27,40.28340148925781
2009-08-28,39.878543853759766
2009-08-31,39.878543853759766
2009-09-01,37.854251861572266
2009-09-02,38.866397857666016
2009-09-03,36.032386779785156
2009-09-04,35.75757598876953
2009-09-07,35.75757598876953
2009-09-08,35.55555725097656
2009-09-09,36.969696044921875
2009-09-10,37.97979736328125
2009-09-11,38.989898681640625
2009-09-14,38.989898681640625
2009-09-15,38.38383865356445
2009-09-16,39.191917419433594
2009-09-17,39.5959587097168
2009-09-18,41.818180084228516
2009-09-21,41.818180084228516
2009-09-22,42.62626266479492
2009-09-23,43.43434524536133
2009-09-24,46.26262664794922
2009-09-25,46.26262664794922
2009-09-28,46.26262664794922
2009-09-29,46.86868667602539
2009-09-30,47.07070541381836
2009-10-01,48.28282928466797
2009-10-02,49.292930603027344
2009-10-05,49.292930603027344
2009-10-06,51.71717071533203
2009-10-07,50.30303192138672
2009-10-08,49.292930603027344
2009-10-09,51.31312942504883
2009-10-12,51.31312942504883
2009-10-13,53.33333206176758
2009-10-14,53.93939208984375
2009-10-15,55.15151596069336
2009-10-16,53.4412956237793
2009-10-19,53.4412956237793
2009-10-20,53.846153259277344
2009-10-21,52.22671890258789
2009-10-22,53.03643798828125
2009-10-23,54.858299255371094
2009-10-26,54.858299255371094
2009-10-27,56.47773361206055
2009-10-28,56.47773361206055
2009-10-29,57.28744888305664
2009-10-30,58.181819915771484
2009-11-02,58.181819915771484
2009-11-03,57.77777862548828
2009-11-04,58.787879943847656
2009-11-05,59.191917419433594
2009-11-06,56.882591247558594
2009-11-09,56.882591247558594
2009-11-10,56.27530288696289
2009-11-11,56.27530288696289
2009-11-12,56.68016052246094
2009-11-13,56.0728759765625
2009-11-16,56.0728759765625
2009-11-17,55.26315689086914
2009-11-18,55.4655876159668
2009-11-19,54.048583984375
2009-11-20,50.6072883605957
2009-11-23,50.40485763549805
2009-11-24,50.0
2009-11-25,48.5829963684082
2009-11-26,48.5829963684082
2009-11-27,45.141700744628906
2009-11-30,45.141700744628906
2009-12-01,43.9271240234375
2009-12-02,44.129554748535156
2009-12-03,43.52226638793945
2009-12-04,44.84848403930664
2009-12-07,44.64646530151367
2009-12-08,45.252525329589844
2009-12-09,44.64646530151367
2009-12-10,45.65656661987305
2009-12-11,44.0404052734375
2009-12-14,43.838382720947266
2009-12-15,44.0404052734375
2009-12-16,43.030303955078125
2009-12-17,42.62626266479492
2009-12-18,43.43434524536133
2009-12-21,43.6363639831543
2009-12-22,44.44444274902344
2009-12-23,44.64646530151367
2009-12-24,43.43434524536133
2009-12-25,43.43434524536133
2009-12-28,44.0404052734375
2009-12-29,43.030303955078125
2009-12-30,42.22222137451172
2009-12-31,40.4040412902832
2010-01-01,40.524192810058594
2010-01-04,40.524192810058594
2010-01-05,41.935482025146484
2010-01-06,42.74193572998047
2010-01-07,43.34677505493164
2010-01-08,45.564517974853516
2010-01-11,45.967742919921875
2010-01-12,46.370967864990234
2010-01-13,47.17741775512695
2010-01-14,48.790321350097656
2010-01-15,49.19355010986328
2010-01-18,49.19355010986328
2010-01-19,47.782257080078125
2010-01-20,49.39516067504883
2010-01-21,51.814517974853516
2010-01-22,54.435482025146484
2010-01-25,54.032257080078125
2010-01-26,53.225807189941406
2010-01-27,54.83871078491211
2010-01-28,54.6370964050293
2010-01-29,54.141414642333984
2010-02-01,54.34343338012695
2010-02-02,54.747474670410156
2010-02-03,54.54545593261719
2010-02-04,54.34343338012695
2010-02-05,51.41128921508789
2010-02-08,51.41128921508789
2010-02-09,52.01612854003906
2010-02-10,52.217742919921875
2010-02-11,51.209678649902344
2010-02-12,50.30303192138672
2010-02-15,50.30303192138672
2010-02-16,50.707069396972656
2010-02-17,51.31312942504883
2010-02-18,50.50505065917969
2010-02-19,47.9757080078125
2010-02-22,48.178138732910156
2010-02-23,48.38056564331055
2010-02-24,47.165992736816406
2010-02-25,46.35627365112305
2010-02-26,46.24746322631836
2010-03-01,45.638946533203125
2010-03-02,45.2332649230957
2010-03-03,44.421905517578125
2010-03-04,44.82758712768555
2010-03-05,43.31983947753906
2010-03-08,43.52226638793945
2010-03-09,42.91497802734375
2010-03-10,43.52226638793945
2010-03-11,42.71255111694336
2010-03-12,42.71255111694336
2010-03-15,43.117408752441406
2010-03-16,44.33198547363281
2010-03-17,44.5344123840332
2010-03-18,43.31983947753906
2010-03-19,43.61054611206055
2010-03-22,43.81338882446289
2010-03-23,43.61054611206055
2010-03-24,44.62474822998047
2010-03-25,44.62474822998047
2010-03-26,46.24746322631836
2010-03-29,47.05882263183594
2010-03-30,48.27586364746094
2010-03-31,49.08721923828125
2010-04-01,48.073020935058594
2010-04-02,47.98387145996094
2010-04-05,47.58064651489258
2010-04-06,46.370967864990234
2010-04-07,47.17741775512695
2010-04-08,47.58064651489258
2010-04-09,50.20161437988281
2010-04-12,50.20161437988281
2010-04-13,50.0
2010-04-14,49.59677505493164
2010-04-15,52.01612854003906
2010-04-16,52.217742919921875
2010-04-19,52.620967864990234
2010-04-20,52.82258224487305
2010-04-21,54.032257080078125
2010-04-22,54.23387145996094
2010-04-23,56.45161437988281
2010-04-26,55.44355010986328
2010-04-27,55.44355010986328
2010-04-28,55.24193572998047
2010-04-29,55.44355010986328
2010-04-30,57.05644989013672
2010-05-03,57.05644989013672
2010-05-04,57.25806427001953
2010-05-05,57.25806427001953
2010-05-06,56.85483932495117
2010-05-07,57.459678649902344
2010-05-10,57.459678649902344
2010-05-11,57.8629035949707
2010-05-12,57.459678649902344
2010-05-13,57.459678649902344
2010-05-14,56.85483932495117
2010-05-17,56.85483932495117
2010-05-18,57.459678649902344
2010-05-19,57.25806427001953
2010-05-20,55.84677505493164
2010-05-21,51.6129035949707
2010-05-24,51.209678649902344
2010-05-25,50.20161437988281
2010-05-26,48.58871078491211
2010-05-27,47.379032135009766
2010-05-28,41.73387145996094
2010-05-31,41.73387145996094
2010-06-01,41.33064651489258
2010-06-02,40.524192810058594
2010-06-03,42.1370964050293
2010-06-04,41.129032135009766
2010-06-07,41.129032135009766
2010-06-08,41.532257080078125
2010-06-09,40.120967864990234
2010-06-10,38.709678649902344
2010-06-11,37.5
2010-06-14,37.5
2010-06-15,36.89516067504883
2010-06-16,36.69355010986328
2010-06-17,35.48387145996094
2010-06-18,34.879032135009766
2010-06-21,35.08064651489258
2010-06-22,35.08064651489258
2010-06-23,36.69355010986328
2010-06-24,36.08871078491211
2010-06-25,34.07258224487305
2010-06-28,34.07258224487305
2010-06-29,34.879032135009766
2010-06-30,34.879032135009766
2010-07-01,35.282257080078125
2010-07-02,34.879032135009766
2010-07-05,34.879032135009766
2010-07-06,34.475807189941406
2010-07-07,34.67741775512695
2010-07-08,33.870967864990234
2010-07-09,37.09677505493164
2010-07-12,37.09677505493164
2010-07-13,39.1129035949707
2010-07-14,41.129032135009766
2010-07-15,42.33871078491211
2010-07-16,44.24242401123047
2010-07-19,44.24242401123047
2010-07-20,43.232322692871094
2010-07-21,43.838382720947266
2010-07-22,44.64646530151367
2010-07-23,45.252525329589844
2010-07-26,46.86868667602539
2010-07-27,45.858585357666016
2010-07-28,46.06060791015625
2010-07-29,46.66666793823242
2010-07-30,45.16128921508789
2010-08-02,45.16128921508789
2010-08-03,44.75806427001953
2010-08-04,45.564517974853516
2010-08-05,45.564517974853516
2010-08-06,46.975807189941406
2010-08-09,46.975807189941406
2010-08-10,48.3870964050293
2010-08-11,48.185482025146484
2010-08-12,47.17741775512695
2010-08-13,45.16128921508789
2010-08-16,45.16128921508789
2010-08-17,45.76612854003906
2010-08-18,46.16935348510742
2010-08-19,46.16935348510742
2010-08-20,45.16128921508789
2010-08-23,42.74193572998047
2010-08-24,40.92741775512695
2010-08-25,41.33064651489258
2010-08-26,40.92741775512695
2010-08-27,36.69355010986328
2010-08-30,36.69355010986328
2010-08-31,36.08871078491211
2010-09-01,35.48387145996094
2010-09-02,34.07258224487305
2010-09-03,32.92929458618164
2010-09-06,32.92929458618164
2010-09-07,31.515151977539062
2010-09-08,31.919191360473633
2010-09-09,33.13131332397461
2010-09-10,33.73737335205078
2010-09-13,33.93939208984375
2010-09-14,32.3232307434082
2010-09-15,33.33333206176758
2010-09-16,32.121212005615234
2010-09-17,33.93939208984375
2010-09-20,33.93939208984375
2010-09-21,36.161617279052734
2010-09-22,34.949493408203125
2010-09-23,36.56565475463867
2010-09-24,37.77777862548828
2010-09-27,37.97979736328125
2010-09-28,38.38383865356445
2010-09-29,39.5959587097168
2010-09-30,41.212120056152344
2010-10-01,43.838382720947266
2010-10-04,43.838382720947266
2010-10-05,44.44444274902344
2010-10-06,45.45454406738281
2010-10-07,46.26262664794922
2010-10-08,49.292930603027344
2010-10-11,49.09090805053711
2010-10-12,48.68687057495117
2010-10-13,49.292930603027344
2010-10-14,51.11111068725586
2010-10-15,51.31312942504883
2010-10-18,51.71717071533203
2010-10-19,53.73737335205078
2010-10-20,53.73737335205078
2010-10-21,52.52525329589844
2010-10-22,52.727272033691406
2010-10-25,52.727272033691406
2010-10-26,54.141414642333984
2010-10-27,53.13131332397461
2010-10-28,52.92929458618164
2010-10-29,51.51515197753906
2010-11-01,51.11111068725586
2010-11-02,49.898990631103516
2010-11-03,50.90909194946289
2010-11-04,48.68687057495117
2010-11-05,48.68687057495117
2010-11-08,48.88888931274414
2010-11-09,49.09090805053711
2010-11-10,48.48484802246094
2010-11-11,48.28282928466797
2010-11-12,47.6767692565918
2010-11-15,47.6767692565918
2010-11-16,46.46464538574219
2010-11-17,45.050506591796875
2010-11-18,44.64646530151367
2010-11-19,43.9271240234375
2010-11-22,43.72469711303711
2010-11-23,43.52226638793945
2010-11-24,42.30769348144531
2010-11-25,42.30769348144531
2010-11-26,41.093116760253906
2010-11-29,40.68825912475586
2010-11-30,42.105262756347656
2010-12-01,39.27125549316406
2010-12-02,43.117408752441406
2010-12-03,43.6363639831543
2010-12-06,42.82828140258789
2010-12-07,42.62626266479492
2010-12-08,45.252525329589844
2010-12-09,45.65656661987305
2010-12-10,45.45454406738281
2010-12-13,45.45454406738281
2010-12-14,46.26262664794922
2010-12-15,47.6767692565918
2010-12-16,47.878787994384766
2010-12-17,48.68687057495117
2010-12-20,48.68687057495117
2010-12-21,48.48484802246094
2010-12-22,48.88888931274414
2010-12-23,48.080806732177734
2010-12-24,48.080806732177734
2010-12-27,48.080806732177734
2010-12-28,47.6767692565918
2010-12-29,47.878787994384766
2010-12-30,47.47474670410156
2010-12-31,46.46464538574219
2011-01-03,46.46464538574219
2011-01-04,45.45454406738281
2011-01-05,44.84848403930664
2011-01-06,47.47474670410156
2011-01-07,47.878787994384766
2011-01-10,47.878787994384766
2011-01-11,46.86868667602539
2011-01-12,47.272727966308594
2011-01-13,46.66666793823242
2011-01-14,48.48484802246094
2011-01-17,48.48484802246094
2011-01-18,49.09090805053711
2011-01-19,49.898990631103516
2011-01-20,50.707069396972656
2011-01-21,51.919193267822266
2011-01-24,51.71717071533203
2011-01-25,52.727272033691406
2011-01-26,53.93939208984375
2011-01-27,53.93939208984375
2011-01-28,53.73737335205078
2011-01-31,54.141414642333984
2011-02-01,54.141414642333984
2011-02-02,55.15151596069336
2011-02-03,53.93939208984375
2011-02-04,52.92929458618164
2011-02-07,53.53535461425781
2011-02-08,54.141414642333984
2011-02-09,53.33333206176758
2011-02-10,52.727272033691406
2011-02-11,50.707069396972656
2011-02-14,51.31312942504883
2011-02-15,50.707069396972656
2011-02-16,50.50505065917969
2011-02-17,49.09090805053711
2011-02-18,46.86868667602539
2011-02-21,46.86868667602539
2011-02-22,46.86868667602539
2011-02-23,45.65656661987305
2011-02-24,44.84848403930664
2011-02-25,48.68687057495117
2011-02-28,48.88888931274414
2011-03-01,47.6767692565918
2011-03-02,47.47474670410156
2011-03-03,48.28282928466797
2011-03-04,47.77328109741211
2011-03-07,47.57085037231445
2011-03-08,45.141700744628906
2011-03-09,45.74898910522461
2011-03-10,45.141700744628906
2011-03-11,45.74898910522461
2011-03-14,45.951416015625
2011-03-15,46.76113510131836
2011-03-16,44.5344123840332
2011-03-17,45.141700744628906
2011-03-18,45.54655838012695
2011-03-21,45.3441276550293
2011-03-22,45.54655838012695
2011-03-23,44.93927001953125
2011-03-24,45.74898910522461
2011-03-25,44.33198547363281
2011-03-28,44.33198547363281
2011-03-29,43.31983947753906
2011-03-30,42.30769348144531
2011-03-31,41.49797439575195
2011-04-01,40.4858283996582
2011-04-04,40.4858283996582
2011-04-05,40.4858283996582
2011-04-06,41.093116760253906
2011-04-07,41.49797439575195
2011-04-08,44.33198547363281
2011-04-11,44.33198547363281
2011-04-12,44.129554748535156
2011-04-13,44.5344123840332
2011-04-14,45.3441276550293
2011-04-15,49.08721923828125
2011-04-18,49.08721923828125
2011-04-19,49.89857864379883
2011-04-20,51.318458557128906
2011-04-21,50.709938049316406
2011-04-22,50.709938049316406
2011-04-25,50.709938049316406
2011-04-26,49.49290084838867
2011-04-27,50.10142135620117
2011-04-28,50.709938049316406
2011-04-29,50.30303192138672
2011-05-02,50.30303192138672
2011-05-03,51.11111068725586
2011-05-04,50.30303192138672
2011-05-05,49.292930603027344
2011-05-06,48.88888931274414
2011-05-09,48.88888931274414
2011-05-10,48.68687057495117
2011-05-11,48.28282928466797
2011-05-12,48.48484802246094
2011-05-13,45.45454406738281
2011-05-16,45.45454406738281
2011-05-17,45.45454406738281
2011-05-18,45.050506591796875
2011-05-19,45.858585357666016
2011-05-20,44.84848403930664
2011-05-23,44.84848403930664
2011-05-24,45.252525329589844
2011-05-25,44.64646530151367
2011-05-26,42.82828140258789
2011-05-27,43.43434524536133
2011-05-30,43.43434524536133
2011-05-31,44.44444274902344
2011-06-01,45.858585357666016
2011-06-02,46.86868667602539
2011-06-03,46.5587043762207
2011-06-06,46.35627365112305
2011-06-07,46.76113510131836
2011-06-08,45.3441276550293
2011-06-09,46.5587043762207
2011-06-10,46.35627365112305
2011-06-13,46.76113510131836
2011-06-14,44.93927001953125
2011-06-15,44.93927001953125
2011-06-16,43.52226638793945
2011-06-17,40.4858283996582
2011-06-20,39.878543853759766
2011-06-21,44.33198547363281
2011-06-22,43.117408752441406
2011-06-23,43.52226638793945
2011-06-24,42.105262756347656
2011-06-27,42.105262756347656
2011-06-28,43.52226638793945
2011-06-29,41.902835845947266
2011-06-30,42.30769348144531
2011-07-01,42.42424392700195
2011-07-04,42.42424392700195
2011-07-05,40.60606002807617
2011-07-06,41.41414260864258
2011-07-07,42.62626266479492
2011-07-08,42.71255111694336
2011-07-11,42.5101203918457
2011-07-12,43.52226638793945
2011-07-13,43.9271240234375
2011-07-14,44.73684310913086
2011-07-15,45.951416015625
2011-07-18,46.153846740722656
2011-07-19,46.5587043762207
2011-07-20,47.57085037231445
2011-07-21,46.76113510131836
2011-07-22,48.178138732910156
2011-07-25,48.178138732910156
2011-07-26,48.178138732910156
2011-07-27,47.77328109741211
2011-07-28,47.165992736816406
2011-07-29,45.54655838012695
2011-08-01,45.54655838012695
2011-08-02,45.54655838012695
2011-08-03,45.951416015625
2011-08-04,44.129554748535156
2011-08-05,42.42424392700195
2011-08-08,42.02020263671875
2011-08-09,42.42424392700195
2011-08-10,41.818180084228516
2011-08-11,42.42424392700195
2011-08-12,42.82828140258789
2011-08-15,42.82828140258789
2011-08-16,42.42424392700195
2011-08-17,41.818180084228516
2011-08-18,41.212120056152344
2011-08-19,38.787879943847656
2011-08-22,38.58585739135742
2011-08-23,38.181819915771484
2011-08-24,37.37373733520508
2011-08-25,36.3636360168457
2011-08-26,34.34343338012695
2011-08-29,33.93939208984375
2011-08-30,34.141414642333984
2011-08-31,34.141414642333984
2011-09-01,33.33333206176758
2011-09-02,31.717172622680664
2011-09-05,31.717172622680664
2011-09-06,32.121212005615234
2011-09-07,30.909090042114258
2011-09-08,30.101009368896484
2011-09-09,31.11111068725586
2011-09-12,30.909090042114258
2011-09-13,31.717172622680664
2011-09-14,31.919191360473633
2011-09-15,31.515151977539062
2011-09-16,32.92929458618164
2011-09-19,32.92929458618164
2011-09-20,32.52525329589844
2011-09-21,32.727272033691406
2011-09-22,32.52525329589844
2011-09-23,31.717172622680664
2011-09-26,31.31313133239746
2011-09-27,31.919191360473633
2011-09-28,31.717172622680664
2011-09-29,30.909090042114258
2011-09-30,30.909090042114258
2011-10-03,31.11111068725586
2011-10-04,31.717172622680664
2011-10-05,32.3232307434082
2011-10-06,33.53535461425781
2011-10-07,32.727272033691406
2011-10-10,32.727272033691406
2011-10-11,33.33333206176758
2011-10-12,33.33333206176758
2011-10-13,34.141414642333984
2011-10-14,34.54545593261719
2011-10-17,34.54545593261719
2011-10-18,33.73737335205078
2011-10-19,35.35353469848633
2011-10-20,34.747474670410156
2011-10-21,35.02024459838867
2011-10-24,35.02024459838867
2011-10-25,34.21052551269531
2011-10-26,35.02024459838867
2011-10-27,32.591094970703125
2011-10-28,29.149797439575195
2011-10-31,29.149797439575195
2011-11-01,29.7570858001709
2011-11-02,29.35222625732422
2011-11-03,29.35222625732422
2011-11-04,30.303030014038086
2011-11-07,30.505050659179688
2011-11-08,30.909090042114258
2011-11-09,30.909090042114258
2011-11-10,30.70707130432129
2011-11-11,31.515151977539062
2011-11-14,31.515151977539062
2011-11-15,32.121212005615234
2011-11-16,33.13131332397461
2011-11-17,32.3232307434082
2011-11-18,34.141414642333984
2011-11-21,34.141414642333984
2011-11-22,34.141414642333984
2011-11-23,35.35353469848633
2011-11-24,35.35353469848633
2011-11-25,34.54545593261719
2011-11-28,34.949493408203125
2011-11-29,34.949493408203125
2011-11-30,33.53535461425781
2011-12-01,31.717172622680664
2011-12-02,32.92929458618164
2011-12-05,33.13131332397461
2011-12-06,33.73737335205078
2011-12-07,32.727272033691406
2011-12-08,32.92929458618164
2011-12-09,31.515151977539062
2011-12-12,31.717172622680664
2011-12-13,31.11111068725586
2011-12-14,29.898990631103516
2011-12-15,30.909090042114258
2011-12-16,32.38866424560547
2011-12-19,32.38866424560547
2011-12-20,32.591094970703125
2011-12-21,31.781375885009766
2011-12-22,31.37651824951172
2011-12-23,30.971660614013672
2011-12-26,30.971660614013672
2011-12-27,30.566801071166992
2011-12-28,29.959514617919922
2011-12-29,30.36437225341797
2011-12-30,32.121212005615234
2012-01-02,32.121212005615234
2012-01-03,31.919191360473633
2012-01-04,31.919191360473633
2012-01-05,32.52525329589844
2012-01-06,33.53535461425781
2012-01-09,33.53535461425781
2012-01-10,33.33333206176758
2012-01-11,35.15151596069336
2012-01-12,35.55555725097656
2012-01-13,39.191917419433594
2012-01-16,39.191917419433594
2012-01-17,40.60606002807617
2012-01-18,41.41414260864258
2012-01-19,43.030303955078125
2012-01-20,42.82828140258789
2012-01-23,42.82828140258789
2012-01-24,43.838382720947266
2012-01-25,42.42424392700195
2012-01-26,40.20201873779297
2012-01-27,39.5959587097168
2012-01-30,39.5959587097168
2012-01-31,39.79798126220703
2012-02-01,38.787879943847656
2012-02-02,39.5959587097168
2012-02-03,37.97979736328125
2012-02-06,37.97979736328125
2012-02-07,38.38383865356445
2012-02-08,37.17171859741211
2012-02-09,37.37373733520508
2012-02-10,36.969696044921875
2012-02-13,36.56565475463867
2012-02-14,36.767677307128906
2012-02-15,37.77777862548828
2012-02-16,38.58585739135742
2012-02-17,38.989898681640625
2012-02-20,38.989898681640625
2012-02-21,38.181819915771484
2012-02-22,38.181819915771484
2012-02-23,37.77777862548828
2012-02-24,35.9595947265625
2012-02-27,36.3636360168457
2012-02-28,37.77777862548828
2012-02-29,37.97979736328125
2012-03-01,37.97979736328125
2012-03-02,40.0
2012-03-05,40.20201873779297
2012-03-06,40.60606002807617
2012-03-07,40.808082580566406
2012-03-08,41.010101318359375
2012-03-09,39.79798126220703
2012-03-12,40.4040412902832
2012-03-13,40.0
2012-03-14,41.010101318359375
2012-03-15,41.010101318359375
2012-03-16,41.902835845947266
2012-03-19,41.902835845947266
2012-03-20,42.71255111694336
2012-03-21,42.5101203918457
2012-03-22,41.902835845947266
2012-03-23,41.49797439575195
2012-03-26,41.49797439575195
2012-03-27,43.117408752441406
2012-03-28,43.52226638793945
2012-03-29,42.5101203918457
2012-03-30,42.02020263671875
2012-04-02,42.02020263671875
2012-04-03,42.22222137451172
2012-04-04,43.232322692871094
2012-04-05,44.44444274902344
2012-04-06,44.5344123840332
2012-04-09,44.129554748535156
2012-04-10,44.93927001953125
2012-04-11,44.73684310913086
2012-04-12,44.5344123840332
2012-04-13,46.5587043762207
2012-04-16,46.5587043762207
2012-04-17,45.74898910522461
2012-04-18,47.3684196472168
2012-04-19,48.5829963684082
2012-04-20,46.153846740722656
2012-04-23,46.153846740722656
2012-04-24,47.9757080078125
2012-04-25,47.77328109741211
2012-04-26,47.165992736816406
2012-04-27,41.29554748535156
2012-04-30,41.093116760253906
2012-05-01,40.68825912475586
2012-05-02,40.28340148925781
2012-05-03,40.28340148925781
2012-05-04,40.20201873779297
2012-05-07,40.20201873779297
2012-05-08,40.20201873779297
2012-05-09,40.0
2012-05-10,39.5959587097168
2012-05-11,39.191917419433594
2012-05-14,39.191917419433594
2012-05-15,39.5959587097168
2012-05-16,39.39393997192383
2012-05-17,39.191917419433594
2012-05-18,36.969696044921875
2012-05-21,36.969696044921875
2012-05-22,35.9595947265625
2012-05-23,35.9595947265625
2012-05-24,35.35353469848633
2012-05-25,33.6713981628418
2012-05-28,33.6713981628418
2012-05-29,32.65719985961914
2012-05-30,34.2799186706543
2012-05-31,33.26572036743164
2012-06-01,30.505050659179688
2012-06-04,30.101009368896484
2012-06-05,28.88888931274414
2012-06-06,29.29292869567871
2012-06-07,28.484848022460938
2012-06-08,25.910930633544922
2012-06-11,26.113359451293945
2012-06-12,26.3157901763916
2012-06-13,24.898784637451172
2012-06-14,24.69635581970215
2012-06-15,23.6842098236084
2012-06-18,23.481781005859375
2012-06-19,23.481781005859375
2012-06-20,24.493927001953125
2012-06-21,24.69635581970215
2012-06-22,23.886640548706055
2012-06-25,23.6842098236084
2012-06-26,24.69635581970215
2012-06-27,24.089069366455078
2012-06-28,23.886640548706055
2012-06-29,22.42424201965332
2012-07-02,22.626262664794922
2012-07-03,21.414140701293945
2012-07-04,21.414140701293945
2012-07-05,21.616161346435547
2012-07-06,22.67206382751465
2012-07-09,22.469635009765625
2012-07-10,23.886640548706055
2012-07-11,25.506072998046875
2012-07-12,25.910930633544922
2012-07-13,28.542510986328125
2012-07-16,28.34008026123047
2012-07-17,27.7327938079834
2012-07-18,26.518218994140625
2012-07-19,27.32793617248535
2012-07-20,27.935222625732422
2012-07-23,27.935222625732422
2012-07-24,28.542510986328125
2012-07-25,28.542510986328125
2012-07-26,27.7327938079834
2012-07-27,27.180526733398438
2012-07-30,27.180526733398438
2012-07-31,27.180526733398438
2012-08-01,26.57200813293457
2012-08-02,26.97768783569336
2012-08-03,25.252525329589844
2012-08-06,25.454545974731445
2012-08-07,26.060606002807617
2012-08-08,27.878787994384766
2012-08-09,27.474746704101562
2012-08-10,28.282827377319336
2012-08-13,28.68686866760254
2012-08-14,28.080808639526367
2012-08-15,27.474746704101562
2012-08-16,27.070707321166992
2012-08-17,26.66666603088379
2012-08-20,26.66666603088379
2012-08-21,27.676767349243164
2012-08-22,27.878787994384766
2012-08-23,28.080808639526367
2012-08-24,28.68686866760254
2012-08-27,28.080808639526367
2012-08-28,28.88888931274414
2012-08-29,30.909090042114258
2012-08-30,31.717172622680664
2012-08-31,34.141414642333984
2012-09-03,34.141414642333984
2012-09-04,33.93939208984375
2012-09-05,33.33333206176758
2012-09-06,33.73737335205078
2012-09-07,34.34343338012695
2012-09-10,34.34343338012695
2012-09-11,33.93939208984375
2012-09-12,35.55555725097656
2012-09-13,35.55555725097656
2012-09-14,35.35353469848633
2012-09-17,35.55555725097656
2012-09-18,35.15151596069336
2012-09-19,37.37373733520508
2012-09-20,37.17171859741211
2012-09-21,36.767677307128906
2012-09-24,36.56565475463867
2012-09-25,36.56565475463867
2012-09-26,35.9595947265625
2012-09-27,35.55555725097656
2012-09-28,37.77777862548828
2012-10-01,37.57575607299805
2012-10-02,37.37373733520508
2012-10-03,37.37373733520508
2012-10-04,39.39393997192383
2012-10-05,41.29554748535156
2012-10-08,40.890689849853516
2012-10-09,39.67611312866211
2012-10-10,38.866397857666016
2012-10-11,40.68825912475586
2012-10-12,41.49797439575195
2012-10-15,42.105262756347656
2012-10-16,43.117408752441406
2012-10-17,41.70040512084961
2012-10-18,40.4858283996582
2012-10-19,42.91497802734375
2012-10-22,43.31983947753906
2012-10-23,41.902835845947266
2012-10-24,42.105262756347656
2012-10-25,41.902835845947266
2012-10-26,36.032386779785156
2012-10-29,36.032386779785156
2012-10-30,36.032386779785156
2012-10-31,34.61538314819336
2012-11-01,34.41295623779297
2012-11-02,34.817813873291016
2012-11-05,35.02024459838867
2012-11-06,34.61538314819336
2012-11-07,34.00809860229492
2012-11-08,33.19837951660156
2012-11-09,33.60323715209961
2012-11-12,33.805667877197266
2012-11-13,32.38866424560547
2012-11-14,31.578947067260742
2012-11-15,30.971660614013672
2012-11-16,30.769229888916016
2012-11-19,30.36437225341797
2012-11-20,30.161943435668945
2012-11-21,28.74493980407715
2012-11-22,28.74493980407715
2012-11-23,28.137651443481445
2012-11-26,28.542510986328125
2012-11-27,30.161943435668945
2012-11-28,29.7570858001709
2012-11-29,30.161943435668945
2012-11-30,31.174089431762695
2012-12-03,31.578947067260742
2012-12-04,31.174089431762695
2012-12-05,31.983806610107422
2012-12-06,31.781375885009766
2012-12-07,34.8884391784668
2012-12-10,34.2799186706543
2012-12-11,33.87424087524414
2012-12-12,35.49695587158203
2012-12-13,35.90263748168945
2012-12-14,35.699798583984375
2012-12-17,35.699798583984375
2012-12-18,36.10547637939453
2012-12-19,35.699798583984375
2012-12-20,37.11967468261719
2012-12-21,34.2799186706543
2012-12-24,33.06288146972656
2012-12-25,33.06288146972656
2012-12-26,32.251522064208984
2012-12-27,31.440162658691406
2012-12-28,31.034482955932617
2012-12-31,31.237321853637695
2013-01-01,31.237321853637695
2013-01-02,30.628803253173828
2013-01-03,30.628803253173828
2013-01-04,31.781375885009766
2013-01-07,31.781375885009766
2013-01-08,30.971660614013672
2013-01-09,33.19837951660156
2013-01-10,33.805667877197266
2013-01-11,36.63967514038086
2013-01-14,36.23481750488281
2013-01-15,36.63967514038086
2013-01-16,36.842105865478516
2013-01-17,37.044532775878906
2013-01-18,39.878543853759766
2013-01-21,39.878543853759766
2013-01-22,39.878543853759766
2013-01-23,39.67611312866211
2013-01-24,39.878543853759766
2013-01-25,38.866397857666016
2013-01-28,39.27125549316406
2013-01-29,39.47368240356445
2013-01-30,38.66396713256836
2013-01-31,39.67611312866211
2013-02-01,38.056678771972656
2013-02-04,38.25910949707031
2013-02-05,38.66396713256836
2013-02-06,38.66396713256836
2013-02-07,40.28340148925781
2013-02-08,39.068824768066406
2013-02-11,39.27125549316406
2013-02-12,38.66396713256836
2013-02-13,38.25910949707031
2013-02-14,38.66396713256836
2013-02-15,39.068824768066406
2013-02-18,39.068824768066406
2013-02-19,39.068824768066406
2013-02-20,38.46154022216797
2013-02-21,38.056678771972656
2013-02-22,37.854251861572266
2013-02-25,38.056678771972656
2013-02-26,36.63967514038086
2013-02-27,36.23481750488281
2013-02-28,36.43724822998047
2013-03-01,35.829959869384766
2013-03-04,36.032386779785156
2013-03-05,36.63967514038086
2013-03-06,36.63967514038086
2013-03-07,36.23481750488281
2013-03-08,36.032386779785156
2013-03-11,36.032386779785156
2013-03-12,37.65182113647461
2013-03-13,36.032386779785156
2013-03-14,35.829959869384766
2013-03-15,35.22267150878906
2013-03-18,35.42510223388672
2013-03-19,36.032386779785156
2013-03-20,35.829959869384766
2013-03-21,36.032386779785156
2013-03-22,33.40081024169922
2013-03-25,33.60323715209961
2013-03-26,34.00809860229492
2013-03-27,37.24696350097656
2013-03-28,37.044532775878906
2013-03-29,37.044532775878906
2013-04-01,37.044532775878906
2013-04-02,38.25910949707031
2013-04-03,38.866397857666016
2013-04-04,36.43724822998047
2013-04-05,37.044532775878906
2013-04-08,36.63967514038086
2013-04-09,37.65182113647461
2013-04-10,38.66396713256836
2013-04-11,38.25910949707031
2013-04-12,38.866397857666016
2013-04-15,38.866397857666016
2013-04-16,39.068824768066406
2013-04-17,40.080970764160156
2013-04-18,40.080970764160156
2013-04-19,38.46154022216797
2013-04-22,38.46154022216797
2013-04-23,39.27125549316406
2013-04-24,38.46154022216797
2013-04-25,37.854251861572266
2013-04-26,36.43724822998047
2013-04-29,36.43724822998047
2013-04-30,36.63967514038086
2013-05-01,35.829959869384766
2013-05-02,35.829959869384766
2013-05-03,36.032386779785156
2013-05-06,36.23481750488281
2013-05-07,36.43724822998047
2013-05-08,35.829959869384766
2013-05-09,35.42510223388672
2013-05-10,36.10547637939453
2013-05-13,36.51115798950195
2013-05-14,35.699798583984375
2013-05-15,36.30831527709961
2013-05-16,35.90263748168945
2013-05-17,38.742393493652344
2013-05-20,38.539554595947266
2013-05-21,38.33671569824219
2013-05-22,37.72819519042969
2013-05-23,39.1480712890625
2013-05-24,38.133872985839844
2013-05-27,38.133872985839844
2013-05-28,37.11967468261719
2013-05-29,36.51115798950195
2013-05-30,37.72819519042969
2013-05-31,36.161617279052734
2013-06-03,35.9595947265625
2013-06-04,36.56565475463867
2013-06-05,37.77777862548828
2013-06-06,37.37373733520508
2013-06-07,35.55555725097656
2013-06-10,35.75757598876953
2013-06-11,35.35353469848633
2013-06-12,33.13131332397461
2013-06-13,35.15151596069336
2013-06-14,35.62752914428711
2013-06-17,35.829959869384766
2013-06-18,34.61538314819336
2013-06-19,34.41295623779297
2013-06-20,34.41295623779297
2013-06-21,35.62752914428711
2013-06-24,35.22267150878906
2013-06-25,34.00809860229492
2013-06-26,32.793521881103516
2013-06-27,32.99595260620117
2013-06-28,33.805667877197266
2013-07-01,33.805667877197266
2013-07-02,33.805667877197266
2013-07-03,33.19837951660156
2013-07-04,33.19837951660156
2013-07-05,32.121212005615234
2013-07-08,31.717172622680664
2013-07-09,31.717172622680664
2013-07-10,33.13131332397461
2013-07-11,31.31313133239746
2013-07-12,33.19837951660156
2013-07-15,32.793521881103516
2013-07-16,35.829959869384766
2013-07-17,35.829959869384766
2013-07-18,35.62752914428711
2013-07-19,35.829959869384766
2013-07-22,36.032386779785156
2013-07-23,36.43724822998047
2013-07-24,37.044532775878906
2013-07-25,36.43724822998047
2013-07-26,36.43724822998047
2013-07-29,36.63967514038086
2013-07-30,36.842105865478516
2013-07-31,36.842105865478516
2013-08-01,37.44939422607422
2013-08-02,35.9595947265625
2013-08-05,35.9595947265625
2013-08-06,36.3636360168457
2013-08-07,35.35353469848633
2013-08-08,34.949493408203125
2013-08-09,34.747474670410156
2013-08-12,34.747474670410156
2013-08-13,34.949493408203125
2013-08-14,33.93939208984375
2013-08-15,33.33333206176758
2013-08-16,33.73737335205078
2013-08-19,33.73737335205078
2013-08-20,33.33333206176758
2013-08-21,33.13131332397461
2013-08-22,33.73737335205078
2013-08-23,33.53535461425781
2013-08-26,33.33333206176758
2013-08-27,33.73737335205078
2013-08-28,33.53535461425781
2013-08-29,32.727272033691406
2013-08-30,33.33333206176758
2013-09-02,33.33333206176758
2013-09-03,31.919191360473633
2013-09-04,32.3232307434082
2013-09-05,31.919191360473633
2013-09-06,34.54545593261719
2013-09-09,34.54545593261719
2013-09-10,34.54545593261719
2013-09-11,35.15151596069336
2013-09-12,33.93939208984375
2013-09-13,32.38866424560547
2013-09-16,32.38866424560547
2013-09-17,32.793521881103516
2013-09-18,33.805667877197266
2013-09-19,33.60323715209961
2013-09-20,34.61538314819336
2013-09-23,34.41295623779297
2013-09-24,34.41295623779297
2013-09-25,35.62752914428711
2013-09-26,37.044532775878906
2013-09-27,37.24696350097656
2013-09-30,37.24696350097656
2013-10-01,38.056678771972656
2013-10-02,37.65182113647461
2013-10-03,37.854251861572266
2013-10-04,38.787879943847656
2013-10-07,38.787879943847656
2013-10-08,38.38383865356445
2013-10-09,40.0
2013-10-10,39.79798126220703
2013-10-11,41.61616134643555
2013-10-14,41.818180084228516
2013-10-15,42.42424392700195
2013-10-16,41.61616134643555
2013-10-17,42.22222137451172
2013-10-18,41.41414260864258
2013-10-21,41.61616134643555
2013-10-22,40.0
2013-10-23,37.97979736328125
2013-10-24,36.767677307128906
2013-10-25,35.55555725097656
2013-10-28,35.75757598876953
2013-10-29,35.15151596069336
2013-10-30,34.747474670410156
2013-10-31,34.54545593261719
2013-11-01,34.54545593261719
2013-11-04,34.141414642333984
2013-11-05,34.949493408203125
2013-11-06,35.55555725097656
2013-11-07,34.949493408203125
2013-11-08,31.31313133239746
2013-11-11,31.11111068725586
2013-11-12,31.515151977539062
2013-11-13,31.717172622680664
2013-11-14,31.515151977539062
2013-11-15,31.781375885009766
2013-11-18,31.983806610107422
2013-11-19,31.983806610107422
2013-11-20,31.781375885009766
2013-11-21,34.21052551269531
2013-11-22,33.19837951660156
2013-11-25,33.40081024169922
2013-11-26,32.99595260620117
2013-11-27,32.38866424560547
2013-11-28,32.38866424560547
2013-11-29,33.93939208984375
2013-12-02,33.93939208984375
2013-12-03,33.53535461425781
2013-12-04,32.727272033691406
2013-12-05,32.52525329589844
2013-12-06,32.727272033691406
2013-12-09,32.92929458618164
2013-12-10,33.33333206176758
2013-12-11,32.3232307434082
2013-12-12,32.92929458618164
2013-12-13,36.63967514038086
2013-12-16,36.842105865478516
2013-12-17,36.032386779785156
2013-12-18,36.032386779785156
2013-12-19,36.63967514038086
2013-12-20,34.21052551269531
2013-12-23,34.21052551269531
2013-12-24,34.41295623779297
2013-12-25,34.41295623779297
2013-12-26,34.21052551269531
2013-12-27,32.793521881103516
2013-12-30,32.793521881103516
2013-12-31,31.37651824951172
2014-01-01,31.37651824951172
2014-01-02,30.971660614013672
2014-01-03,36.161617279052734
2014-01-06,35.9595947265625
2014-01-07,36.767677307128906
2014-01-08,38.989898681640625
2014-01-09,38.38383865356445
2014-01-10,38.38383865356445
2014-01-13,38.38383865356445
2014-01-14,36.3636360168457
2014-01-15,37.57575607299805
2014-01-16,38.38383865356445
2014-01-17,38.38383865356445
2014-01-20,38.38383865356445
2014-01-21,38.181819915771484
2014-01-22,40.20201873779297
2014-01-23,41.010101318359375
2014-01-24,42.02020263671875
2014-01-27,41.818180084228516
2014-01-28,42.22222137451172
2014-01-29,39.79798126220703
2014-01-30,39.39393997192383
2014-01-31,38.787879943847656
2014-02-03,38.989898681640625
2014-02-04,38.58585739135742
2014-02-05,37.97979736328125
2014-02-06,37.37373733520508
2014-02-07,34.747474670410156
2014-02-10,34.54545593261719
2014-02-11,34.141414642333984
2014-02-12,34.34343338012695
2014-02-13,32.52525329589844
2014-02-14,31.717172622680664
2014-02-17,31.717172622680664
2014-02-18,31.717172622680664
2014-02-19,31.31313133239746
2014-02-20,32.3232307434082
2014-02-21,31.11111068725586
2014-02-24,31.11111068725586
2014-02-25,32.3232307434082
2014-02-26,31.515151977539062
2014-02-27,31.717172622680664
2014-02-28,31.515151977539062
2014-03-03,31.717172622680664
2014-03-04,30.70707130432129
2014-03-05,30.101009368896484
2014-03-06,29.494949340820312
2014-03-07,32.121212005615234
2014-03-10,32.3232307434082
2014-03-11,32.727272033691406
2014-03-12,33.53535461425781
2014-03-13,33.13131332397461
2014-03-14,34.949493408203125
2014-03-17,34.747474670410156
2014-03-18,34.747474670410156
2014-03-19,34.54545593261719
2014-03-20,35.15151596069336
2014-03-21,34.141414642333984
2014-03-24,33.93939208984375
2014-03-25,33.73737335205078
2014-03-26,34.747474670410156
2014-03-27,35.9595947265625
2014-03-28,35.9595947265625
2014-03-31,35.75757598876953
2014-04-01,35.9595947265625
2014-04-02,36.56565475463867
2014-04-03,35.15151596069336
2014-04-04,35.15151596069336
2014-04-07,35.15151596069336
2014-04-08,35.9595947265625
2014-04-09,36.969696044921875
2014-04-10,36.161617279052734
2014-04-11,36.161617279052734
2014-04-14,36.3636360168457
2014-04-15,37.37373733520508
2014-04-16,39.191917419433594
2014-04-17,39.79798126220703
2014-04-18,39.79798126220703
2014-04-21,40.0
2014-04-22,38.989898681640625
2014-04-23,40.808082580566406
2014-04-24,40.60606002807617
2014-04-25,39.5959587097168
2014-04-28,39.79798126220703
2014-04-29,41.010101318359375
2014-04-30,39.5959587097168
2014-05-01,38.58585739135742
2014-05-02,37.24696350097656
2014-05-05,37.24696350097656
2014-05-06,37.044532775878906
2014-05-07,36.63967514038086
2014-05-08,36.23481750488281
2014-05-09,37.52535629272461
2014-05-12,37.931034088134766
2014-05-13,38.33671569824219
2014-05-14,37.931034088134766
2014-05-15,36.91683578491211
2014-05-16,37.52535629272461
2014-05-19,37.52535629272461
2014-05-20,37.72819519042969
2014-05-21,37.52535629272461
2014-05-22,36.30831527709961
2014-05-23,34.2799186706543
2014-05-26,34.2799186706543
2014-05-27,32.048683166503906
2014-05-28,32.45436096191406
2014-05-29,32.86003875732422
2014-05-30,35.55555725097656
2014-06-02,35.75757598876953
2014-06-03,35.9595947265625
2014-06-04,35.55555725097656
2014-06-05,34.949493408203125
2014-06-06,35.35353469848633
2014-06-09,35.15151596069336
2014-06-10,36.161617279052734
2014-06-11,35.9595947265625
2014-06-12,35.9595947265625
2014-06-13,34.747474670410156
2014-06-16,34.54545593261719
2014-06-17,35.55555725097656
2014-06-18,35.15151596069336
2014-06-19,34.949493408203125
2014-06-20,34.34343338012695
2014-06-23,34.34343338012695
2014-06-24,35.15151596069336
2014-06-25,34.34343338012695
2014-06-26,36.161617279052734
2014-06-27,37.77777862548828
2014-06-30,37.97979736328125
2014-07-01,39.39393997192383
2014-07-02,39.39393997192383
2014-07-03,39.191917419433594
2014-07-04,39.47368240356445
2014-07-07,39.67611312866211
2014-07-08,40.080970764160156
2014-07-09,39.068824768066406
2014-07-10,40.28340148925781
2014-07-11,43.117408752441406
2014-07-14,43.52226638793945
2014-07-15,44.33198547363281
2014-07-16,43.52226638793945
2014-07-17,43.9271240234375
2014-07-18,44.33198547363281
2014-07-21,44.5344123840332
2014-07-22,42.91497802734375
2014-07-23,41.093116760253906
2014-07-24,39.878543853759766
2014-07-25,39.878543853759766
2014-07-28,39.878543853759766
2014-07-29,39.47368240356445
2014-07-30,38.66396713256836
2014-07-31,39.068824768066406
2014-08-01,37.77777862548828
2014-08-04,37.17171859741211
2014-08-05,36.969696044921875
2014-08-06,36.767677307128906
2014-08-07,35.9595947265625
2014-08-08,33.93939208984375
2014-08-11,34.141414642333984
2014-08-12,33.93939208984375
2014-08-13,33.93939208984375
2014-08-14,32.92929458618164
2014-08-15,33.13131332397461
2014-08-18,33.13131332397461
2014-08-19,33.13131332397461
2014-08-20,33.53535461425781
2014-08-21,33.13131332397461
2014-08-22,33.93939208984375
2014-08-25,33.93939208984375
2014-08-26,32.92929458618164
2014-08-27,31.919191360473633
2014-08-28,30.303030014038086
2014-08-29,30.303030014038086
2014-09-01,30.303030014038086
2014-09-02,29.29292869567871
2014-09-03,31.31313133239746
2014-09-04,31.515151977539062
2014-09-05,31.717172622680664
2014-09-08,31.919191360473633
2014-09-09,32.3232307434082
2014-09-10,31.515151977539062
2014-09-11,31.919191360473633
2014-09-12,30.101009368896484
2014-09-15,30.505050659179688
2014-09-16,29.898990631103516
2014-09-17,30.70707130432129
2014-09-18,32.727272033691406
2014-09-19,32.92929458618164
2014-09-22,33.33333206176758
2014-09-23,33.73737335205078
2014-09-24,34.34343338012695
2014-09-25,34.34343338012695
2014-09-26,35.15151596069336
2014-09-29,35.15151596069336
2014-09-30,34.949493408203125
2014-10-01,36.969696044921875
2014-10-02,36.969696044921875
2014-10-03,37.57575607299805
2014-10-06,37.97979736328125
2014-10-07,38.38383865356445
2014-10-08,36.969696044921875
2014-10-09,35.9595947265625
2014-10-10,36.161617279052734
2014-10-13,35.9595947265625
2014-10-14,34.949493408203125
2014-10-15,34.54545593261719
2014-10-16,34.747474670410156
2014-10-17,33.13131332397461
2014-10-20,32.92929458618164
2014-10-21,32.52525329589844
2014-10-22,32.727272033691406
2014-10-23,32.121212005615234
2014-10-24,30.505050659179688
2014-10-27,30.70707130432129
2014-10-28,30.70707130432129
2014-10-29,29.090909957885742
2014-10-30,27.474746704101562
2014-10-31,27.878787994384766
2014-11-03,27.676767349243164
2014-11-04,28.484848022460938
2014-11-05,29.696969985961914
2014-11-06,30.101009368896484
2014-11-07,28.484848022460938
2014-11-10,28.88888931274414
2014-11-11,29.696969985961914
2014-11-12,30.303030014038086
2014-11-13,30.505050659179688
2014-11-14,29.696969985961914
2014-11-17,29.696969985961914
2014-11-18,29.29292869567871
2014-11-19,29.494949340820312
2014-11-20,30.303030014038086
2014-11-21,30.909090042114258
2014-11-24,31.11111068725586
2014-11-25,31.515151977539062
2014-11-26,30.505050659179688
2014-11-27,30.505050659179688
2014-11-28,31.11111068725586
2014-12-01,31.515151977539062
2014-12-02,33.73737335205078
2014-12-03,34.54545593261719
2014-12-04,34.54545593261719
2014-12-05,35.55555725097656
2014-12-08,35.75757598876953
2014-12-09,35.55555725097656
2014-12-10,37.17171859741211
2014-12-11,36.767677307128906
2014-12-12,36.161617279052734
2014-12-15,36.161617279052734
2014-12-16,34.34343338012695
2014-12-17,33.73737335205078
2014-12-18,32.92929458618164
2014-12-19,31.717172622680664
2014-12-22,30.909090042114258
2014-12-23,30.505050659179688
2014-12-24,30.70707130432129
2014-12-25,30.70707130432129
2014-12-26,30.303030014038086
2014-12-29,30.505050659179688
2014-12-30,29.898990631103516
2014-12-31,29.898990631103516
2015-01-01,29.898990631103516
2015-01-02,30.505050659179688
2015-01-05,30.303030014038086
2015-01-06,29.696969985961914
2015-01-07,32.121212005615234
2015-01-08,30.909090042114258
2015-01-09,32.92929458618164
2015-01-12,32.92929458618164
2015-01-13,33.73737335205078
2015-01-14,34.747474670410156
2015-01-15,34.141414642333984
2015-01-16,35.55555725097656
2015-01-19,35.55555725097656
2015-01-20,34.747474670410156
2015-01-21,34.141414642333984
2015-01-22,34.54545593261719
2015-01-23,32.3232307434082
2015-01-26,32.121212005615234
2015-01-27,31.717172622680664
2015-01-28,30.70707130432129
2015-01-29,30.505050659179688
2015-01-30,30.70707130432129
2015-02-02,30.70707130432129
2015-02-03,30.70707130432129
2015-02-04,28.484848022460938
2015-02-05,28.484848022460938
2015-02-06,25.454545974731445
2015-02-09,25.454545974731445
2015-02-10,25.252525329589844
2015-02-11,27.474746704101562
2015-02-12,27.676767349243164
2015-02-13,27.676767349243164
2015-02-16,27.676767349243164
2015-02-17,28.080808639526367
2015-02-18,28.282827377319336
2015-02-19,28.080808639526367
2015-02-20,28.282827377319336
2015-02-23,28.282827377319336
2015-02-24,28.68686866760254
2015-02-25,27.676767349243164
2015-02-26,27.272727966308594
2015-02-27,27.676767349243164
2015-03-02,27.878787994384766
2015-03-03,28.484848022460938
2015-03-04,30.303030014038086
2015-03-05,31.717172622680664
2015-03-06,32.727272033691406
2015-03-09,32.121212005615234
2015-03-10,32.121212005615234
2015-03-11,33.13131332397461
2015-03-12,32.52525329589844
2015-03-13,32.18623352050781
2015-03-16,32.18623352050781
2015-03-17,30.769229888916016
2015-03-18,31.174089431762695
2015-03-19,30.769229888916016
2015-03-20,30.28455352783203
2015-03-23,30.691057205200195
2015-03-24,29.67479705810547
2015-03-25,27.642276763916016
2015-03-26,27.23577308654785
2015-03-27,26.829267501831055
2015-03-30,26.62601661682129
2015-03-31,26.219512939453125
2015-04-01,27.439023971557617
2015-04-02,26.016260147094727
2015-04-03,26.26262664794922
2015-04-06,26.46464729309082
2015-04-07,25.858585357666016
2015-04-08,24.24242401123047
2015-04-09,24.040403366088867
2015-04-10,23.030303955078125
2015-04-13,23.232322692871094
2015-04-14,24.646465301513672
2015-04-15,26.060606002807617
2015-04-16,27.272727966308594
2015-04-17,29.29292869567871
2015-04-20,29.494949340820312
2015-04-21,29.29292869567871
2015-04-22,31.11111068725586
2015-04-23,31.31313133239746
2015-04-24,31.11111068725586
2015-04-27,31.31313133239746
2015-04-28,31.717172622680664
2015-04-29,31.31313133239746
2015-04-30,31.515151977539062
2015-05-01,30.505050659179688
2015-05-04,30.505050659179688
2015-05-05,30.505050659179688
2015-05-06,29.696969985961914
2015-05-07,29.494949340820312
2015-05-08,30.505050659179688
2015-05-11,30.303030014038086
2015-05-12,31.31313133239746
2015-05-13,31.31313133239746
2015-05-14,31.717172622680664
2015-05-15,32.121212005615234
2015-05-18,32.121212005615234
2015-05-19,31.919191360473633
2015-05-20,31.31313133239746
2015-05-21,32.727272033691406
2015-05-22,32.727272033691406
2015-05-25,32.727272033691406
2015-05-26,33.53535461425781
2015-05-27,33.73737335205078
2015-05-28,34.34343338012695
2015-05-29,35.9595947265625
2015-06-01,35.9595947265625
2015-06-02,36.56565475463867
2015-06-03,35.35353469848633
2015-06-04,35.55555725097656
2015-06-05,35.55555725097656
2015-06-08,35.75757598876953
2015-06-09,35.15151596069336
2015-06-10,33.93939208984375
2015-06-11,31.31313133239746
2015-06-12,32.793521881103516
2015-06-15,33.19837951660156
2015-06-16,32.38866424560547
2015-06-17,33.40081024169922
2015-06-18,34.21052551269531
2015-06-19,35.42510223388672
2015-06-22,35.22267150878906
2015-06-23,36.23481750488281
2015-06-24,35.62752914428711
2015-06-25,35.42510223388672
2015-06-26,32.38866424560547
2015-06-29,32.38866424560547
2015-06-30,31.983806610107422
2015-07-01,32.18623352050781
2015-07-02,33.60323715209961
2015-07-03,33.87424087524414
2015-07-06,33.87424087524414
2015-07-07,35.49695587158203
2015-07-08,36.51115798950195
2015-07-09,37.72819519042969
2015-07-10,38.414634704589844
2015-07-13,38.00812911987305
2015-07-14,36.38211441040039
2015-07-15,35.56910705566406
2015-07-16,38.00812911987305
2015-07-17,39.837398529052734
2015-07-20,39.63414764404297
2015-07-21,40.0406494140625
2015-07-22,42.07316970825195
2015-07-23,42.07316970825195
2015-07-24,38.414634704589844
2015-07-27,38.21138381958008
2015-07-28,37.398372650146484
2015-07-29,37.398372650146484
2015-07-30,36.178863525390625
2015-07-31,31.45161247253418
2015-08-03,31.65322494506836
2015-08-04,30.645160675048828
2015-08-05,30.645160675048828
2015-08-06,31.65322494506836
2015-08-07,29.838708877563477
2015-08-10,29.838708877563477
2015-08-11,30.645160675048828
2015-08-12,31.04838752746582
2015-08-13,31.45161247253418
2015-08-14,32.05644989013672
2015-08-17,32.05644989013672
2015-08-18,31.04838752746582
2015-08-19,31.65322494506836
2015-08-20,32.05644989013672
2015-08-21,33.26612854003906
2015-08-24,33.467742919921875
2015-08-25,33.870967864990234
2015-08-26,33.467742919921875
2015-08-27,34.67741775512695
2015-08-28,32.8629035949707
2015-08-31,33.26612854003906
2015-09-01,33.064517974853516
2015-09-02,33.467742919921875
2015-09-03,33.064517974853516
2015-09-04,30.303030014038086
2015-09-07,30.303030014038086
2015-09-08,29.29292869567871
2015-09-09,29.898990631103516
2015-09-10,30.505050659179688
2015-09-11,31.11111068725586
2015-09-14,31.11111068725586
2015-09-15,31.515151977539062
2015-09-16,31.717172622680664
2015-09-17,31.717172622680664
2015-09-18,30.909090042114258
2015-09-21,31.11111068725586
2015-09-22,30.505050659179688
2015-09-23,30.101009368896484
2015-09-24,30.505050659179688
2015-09-25,30.909090042114258
2015-09-28,31.11111068725586
2015-09-29,30.505050659179688
2015-09-30,28.88888931274414
2015-10-01,29.696969985961914
2015-10-02,29.435483932495117
2015-10-05,29.233871459960938
2015-10-06,28.629032135009766
2015-10-07,28.225807189941406
2015-10-08,29.838708877563477
2015-10-09,30.04032325744629
2015-10-12,30.04032325744629
2015-10-13,30.24193572998047
2015-10-14,32.25806427001953
2015-10-15,30.84677505493164
2015-10-16,31.45161247253418
2015-10-19,31.45161247253418
2015-10-20,30.44354820251465
2015-10-21,31.25
2015-10-22,30.04032325744629
2015-10-23,31.45161247253418
2015-10-26,31.65322494506836
2015-10-27,32.8629035949707
2015-10-28,32.459678649902344
2015-10-29,31.45161247253418
2015-10-30,31.65322494506836
2015-11-02,31.25
2015-11-03,32.25806427001953
2015-11-04,30.44354820251465
2015-11-05,28.629032135009766
2015-11-06,27.878787994384766
2015-11-09,27.878787994384766
2015-11-10,28.282827377319336
2015-11-11,27.474746704101562
2015-11-12,26.86868667602539
2015-11-13,27.878787994384766
2015-11-16,28.080808639526367
2015-11-17,28.88888931274414
2015-11-18,29.696969985961914
2015-11-19,29.090909957885742
2015-11-20,30.566801071166992
2015-11-23,29.959514617919922
2015-11-24,29.7570858001709
2015-11-25,29.959514617919922
2015-11-26,29.959514617919922
2015-11-27,28.74493980407715
2015-11-30,28.74493980407715
2015-12-01,31.174089431762695
2015-12-02,32.38866424560547
2015-12-03,33.40081024169922
2015-12-04,32.79677963256836
2015-12-07,32.59557342529297
2015-12-08,32.39436721801758
2015-12-09,31.79074478149414
2015-12-10,30.18108558654785
2015-12-11,30.382293701171875
2015-12-14,30.78470802307129
2015-12-15,28.77263641357422
2015-12-16,28.16901397705078
2015-12-17,28.77263641357422
2015-12-18,28.571428298950195
2015-12-21,28.571428298950195
2015-12-22,27.766599655151367
2015-12-23,27.364185333251953
2015-12-24,26.559356689453125
2015-12-25,26.559356689453125
2015-12-28,26.760562896728516
2015-12-29,26.15694236755371
2015-12-30,25.35211181640625
2015-12-31,24.34607696533203
2016-01-01,23.99193572998047
2016-01-04,24.19354820251465
2016-01-05,25.40322494506836
2016-01-06,26.612903594970703
2016-01-07,27.016128540039062
2016-01-08,27.016128540039062
2016-01-11,26.411291122436523
2016-01-12,27.620967864990234
2016-01-13,26.00806427001953
2016-01-14,27.016128540039062
2016-01-15,29.090909957885742
2016-01-18,29.090909957885742
2016-01-19,28.88888931274414
2016-01-20,30.303030014038086
2016-01-21,30.505050659179688
2016-01-22,31.31313133239746
2016-01-25,31.31313133239746
2016-01-26,31.31313133239746
2016-01-27,31.515151977539062
2016-01-28,29.898990631103516
2016-01-29,30.101009368896484
2016-02-01,30.101009368896484
2016-02-02,30.101009368896484
2016-02-03,29.090909957885742
2016-02-04,28.282827377319336
2016-02-05,28.34008026123047
2016-02-08,28.34008026123047
2016-02-09,26.923076629638672
2016-02-10,26.113359451293945
2016-02-11,25.910930633544922
2016-02-12,24.898784637451172
2016-02-15,24.898784637451172
2016-02-16,25.30364418029785
2016-02-17,25.30364418029785
2016-02-18,24.69635581970215
2016-02-19,24.493927001953125
2016-02-22,24.69635581970215
2016-02-23,25.30364418029785
2016-02-24,25.30364418029785
2016-02-25,27.32793617248535
2016-02-26,26.16632843017578
2016-02-29,26.16632843017578
2016-03-01,26.57200813293457
2016-03-02,28.194726943969727
2016-03-03,27.586206436157227
2016-03-04,29.090909957885742
2016-03-07,29.29292869567871
2016-03-08,29.29292869567871
2016-03-09,29.29292869567871
2016-03-10,29.494949340820312
2016-03-11,31.717172622680664
2016-03-14,31.919191360473633
2016-03-15,32.3232307434082
2016-03-16,31.31313133239746
2016-03-17,31.31313133239746
2016-03-18,32.727272033691406
2016-03-21,32.727272033691406
2016-03-22,33.53535461425781
2016-03-23,33.73737335205078
2016-03-24,35.9595947265625
2016-03-25,36.032386779785156
2016-03-28,35.42510223388672
2016-03-29,35.22267150878906
2016-03-30,34.00809860229492
2016-03-31,34.21052551269531
2016-04-01,36.290321350097656
2016-04-04,36.290321350097656
2016-04-05,37.09677505493164
2016-04-06,38.30644989013672
2016-04-07,38.30644989013672
2016-04-08,37.17171859741211
2016-04-11,36.767677307128906
2016-04-12,37.37373733520508
2016-04-13,37.97979736328125
2016-04-14,40.0
2016-04-15,38.181819915771484
2016-04-18,37.97979736328125
2016-04-19,36.969696044921875
2016-04-20,36.767677307128906
2016-04-21,36.969696044921875
2016-04-22,38.38383865356445
2016-04-25,38.181819915771484
2016-04-26,38.38383865356445
2016-04-27,37.37373733520508
2016-04-28,37.37373733520508
2016-04-29,39.1129035949707
2016-05-02,39.1129035949707
2016-05-03,38.30644989013672
2016-05-04,37.09677505493164
2016-05-05,37.90322494506836
2016-05-06,39.5959587097168
2016-05-09,39.79798126220703
2016-05-10,39.5959587097168
2016-05-11,38.38383865356445
2016-05-12,38.787879943847656
2016-05-13,38.866397857666016
2016-05-16,39.068824768066406
2016-05-17,38.866397857666016
2016-05-18,38.46154022216797
2016-05-19,38.25910949707031
2016-05-20,38.539554595947266
2016-05-23,38.539554595947266
2016-05-24,39.1480712890625
2016-05-25,38.742393493652344
2016-05-26,38.539554595947266
2016-05-27,38.61788558959961
2016-05-30,38.61788558959961
2016-05-31,38.414634704589844
2016-06-01,37.19512176513672
2016-06-02,36.99187088012695
2016-06-03,37.37373733520508
2016-06-06,37.57575607299805
2016-06-07,37.17171859741211
2016-06-08,36.56565475463867
2016-06-09,36.969696044921875
2016-06-10,35.75757598876953
2016-06-13,35.9595947265625
2016-06-14,34.949493408203125
2016-06-15,35.9595947265625
2016-06-16,35.55555725097656
2016-06-17,35.55555725097656
2016-06-20,35.55555725097656
2016-06-21,35.15151596069336
2016-06-22,35.15151596069336
2016-06-23,36.767677307128906
2016-06-24,37.044532775878906
2016-06-27,36.842105865478516
2016-06-28,35.62752914428711
2016-06-29,33.805667877197266
2016-06-30,33.19837951660156
2016-07-01,33.805667877197266
2016-07-04,33.805667877197266
2016-07-05,34.00809860229492
2016-07-06,34.21052551269531
2016-07-07,31.37651824951172
2016-07-08,30.42596435546875
2016-07-11,30.831642150878906
2016-07-12,31.643001556396484
2016-07-13,32.65719985961914
2016-07-14,33.26572036743164
2016-07-15,34.68560028076172
2016-07-18,34.68560028076172
2016-07-19,34.07707977294922
2016-07-20,33.6713981628418
2016-07-21,34.68560028076172
2016-07-22,34.68560028076172
2016-07-25,34.68560028076172
2016-07-26,35.29411697387695
2016-07-27,36.30831527709961
2016-07-28,36.91683578491211
2016-07-29,36.71399688720703
2016-08-01,36.71399688720703
2016-08-02,36.30831527709961
2016-08-03,36.51115798950195
2016-08-04,37.322513580322266
2016-08-05,36.89516067504883
2016-08-08,36.89516067504883
2016-08-09,37.29838562011719
2016-08-10,37.29838562011719
2016-08-11,36.49193572998047
2016-08-12,36.49193572998047
2016-08-15,36.69355010986328
2016-08-16,37.09677505493164
2016-08-17,36.69355010986328
2016-08-18,35.48387145996094
2016-08-19,36.08871078491211
2016-08-22,36.08871078491211
2016-08-23,35.48387145996094
2016-08-24,35.685482025146484
2016-08-25,35.282257080078125
2016-08-26,36.290321350097656
2016-08-29,35.8870964050293
2016-08-30,35.685482025146484
2016-08-31,35.8870964050293
2016-09-01,36.08871078491211
2016-09-02,34.07258224487305
2016-09-05,34.07258224487305
2016-09-06,33.66935348510742
2016-09-07,34.879032135009766
2016-09-08,34.67741775512695
2016-09-09,35.35353469848633
2016-09-12,35.15151596069336
2016-09-13,35.55555725097656
2016-09-14,34.747474670410156
2016-09-15,35.15151596069336
2016-09-16,34.949493408203125
2016-09-19,34.141414642333984
2016-09-20,35.9595947265625
2016-09-21,36.56565475463867
2016-09-22,36.767677307128906
2016-09-23,36.63967514038086
2016-09-26,36.43724822998047
2016-09-27,35.22267150878906
2016-09-28,35.62752914428711
2016-09-29,34.41295623779297
2016-09-30,36.01609802246094
2016-10-03,36.01609802246094
2016-10-04,36.41851043701172
2016-10-05,34.60764694213867
2016-10-06,34.80885314941406
2016-10-07,35.4124755859375
2016-10-10,35.4124755859375
2016-10-11,38.22937774658203
2016-10-12,38.22937774658203
2016-10-13,38.63179016113281
2016-10-14,41.851104736328125
2016-10-17,42.05231475830078
2016-10-18,41.851104736328125
2016-10-19,40.24144744873047
2016-10-20,40.24144744873047
2016-10-21,37.625755310058594
2016-10-24,37.625755310058594
2016-10-25,37.4245491027832
2016-10-26,36.41851043701172
2016-10-27,35.61368179321289
2016-10-28,35.01005935668945
2016-10-31,35.21126937866211
2016-11-01,33.60160827636719
2016-11-02,33.802818298339844
2016-11-03,33.60160827636719
2016-11-04,31.526103973388672
2016-11-07,31.72690773010254
2016-11-08,31.325302124023438
2016-11-09,30.5220890045166
2016-11-10,29.5180721282959
2016-11-11,31.325302124023438
2016-11-14,31.325302124023438
2016-11-15,30.120481491088867
2016-11-16,29.919679641723633
2016-11-17,30.5220890045166
2016-11-18,31.72690773010254
2016-11-21,31.72690773010254
2016-11-22,31.927711486816406
2016-11-23,31.927711486816406
2016-11-24,31.927711486816406
2016-11-25,32.530120849609375
2016-11-28,32.530120849609375
2016-11-29,32.12851333618164
2016-11-30,33.93574142456055
2016-12-01,34.33734893798828
2016-12-02,33.53413772583008
2016-12-05,34.13654708862305
2016-12-06,34.13654708862305
2016-12-07,35.54216766357422
2016-12-08,34.538150787353516
2016-12-09,36.947792053222656
2016-12-12,36.34538269042969
2016-12-13,36.947792053222656
2016-12-14,35.54216766357422
2016-12-15,35.94377517700195
2016-12-16,38.55421829223633
2016-12-19,38.55421829223633
2016-12-20,38.9558219909668
2016-12-21,39.558231353759766
2016-12-22,38.9558219909668
2016-12-23,38.9558219909668
2016-12-26,38.9558219909668
2016-12-27,38.9558219909668
2016-12-28,38.9558219909668
2016-12-29,37.550201416015625
2016-12-30,38.55421829223633
2017-01-02,38.55421829223633
2017-01-03,36.746986389160156
2017-01-04,38.152610778808594
2017-01-05,37.349395751953125
2017-01-06,38.43058395385742
2017-01-09,38.028167724609375
2017-01-10,37.826961517333984
2017-01-11,38.028167724609375
2017-01-12,37.625755310058594
2017-01-13,36.61971664428711
2017-01-16,36.61971664428711
2017-01-17,36.820926666259766
2017-01-18,36.820926666259766
2017-01-19,37.22333908081055
2017-01-20,36.89516067504883
2017-01-23,36.89516067504883
2017-01-24,37.90322494506836
2017-01-25,38.91128921508789
2017-01-26,38.91128921508789
2017-01-27,36.69355010986328
2017-01-30,36.290321350097656
2017-01-31,37.70161437988281
2017-02-01,37.5
2017-02-02,36.49193572998047
2017-02-03,36.746986389160156
2017-02-06,36.746986389160156
2017-02-07,36.34538269042969
2017-02-08,33.93574142456055
2017-02-09,33.73493957519531
2017-02-10,32.93172836303711
2017-02-13,32.73092269897461
2017-02-14,32.73092269897461
2017-02-15,34.33734893798828
2017-02-16,34.33734893798828
2017-02-17,34.93975830078125
2017-02-20,34.93975830078125
2017-02-21,34.538150787353516
2017-02-22,34.33734893798828
2017-02-23,34.93975830078125
2017-02-24,35.54216766357422
2017-02-27,35.54216766357422
2017-02-28,36.14457702636719
2017-03-01,36.34538269042969
2017-03-02,34.33734893798828
2017-03-03,33.93574142456055
2017-03-06,33.93574142456055
2017-03-07,33.132530212402344
2017-03-08,33.73493957519531
2017-03-09,34.738956451416016
2017-03-10,38.35341262817383
2017-03-13,38.35341262817383
2017-03-14,36.34538269042969
2017-03-15,35.14056396484375
2017-03-16,36.14457702636719
2017-03-17,36.89516067504883
2017-03-20,37.29838562011719
2017-03-21,37.90322494506836
2017-03-22,37.29838562011719
2017-03-23,36.08871078491211
2017-03-24,35.08064651489258
2017-03-27,35.08064651489258
2017-03-28,34.879032135009766
2017-03-29,34.07258224487305
2017-03-30,34.67741775512695
2017-03-31,36.947792053222656
2017-04-03,36.947792053222656
2017-04-04,37.550201416015625
2017-04-05,38.35341262817383
2017-04-06,38.152610778808594
2017-04-07,40.56224822998047
2017-04-10,40.361446380615234
2017-04-11,41.967872619628906
2017-04-12,43.37349319458008
2017-04-13,43.37349319458008
2017-04-14,43.37349319458008
2017-04-17,43.37349319458008
2017-04-18,42.570281982421875
2017-04-19,42.971885681152344
2017-04-20,43.97590255737305
2017-04-21,43.57429885864258
2017-04-24,43.57429885864258
2017-04-25,42.369476318359375
2017-04-26,43.37349319458008
2017-04-27,41.967872619628906
2017-04-28,42.570281982421875
2017-05-01,42.570281982421875
2017-05-02,42.77108383178711
2017-05-03,41.56626510620117
2017-05-04,39.558231353759766
2017-05-05,39.35742950439453
2017-05-08,39.558231353759766
2017-05-09,38.9558219909668
2017-05-10,38.9558219909668
2017-05-11,39.1566276550293
2017-05-12,39.1566276550293
2017-05-15,38.75502014160156
2017-05-16,39.1566276550293
2017-05-17,38.75502014160156
2017-05-18,38.9558219909668
2017-05-19,38.35341262817383
2017-05-22,38.35341262817383
2017-05-23,39.1566276550293
2017-05-24,38.9558219909668
2017-05-25,39.1566276550293
2017-05-26,37.550201416015625
2017-05-29,37.550201416015625
2017-05-30,36.947792053222656
2017-05-31,35.94377517700195
2017-06-01,36.14457702636719
2017-06-02,34.93975830078125
2017-06-05,34.93975830078125
2017-06-06,35.94377517700195
2017-06-07,38.9558219909668
2017-06-08,39.9598388671875
2017-06-09,38.152610778808594
2017-06-12,38.152610778808594
2017-06-13,36.746986389160156
2017-06-14,35.74297332763672
2017-06-15,35.341365814208984
2017-06-16,35.61368179321289
2017-06-19,35.81488800048828
2017-06-20,35.61368179321289
2017-06-21,35.61368179321289
2017-06-22,35.81488800048828
2017-06-23,38.028167724609375
2017-06-26,38.22937774658203
2017-06-27,37.4245491027832
2017-06-28,37.022132873535156
2017-06-29,38.22937774658203
2017-06-30,39.759037017822266
2017-07-03,39.1566276550293
2017-07-04,39.1566276550293
2017-07-05,37.349395751953125
2017-07-06,38.55421829223633
2017-07-07,39.9598388671875
2017-07-10,39.9598388671875
2017-07-11,41.16465759277344
2017-07-12,41.967872619628906
2017-07-13,42.16867446899414
2017-07-14,44.578311920166016
2017-07-17,44.779117584228516
2017-07-18,44.37751007080078
2017-07-19,44.97991943359375
2017-07-20,45.98393630981445
2017-07-21,47.389556884765625
2017-07-24,47.389556884765625
2017-07-25,46.18473815917969
2017-07-26,45.381526947021484
2017-07-27,44.578311920166016
2017-07-28,41.448692321777344
2017-07-31,41.649898529052734
2017-08-01,41.24748611450195
2017-08-02,40.643863677978516
2017-08-03,40.24144744873047
2017-08-04,38.47695541381836
2017-08-07,38.67735290527344
2017-08-08,38.276554107666016
2017-08-09,37.47494888305664
2017-08-10,36.873748779296875
2017-08-11,37.47494888305664
2017-08-14,37.2745475769043
2017-08-15,37.87575149536133
2017-08-16,36.47294616699219
2017-08-17,37.47494888305664
2017-08-18,36.47294616699219
2017-08-21,36.272544860839844
2017-08-22,36.67334747314453
2017-08-23,37.07415008544922
2017-08-24,36.272544860839844
2017-08-25,36.47294616699219
2017-08-28,36.47294616699219
2017-08-29,36.47294616699219
2017-08-30,37.47494888305664
2017-08-31,35.07014083862305
2017-09-01,33.33333206176758
2017-09-04,33.33333206176758
2017-09-05,32.530120849609375
2017-09-06,33.73493957519531
2017-09-07,33.132530212402344
2017-09-08,31.927711486816406
2017-09-11,31.927711486816406
2017-09-12,31.526103973388672
2017-09-13,31.72690773010254
2017-09-14,31.325302124023438
2017-09-15,30.5835018157959
2017-09-18,30.382293701171875
2017-09-19,30.5835018157959
2017-09-20,30.985916137695312
2017-09-21,30.78470802307129
2017-09-22,31.187122344970703
2017-09-25,31.187122344970703
2017-09-26,32.79677963256836
2017-09-27,33.199195861816406
2017-09-28,33.60160827636719
2017-09-29,31.062124252319336
2017-10-02,31.46292495727539
2017-10-03,32.46493148803711
2017-10-04,34.26853561401367
2017-10-05,36.0721435546875
2017-10-06,38.47695541381836
2017-10-09,38.07615280151367
2017-10-10,36.272544860839844
2017-10-11,38.276554107666016
2017-10-12,38.47695541381836
2017-10-13,39.27855682373047
2017-10-16,39.27855682373047
2017-10-17,39.27855682373047
2017-10-18,39.679359436035156
2017-10-19,38.67735290527344
2017-10-20,37.47494888305664
2017-10-23,37.2745475769043
2017-10-24,38.47695541381836
2017-10-25,38.67735290527344
2017-10-26,39.078155517578125
2017-10-27,40.480960845947266
2017-10-30,40.480960845947266
2017-10-31,40.68136215209961
2017-11-01,40.28055953979492
2017-11-02,40.480960845947266
2017-11-03,42.885772705078125
2017-11-06,42.885772705078125
2017-11-07,43.08617401123047
2017-11-08,42.68537139892578
2017-11-09,41.482967376708984
2017-11-10,43.08617401123047
2017-11-13,43.08617401123047
2017-11-14,43.88777542114258
2017-11-15,43.28657150268555
2017-11-16,43.687374114990234
2017-11-17,45.49098205566406
2017-11-20,45.49098205566406
2017-11-21,44.48897933959961
2017-11-22,44.288578033447266
2017-11-23,44.288578033447266
2017-11-24,43.48697280883789
2017-11-27,43.687374114990234
2017-11-28,41.68336486816406
2017-11-29,39.8797607421875
2017-11-30,39.47895812988281
2017-12-01,38.07615280151367
2017-12-04,37.675350189208984
2017-12-05,38.47695541381836
2017-12-06,38.87775421142578
2017-12-07,39.078155517578125
2017-12-08,38.47695541381836
2017-12-11,37.675350189208984
2017-12-12,38.47695541381836
2017-12-13,39.47895812988281
2017-12-14,41.0821647644043
2017-12-15,41.0821647644043
2017-12-18,40.88176345825195
2017-12-19,42.284568786621094
2017-12-20,43.687374114990234
2017-12-21,44.48897933959961
2017-12-22,43.28657150268555
2017-12-25,43.28657150268555
2017-12-26,42.885772705078125
2017-12-27,43.08617401123047
2017-12-28,42.284568786621094
2017-12-29,42.08416748046875
2018-01-01,42.08416748046875
2018-01-02,42.08416748046875
2018-01-03,42.68537139892578
2018-01-04,45.89178466796875
2018-01-05,46.987953186035156
2018-01-08,47.18875503540039
2018-01-09,48.39357376098633
2018-01-10,48.9959831237793
2018-01-11,47.991966247558594
2018-01-12,50.8032112121582
2018-01-15,50.8032112121582
2018-01-16,50.8032112121582
2018-01-17,53.012046813964844
2018-01-18,56.02409744262695
2018-01-19,58.63453674316406
2018-01-22,58.232933044433594
2018-01-23,59.0361442565918
2018-01-24,60.8433723449707
2018-01-25,60.240962982177734
2018-01-26,61.0441780090332
2018-01-29,61.0441780090332
2018-01-30,61.0441780090332
2018-01-31,60.240962982177734
2018-02-01,62.24899673461914
2018-02-02,63.9278564453125
2018-02-05,63.727455139160156
2018-02-06,63.727455139160156
2018-02-07,63.126251220703125
2018-02-08,62.52505111694336
2018-02-09,64.72946166992188
2018-02-12,64.72946166992188
2018-02-13,65.13026428222656
2018-02-14,62.92584991455078
2018-02-15,62.7254524230957
2018-02-16,60.320640563964844
2018-02-19,60.320640563964844
2018-02-20,60.1202392578125
2018-02-21,59.919837951660156
2018-02-22,58.71743392944336
2018-02-23,57.31462860107422
2018-02-26,57.114227294921875
2018-02-27,56.71342849731445
2018-02-28,54.308616638183594
2018-03-01,54.10821533203125
2018-03-02,51.50300598144531
2018-03-05,51.50300598144531
2018-03-06,50.10020065307617
2018-03-07,49.49899673461914
2018-03-08,50.300601959228516
2018-03-09,48.39357376098633
2018-03-12,48.39357376098633
2018-03-13,48.59437561035156
2018-03-14,47.991966247558594
2018-03-15,47.79116439819336
2018-03-16,46.787147521972656
2018-03-19,46.787147521972656
2018-03-20,46.18473815917969
2018-03-21,44.37751007080078
2018-03-22,46.58634567260742
2018-03-23,45.78313064575195
2018-03-26,45.78313064575195
2018-03-27,46.18473815917969
2018-03-28,45.180721282958984
2018-03-29,42.570281982421875
2018-03-30,42.48497009277344
2018-04-02,42.284568786621094
2018-04-03,41.482967376708984
2018-04-04,40.68136215209961
2018-04-05,40.88176345825195
2018-04-06,42.369476318359375
2018-04-09,42.369476318359375
2018-04-10,42.570281982421875
2018-04-11,43.37349319458008
2018-04-12,44.17670822143555
2018-04-13,44.97991943359375
2018-04-16,44.97991943359375
2018-04-17,46.18473815917969
2018-04-18,46.18473815917969
2018-04-19,47.389556884765625
2018-04-20,48.9959831237793
2018-04-23,48.9959831237793
2018-04-24,48.59437561035156
2018-04-25,47.79116439819336
2018-04-26,46.787147521972656
2018-04-27,44.779117584228516
2018-04-30,44.97991943359375
2018-05-01,45.78313064575195
2018-05-02,45.58232879638672
2018-05-03,44.37751007080078
2018-05-04,42.885772705078125
2018-05-07,42.885772705078125
2018-05-08,44.08817672729492
2018-05-09,45.691383361816406
2018-05-10,44.88977813720703
2018-05-11,43.88777542114258
2018-05-14,43.88777542114258
2018-05-15,43.687374114990234
2018-05-16,42.68537139892578
2018-05-17,42.08416748046875
2018-05-18,42.48497009277344
2018-05-21,42.68537139892578
2018-05-22,43.08617401123047
2018-05-23,43.48697280883789
2018-05-24,43.08617401123047
2018-05-25,40.480960845947266
2018-05-28,40.480960845947266
2018-05-29,41.883766174316406
2018-05-30,42.08416748046875
2018-05-31,42.08416748046875
2018-06-01,41.68336486816406
2018-06-04,41.883766174316406
2018-06-05,42.48497009277344
2018-06-06,40.88176345825195
2018-06-07,40.080162048339844
2018-06-08,38.35341262817383
2018-06-11,38.152610778808594
2018-06-12,40.160640716552734
2018-06-13,39.35742950439453
2018-06-14,39.9598388671875
2018-06-15,40.9638557434082
2018-06-18,40.76305389404297
2018-06-19,40.361446380615234
2018-06-20,39.759037017822266
2018-06-21,40.9638557434082
2018-06-22,41.851104736328125
2018-06-25,42.05231475830078
2018-06-26,42.25352096557617
2018-06-27,42.85714340209961
2018-06-28,43.058349609375
2018-06-29,43.48697280883789
2018-07-02,43.28657150268555
2018-07-03,42.48497009277344
2018-07-04,42.48497009277344
2018-07-05,41.68336486816406
2018-07-06,41.0821647644043
2018-07-09,41.0821647644043
2018-07-10,40.080162048339844
2018-07-11,39.679359436035156
2018-07-12,40.28055953979492
2018-07-13,42.48497009277344
2018-07-16,42.284568786621094
2018-07-17,41.883766174316406
2018-07-18,42.284568786621094
2018-07-19,42.284568786621094
2018-07-20,42.885772705078125
2018-07-23,42.68537139892578
2018-07-24,40.88176345825195
2018-07-25,40.480960845947266
2018-07-26,41.883766174316406
2018-07-27,41.28256607055664
2018-07-30,41.0821647644043
2018-07-31,41.883766174316406
2018-08-01,42.885772705078125
2018-08-02,42.885772705078125
2018-08-03,42.599998474121094
2018-08-06,42.79999923706055
2018-08-07,42.20000076293945
2018-08-08,41.400001525878906
2018-08-09,42.599998474121094
2018-08-10,40.79999923706055
2018-08-13,40.79999923706055
2018-08-14,41.20000076293945
2018-08-15,42.0
2018-08-16,42.0
2018-08-17,41.0
2018-08-20,41.0
2018-08-21,41.0
2018-08-22,41.20000076293945
2018-08-23,41.20000076293945
2018-08-24,39.0
2018-08-27,39.400001525878906
2018-08-28,38.0
2018-08-29,37.599998474121094
2018-08-30,38.0
2018-08-31,38.400001525878906
2018-09-03,38.400001525878906
2018-09-04,38.400001525878906
2018-09-05,38.400001525878906
2018-09-06,37.0
2018-09-07,37.599998474121094
2018-09-10,37.400001525878906
2018-09-11,37.79999923706055
2018-09-12,37.400001525878906
2018-09-13,37.20000076293945
2018-09-14,34.8697395324707
2018-09-17,34.66933822631836
2018-09-18,35.07014083862305
2018-09-19,34.8697395324707
2018-09-20,34.66933822631836
2018-09-21,33.066131591796875
2018-09-24,32.86573028564453
2018-09-25,34.068138122558594
2018-09-26,33.46693420410156
2018-09-27,34.26853561401367
2018-09-28,35.27054214477539
2018-10-01,35.27054214477539
2018-10-02,35.67134094238281
2018-10-03,35.27054214477539
2018-10-04,35.27054214477539
2018-10-05,34.8697395324707
2018-10-08,34.8697395324707
2018-10-09,36.873748779296875
2018-10-10,37.87575149536133
2018-10-11,39.27855682373047
2018-10-12,40.56224822998047
2018-10-15,40.76305389404297
2018-10-16,41.967872619628906
2018-10-17,42.570281982421875
2018-10-18,41.36546325683594
2018-10-19,40.160640716552734
2018-10-22,40.160640716552734
2018-10-23,40.9638557434082
2018-10-24,41.56626510620117
2018-10-25,41.56626510620117
2018-10-26,39.1566276550293
2018-10-29,39.1566276550293
2018-10-30,38.75502014160156
2018-10-31,37.349395751953125
2018-11-01,36.746986389160156
2018-11-02,36.79999923706055
2018-11-05,36.599998474121094
2018-11-06,35.79999923706055
2018-11-07,35.599998474121094
2018-11-08,34.79999923706055
2018-11-09,33.86773681640625
2018-11-12,34.068138122558594
2018-11-13,34.068138122558594
2018-11-14,34.66933822631836
2018-11-15,34.66933822631836
2018-11-16,35.470943450927734
2018-11-19,35.470943450927734
2018-11-20,35.27054214477539
2018-11-21,31.863727569580078
2018-11-22,31.863727569580078
2018-11-23,29.85972023010254
2018-11-26,29.659318923950195
2018-11-27,29.85972023010254
2018-11-28,30.861722946166992
2018-11-29,30.861722946166992
2018-11-30,31.12449836730957
2018-12-03,31.325302124023438
2018-12-04,31.927711486816406
2018-12-05,31.927711486816406
2018-12-06,30.923694610595703
2018-12-07,31.12449836730957
2018-12-10,31.12449836730957
2018-12-11,29.718875885009766
2018-12-12,28.514057159423828
2018-12-13,28.514057159423828
2018-12-14,31.325302124023438
2018-12-17,31.526103973388672
2018-12-18,30.923694610595703
2018-12-19,30.120481491088867
2018-12-20,29.5180721282959
2018-12-21,29.97987937927246
2018-12-24,31.187122344970703
2018-12-25,31.187122344970703
2018-12-26,31.388330459594727
2018-12-27,31.187122344970703
2018-12-28,30.5835018157959
2018-12-31,31.388330459594727
2019-01-01,31.388330459594727
2019-01-02,30.78470802307129
2019-01-03,32.19315719604492
2019-01-04,30.260520935058594
2019-01-07,30.260520935058594
2019-01-08,31.863727569580078
2019-01-09,32.46493148803711
2019-01-10,30.861722946166992
2019-01-11,31.663326263427734
2019-01-14,31.663326263427734
2019-01-15,32.46493148803711
2019-01-16,32.46493148803711
2019-01-17,32.66532897949219
2019-01-18,33.26653289794922
2019-01-21,33.26653289794922
2019-01-22,32.86573028564453
2019-01-23,32.66532897949219
2019-01-24,32.264530181884766
2019-01-25,30.460922241210938
2019-01-28,30.861722946166992
2019-01-29,30.460922241210938
2019-01-30,30.06011962890625
2019-01-31,27.855710983276367
2019-02-01,28.399999618530273
2019-02-04,28.600000381469727
2019-02-05,29.0
2019-02-06,28.399999618530273
2019-02-07,29.200000762939453
2019-02-08,28.0
2019-02-11,28.0
2019-02-12,28.600000381469727
2019-02-13,27.799999237060547
2019-02-14,27.799999237060547
2019-02-15,28.65731430053711
2019-02-18,28.65731430053711
2019-02-19,27.855710983276367
2019-02-20,25.050100326538086
2019-02-21,24.849699020385742
2019-02-22,27.855710983276367
2019-02-25,27.855710983276367
2019-02-26,28.857715606689453
2019-02-27,29.85972023010254
2019-02-28,30.06011962890625
2019-03-01,32.20000076293945
2019-03-04,32.20000076293945
2019-03-05,31.799999237060547
2019-03-06,32.400001525878906
2019-03-07,31.0
2019-03-08,33.79999923706055
2019-03-11,33.400001525878906
2019-03-12,33.599998474121094
2019-03-13,34.20000076293945
2019-03-14,34.0
2019-03-15,33.400001525878906
2019-03-18,34.0
2019-03-19,34.400001525878906
2019-03-20,36.599998474121094
2019-03-21,36.599998474121094
2019-03-22,35.27054214477539
2019-03-25,35.27054214477539
2019-03-26,35.871742248535156
2019-03-27,34.468936920166016
2019-03-28,33.86773681640625
2019-03-29,33.667335510253906
2019-04-01,33.667335510253906
2019-04-02,33.86773681640625
2019-04-03,34.26853561401367
2019-04-04,33.26653289794922
2019-04-05,33.79999923706055
2019-04-08,33.79999923706055
2019-04-09,34.599998474121094
2019-04-10,35.599998474121094
2019-04-11,35.599998474121094
2019-04-12,36.400001525878906
2019-04-15,36.400001525878906
2019-04-16,36.0
2019-04-17,35.20000076293945
2019-04-18,34.79999923706055
2019-04-19,34.79999923706055
2019-04-22,34.79999923706055
2019-04-23,35.79999923706055
2019-04-24,37.20000076293945
2019-04-25,36.79999923706055
2019-04-26,35.599998474121094
2019-04-29,35.20000076293945
2019-04-30,35.20000076293945
2019-05-01,34.0
2019-05-02,34.599998474121094
2019-05-03,35.79999923706055
2019-05-06,35.79999923706055
2019-05-07,37.0
2019-05-08,37.400001525878906
2019-05-09,38.20000076293945
2019-05-10,37.79999923706055
2019-05-13,37.79999923706055
2019-05-14,37.400001525878906
2019-05-15,38.20000076293945
2019-05-16,37.599998474121094
2019-05-17,36.79999923706055
2019-05-20,36.79999923706055
2019-05-21,37.599998474121094
2019-05-22,37.400001525878906
2019-05-23,37.20000076293945
2019-05-24,36.0
2019-05-27,36.0
2019-05-28,37.400001525878906
2019-05-29,37.599998474121094
2019-05-30,35.599998474121094
2019-05-31,32.20000076293945
2019-06-03,33.0
2019-06-04,31.799999237060547
2019-06-05,31.200000762939453
2019-06-06,30.200000762939453
2019-06-07,31.0
2019-06-10,31.0
2019-06-11,29.600000381469727
2019-06-12,28.799999237060547
2019-06-13,30.600000381469727
2019-06-14,30.0
2019-06-17,30.0
2019-06-18,30.399999618530273
2019-06-19,30.200000762939453
2019-06-20,28.799999237060547
2019-06-21,28.399999618530273
2019-06-24,28.600000381469727
2019-06-25,28.799999237060547
2019-06-26,28.600000381469727
2019-06-27,27.799999237060547
2019-06-28,27.799999237060547
2019-07-01,28.0
2019-07-02,28.799999237060547
2019-07-03,27.799999237060547
2019-07-04,27.799999237060547
2019-07-05,26.052104949951172
2019-07-08,26.252504348754883
2019-07-09,27.655309677124023
2019-07-10,28.256513595581055
2019-07-11,28.65731430053711
2019-07-12,30.722890853881836
2019-07-15,30.5220890045166
2019-07-16,30.321285247802734
2019-07-17,30.5220890045166
2019-07-18,30.120481491088867
2019-07-19,29.31726837158203
2019-07-22,29.31726837158203
2019-07-23,28.91566276550293
2019-07-24,28.514057159423828
2019-07-25,29.116466522216797
2019-07-26,27.309236526489258
2019-07-29,27.309236526489258
2019-07-30,27.510040283203125
2019-07-31,28.112449645996094
2019-08-01,29.919679641723633
2019-08-02,29.799999237060547
2019-08-05,29.799999237060547
2019-08-06,30.799999237060547
2019-08-07,31.200000762939453
2019-08-08,31.799999237060547
2019-08-09,31.863727569580078
2019-08-12,31.663326263427734
2019-08-13,31.46292495727539
2019-08-14,31.46292495727539
2019-08-15,31.46292495727539
2019-08-16,33.066131591796875
2019-08-19,33.066131591796875
2019-08-20,32.66532897949219
2019-08-21,32.06412887573242
2019-08-22,32.46493148803711
2019-08-23,32.264530181884766
2019-08-26,32.264530181884766
2019-08-27,32.06412887573242
2019-08-28,33.066131591796875
2019-08-29,32.06412887573242
2019-08-30,32.20000076293945
2019-09-02,32.20000076293945
2019-09-03,32.0
2019-09-04,32.79999923706055
2019-09-05,32.20000076293945
2019-09-06,34.0
2019-09-09,34.20000076293945
2019-09-10,34.400001525878906
2019-09-11,34.79999923706055
2019-09-12,33.599998474121094
2019-09-13,32.20000076293945
2019-09-16,32.0
2019-09-17,32.79999923706055
2019-09-18,33.79999923706055
2019-09-19,33.20000076293945
2019-09-20,33.26653289794922
2019-09-23,33.46693420410156
2019-09-24,32.86573028564453
2019-09-25,33.066131591796875
2019-09-26,32.86573028564453
2019-09-27,31.663326263427734
2019-09-30,31.46292495727539
2019-10-01,31.062124252319336
2019-10-02,31.26252555847168
2019-10-03,30.06011962890625
2019-10-04,30.0
2019-10-07,29.600000381469727
2019-10-08,27.799999237060547
2019-10-09,29.399999618530273
2019-10-10,29.399999618530273
2019-10-11,33.0
2019-10-14,33.0
2019-10-15,32.0
2019-10-16,32.0
2019-10-17,32.20000076293945
2019-10-18,32.400001525878906
2019-10-21,32.599998474121094
2019-10-22,32.599998474121094
2019-10-23,31.799999237060547
2019-10-24,33.0
2019-10-25,33.599998474121094
2019-10-28,33.400001525878906
2019-10-29,33.599998474121094
2019-10-30,33.599998474121094
2019-10-31,31.600000381469727
2019-11-01,31.200000762939453
2019-11-04,31.200000762939453
2019-11-05,31.399999618530273
2019-11-06,31.0
2019-11-07,31.200000762939453
2019-11-08,30.399999618530273
2019-11-11,30.600000381469727
2019-11-12,30.0
2019-11-13,31.799999237060547
2019-11-14,32.0
2019-11-15,31.799999237060547
2019-11-18,31.799999237060547
2019-11-19,31.200000762939453
2019-11-20,31.399999618530273
2019-11-21,30.399999618530273
2019-11-22,29.659318923950195
2019-11-25,29.659318923950195
2019-11-26,30.460922241210938
2019-11-27,31.46292495727539
2019-11-28,31.46292495727539
2019-11-29,30.399999618530273
2019-12-02,30.399999618530273
2019-12-03,30.600000381469727
2019-12-04,31.200000762939453
2019-12-05,31.799999237060547
2019-12-06,35.470943450927734
2019-12-09,35.67134094238281
2019-12-10,36.272544860839844
2019-12-11,36.0721435546875
2019-12-12,36.67334747314453
2019-12-13,35.341365814208984
2019-12-16,35.341365814208984
2019-12-17,33.132530212402344
2019-12-18,34.538150787353516
2019-12-19,33.53413772583008
2019-12-20,33.33333206176758
2019-12-23,33.33333206176758
2019-12-24,32.12851333618164
2019-12-25,32.12851333618164
2019-12-26,32.12851333618164
2019-12-27,32.73092269897461
2019-12-30,32.73092269897461
2019-12-31,31.927711486816406
2020-01-01,31.927711486816406
2020-01-02,30.923694610595703
2020-01-03,33.400001525878906
2020-01-06,33.400001525878906
2020-01-07,32.0
2020-01-08,30.0
2020-01-09,32.0
2020-01-10,34.0
2020-01-13,34.0
2020-01-14,37.20000076293945
2020-01-15,36.0
2020-01-16,37.20000076293945
2020-01-17,43.20000076293945
2020-01-20,43.20000076293945
2020-01-21,43.79999923706055
2020-01-22,44.0
2020-01-23,43.400001525878906
2020-01-24,42.284568786621094
2020-01-27,42.284568786621094
2020-01-28,42.284568786621094
2020-01-29,41.68336486816406
2020-01-30,40.88176345825195
2020-01-31,39.599998474121094
2020-02-03,39.599998474121094
2020-02-04,40.20000076293945
2020-02-05,39.79999923706055
2020-02-06,37.20000076293945
2020-02-07,36.20000076293945
2020-02-10,36.20000076293945
2020-02-11,36.0
2020-02-12,35.20000076293945
2020-02-13,35.400001525878906
2020-02-14,33.79999923706055
2020-02-17,33.79999923706055
2020-02-18,33.400001525878906
2020-02-19,32.20000076293945
2020-02-20,32.400001525878906
2020-02-21,31.399999618530273
2020-02-24,31.200000762939453
2020-02-25,31.799999237060547
2020-02-26,31.200000762939453
2020-02-27,31.0
2020-02-28,26.600000381469727
2020-03-02,27.0
2020-03-03,25.600000381469727
2020-03-04,25.799999237060547
2020-03-05,25.200000762939453
2020-03-06,24.200000762939453
2020-03-09,24.200000762939453
2020-03-10,22.200000762939453
2020-03-11,21.799999237060547
2020-03-12,22.600000381469727
2020-03-13,21.399999618530273
2020-03-16,21.399999618530273
2020-03-17,21.799999237060547
2020-03-18,20.0
2020-03-19,18.200000762939453
2020-03-20,17.200000762939453
2020-03-23,17.200000762939453
2020-03-24,15.600000381469727
2020-03-25,17.0
2020-03-26,16.0
2020-03-27,16.399999618530273
2020-03-30,16.200000762939453
2020-03-31,15.800000190734863
2020-04-01,15.399999618530273
2020-04-02,15.600000381469727
2020-04-03,15.63126277923584
2020-04-06,15.63126277923584
2020-04-07,15.831663131713867
2020-04-08,16.03206443786621
2020-04-09,17.635271072387695
2020-04-10,17.635271072387695
2020-04-13,17.635271072387695
2020-04-14,18.03607177734375
2020-04-15,18.63727378845215
2020-04-16,17.835670471191406
2020-04-17,17.635271072387695
2020-04-20,17.635271072387695
2020-04-21,19.038076400756836
2020-04-22,17.835670471191406
2020-04-23,17.034069061279297
2020-04-24,16.432865142822266
2020-04-27,16.432865142822266
2020-04-28,15.831663131713867
2020-04-29,15.230461120605469
2020-04-30,15.030059814453125
2020-05-01,14.199999809265137
2020-05-04,14.199999809265137
2020-05-05,14.800000190734863
2020-05-06,15.399999618530273
2020-05-07,15.600000381469727
2020-05-08,14.399999618530273
2020-05-11,14.399999618530273
2020-05-12,14.600000381469727
2020-05-13,14.600000381469727
2020-05-14,15.399999618530273
2020-05-15,17.200000762939453
2020-05-18,17.200000762939453
2020-05-19,18.200000762939453
2020-05-20,19.0
2020-05-21,19.600000381469727
2020-05-22,21.399999618530273
2020-05-25,21.399999618530273
2020-05-26,22.200000762939453
2020-05-27,22.200000762939453
2020-05-28,23.600000381469727
2020-05-29,26.200000762939453
2020-06-01,26.399999618530273
2020-06-02,28.200000762939453
2020-06-03,28.399999618530273
2020-06-04,29.200000762939453
2020-06-05,31.799999237060547
2020-06-08,32.400001525878906
2020-06-09,34.0
2020-06-10,35.20000076293945
2020-06-11,35.599998474121094
2020-06-12,37.79999923706055
2020-06-15,37.79999923706055
2020-06-16,38.599998474121094
2020-06-17,39.599998474121094
2020-06-18,40.79999923706055
2020-06-19,40.599998474121094
2020-06-22,40.79999923706055
2020-06-23,41.599998474121094
2020-06-24,43.599998474121094
2020-06-25,42.599998474121094
2020-06-26,42.599998474121094
2020-06-29,42.599998474121094
2020-06-30,42.0
2020-07-01,42.400001525878906
2020-07-02,45.599998474121094
2020-07-03,45.79999923706055
2020-07-06,45.79999923706055
2020-07-07,44.79999923706055
2020-07-08,44.400001525878906
2020-07-09,46.79999923706055
2020-07-10,45.0
2020-07-13,45.0
2020-07-14,45.400001525878906
2020-07-15,50.400001525878906
2020-07-16,50.599998474121094
2020-07-17,51.20000076293945
2020-07-20,51.20000076293945
2020-07-21,53.599998474121094
2020-07-22,54.20000076293945
2020-07-23,55.400001525878906
2020-07-24,59.20000076293945
2020-07-27,59.0
2020-07-28,60.0
2020-07-29,61.0
2020-07-30,62.400001525878906
2020-07-31,63.20000076293945
2020-08-03,63.400001525878906
2020-08-04,62.20000076293945
2020-08-05,61.20000076293945
2020-08-06,60.599998474121094
2020-08-07,60.79999923706055
2020-08-10,60.79999923706055
2020-08-11,61.0
2020-08-12,60.0
2020-08-13,60.0
2020-08-14,59.400001525878906
2020-08-17,59.400001525878906
2020-08-18,61.400001525878906
2020-08-19,60.20000076293945
2020-08-20,59.0
2020-08-21,56.400001525878906
2020-08-24,56.400001525878906
2020-08-25,56.400001525878906
2020-08-26,55.0
2020-08-27,54.20000076293945
2020-08-28,53.20000076293945
2020-08-31,53.20000076293945
2020-09-01,52.79999923706055
2020-09-02,53.20000076293945
2020-09-03,53.20000076293945
2020-09-04,53.400001525878906
2020-09-07,53.400001525878906
2020-09-08,52.599998474121094
2020-09-09,53.20000076293945
2020-09-10,54.400001525878906
2020-09-11,53.400001525878906
2020-09-14,53.20000076293945
2020-09-15,55.0
2020-09-16,57.0
2020-09-17,55.599998474121094
2020-09-18,53.400001525878906
2020-09-21,53.599998474121094
2020-09-22,54.20000076293945
2020-09-23,54.599998474121094
2020-09-24,53.20000076293945
2020-09-25,52.79999923706055
2020-09-28,52.599998474121094
2020-09-29,53.79999923706055
2020-09-30,54.20000076293945
2020-10-01,55.400001525878906
2020-10-02,56.20000076293945
2020-10-05,56.20000076293945
2020-10-06,57.599998474121094
2020-10-07,57.20000076293945
2020-10-08,60.0
2020-10-09,60.64257049560547
2020-10-12,60.64257049560547
2020-10-13,61.64658737182617
2020-10-14,61.847389221191406
2020-10-15,62.85140609741211
2020-10-16,63.052207946777344
2020-10-19,63.45381546020508
2020-10-20,63.052207946777344
2020-10-21,63.45381546020508
2020-10-22,63.65461730957031
2020-10-23,64.25702667236328
2020-10-26,64.45783233642578
2020-10-27,64.45783233642578
2020-10-28,64.25702667236328
2020-10-29,64.85943603515625
2020-10-30,62.599998474121094
2020-11-02,62.400001525878906
2020-11-03,61.79999923706055
2020-11-04,60.599998474121094
2020-11-05,60.599998474121094
2020-11-06,60.79999923706055
2020-11-09,61.20000076293945
2020-11-10,60.79999923706055
2020-11-11,61.0
2020-11-12,61.79999923706055
2020-11-13,61.79999923706055
2020-11-16,61.79999923706055
2020-11-17,62.400001525878906
2020-11-18,61.599998474121094
2020-11-19,61.20000076293945
2020-11-20,57.599998474121094
2020-11-23,57.599998474121094
2020-11-24,56.79999923706055
2020-11-25,56.79999923706055
2020-11-26,56.79999923706055
2020-11-27,55.400001525878906
2020-11-30,55.599998474121094
2020-12-01,55.0
2020-12-02,54.599998474121094
2020-12-03,54.400001525878906
2020-12-04,52.20000076293945
2020-12-07,51.400001525878906
2020-12-08,53.20000076293945
2020-12-09,52.20000076293945
2020-12-10,52.0
2020-12-11,52.400001525878906
2020-12-14,52.79999923706055
2020-12-15,53.599998474121094
2020-12-16,55.599998474121094
2020-12-17,54.400001525878906
2020-12-18,55.0
2020-12-21,55.0
2020-12-22,54.79999923706055
2020-12-23,55.400001525878906
2020-12-24,53.79999923706055
2020-12-25,53.79999923706055
2020-12-28,53.79999923706055
2020-12-29,52.599998474121094
2020-12-30,51.79999923706055
2020-12-31,53.0
2021-01-01,53.20000076293945
2021-01-04,53.20000076293945
2021-01-05,52.0
2021-01-06,52.400001525878906
2021-01-07,53.20000076293945
2021-01-08,53.907814025878906
2021-01-11,53.70741653442383
2021-01-12,55.31061935424805
2021-01-13,54.308616638183594
2021-01-14,54.308616638183594
2021-01-15,55.711421966552734
2021-01-18,55.711421966552734
2021-01-19,56.11222457885742
2021-01-20,57.31462860107422
2021-01-21,57.91583251953125
2021-01-22,61.0441780090332
2021-01-25,61.24497985839844
2021-01-26,61.847389221191406
2021-01-27,63.052207946777344
2021-01-28,64.05622863769531
2021-01-29,63.253013610839844
2021-02-01,63.253013610839844
2021-02-02,63.45381546020508
2021-02-03,63.65461730957031
2021-02-04,63.052207946777344
2021-02-05,61.20000076293945
2021-02-08,61.20000076293945
2021-02-09,60.79999923706055
2021-02-10,61.599998474121094
2021-02-11,62.79999923706055
2021-02-12,62.0
2021-02-15,62.0
2021-02-16,62.400001525878906
2021-02-17,62.20000076293945
2021-02-18,61.400001525878906
2021-02-19,59.599998474121094
2021-02-22,59.599998474121094
2021-02-23,58.599998474121094
2021-02-24,59.0
2021-02-25,59.20000076293945
2021-02-26,58.20000076293945
2021-03-01,58.20000076293945
2021-03-02,57.400001525878906
2021-03-03,58.400001525878906
2021-03-04,57.20000076293945
2021-03-05,53.400001525878906
2021-03-08,53.20000076293945
2021-03-09,53.0
2021-03-10,52.599998474121094
2021-03-11,52.20000076293945
2021-03-12,51.79999923706055
2021-03-15,51.79999923706055
2021-03-16,51.20000076293945
2021-03-17,50.79999923706055
2021-03-18,52.0
2021-03-19,48.79999923706055
2021-03-22,49.20000076293945
2021-03-23,49.599998474121094
2021-03-24,49.20000076293945
2021-03-25,50.400001525878906
2021-03-26,51.400001525878906
2021-03-29,51.20000076293945
2021-03-30,51.0
2021-03-31,51.0
2021-04-01,52.0
2021-04-02,52.599998474121094
2021-04-05,52.79999923706055
2021-04-06,54.0
2021-04-07,53.79999923706055
2021-04-08,55.20000076293945
2021-04-09,57.0
2021-04-12,57.0
2021-04-13,58.20000076293945
2021-04-14,58.400001525878906
2021-04-15,60.599998474121094
2021-04-16,60.72144317626953
2021-04-19,60.72144317626953
2021-04-20,59.71944046020508
2021-04-21,60.72144317626953
2021-04-22,61.52304458618164
2021-04-23,62.92584991455078
2021-04-26,62.92584991455078
2021-04-27,62.92584991455078
2021-04-28,64.92986297607422
2021-04-29,64.52906036376953
2021-04-30,65.0
2021-05-03,65.0
2021-05-04,64.80000305175781
2021-05-05,66.5999984741211
2021-05-06,67.19999694824219
2021-05-07,65.19999694824219
2021-05-10,65.19999694824219
2021-05-11,65.80000305175781
2021-05-12,64.5999984741211
2021-05-13,64.19999694824219
2021-05-14,63.79999923706055
2021-05-17,63.79999923706055
2021-05-18,64.0
2021-05-19,63.79999923706055
2021-05-20,64.0
2021-05-21,62.92584991455078
2021-05-24,62.7254524230957
2021-05-25,61.12224578857422
2021-05-26,60.52104187011719
2021-05-27,59.519039154052734
2021-05-28,58.31663513183594
2021-05-31,58.31663513183594
2021-06-01,56.312625885009766
2021-06-02,55.711421966552734
2021-06-03,55.31061935424805
2021-06-04,57.20000076293945
2021-06-07,57.0
2021-06-08,56.599998474121094
2021-06-09,58.0
2021-06-10,56.79999923706055
2021-06-11,55.0
2021-06-14,54.0
2021-06-15,54.599998474121094
2021-06-16,56.0
2021-06-17,55.79999923706055
2021-06-18,53.400001525878906
2021-06-21,52.79999923706055
2021-06-22,52.20000076293945
2021-06-23,53.20000076293945
2021-06-24,53.20000076293945
2021-06-25,50.79999923706055
2021-06-28,51.20000076293945
2021-06-29,52.400001525878906
2021-06-30,52.400001525878906
2021-07-01,52.0
2021-07-02,52.79999923706055
2021-07-05,52.79999923706055
2021-07-06,53.20000076293945
2021-07-07,55.400001525878906
2021-07-08,55.599998474121094
2021-07-09,58.599998474121094
2021-07-12,58.400001525878906
2021-07-13,59.400001525878906
2021-07-14,60.400001525878906
2021-07-15,63.20000076293945
2021-07-16,63.599998474121094
2021-07-19,63.400001525878906
2021-07-20,64.4000015258789
2021-07-21,63.0
2021-07-22,62.79999923706055
2021-07-23,63.727455139160156
2021-07-26,63.9278564453125
2021-07-27,64.72946166992188
2021-07-28,64.12825775146484
2021-07-29,64.72946166992188
2021-07-30,64.19999694824219
2021-08-02,64.5999984741211
2021-08-03,64.4000015258789
2021-08-04,62.599998474121094
2021-08-05,60.400001525878906
2021-08-06,58.400001525878906
2021-08-09,58.599998474121094
2021-08-10,58.400001525878906
2021-08-11,57.599998474121094
2021-08-12,57.79999923706055
2021-08-13,57.0
2021-08-16,57.0
2021-08-17,57.599998474121094
2021-08-18,57.20000076293945
2021-08-19,57.400001525878906
2021-08-20,56.599998474121094
2021-08-23,56.400001525878906
2021-08-24,56.20000076293945
2021-08-25,55.0
2021-08-26,53.400001525878906
2021-08-27,49.2985954284668
2021-08-30,49.699398040771484
2021-08-31,47.29458999633789
2021-09-01,45.49098205566406
2021-09-02,45.090179443359375
2021-09-03,44.599998474121094
2021-09-06,44.599998474121094
2021-09-07,42.20000076293945
2021-09-08,42.0
2021-09-09,40.599998474121094
2021-09-10,36.79999923706055
2021-09-13,37.0
2021-09-14,37.599998474121094
2021-09-15,39.20000076293945
2021-09-16,38.20000076293945
2021-09-17,38.20000076293945
2021-09-20,38.20000076293945
2021-09-21,38.20000076293945
2021-09-22,38.400001525878906
2021-09-23,37.79999923706055
2021-09-24,39.400001525878906
2021-09-27,39.79999923706055
2021-09-28,40.599998474121094
2021-09-29,40.400001525878906
2021-09-30,40.599998474121094
2021-10-01,38.9558219909668
2021-10-04,38.9558219909668
2021-10-05,39.9598388671875
2021-10-06,41.16465759277344
2021-10-07,42.570281982421875
2021-10-08,41.36546325683594
2021-10-11,41.16465759277344
2021-10-12,42.971885681152344
2021-10-13,41.767066955566406
2021-10-14,42.369476318359375
2021-10-15,43.97590255737305
2021-10-18,43.97590255737305
2021-10-19,44.779117584228516
2021-10-20,46.18473815917969
2021-10-21,45.58232879638672
2021-10-22,45.78313064575195
2021-10-25,45.78313064575195
2021-10-26,44.779117584228516
2021-10-27,43.172691345214844
2021-10-28,43.77510070800781
2021-10-29,44.97991943359375
2021-11-01,44.97991943359375
2021-11-02,44.779117584228516
2021-11-03,45.58232879638672
2021-11-04,45.180721282958984
2021-11-05,45.0
2021-11-08,45.20000076293945
2021-11-09,46.0
2021-11-10,46.400001525878906
2021-11-11,46.599998474121094
2021-11-12,46.599998474121094
2021-11-15,46.599998474121094
2021-11-16,47.79999923706055
2021-11-17,46.79999923706055
2021-11-18,47.0
2021-11-19,45.20000076293945
2021-11-22,45.0
2021-11-23,44.599998474121094
2021-11-24,43.599998474121094
2021-11-25,43.599998474121094
2021-11-26,44.400001525878906
2021-11-29,44.20000076293945
2021-11-30,45.400001525878906
2021-12-01,47.0
2021-12-02,46.20000076293945
2021-12-03,45.400001525878906
2021-12-06,45.20000076293945
2021-12-07,44.79999923706055
2021-12-08,42.599998474121094
2021-12-09,42.599998474121094
2021-12-10,43.20000076293945
2021-12-13,42.79999923706055
2021-12-14,44.20000076293945
2021-12-15,43.79999923706055
2021-12-16,45.0
2021-12-17,43.48697280883789
2021-12-20,43.48697280883789
2021-12-21,43.687374114990234
2021-12-22,43.08617401123047
2021-12-23,42.284568786621094
2021-12-24,42.284568786621094
2021-12-27,41.883766174316406
2021-12-28,40.480960845947266
2021-12-29,40.080162048339844
2021-12-30,39.078155517578125
2021-12-31,38.599998474121094
2022-01-03,38.599998474121094
2022-01-04,39.20000076293945
2022-01-05,39.20000076293945
2022-01-06,41.20000076293945
2022-01-07,45.20000076293945
2022-01-10,45.20000076293945
2022-01-11,44.599998474121094
2022-01-12,45.20000076293945
2022-01-13,45.599998474121094
2022-01-14,48.20000076293945
2022-01-17,48.20000076293945
2022-01-18,48.400001525878906
2022-01-19,48.20000076293945
2022-01-20,50.400001525878906
2022-01-21,48.20000076293945
2022-01-24,47.79999923706055
2022-01-25,49.400001525878906
2022-01-26,48.79999923706055
2022-01-27,49.20000076293945
2022-01-28,47.599998474121094
2022-01-31,47.400001525878906
2022-02-01,46.20000076293945
2022-02-02,46.599998474121094
2022-02-03,46.599998474121094
2022-02-04,42.79999923706055
2022-02-07,43.0
2022-02-08,42.79999923706055
2022-02-09,43.20000076293945
2022-02-10,42.0
2022-02-11,40.400001525878906
2022-02-14,40.20000076293945
2022-02-15,40.20000076293945
2022-02-16,39.400001525878906
2022-02-17,39.599998474121094
2022-02-18,39.679359436035156
2022-02-21,39.679359436035156
2022-02-22,40.080162048339844
2022-02-23,40.68136215209961
2022-02-24,41.28256607055664
2022-02-25,39.679359436035156
2022-02-28,39.679359436035156
2022-03-01,39.8797607421875
2022-03-02,39.27855682373047
2022-03-03,39.679359436035156
2022-03-04,38.276554107666016
2022-03-07,38.67735290527344
2022-03-08,38.276554107666016
2022-03-09,38.47695541381836
2022-03-10,38.07615280151367
2022-03-11,37.07415008544922
2022-03-14,36.873748779296875
2022-03-15,36.272544860839844
2022-03-16,35.07014083862305
2022-03-17,35.470943450927734
2022-03-18,37.07415008544922
2022-03-21,37.07415008544922
2022-03-22,37.07415008544922
2022-03-23,37.07415008544922
2022-03-24,36.47294616699219
2022-03-25,35.27054214477539
2022-03-28,35.27054214477539
2022-03-29,35.67134094238281
2022-03-30,33.667335510253906
2022-03-31,35.871742248535156
2022-04-01,36.127742767333984
2022-04-04,36.127742767333984
2022-04-05,36.127742767333984
2022-04-06,35.92814254760742
2022-04-07,36.72654724121094
2022-04-08,36.599998474121094
2022-04-11,36.79999923706055
2022-04-12,37.400001525878906
2022-04-13,38.400001525878906
2022-04-14,38.599998474121094
2022-04-15,38.599998474121094
2022-04-18,38.599998474121094
2022-04-19,39.79999923706055
2022-04-20,39.400001525878906
2022-04-21,40.0
2022-04-22,40.79999923706055
2022-04-25,41.0
2022-04-26,39.400001525878906
2022-04-27,39.79999923706055
2022-04-28,40.400001525878906
2022-04-29,38.20000076293945
2022-05-02,38.20000076293945
2022-05-03,38.400001525878906
2022-05-04,38.79999923706055
2022-05-05,38.599998474121094
2022-05-06,37.0
2022-05-09,37.0
2022-05-10,37.599998474121094
2022-05-11,37.599998474121094
2022-05-12,36.400001525878906
2022-05-13,37.0
2022-05-16,37.0
2022-05-17,37.20000076293945
2022-05-18,37.599998474121094
2022-05-19,37.0
2022-05-20,36.599998474121094
2022-05-23,36.599998474121094
2022-05-24,37.0
2022-05-25,35.599998474121094
2022-05-26,35.0
2022-05-27,35.79999923706055
2022-05-30,35.79999923706055
2022-05-31,37.599998474121094
2022-06-01,37.79999923706055
2022-06-02,38.599998474121094
2022-06-03,38.20000076293945
2022-06-06,37.79999923706055
2022-06-07,38.20000076293945
2022-06-08,36.599998474121094
2022-06-09,35.400001525878906
2022-06-10,35.470943450927734
2022-06-13,35.67134094238281
2022-06-14,34.8697395324707
2022-06-15,35.470943450927734
2022-06-16,36.272544860839844
2022-06-17,33.46693420410156
2022-06-20,33.46693420410156
2022-06-21,34.068138122558594
2022-06-22,34.8697395324707
2022-06-23,34.66933822631836
2022-06-24,35.871742248535156
2022-06-27,35.871742248535156
2022-06-28,37.2745475769043
2022-06-29,36.272544860839844
2022-06-30,36.0721435546875
2022-07-01,35.400001525878906
2022-07-04,35.400001525878906
2022-07-05,34.400001525878906
2022-07-06,35.20000076293945
2022-07-07,34.599998474121094
2022-07-08,35.20000076293945
2022-07-11,35.599998474121094
2022-07-12,33.79999923706055
2022-07-13,33.79999923706055
2022-07-14,33.400001525878906
2022-07-15,32.599998474121094
2022-07-18,33.0
2022-07-19,32.599998474121094
2022-07-20,33.599998474121094
2022-07-21,33.599998474121094
2022-07-22,33.79999923706055
2022-07-25,33.79999923706055
2022-07-26,33.0
2022-07-27,34.0
2022-07-28,35.599998474121094
2022-07-29,34.20000076293945
2022-08-01,34.20000076293945
2022-08-02,34.0
2022-08-03,32.20000076293945
2022-08-04,31.799999237060547
2022-08-05,31.600000381469727
2022-08-08,31.399999618530273
2022-08-09,31.799999237060547
2022-08-10,31.399999618530273
2022-08-11,31.399999618530273
2022-08-12,32.0
2022-08-15,31.600000381469727
2022-08-16,32.400001525878906
2022-08-17,32.79999923706055
2022-08-18,33.20000076293945
2022-08-19,33.20000076293945
2022-08-22,33.20000076293945
2022-08-23,32.79999923706055
2022-08-24,33.20000076293945
2022-08-25,33.79999923706055
2022-08-26,31.799999237060547
2022-08-29,31.799999237060547
2022-08-30,31.399999618530273
2022-08-31,32.20000076293945
2022-09-01,31.200000762939453
2022-09-02,31.399999618530273
2022-09-05,31.399999618530273
2022-09-06,31.200000762939453
2022-09-07,31.799999237060547
2022-09-08,30.799999237060547
2022-09-09,31.799999237060547
2022-09-12,31.600000381469727
2022-09-13,31.200000762939453
2022-09-14,30.799999237060547
2022-09-15,32.599998474121094
2022-09-16,31.600000381469727
2022-09-19,31.600000381469727
2022-09-20,31.600000381469727
2022-09-21,32.0
2022-09-22,32.0
2022-09-23,32.20000076293945
2022-09-26,32.599998474121094
2022-09-27,32.0
2022-09-28,30.600000381469727
2022-09-29,28.799999237060547
2022-09-30,28.799999237060547
2022-10-03,29.0
2022-10-04,28.799999237060547
2022-10-05,29.399999618530273
2022-10-06,28.200000762939453
2022-10-07,27.710844039916992
2022-10-10,27.911645889282227
2022-10-11,27.510040283203125
2022-10-12,29.116466522216797
2022-10-13,28.514057159423828
2022-10-14,29.175050735473633
2022-10-17,29.175050735473633
2022-10-18,28.97384262084961
2022-10-19,28.571428298950195
2022-10-20,28.16901397705078
2022-10-21,27.364185333251953
2022-10-24,27.364185333251953
2022-10-25,26.3581485748291
2022-10-26,27.766599655151367
2022-10-27,27.96780776977539
2022-10-28,30.18108558654785
2022-10-31,30.18108558654785
2022-11-01,30.78470802307129
2022-11-02,31.388330459594727
2022-11-03,30.78470802307129
2022-11-04,29.85972023010254
2022-11-07,30.06011962890625
2022-11-08,30.861722946166992
2022-11-09,30.66132354736328
2022-11-10,31.26252555847168
2022-11-11,32.264530181884766
2022-11-14,32.264530181884766
2022-11-15,33.066131591796875
2022-11-16,31.863727569580078
2022-11-17,32.46493148803711
2022-11-18,36.0721435546875
2022-11-21,36.272544860839844
2022-11-22,35.07014083862305
2022-11-23,34.468936920166016
2022-11-24,34.468936920166016
2022-11-25,34.66933822631836
2022-11-28,34.26853561401367
2022-11-29,34.8697395324707
2022-11-30,34.8697395324707
2022-12-01,33.26653289794922
2022-12-02,34.79999923706055
2022-12-05,35.599998474121094
2022-12-06,36.0
2022-12-07,35.0
2022-12-08,36.20000076293945
2022-12-09,36.20000076293945
2022-12-12,36.20000076293945
2022-12-13,37.79999923706055
2022-12-14,37.79999923706055
2022-12-15,39.0
2022-12-16,37.400001525878906
2022-12-19,37.20000076293945
2022-12-20,38.400001525878906
2022-12-21,38.0
2022-12-22,38.20000076293945
2022-12-23,38.47695541381836
2022-12-26,38.47695541381836
2022-12-27,38.47695541381836
2022-12-28,38.276554107666016
2022-12-29,38.67735290527344
2022-12-30,34.79999923706055
2023-01-02,34.79999923706055
2023-01-03,34.599998474121094
2023-01-04,34.79999923706055
2023-01-05,35.79999923706055
2023-01-06,34.20000076293945
2023-01-09,34.20000076293945
2023-01-10,34.0
2023-01-11,34.79999923706055
2023-01-12,33.79999923706055
2023-01-13,36.400001525878906
2023-01-16,36.400001525878906
2023-01-17,36.599998474121094
2023-01-18,37.599998474121094
2023-01-19,39.0
2023-01-20,38.599998474121094
2023-01-23,38.599998474121094
2023-01-24,38.79999923706055
2023-01-25,37.599998474121094
2023-01-26,37.599998474121094
2023-01-27,36.20000076293945
2023-01-30,36.400001525878906
2023-01-31,36.400001525878906
2023-02-01,38.79999923706055
2023-02-02,37.20000076293945
2023-02-03,34.79999923706055
2023-02-06,34.79999923706055
2023-02-07,35.20000076293945
2023-02-08,36.599998474121094
2023-02-09,35.79999923706055
2023-02-10,35.0
2023-02-13,35.0
2023-02-14,34.0
2023-02-15,35.0
2023-02-16,35.0
2023-02-17,34.79999923706055
2023-02-20,34.79999923706055
2023-02-21,34.599998474121094
2023-02-22,34.599998474121094
2023-02-23,34.400001525878906
2023-02-24,35.79999923706055
2023-02-27,35.79999923706055
2023-02-28,35.400001525878906
2023-03-01,34.20000076293945
2023-03-02,35.79999923706055
2023-03-03,37.79999923706055
2023-03-06,37.20000076293945
2023-03-07,35.0
2023-03-08,35.400001525878906
2023-03-09,36.0
2023-03-10,37.599998474121094
2023-03-13,37.79999923706055
2023-03-14,38.400001525878906
2023-03-15,39.599998474121094
2023-03-16,40.400001525878906
2023-03-17,39.79999923706055
2023-03-20,39.79999923706055
2023-03-21,39.0
2023-03-22,38.400001525878906
2023-03-23,38.0
2023-03-24,34.93975830078125
2023-03-27,35.341365814208984
2023-03-28,34.33734893798828
2023-03-29,34.538150787353516
2023-03-30,33.93574142456055
2023-03-31,33.599998474121094
2023-04-03,33.599998474121094
2023-04-04,36.400001525878906
2023-04-05,36.599998474121094
2023-04-06,37.79999923706055
2023-04-07,37.79999923706055
2023-04-10,37.79999923706055
2023-04-11,37.400001525878906
2023-04-12,36.79999923706055
2023-04-13,37.599998474121094
2023-04-14,39.400001525878906
2023-04-17,39.400001525878906
2023-04-18,39.0
2023-04-19,38.79999923706055
2023-04-20,39.79999923706055
2023-04-21,39.400001525878906
2023-04-24,39.20000076293945
2023-04-25,38.400001525878906
2023-04-26,37.599998474121094
2023-04-27,38.0
2023-04-28,40.400001525878906
2023-05-01,40.599998474121094
2023-05-02,39.400001525878906
2023-05-03,40.400001525878906
2023-05-04,38.79999923706055
2023-05-05,38.599998474121094
2023-05-08,38.599998474121094
2023-05-09,37.79999923706055
2023-05-10,38.599998474121094
2023-05-11,38.599998474121094
2023-05-12,37.0
2023-05-15,37.20000076293945
2023-05-16,37.599998474121094
2023-05-17,37.0
2023-05-18,37.20000076293945
2023-05-19,37.79999923706055
2023-05-22,37.79999923706055
2023-05-23,37.20000076293945
2023-05-24,38.0
2023-05-25,36.400001525878906
2023-05-26,35.79999923706055
2023-05-29,35.79999923706055
2023-05-30,37.20000076293945
2023-05-31,36.599998474121094
2023-06-01,37.599998474121094
2023-06-02,39.0
2023-06-05,39.400001525878906
2023-06-06,38.599998474121094
2023-06-07,38.599998474121094
2023-06-08,38.0
2023-06-09,39.20000076293945
2023-06-12,38.599998474121094
2023-06-13,37.79999923706055
2023-06-14,38.599998474121094
2023-06-15,38.599998474121094
2023-06-16,36.20000076293945
2023-06-19,36.20000076293945
2023-06-20,36.20000076293945
2023-06-21,36.400001525878906
2023-06-22,36.599998474121094
2023-06-23,36.400001525878906
2023-06-26,36.400001525878906
2023-06-27,37.0
2023-06-28,36.20000076293945
2023-06-29,36.79999923706055
2023-06-30,38.79999923706055
2023-07-03,38.599998474121094
2023-07-04,38.599998474121094
2023-07-05,38.0
2023-07-06,38.599998474121094
2023-07-07,41.0
2023-07-10,41.0
2023-07-11,40.79999923706055
2023-07-12,40.0
2023-07-13,39.599998474121094
2023-07-14,42.0
2023-07-17,41.79999923706055
2023-07-18,41.599998474121094
2023-07-19,42.0
2023-07-20,41.20000076293945
2023-07-21,40.20000076293945
2023-07-24,40.400001525878906
2023-07-25,40.79999923706055
2023-07-26,40.0
2023-07-27,40.0
2023-07-28,40.0
2023-07-31,39.79999923706055
2023-08-01,40.79999923706055
2023-08-02,39.0
2023-08-03,39.599998474121094
2023-08-04,40.0
2023-08-07,39.79999923706055
2023-08-08,39.599998474121094
2023-08-09,40.599998474121094
2023-08-10,40.79999923706055
2023-08-11,41.400001525878906
2023-08-14,41.20000076293945
2023-08-15,41.20000076293945
2023-08-16,41.599998474121094
2023-08-17,42.400001525878906
2023-08-18,43.20000076293945
2023-08-21,42.79999923706055
2023-08-22,43.20000076293945
2023-08-23,43.20000076293945
2023-08-24,41.20000076293945
2023-08-25,41.599998474121094
2023-08-28,41.599998474121094
2023-08-29,41.400001525878906
2023-08-30,40.20000076293945
2023-08-31,39.79999923706055
2023-09-01,38.20000076293945
2023-09-04,38.20000076293945
2023-09-05,38.400001525878906
2023-09-06,38.400001525878906
2023-09-07,37.599998474121094
2023-09-08,38.0
2023-09-11,38.0
2023-09-12,38.20000076293945
2023-09-13,37.20000076293945
2023-09-14,36.79999923706055
2023-09-15,37.599998474121094
2023-09-18,38.0
2023-09-19,37.400001525878906
2023-09-20,37.20000076293945
2023-09-21,36.400001525878906
2023-09-22,35.400001525878906
2023-09-25,35.20000076293945
2023-09-26,36.79999923706055
2023-09-27,37.79999923706055
2023-09-28,37.79999923706055
2023-09-29,37.400001525878906
2023-10-02,37.599998474121094
2023-10-03,39.0
2023-10-04,39.20000076293945
2023-10-05,40.20000076293945
2023-10-06,40.20000076293945
2023-10-09,40.20000076293945
2023-10-10,41.0
2023-10-11,40.599998474121094
2023-10-12,39.20000076293945
2023-10-13,40.400001525878906
2023-10-16,40.599998474121094
2023-10-17,40.79999923706055
2023-10-18,41.400001525878906
2023-10-19,39.79999923706055
2023-10-20,37.87575149536133
2023-10-23,37.87575149536133
2023-10-24,39.8797607421875
2023-10-25,38.47695541381836
2023-10-26,38.276554107666016
2023-10-27,35.67134094238281
2023-10-30,35.67134094238281
2023-10-31,34.26853561401367
2023-11-01,33.667335510253906
2023-11-02,34.468936920166016
2023-11-03,34.79999923706055
2023-11-06,35.0
2023-11-07,34.79999923706055
2023-11-08,34.79999923706055
2023-11-09,34.79999923706055
2023-11-10,31.799999237060547
2023-11-13,31.799999237060547
2023-11-14,31.399999618530273
2023-11-15,31.399999618530273
2023-11-16,32.0
2023-11-17,34.0
2023-11-20,34.0
2023-11-21,33.79999923706055
2023-11-22,33.0
2023-11-23,33.0
2023-11-24,32.20000076293945
2023-11-27,32.400001525878906
2023-11-28,33.599998474121094
2023-11-29,32.79999923706055
2023-11-30,32.599998474121094
2023-12-01,34.0
2023-12-04,34.20000076293945
2023-12-05,33.599998474121094
2023-12-06,32.20000076293945
2023-12-07,33.20000076293945
2023-12-08,33.79999923706055
2023-12-11,34.0
2023-12-12,36.0
2023-12-13,35.400001525878906
2023-12-14,35.20000076293945
2023-12-15,37.599998474121094
2023-12-18,37.599998474121094
2023-12-19,38.400001525878906
2023-12-20,38.599998474121094
2023-12-21,38.79999923706055
2023-12-22,39.20000076293945
2023-12-25,39.20000076293945
2023-12-26,38.20000076293945
2023-12-27,38.400001525878906
2023-12-28,38.0
2023-12-29,37.599998474121094
2024-01-01,37.599998474121094
2024-01-02,38.20000076293945
2024-01-03,39.20000076293945
2024-01-04,39.79999923706055
2024-01-05,42.79999923706055
2024-01-08,43.0
2024-01-09,43.79999923706055
2024-01-10,45.599998474121094
2024-01-11,46.0
2024-01-12,46.20000076293945
2024-01-15,46.20000076293945
2024-01-16,45.20000076293945
2024-01-17,45.20000076293945
2024-01-18,45.79999923706055
2024-01-19,46.20000076293945
2024-01-22,46.20000076293945
2024-01-23,46.79999923706055
2024-01-24,46.20000076293945
2024-01-25,46.599998474121094
2024-01-26,46.599998474121094
2024-01-29,46.79999923706055
2024-01-30,46.0
2024-01-31,45.599998474121094
2024-02-01,43.79999923706055
2024-02-02,43.79999923706055
2024-02-05,44.0
2024-02-06,43.599998474121094
2024-02-07,42.599998474121094
2024-02-08,40.599998474121094
2024-02-09,37.400001525878906
2024-02-12,37.400001525878906
2024-02-13,36.599998474121094
2024-02-14,36.0
2024-02-15,35.20000076293945
2024-02-16,36.0
2024-02-19,36.0
2024-02-20,36.0
2024-02-21,34.79999923706055
2024-02-22,34.79999923706055
2024-02-23,34.0
2024-02-26,34.20000076293945
2024-02-27,33.400001525878906
2024-02-28,34.599998474121094
2024-02-29,35.599998474121094
2024-03-01,37.400001525878906
2024-03-04,37.20000076293945
2024-03-05,38.79999923706055
2024-03-06,36.599998474121094
2024-03-07,36.79999923706055
2024-03-08,36.0
2024-03-11,36.0
2024-03-12,36.0
2024-03-13,35.0
2024-03-14,35.79999923706055
2024-03-15,33.599998474121094
2024-03-18,33.400001525878906
2024-03-19,34.400001525878906
2024-03-20,34.400001525878906
2024-03-21,35.20000076293945
2024-03-22,35.79999923706055
2024-03-25,35.79999923706055
2024-03-26,37.0
2024-03-27,35.79999923706055
2024-03-28,35.599998474121094
2024-03-29,35.599998474121094
2024-04-01,35.599998474121094
2024-04-02,38.0
2024-04-03,37.599998474121094
2024-04-04,38.0
2024-04-05,41.79999923706055
2024-04-08,41.79999923706055
2024-04-09,42.0
2024-04-10,42.20000076293945
2024-04-11,43.599998474121094
2024-04-12,41.599998474121094
2024-04-15,41.599998474121094
2024-04-16,42.599998474121094
2024-04-17,43.20000076293945
2024-04-18,42.20000076293945
2024-04-19,44.599998474121094
2024-04-22,44.400001525878906
2024-04-23,44.20000076293945
2024-04-24,43.79999923706055
2024-04-25,43.0
2024-04-26,44.599998474121094
2024-04-29,44.599998474121094
2024-04-30,43.79999923706055
2024-05-01,42.79999923706055
2024-05-02,42.20000076293945
2024-05-03,41.0
2024-05-06,41.0
2024-05-07,40.599998474121094
2024-05-08,40.79999923706055
2024-05-09,40.79999923706055
2024-05-10,39.47895812988281
2024-05-13,39.679359436035156
2024-05-14,39.078155517578125
2024-05-15,39.679359436035156
2024-05-16,39.078155517578125
2024-05-17,40.080162048339844
2024-05-20,40.080162048339844
2024-05-21,39.679359436035156
2024-05-22,37.47494888305664
2024-05-23,37.2745475769043
2024-05-24,38.276554107666016
2024-05-27,38.276554107666016
2024-05-28,39.078155517578125
2024-05-29,38.47695541381836
2024-05-30,37.07415008544922
2024-05-31,38.599998474121094
2024-06-03,38.20000076293945
2024-06-04,39.599998474121094
2024-06-05,39.599998474121094
2024-06-06,37.79999923706055
2024-06-07,36.79999923706055
2024-06-10,37.0
2024-06-11,36.400001525878906
2024-06-12,36.599998474121094
2024-06-13,36.79999923706055
2024-06-14,35.20000076293945
2024-06-17,35.79999923706055
2024-06-18,36.0
2024-06-19,36.0
2024-06-20,36.20000076293945
2024-06-21,36.599998474121094
2024-06-24,36.599998474121094
2024-06-25,38.400001525878906
2024-06-26,38.599998474121094
2024-06-27,35.599998474121094
2024-06-28,36.400001525878906
2024-07-01,36.599998474121094
2024-07-02,36.79999923706055
2024-07-03,36.599998474121094
2024-07-04,36.599998474121094
2024-07-05,38.400001525878906
2024-07-08,38.400001525878906
2024-07-09,40.20000076293945
2024-07-10,41.0
2024-07-11,41.0
2024-07-12,39.679359436035156
2024-07-15,39.47895812988281
2024-07-16,39.679359436035156
2024-07-17,42.284568786621094
2024-07-18,43.08617401123047
2024-07-19,41.0821647644043
2024-07-22,41.0821647644043
2024-07-23,42.08416748046875
2024-07-24,42.08416748046875
2024-07-25,42.08416748046875
2024-07-26,39.47895812988281
2024-07-29,39.47895812988281
2024-07-30,39.8797607421875
2024-07-31,40.080162048339844
2024-08-01,39.47895812988281
2024-08-02,38.79999923706055
2024-08-05,38.79999923706055
2024-08-06,37.599998474121094
2024-08-07,37.599998474121094
2024-08-08,36.79999923706055
2024-08-09,35.599998474121094
2024-08-12,35.599998474121094
2024-08-13,37.0
2024-08-14,36.79999923706055
2024-08-15,36.0
2024-08-16,36.400001525878906
2024-08-19,36.599998474121094
2024-08-20,36.400001525878906
2024-08-21,34.79999923706055
2024-08-22,35.0
2024-08-23,34.0
2024-08-26,33.79999923706055
2024-08-27,33.79999923706055
2024-08-28,34.79999923706055
2024-08-29,34.599998474121094
2024-08-30,36.79999923706055
2024-09-02,36.79999923706055
2024-09-03,36.79999923706055
2024-09-04,36.400001525878906
2024-09-05,36.599998474121094
2024-09-06,36.599998474121094
2024-09-09,36.79999923706055
2024-09-10,36.400001525878906
2024-09-11,36.599998474121094
2024-09-12,38.79999923706055
2024-09-13,39.0
2024-09-16,39.0
2024-09-17,38.20000076293945
2024-09-18,38.0
2024-09-19,38.599998474121094
2024-09-20,39.0
2024-09-23,39.20000076293945
2024-09-24,40.20000076293945
2024-09-25,40.599998474121094
2024-09-26,41.599998474121094
2024-09-27,41.400001525878906
2024-09-30,41.599998474121094
2024-10-01,41.20000076293945
2024-10-02,41.400001525878906
2024-10-03,40.79999923706055
2024-10-04,40.400001525878906
2024-10-07,39.79999923706055
2024-10-08,41.79999923706055
2024-10-09,41.599998474121094
2024-10-10,40.599998474121094
2024-10-11,41.0
2024-10-14,41.400001525878906
2024-10-15,43.400001525878906
2024-10-16,42.0
2024-10-17,42.20000076293945
2024-10-18,40.599998474121094
2024-10-21,40.599998474121094
2024-10-22,42.0
2024-10-23,39.79999923706055
2024-10-24,40.20000076293945
2024-10-25,36.599998474121094
2024-10-28,36.599998474121094
2024-10-29,37.0
2024-10-30,37.20000076293945
2024-10-31,36.20000076293945
2024-11-01,36.20000076293945
2024-11-04,37.0
2024-11-05,37.400001525878906
2024-11-06,37.599998474121094
2024-11-07,37.400001525878906
2024-11-08,35.20000076293945
2024-11-11,35.400001525878906
2024-11-12,36.0
2024-11-13,36.400001525878906
2024-11-14,36.400001525878906
2024-11-15,35.20000076293945
2024-11-18,35.20000076293945
2024-11-19,36.0
2024-11-20,36.20000076293945
2024-11-21,36.599998474121094
2024-11-22,38.0
2024-11-25,38.0
2024-11-26,37.599998474121094
2024-11-27,34.79999923706055
2024-11-28,34.79999923706055
2024-11-29,36.0
2024-12-02,35.20000076293945
2024-12-03,35.20000076293945
2024-12-04,35.599998474121094
2024-12-05,36.400001525878906
2024-12-06,37.0
2024-12-09,36.79999923706055
2024-12-10,37.0
2024-12-11,36.400001525878906
2024-12-12,36.79999923706055
2024-12-13,39.599998474121094
2024-12-16,39.400001525878906
2024-12-17,39.20000076293945
2024-12-18,40.599998474121094
2024-12-19,41.0
2024-12-20,40.599998474121094
2024-12-23,40.599998474121094
2024-12-24,40.0
2024-12-25,40.0
2024-12-26,40.0
2024-12-27,41.883766174316406
2024-12-30,41.68336486816406
2024-12-31,39.47895812988281
2025-01-01,39.47895812988281
2025-01-02,38.87775421142578
2025-01-03,38.400001525878906
2025-01-06,38.400001525878906
2025-01-07,38.0
2025-01-08,37.400001525878906
2025-01-09,37.400001525878906
2025-01-10,38.400001525878906
2025-01-13,38.20000076293945
2025-01-14,37.599998474121094
2025-01-15,38.599998474121094
2025-01-16,38.79999923706055
2025-01-17,38.0
2025-01-20,38.0
2025-01-21,38.20000076293945
2025-01-22,38.400001525878906
2025-01-23,38.20000076293945
2025-01-24,38.400001525878906
2025-01-27,38.20000076293945
2025-01-28,37.599998474121094
2025-01-29,36.0
2025-01-30,35.0
2025-01-31,34.20000076293945
2025-02-03,34.400001525878906
2025-02-04,34.400001525878906
2025-02-05,33.79999923706055
2025-02-06,32.400001525878906
2025-02-07,31.0
2025-02-10,31.0
2025-02-11,30.200000762939453
2025-02-12,30.0
2025-02-13,31.200000762939453
2025-02-14,32.0
2025-02-17,32.0
2025-02-18,32.20000076293945
2025-02-19,32.400001525878906
2025-02-20,32.79999923706055
2025-02-21,32.20000076293945
2025-02-24,32.20000076293945
2025-02-25,33.20000076293945
2025-02-26,33.599998474121094
2025-02-27,33.0
2025-02-28,33.20000076293945
2025-03-03,32.79999923706055
2025-03-04,32.400001525878906
2025-03-05,32.20000076293945
2025-03-06,31.799999237060547
2025-03-07,30.799999237060547
2025-03-10,30.600000381469727
2025-03-11,32.0
2025-03-12,31.600000381469727
2025-03-13,30.399999618530273
2025-03-14,30.600000381469727
2025-03-17,30.799999237060547
2025-03-18,30.200000762939453
2025-03-19,31.399999618530273
2025-03-20,31.399999618530273
2025-03-21,32.400001525878906
2025-03-24,32.400001525878906
2025-03-25,32.400001525878906
2025-03-26,33.599998474121094
2025-03-27,31.799999237060547
2025-03-28,31.200000762939453
2025-03-31,31.399999618530273
2025-04-01,31.600000381469727
2025-04-02,32.79999923706055
2025-04-03,32.599998474121094
2025-04-04,35.20000076293945
2025-04-07,35.20000076293945
2025-04-08,34.79999923706055
2025-04-09,33.400001525878906
2025-04-10,32.79999923706055
2025-04-11,33.20000076293945
2025-04-14,32.599998474121094
2025-04-15,33.599998474121094
2025-04-16,35.0
2025-04-17,35.20000076293945
2025-04-18,35.20000076293945
2025-04-21,35.400001525878906
2025-04-22,36.400001525878906
2025-04-23,34.599998474121094
2025-04-24,34.0
2025-04-25,34.20000076293945
2025-04-28,34.20000076293945
2025-04-29,34.400001525878906
2025-04-30,34.400001525878906
2025-05-01,32.599998474121094
2025-05-02,31.200000762939453
2025-05-05,31.200000762939453
2025-05-06,32.79999923706055
2025-05-07,31.600000381469727
2025-05-08,33.400001525878906
2025-05-09,35.0
2025-05-12,34.79999923706055
2025-05-13,34.400001525878906
2025-05-14,35.400001525878906
2025-05-15,36.599998474121094
2025-05-16,38.79999923706055
2025-05-19,38.79999923706055
2025-05-20,39.20000076293945
2025-05-21,39.79999923706055
2025-05-22,40.599998474121094
2025-05-23,41.28256607055664
2025-05-26,41.28256607055664
2025-05-27,42.284568786621094
2025-05-28,41.68336486816406
2025-05-29,43.48697280883789
2025-05-30,40.51896286010742
2025-06-02,40.31936264038086
2025-06-03,39.92015838623047
2025-06-04,39.520957946777344
2025-06-05,38.72255325317383
2025-06-06,39.720558166503906
2025-06-09,39.92015838623047
2025-06-10,40.11975860595703
2025-06-11,39.720558166503906
2025-06-12,38.922157287597656
2025-06-13,39.520957946777344
2025-06-16,40.11975860595703
2025-06-17,41.5169677734375
2025-06-18,39.720558166503906
2025-06-19,39.720558166503906
2025-06-20,37.92415237426758
2025-06-23,37.92415237426758
2025-06-24,38.3233528137207
2025-06-25,38.3233528137207
2025-06-26,38.72255325317383
2025-06-27,38.522953033447266
2025-06-30,38.72255325317383
2025-07-01,41.916168212890625
2025-07-02,42.51496887207031
2025-07-03,43.912174224853516
2025-07-04,43.79999923706055
2025-07-07,43.599998474121094
2025-07-08,46.20000076293945
2025-07-09,45.79999923706055
2025-07-10,48.599998474121094
2025-07-11,47.29458999633789
2025-07-14,47.09418869018555
2025-07-15,48.897796630859375
2025-07-16,48.296592712402344
2025-07-17,51.30260467529297
2025-07-18,48.79518127441406
2025-07-21,48.9959831237793
2025-07-22,49.799198150634766
2025-07-23,51.20481872558594
2025-07-24,50.60240936279297
2025-07-25,51.710262298583984
2025-07-28,51.710262298583984
2025-07-29,51.10663986206055
2025-07-30,50.7042236328125
2025-07-31,49.094566345214844
2025-08-01,49.20000076293945
2025-08-04,49.0
2025-08-05,49.20000076293945
2025-08-06,49.0
2025-08-07,48.20000076293945
2025-08-08,49.599998474121094
2025-08-11,49.599998474121094
2025-08-12,49.400001525878906
2025-08-13,49.0
2025-08-14,48.599998474121094
2025-08-15,49.400001525878906
2025-08-18,49.400001525878906
2025-08-19,48.599998474121094
2025-08-20,48.79999923706055
2025-08-21,49.20000076293945
2025-08-22,46.20000076293945
2025-08-25,46.0
2025-08-26,45.79999923706055
2025-08-27,46.79999923706055
2025-08-28,47.20000076293945
2025-08-29,46.69338607788086
2025-09-01,46.69338607788086
2025-09-02,46.492984771728516
2025-09-03,46.69338607788086
2025-09-04,46.092185974121094
2025-09-05,45.79999923706055
2025-09-08,45.79999923706055
2025-09-09,45.400001525878906
2025-09-10,46.20000076293945
2025-09-11,45.79999923706055
2025-09-12,45.79999923706055
2025-09-15,44.599998474121094
2025-09-16,44.20000076293945
2025-09-17,44.79999923706055
2025-09-18,43.599998474121094
2025-09-19,43.599998474121094
2025-09-22,44.0
2025-09-23,45.0
2025-09-24,44.20000076293945
2025-09-25,44.400001525878906
2025-09-26,46.400001525878906
2025-09-29,46.20000076293945
2025-09-30,48.20000076293945
2025-10-01,49.599998474121094
2025-10-02,50.400001525878906
2025-10-03,50.400001525878906
2025-10-06,50.400001525878906
2025-10-07,51.0
2025-10-08,51.0
2025-10-09,50.400001525878906
2025-10-10,51.599998474121094
2025-10-13,51.79999923706055
2025-10-14,50.79999923706055
2025-10-15,50.599998474121094
2025-10-16,50.0
2025-10-17,51.0
2025-10-20,50.599998474121094
2025-10-21,49.79999923706055
2025-10-22,48.599998474121094
2025-10-23,49.0
2025-10-24,47.599998474121094
2025-10-27,47.599998474121094
2025-10-28,48.20000076293945
2025-10-29,47.0
2025-10-30,46.599998474121094
2025-10-31,46.400001525878906
2025-11-03,46.0
2025-11-04,45.400001525878906
2025-11-05,45.0
2025-11-06,45.599998474121094
2025-11-07,43.0
2025-11-10,43.0
2025-11-11,43.79999923706055
2025-11-12,43.400001525878906
2025-11-13,44.599998474121094
2025-11-14,45.400001525878906
2025-11-17,45.400001525878906
2025-11-18,45.400001525878906
2025-11-19,44.79999923706055
2025-11-20,45.400001525878906
2025-11-21,43.79999923706055
2025-11-24,43.400001525878906
2025-11-25,44.0
2025-11-26,43.0
2025-11-27,43.0
2025-11-28,41.883766174316406
2025-12-01,41.883766174316406
2025-12-02,41.482967376708984
2025-12-03,40.480960845947266
2025-12-04,40.28055953979492
2025-12-05,40.20000076293945
2025-12-08,40.20000076293945
2025-12-09,40.400001525878906
2025-12-10,40.20000076293945
2025-12-11,38.79999923706055
2025-12-12,39.078155517578125
2025-12-15,39.078155517578125
2025-12-16,39.47895812988281
2025-12-17,39.679359436035156
2025-12-18,40.88176345825195
2025-12-19,39.679359436035156
2025-12-22,39.679359436035156
2025-12-23,39.8797607421875
2025-12-24,40.480960845947266
2025-12-25,40.480960845947266
2025-12-26,40.480960845947266
2025-12-29,39.8797607421875
2025-12-30,40.080162048339844
2025-12-31,39.27855682373047
2026-01-01,39.27855682373047
2026-01-02,40.400001525878906
2026-01-05,40.20000076293945
2026-01-06,41.0
2026-01-07,38.79999923706055
2026-01-08,39.20000076293945
2026-01-09,40.599998474121094
2026-01-12,40.599998474121094
2026-01-13,42.79999923706055
2026-01-14,43.79999923706055
2026-01-15,44.400001525878906
2026-01-16,44.79999923706055
2026-01-19,44.79999923706055
2026-01-20,45.79999923706055
2026-01-21,47.0
2026-01-22,47.0
2026-01-23,48.0
2026-01-26,48.0
2026-01-27,49.400001525878906
2026-01-28,49.400001525878906
2026-01-29,50.20000076293945
2026-01-30,49.0
2026-02-02,48.79999923706055
2026-02-03,49.0
2026-02-04,48.400001525878906
2026-02-05,46.0
2026-02-06,43.400001525878906
2026-02-09,43.20000076293945
2026-02-10,43.400001525878906
2026-02-11,43.599998474121094
2026-02-12,43.400001525878906
2026-02-13,44.08817672729492
2026-02-16,44.08817672729492
2026-02-17,44.08817672729492
2026-02-18,42.68537139892578
2026-02-19,42.284568786621094
2026-02-20,42.08416748046875
2026-02-23,42.08416748046875
2026-02-24,42.48497009277344
2026-02-25,42.68537139892578
2026-02-26,41.0821647644043
2026-02-27,42.599998474121094
2026-03-02,42.400001525878906
2026-03-03,42.20000076293945
2026-03-04,43.599998474121094
2026-03-05,44.79999923706055
2026-03-06,44.599998474121094
2026-03-09,45.0
2026-03-10,45.400001525878906
2026-03-11,46.20000076293945
2026-03-12,46.400001525878906
2026-03-13,47.0
2026-03-16,47.400001525878906
2026-03-17,47.20000076293945
2026-03-18,46.0
2026-03-19,46.20000076293945
2026-03-20,47.79999923706055
2026-03-23,48.0
2026-03-24,48.20000076293945
2026-03-25,48.400001525878906
2026-03-26,47.599998474121094
2026-03-27,47.599998474121094
2026-03-30,47.599998474121094
2026-03-31,47.20000076293945
2026-04-01,46.400001525878906
2026-04-02,45.400001525878906
2026-04-03,45.599998474121094
2026-04-06,45.400001525878906
2026-04-07,43.400001525878906
2026-04-08,45.599998474121094
2026-04-09,45.400001525878906
2026-04-10,45.89178466796875
2026-04-13,46.492984771728516
2026-04-14,45.89178466796875
2026-04-15,44.88977813720703
2026-04-16,45.29058074951172
2026-04-17,46.492984771728516
2026-04-20,46.492984771728516
2026-04-21,46.69338607788086
2026-04-22,44.88977813720703
2026-04-23,44.88977813720703
2026-04-24,43.88777542114258
2026-04-27,43.88777542114258
2026-04-28,44.88977813720703
2026-04-29,44.88977813720703
2026-04-30,44.288578033447266
2026-05-01,43.400001525878906
2026-05-04,43.400001525878906
2026-05-05,44.79999923706055
2026-05-06,44.0
2026-05-07,44.400001525878906
2026-05-08,45.090179443359375
2026-05-11,45.090179443359375
2026-05-12,44.88977813720703
2026-05-13,46.69338607788086
2026-05-14,46.29258346557617
2026-05-15,47.09418869018555
2026-05-18,47.29458999633789
2026-05-19,47.09418869018555
2026-05-20,47.69539260864258
2026-05-21,48.296592712402344
2026-05-22,50.10020065307617
2026-05-25,50.10020065307617
2026-05-26,50.90180206298828
2026-05-27,51.30260467529297
2026-05-28,48.69739532470703
