time,close,Volume
1998-12-31,9.08,
1999-01-04,9.04,
1999-01-05,8.99,
1999-01-06,8.91,
1999-01-07,8.88,
1999-01-08,8.83,
1999-01-11,8.86,
1999-01-12,8.96,
1999-01-13,10.03,
1999-01-14,10.53,
1999-01-15,10.46,
1999-01-18,10.45,
1999-01-19,10.21,
1999-01-20,10.04,
1999-01-21,10.1,
1999-01-22,10.23,
1999-01-25,10.37,
1999-01-26,10.37,
1999-01-27,10.06,
1999-01-28,10.04,
1999-01-29,9.94,
1999-01-31,10.04,
1999-02-01,9.87,
1999-02-02,9.78,
1999-02-03,9.65,
1999-02-04,9.57,
1999-02-05,9.55,
1999-02-08,9.59,
1999-02-09,9.62,
1999-02-10,9.51,
1999-02-11,9.5,
1999-02-12,9.39,
1999-02-15,9.41,
1999-02-16,9.35,
1999-02-17,9.36,
1999-02-18,9.16,
1999-02-19,9.14,
1999-02-22,9.15,
1999-02-23,9.1,
1999-02-24,9.1,
1999-02-25,9.02,
1999-02-26,9.07,
1999-02-28,8.93,
1999-03-01,8.76,
1999-03-02,8.84,
1999-03-03,8.75,
1999-03-04,8.69,
1999-03-05,8.74,
1999-03-08,8.72,
1999-03-09,8.71,
1999-03-10,8.68,
1999-03-11,8.63,
1999-03-12,8.63,
1999-03-15,8.54,
1999-03-16,8.5,
1999-03-17,8.46,
1999-03-18,8.47,
1999-03-19,8.23,
1999-03-22,8.14,
1999-03-23,8.14,
1999-03-24,8.16,
1999-03-25,8.06,
1999-03-26,8.01,
1999-03-29,7.91,
1999-03-30,8.03,
1999-03-31,7.29,
1999-04-01,7.15,
1999-04-02,7.22,
1999-04-05,7.12,
1999-04-06,7.08,
1999-04-07,6.97,
1999-04-08,6.94,
1999-04-09,6.82,
1999-04-12,6.74,
1999-04-13,6.62,
1999-04-14,6.56,
1999-04-15,6.49,
1999-04-16,6.4,
1999-04-19,6.42,
1999-04-20,6.41,
1999-04-21,6.39,
1999-04-22,6.33,
1999-04-23,6.3,
1999-04-26,6.25,
1999-04-27,6.3,
1999-04-28,6.25,
1999-04-29,6.25,
1999-04-30,6.13,
1999-05-03,6.09,
1999-05-04,6.01,
1999-05-05,6.1,
1999-05-06,6.02,
1999-05-07,5.93,
1999-05-10,5.96,
1999-05-11,5.96,
1999-05-12,5.96,
1999-05-13,6.09,
1999-05-14,6,
1999-05-17,6.07,
1999-05-18,6.1,
1999-05-19,6.23,
1999-05-20,6.33,
1999-05-21,6.53,
1999-05-24,6.61,
1999-05-25,6.64,
1999-05-26,6.52,
1999-05-27,6.38,
1999-05-28,6.45,
1999-05-31,6.29,
1999-06-01,6.2,
1999-06-02,6.23,
1999-06-03,6.24,
1999-06-04,6.21,
1999-06-07,6.16,
1999-06-08,6.12,
1999-06-09,6.07,
1999-06-10,6.04,
1999-06-11,5.99,
1999-06-14,6.07,
1999-06-15,6.01,
1999-06-16,6.02,
1999-06-17,6.04,
1999-06-18,5.99,
1999-06-21,5.88,
1999-06-22,5.86,
1999-06-23,5.82,
1999-06-24,5.8,
1999-06-25,5.83,
1999-06-28,5.89,
1999-06-29,5.89,
1999-06-30,5.93,
1999-07-01,5.87,
1999-07-02,5.87,
1999-07-05,5.87,
1999-07-06,5.84,
1999-07-07,5.82,
1999-07-08,5.87,
1999-07-09,5.85,
1999-07-12,5.89,
1999-07-13,5.97,
1999-07-14,6,
1999-07-15,6.01,
1999-07-16,6.03,
1999-07-19,6,
1999-07-20,6.02,
1999-07-21,6.03,
1999-07-22,5.98,
1999-07-23,5.94,
1999-07-26,5.98,
1999-07-27,6.09,
1999-07-28,6.03,
1999-07-29,5.99,
1999-07-30,5.99,
1999-07-31,5.75,
1999-08-02,5.75,
1999-08-03,5.76,
1999-08-04,5.79,
1999-08-05,5.86,
1999-08-06,5.77,
1999-08-09,5.74,
1999-08-10,5.78,
1999-08-11,5.8,
1999-08-12,5.8,
1999-08-13,5.86,
1999-08-16,5.84,
1999-08-17,5.87,
1999-08-18,5.87,
1999-08-19,5.86,
1999-08-20,5.87,
1999-08-23,5.88,
1999-08-24,5.89,
1999-08-25,5.97,
1999-08-26,5.93,
1999-08-27,5.83,
1999-08-30,5.78,
1999-08-31,5.64,
1999-09-01,5.65,
1999-09-02,5.59,
1999-09-03,5.65,
1999-09-06,5.65,
1999-09-07,5.63,
1999-09-08,5.63,
1999-09-09,5.59,
1999-09-10,5.61,
1999-09-13,5.59,
1999-09-14,5.56,
1999-09-15,5.57,
1999-09-16,5.59,
1999-09-17,5.63,
1999-09-20,5.52,
1999-09-21,5.52,
1999-09-22,5.53,
1999-09-23,5.54,
1999-09-24,5.6,
1999-09-27,5.56,
1999-09-28,5.5,
1999-09-29,5.44,
1999-09-30,5.46,
1999-10-01,5.4,
1999-10-04,5.39,
1999-10-05,5.48,
1999-10-06,5.39,
1999-10-07,5.39,
1999-10-08,5.32,
1999-10-11,5.3,
1999-10-12,5.26,
1999-10-13,5.29,
1999-10-14,5.24,
1999-10-15,5.27,
1999-10-18,5.34,
1999-10-19,5.33,
1999-10-20,5.25,
1999-10-21,5.29,
1999-10-22,5.21,
1999-10-25,5.15,
1999-10-26,5.17,
1999-10-27,5.12,
1999-10-28,5.13,
1999-10-29,5.17,
1999-10-31,5.29,
1999-11-01,5.31,
1999-11-02,5.31,
1999-11-03,5.29,
1999-11-04,5.31,
1999-11-05,5.29,
1999-11-08,5.24,
1999-11-09,5.32,
1999-11-10,5.18,
1999-11-11,5.19,
1999-11-12,5.17,
1999-11-15,5.13,
1999-11-16,5.08,
1999-11-17,5.06,
1999-11-18,5.06,
1999-11-19,5.01,
1999-11-22,4.99,
1999-11-23,4.96,
1999-11-24,4.93,
1999-11-25,4.95,
1999-11-26,4.94,
1999-11-29,4.9,
1999-11-30,4.85,
1999-12-01,4.84,
1999-12-02,4.81,
1999-12-03,4.83,
1999-12-06,4.83,
1999-12-07,4.84,
1999-12-08,4.82,
1999-12-09,4.84,
1999-12-10,4.84,
1999-12-13,4.8,
1999-12-14,4.72,
1999-12-15,4.67,
1999-12-16,4.63,
1999-12-17,4.65,
1999-12-20,4.59,
1999-12-21,4.57,
1999-12-22,4.56,
1999-12-23,4.55,
1999-12-24,4.56,
1999-12-27,4.55,
1999-12-28,4.55,
1999-12-29,4.52,
1999-12-30,4.52,
1999-12-31,4.53,
2000-01-03,4.44,
2000-01-04,4.49,
2000-01-05,4.46,
2000-01-06,4.49,
2000-01-07,4.5,
2000-01-10,4.47,
2000-01-11,4.43,
2000-01-12,4.4,
2000-01-13,4.44,
2000-01-14,4.39,
2000-01-17,4.41,
2000-01-18,4.34,
2000-01-19,4.35,
2000-01-20,4.3,
2000-01-21,4.3,
2000-01-24,4.33,
2000-01-25,4.33,
2000-01-26,4.31,
2000-01-27,4.26,
2000-01-28,4.25,
2000-01-31,4.31,
2000-02-01,4.34,
2000-02-02,4.32,
2000-02-03,4.32,
2000-02-04,4.21,
2000-02-07,4.12,
2000-02-08,4.15,
2000-02-09,4.12,
2000-02-10,4.09,
2000-02-11,4.09,
2000-02-14,4.12,
2000-02-15,4,
2000-02-16,4,
2000-02-17,3.95,
2000-02-18,4,
2000-02-21,4,
2000-02-22,4.07,
2000-02-23,4,
2000-02-24,4.05,
2000-02-25,4.06,
2000-02-28,3.99,
2000-02-29,3.97,
2000-03-01,3.98,
2000-03-02,3.94,
2000-03-03,3.94,
2000-03-06,3.87,
2000-03-07,3.87,
2000-03-08,3.85,
2000-03-09,3.85,
2000-03-10,3.81,
2000-03-13,3.85,
2000-03-14,3.89,
2000-03-15,3.92,
2000-03-16,3.94,
2000-03-17,3.94,
2000-03-20,3.93,
2000-03-21,3.92,
2000-03-22,3.93,
2000-03-23,3.92,
2000-03-24,3.86,
2000-03-27,3.86,
2000-03-28,3.9,
2000-03-29,3.89,
2000-03-30,3.98,
2000-03-31,3.99,
2000-04-03,4.07,
2000-04-04,4.2,
2000-04-05,4.17,
2000-04-06,4.15,
2000-04-07,4.17,
2000-04-10,4.23,
2000-04-11,4.17,
2000-04-12,4.11,
2000-04-13,4.14,
2000-04-14,4.22,
2000-04-17,4.18,
2000-04-18,4.17,
2000-04-19,4.22,
2000-04-20,4.2,
2000-04-24,4.21,
2000-04-25,4.13,
2000-04-26,4.11,
2000-04-27,4.09,
2000-04-28,4.1,
2000-04-30,4.07,
2000-05-01,4.06,
2000-05-02,4.05,
2000-05-03,4.03,
2000-05-04,4.04,
2000-05-05,4.08,
2000-05-08,4.1,
2000-05-09,4.16,
2000-05-10,4.24,
2000-05-11,4.3,
2000-05-12,4.27,
2000-05-15,4.28,
2000-05-16,4.3,
2000-05-17,4.27,
2000-05-18,4.22,
2000-05-19,4.3,
2000-05-22,4.36,
2000-05-23,4.35,
2000-05-24,4.36,
2000-05-25,4.43,
2000-05-26,4.46,
2000-05-29,4.47,
2000-05-30,4.45,
2000-05-31,4.55,
2000-06-01,4.57,
2000-06-02,4.55,
2000-06-05,4.53,
2000-06-06,4.5,
2000-06-07,4.52,
2000-06-08,4.51,
2000-06-09,4.5,
2000-06-12,4.48,
2000-06-13,4.49,
2000-06-14,4.49,
2000-06-15,4.48,
2000-06-16,4.49,
2000-06-19,4.45,
2000-06-20,4.43,
2000-06-21,4.38,
2000-06-22,4.4,
2000-06-23,4.37,
2000-06-26,4.42,
2000-06-27,4.43,
2000-06-28,4.4,
2000-06-29,4.45,
2000-06-30,4.48,
2000-07-03,4.46,
2000-07-04,4.47,
2000-07-05,4.45,
2000-07-06,4.4,
2000-07-07,4.42,
2000-07-10,4.4,
2000-07-11,4.39,
2000-07-12,4.33,
2000-07-13,4.37,
2000-07-14,4.31,
2000-07-17,4.27,
2000-07-18,4.28,
2000-07-19,4.28,
2000-07-20,4.34,
2000-07-21,4.34,
2000-07-24,4.32,
2000-07-25,4.32,
2000-07-26,4.3,
2000-07-27,4.28,
2000-07-28,4.27,
2000-07-31,4.29,
2000-08-01,4.32,
2000-08-02,4.32,
2000-08-03,4.33,
2000-08-04,4.34,
2000-08-07,4.32,
2000-08-08,4.32,
2000-08-09,4.31,
2000-08-10,4.29,
2000-08-11,4.27,
2000-08-14,4.25,
2000-08-15,4.21,
2000-08-16,4.21,
2000-08-17,4.21,
2000-08-18,4.24,
2000-08-21,4.25,
2000-08-22,4.25,
2000-08-23,4.25,
2000-08-24,4.27,
2000-08-25,4.27,
2000-08-28,4.25,
2000-08-29,4.23,
2000-08-30,4.24,
2000-08-31,4.24,
2000-09-01,4.28,
2000-09-04,4.28,
2000-09-05,4.27,
2000-09-06,4.25,
2000-09-07,4.25,
2000-09-08,4.26,
2000-09-11,4.26,
2000-09-12,4.25,
2000-09-13,4.3,
2000-09-14,4.29,
2000-09-15,4.3,
2000-09-18,4.35,
2000-09-19,4.37,
2000-09-20,4.35,
2000-09-21,4.38,
2000-09-22,4.42,
2000-09-25,4.4,
2000-09-26,4.44,
2000-09-27,4.42,
2000-09-28,4.4,
2000-09-29,4.43,
2000-09-30,4.44,
2000-10-02,4.52,
2000-10-03,4.51,
2000-10-04,4.5,
2000-10-05,4.52,
2000-10-06,4.53,
2000-10-09,4.55,
2000-10-10,4.56,
2000-10-11,4.61,
2000-10-12,4.69,
2000-10-13,4.84,
2000-10-16,4.83,
2000-10-17,4.89,
2000-10-18,4.96,
2000-10-19,5.01,
2000-10-20,5.01,
2000-10-23,5.06,
2000-10-24,5.07,
2000-10-25,5.04,
2000-10-26,5.07,
2000-10-27,5.02,
2000-10-30,5,
2000-10-31,5.09,
2000-11-01,5.12,
2000-11-02,5.13,
2000-11-03,5.07,
2000-11-06,5.05,
2000-11-07,5.1,
2000-11-08,5.08,
2000-11-09,5.16,
2000-11-10,5.14,
2000-11-13,5.24,
2000-11-14,5.15,
2000-11-15,5.16,
2000-11-16,5.14,
2000-11-17,5.13,
2000-11-20,5.16,
2000-11-21,5.17,
2000-11-22,5.22,
2000-11-23,5.22,
2000-11-24,5.2,
2000-11-27,5.2,
2000-11-28,5.22,
2000-11-29,5.27,
2000-11-30,5.39,
2000-12-01,5.36,
2000-12-04,5.37,
2000-12-05,5.43,
2000-12-06,5.46,
2000-12-07,5.45,
2000-12-08,5.44,
2000-12-11,5.4,
2000-12-12,5.39,
2000-12-13,5.44,
2000-12-14,5.45,
2000-12-15,5.45,
2000-12-18,5.48,
2000-12-19,5.44,
2000-12-20,5.49,
2000-12-21,5.54,
2000-12-22,5.54,
2000-12-26,5.54,
2000-12-27,5.48,
2000-12-28,5.43,
2000-12-29,5.43,
2000-12-31,5.49,
2001-01-02,5.6,
2001-01-03,5.53,
2001-01-04,5.53,
2001-01-05,5.57,
2001-01-08,5.61,
2001-01-09,5.52,
2001-01-10,5.45,
2001-01-11,5.42,
2001-01-12,5.32,
2001-01-15,5.32,
2001-01-16,5.33,
2001-01-17,5.34,
2001-01-18,5.39,
2001-01-19,5.33,
2001-01-22,5.32,
2001-01-23,5.28,
2001-01-24,5.29,
2001-01-25,5.26,
2001-01-26,5.27,
2001-01-29,5.19,
2001-01-30,5.18,
2001-01-31,5.15,
2001-02-01,5.19,
2001-02-02,5.11,
2001-02-05,5.13,
2001-02-06,5.08,
2001-02-07,5.11,
2001-02-08,5.08,
2001-02-09,5.11,
2001-02-12,5.11,
2001-02-13,5.08,
2001-02-14,5.05,
2001-02-15,5,
2001-02-16,5.05,
2001-02-19,5.07,
2001-02-20,5.08,
2001-02-21,5.11,
2001-02-22,5.14,
2001-02-23,5.18,
2001-02-26,5.21,
2001-02-27,5.21,
2001-02-28,5.21,
2001-03-01,5.22,
2001-03-02,5.18,
2001-03-05,5.14,
2001-03-06,5.15,
2001-03-07,5.14,
2001-03-08,5.17,
2001-03-09,5.15,
2001-03-12,5.18,
2001-03-13,5.19,
2001-03-14,5.25,
2001-03-15,5.3,
2001-03-16,5.37,
2001-03-19,5.33,
2001-03-20,5.44,
2001-03-21,5.48,
2001-03-22,5.53,
2001-03-23,5.55,
2001-03-26,5.52,
2001-03-27,5.46,
2001-03-28,5.4,
2001-03-29,5.45,
2001-03-30,5.46,
2001-03-31,5.26,
2001-04-02,5.15,
2001-04-03,5.18,
2001-04-04,5.22,
2001-04-05,5.2,
2001-04-06,5.25,
2001-04-09,5.21,
2001-04-10,5.17,
2001-04-11,5.13,
2001-04-12,5.12,
2001-04-16,5.25,
2001-04-17,5.12,
2001-04-18,5.18,
2001-04-19,5.15,
2001-04-20,5.15,
2001-04-23,5.35,
2001-04-24,5.35,
2001-04-25,5.37,
2001-04-26,5.36,
2001-04-27,5.31,
2001-04-30,5.29,
2001-05-01,5.28,
2001-05-02,5.26,
2001-05-03,5.28,
2001-05-04,5.32,
2001-05-07,5.32,
2001-05-08,5.32,
2001-05-09,5.32,
2001-05-10,5.24,
2001-05-11,5.14,
2001-05-14,5.2,
2001-05-15,5.19,
2001-05-16,5.19,
2001-05-17,5.17,
2001-05-18,5.14,
2001-05-21,5.04,
2001-05-22,4.98,
2001-05-23,4.99,
2001-05-24,4.91,
2001-05-25,4.92,
2001-05-28,4.91,
2001-05-29,4.97,
2001-05-30,4.95,
2001-05-31,4.83,
2001-06-01,4.86,
2001-06-04,4.84,
2001-06-05,4.83,
2001-06-06,4.82,
2001-06-07,4.78,
2001-06-08,4.71,
2001-06-11,4.73,
2001-06-12,4.73,
2001-06-13,4.75,
2001-06-14,4.76,
2001-06-15,4.76,
2001-06-18,4.79,
2001-06-19,4.79,
2001-06-20,4.82,
2001-06-21,4.83,
2001-06-22,4.86,
2001-06-25,4.86,
2001-06-26,4.83,
2001-06-27,4.8,
2001-06-28,4.76,
2001-06-29,4.73,
2001-06-30,4.73,
2001-07-02,4.75,
2001-07-03,4.73,
2001-07-04,4.75,
2001-07-05,4.72,
2001-07-06,4.66,
2001-07-09,4.67,
2001-07-10,4.71,
2001-07-11,4.92,
2001-07-12,5.04,
2001-07-13,5.11,
2001-07-16,5.13,
2001-07-17,5.39,
2001-07-18,5.47,
2001-07-19,5.44,
2001-07-20,5.5,
2001-07-23,5.38,
2001-07-24,5.39,
2001-07-25,5.33,
2001-07-26,5.36,
2001-07-27,5.41,
2001-07-30,5.44,
2001-07-31,5.49,
2001-08-01,5.42,
2001-08-02,5.39,
2001-08-03,5.37,
2001-08-06,5.39,
2001-08-07,5.38,
2001-08-08,5.41,
2001-08-09,5.38,
2001-08-10,5.4,
2001-08-13,5.34,
2001-08-14,5.35,
2001-08-15,5.33,
2001-08-16,5.3,
2001-08-17,5.32,
2001-08-20,5.31,
2001-08-21,5.32,
2001-08-22,5.28,
2001-08-23,5.32,
2001-08-24,5.31,
2001-08-27,5.31,
2001-08-28,5.32,
2001-08-29,5.32,
2001-08-30,5.32,
2001-08-31,5.11,
2001-09-03,5.12,
2001-09-04,5.02,
2001-09-05,5.04,
2001-09-06,5.1,
2001-09-07,5.16,
2001-09-10,5.16,
2001-09-14,5.62,
2001-09-17,5.55,
2001-09-18,5.56,
2001-09-19,5.65,
2001-09-20,5.7,
2001-09-21,5.74,
2001-09-24,5.88,
2001-09-25,5.82,
2001-09-26,5.84,
2001-09-27,5.85,
2001-09-28,5.89,
2001-09-30,5.86,
2001-10-01,5.87,
2001-10-02,5.89,
2001-10-03,5.93,
2001-10-04,5.93,
2001-10-05,5.97,
2001-10-08,5.97,
2001-10-09,5.83,
2001-10-10,5.97,
2001-10-11,5.96,
2001-10-12,5.97,
2001-10-15,6,
2001-10-16,6,
2001-10-17,5.9,
2001-10-18,5.91,
2001-10-19,5.89,
2001-10-22,5.9,
2001-10-23,5.88,
2001-10-24,5.93,
2001-10-25,5.96,
2001-10-26,5.92,
2001-10-29,5.94,
2001-10-30,6.01,
2001-10-31,6.08,
2001-11-01,6.12,
2001-11-02,6.06,
2001-11-05,6.07,
2001-11-06,6.1,
2001-11-07,6.17,
2001-11-08,6.1,
2001-11-09,6.07,
2001-11-12,6.08,
2001-11-13,5.97,
2001-11-14,5.88,
2001-11-15,5.69,
2001-11-16,5.59,
2001-11-19,5.67,
2001-11-20,5.62,
2001-11-21,5.54,
2001-11-22,5.52,
2001-11-23,5.5,
2001-11-26,5.57,
2001-11-27,5.57,
2001-11-28,5.52,
2001-11-29,5.72,
2001-11-30,5.74,
2001-12-03,5.78,
2001-12-04,5.77,
2001-12-05,5.6,
2001-12-06,5.61,
2001-12-07,5.54,
2001-12-10,5.61,
2001-12-11,5.86,
2001-12-12,5.9,
2001-12-13,5.85,
2001-12-14,5.82,
2001-12-17,5.72,
2001-12-18,5.86,
2001-12-19,5.89,
2001-12-20,5.88,
2001-12-21,5.86,
2001-12-24,5.89,
2001-12-26,5.88,
2001-12-27,5.97,
2001-12-28,6.04,
2001-12-31,6.01,
2002-01-02,6.01,
2002-01-03,6,
2002-01-04,5.96,
2002-01-07,6.02,
2002-01-08,6.06,
2002-01-09,6.07,
2002-01-10,6.11,
2002-01-11,6.18,
2002-01-14,6.26,
2002-01-15,6.24,
2002-01-16,6.26,
2002-01-17,6.21,
2002-01-18,6.23,
2002-01-21,6.23,
2002-01-22,6.26,
2002-01-23,6.23,
2002-01-24,6.23,
2002-01-25,6.15,
2002-01-28,6.16,
2002-01-29,6.21,
2002-01-30,6.23,
2002-01-31,5.9,
2002-02-01,5.93,
2002-02-04,6,
2002-02-05,6.01,
2002-02-06,5.97,
2002-02-07,5.98,
2002-02-08,5.99,
2002-02-11,5.98,
2002-02-12,5.94,
2002-02-13,5.91,
2002-02-14,5.93,
2002-02-15,6.01,
2002-02-18,6.02,
2002-02-19,6,
2002-02-20,5.94,
2002-02-21,5.94,
2002-02-22,5.96,
2002-02-25,5.91,
2002-02-26,5.88,
2002-02-27,5.89,
2002-02-28,5.75,
2002-03-01,5.65,
2002-03-04,5.66,
2002-03-05,5.63,
2002-03-06,5.57,
2002-03-07,5.5,
2002-03-08,5.36,
2002-03-11,5.46,
2002-03-12,5.47,
2002-03-13,5.52,
2002-03-14,5.45,
2002-03-15,5.48,
2002-03-18,5.5,
2002-03-19,5.53,
2002-03-20,5.5,
2002-03-21,5.49,
2002-03-22,5.45,
2002-03-25,5.46,
2002-03-26,5.49,
2002-03-27,5.48,
2002-03-28,5.48,
2002-03-31,5.27,
2002-04-01,5.21,
2002-04-02,5.25,
2002-04-03,5.26,
2002-04-04,5.29,
2002-04-05,5.25,
2002-04-08,5.27,
2002-04-09,5.27,
2002-04-10,5.26,
2002-04-11,5.32,
2002-04-12,5.29,
2002-04-15,5.32,
2002-04-16,5.3,
2002-04-17,5.33,
2002-04-18,5.33,
2002-04-19,5.36,
2002-04-22,5.38,
2002-04-23,5.38,
2002-04-24,5.41,
2002-04-25,5.44,
2002-04-26,5.45,
2002-04-29,5.43,
2002-04-30,4.68,
2002-05-01,4.72,
2002-05-02,4.71,
2002-05-03,4.77,
2002-05-06,4.76,
2002-05-07,4.81,
2002-05-08,4.77,
2002-05-09,4.8,
2002-05-10,4.64,
2002-05-13,4.89,
2002-05-14,4.88,
2002-05-15,4.89,
2002-05-16,4.91,
2002-05-17,4.63,
2002-05-20,4.65,
2002-05-21,4.67,
2002-05-22,4.71,
2002-05-23,4.71,
2002-05-24,4.72,
2002-05-27,4.71,
2002-05-28,4.74,
2002-05-29,4.76,
2002-05-30,4.81,
2002-05-31,4.58,
2002-06-03,4.61,
2002-06-04,4.62,
2002-06-05,4.65,
2002-06-06,4.79,
2002-06-07,4.78,
2002-06-10,4.78,
2002-06-11,4.81,
2002-06-12,4.88,
2002-06-13,4.89,
2002-06-14,5.01,
2002-06-17,4.93,
2002-06-18,4.94,
2002-06-19,5.06,
2002-06-20,5.06,
2002-06-21,5.28,
2002-06-24,5.33,
2002-06-25,5.32,
2002-06-26,5.46,
2002-06-27,5.38,
2002-06-28,5.43,
2002-06-30,5.44,
2002-07-01,5.44,
2002-07-02,5.46,
2002-07-03,5.51,
2002-07-04,5.5,
2002-07-05,5.46,
2002-07-08,5.51,
2002-07-09,5.53,
2002-07-10,5.56,
2002-07-11,5.57,
2002-07-12,5.57,
2002-07-15,5.62,
2002-07-16,5.58,
2002-07-17,5.59,
2002-07-18,5.58,
2002-07-19,5.56,
2002-07-22,5.58,
2002-07-23,5.63,
2002-07-24,5.73,
2002-07-25,5.77,
2002-07-26,5.82,
2002-07-29,5.79,
2002-07-30,5.92,
2002-07-31,5.92,
2002-08-01,5.87,
2002-08-02,5.9,
2002-08-05,5.95,
2002-08-06,5.95,
2002-08-07,5.98,
2002-08-08,5.91,
2002-08-09,5.95,
2002-08-12,5.97,
2002-08-13,6.01,
2002-08-14,6.02,
2002-08-15,5.88,
2002-08-16,5.87,
2002-08-19,5.87,
2002-08-20,5.89,
2002-08-21,5.88,
2002-08-22,5.85,
2002-08-23,5.85,
2002-08-26,5.84,
2002-08-27,5.8,
2002-08-28,5.81,
2002-08-29,5.83,
2002-08-30,5.76,
2002-08-31,5.74,
2002-09-02,5.76,
2002-09-03,5.8,
2002-09-04,5.85,
2002-09-05,5.83,
2002-09-06,5.76,
2002-09-09,5.75,
2002-09-10,5.73,
2002-09-11,5.69,
2002-09-12,5.73,
2002-09-13,5.74,
2002-09-16,5.73,
2002-09-17,5.72,
2002-09-18,5.76,
2002-09-19,5.78,
2002-09-20,5.8,
2002-09-23,5.86,
2002-09-24,5.89,
2002-09-25,5.88,
2002-09-26,5.88,
2002-09-27,5.9,
2002-09-30,5.88,
2002-10-01,5.82,
2002-10-02,5.82,
2002-10-03,5.83,
2002-10-04,5.84,
2002-10-07,5.89,
2002-10-08,5.89,
2002-10-09,5.96,
2002-10-10,6,
2002-10-11,5.98,
2002-10-14,5.97,
2002-10-15,5.9,
2002-10-16,5.88,
2002-10-17,5.87,
2002-10-18,5.84,
2002-10-21,5.83,
2002-10-22,5.8,
2002-10-23,5.83,
2002-10-24,5.84,
2002-10-25,5.88,
2002-10-28,5.88,
2002-10-29,5.95,
2002-10-30,5.92,
2002-10-31,5.89,
2002-11-01,5.85,
2002-11-04,5.84,
2002-11-05,5.83,
2002-11-06,5.86,
2002-11-07,5.87,
2002-11-08,5.88,
2002-11-11,5.88,
2002-11-12,5.82,
2002-11-13,5.83,
2002-11-14,5.76,
2002-11-15,5.7,
2002-11-18,5.66,
2002-11-19,5.75,
2002-11-20,5.55,
2002-11-21,5.63,
2002-11-22,5.6,
2002-11-25,5.46,
2002-11-26,5.47,
2002-11-27,5.41,
2002-11-28,5.41,
2002-11-29,5.4,
2002-11-30,5.38,
2002-12-02,5.33,
2002-12-03,5.34,
2002-12-04,5.33,
2002-12-05,5.34,
2002-12-06,5.39,
2002-12-09,5.41,
2002-12-10,5.4,
2002-12-11,5.4,
2002-12-12,5.35,
2002-12-13,5.35,
2002-12-16,5.33,
2002-12-17,5.32,
2002-12-18,5.33,
2002-12-19,5.33,
2002-12-20,5.31,
2002-12-23,5.29,
2002-12-24,5.34,
2002-12-26,5.34,
2002-12-27,5.38,
2002-12-30,5.39,
2002-12-31,5.22,
2003-01-02,5.12,
2003-01-03,5.1,
2003-01-06,5.06,
2003-01-07,5.05,
2003-01-08,5.01,
2003-01-09,4.93,
2003-01-10,4.89,
2003-01-13,4.93,
2003-01-14,4.94,
2003-01-15,4.91,
2003-01-16,4.9,
2003-01-17,4.95,
2003-01-20,4.95,
2003-01-21,4.99,
2003-01-22,5.05,
2003-01-23,5.05,
2003-01-24,5.07,
2003-01-27,5.06,
2003-01-28,5.06,
2003-01-29,5.03,
2003-01-30,5.03,
2003-01-31,4.69,
2003-02-03,4.62,
2003-02-04,4.64,
2003-02-05,4.63,
2003-02-06,4.64,
2003-02-07,4.65,
2003-02-10,4.63,
2003-02-11,4.6,
2003-02-12,4.6,
2003-02-13,4.65,
2003-02-14,4.63,
2003-02-17,4.62,
2003-02-18,4.61,
2003-02-19,4.63,
2003-02-20,4.63,
2003-02-21,4.61,
2003-02-24,4.59,
2003-02-25,4.61,
2003-02-26,4.62,
2003-02-27,4.61,
2003-02-28,4.56,
2003-03-03,4.56,
2003-03-04,4.56,
2003-03-05,4.57,
2003-03-06,4.53,
2003-03-07,4.56,
2003-03-10,4.6,
2003-03-11,4.59,
2003-03-12,4.62,
2003-03-13,4.55,
2003-03-14,4.59,
2003-03-17,4.59,
2003-03-18,4.56,
2003-03-19,4.55,
2003-03-20,4.57,
2003-03-21,4.52,
2003-03-24,4.57,
2003-03-25,4.62,
2003-03-26,4.62,
2003-03-27,4.62,
2003-03-28,4.59,
2003-03-31,4.62,
2003-04-01,4.59,
2003-04-02,4.5,
2003-04-03,4.47,
2003-04-04,4.45,
2003-04-07,4.34,
2003-04-08,4.35,
2003-04-09,4.36,
2003-04-10,4.35,
2003-04-11,4.32,
2003-04-14,4.28,
2003-04-15,4.25,
2003-04-16,4.22,
2003-04-17,4.21,
2003-04-21,4.19,
2003-04-22,4.16,
2003-04-23,4.14,
2003-04-24,4.14,
2003-04-25,4.12,
2003-04-28,4.09,
2003-04-29,4.04,
2003-04-30,3.99,
2003-05-01,4.01,
2003-05-02,3.91,
2003-05-05,3.89,
2003-05-06,3.91,
2003-05-07,3.93,
2003-05-08,3.93,
2003-05-09,3.92,
2003-05-12,3.9,
2003-05-13,3.88,
2003-05-14,3.87,
2003-05-15,3.86,
2003-05-16,3.91,
2003-05-19,3.95,
2003-05-20,3.93,
2003-05-21,3.92,
2003-05-22,3.91,
2003-05-23,3.89,
2003-05-26,3.89,
2003-05-27,3.89,
2003-05-28,3.84,
2003-05-29,3.83,
2003-05-30,3.78,
2003-05-31,3.71,
2003-06-02,3.67,
2003-06-03,3.67,
2003-06-04,3.66,
2003-06-05,3.61,
2003-06-06,3.52,
2003-06-09,3.55,
2003-06-10,3.55,
2003-06-11,3.54,
2003-06-12,3.55,
2003-06-13,3.56,
2003-06-16,3.51,
2003-06-17,3.43,
2003-06-18,3.44,
2003-06-19,3.48,
2003-06-20,3.49,
2003-06-23,3.52,
2003-06-24,3.56,
2003-06-25,3.59,
2003-06-26,3.46,
2003-06-27,3.44,
2003-06-30,3.43,
2003-07-01,3.45,
2003-07-02,3.43,
2003-07-03,3.46,
2003-07-04,3.47,
2003-07-07,3.47,
2003-07-08,3.44,
2003-07-09,3.48,
2003-07-10,3.47,
2003-07-11,3.48,
2003-07-14,3.46,
2003-07-15,3.33,
2003-07-16,3.35,
2003-07-17,3.32,
2003-07-18,3.32,
2003-07-21,3.25,
2003-07-22,3.22,
2003-07-23,3.24,
2003-07-24,3.18,
2003-07-25,3.24,
2003-07-28,3.15,
2003-07-29,3.18,
2003-07-30,3.22,
2003-07-31,3.05,
2003-08-01,3.06,
2003-08-04,3.18,
2003-08-05,3.17,
2003-08-06,3.27,
2003-08-07,3.32,
2003-08-08,3.3,
2003-08-11,3.21,
2003-08-12,3.22,
2003-08-13,3.17,
2003-08-14,3.14,
2003-08-15,3.18,
2003-08-18,3.14,
2003-08-19,3.15,
2003-08-20,3.09,
2003-08-21,3.05,
2003-08-22,3.04,
2003-08-25,3.01,
2003-08-26,2.98,
2003-08-27,2.99,
2003-08-28,3.02,
2003-08-29,3.01,
2003-08-31,2.94,
2003-09-01,2.94,
2003-09-02,2.91,
2003-09-03,2.86,
2003-09-04,2.91,
2003-09-05,3,
2003-09-08,2.96,
2003-09-09,2.94,
2003-09-10,2.96,
2003-09-11,2.92,
2003-09-12,2.96,
2003-09-15,2.94,
2003-09-16,2.94,
2003-09-17,2.97,
2003-09-18,2.91,
2003-09-19,2.89,
2003-09-22,2.89,
2003-09-23,2.95,
2003-09-24,2.95,
2003-09-25,2.98,
2003-09-26,2.98,
2003-09-29,2.98,
2003-09-30,2.95,
2003-10-01,2.91,
2003-10-02,2.87,
2003-10-03,2.79,
2003-10-06,2.8,
2003-10-07,2.81,
2003-10-08,2.75,
2003-10-09,2.69,
2003-10-10,2.66,
2003-10-13,2.65,
2003-10-14,2.6,
2003-10-15,2.55,
2003-10-16,2.53,
2003-10-17,2.53,
2003-10-20,2.57,
2003-10-21,2.58,
2003-10-22,2.62,
2003-10-23,2.62,
2003-10-24,2.66,
2003-10-27,2.66,
2003-10-28,2.68,
2003-10-29,2.66,
2003-10-30,2.59,
2003-10-31,2.67,
2003-11-03,2.6,
2003-11-04,2.62,
2003-11-05,2.59,
2003-11-06,2.55,
2003-11-07,2.51,
2003-11-10,2.52,
2003-11-11,2.52,
2003-11-12,2.53,
2003-11-13,2.57,
2003-11-14,2.62,
2003-11-17,2.63,
2003-11-18,2.64,
2003-11-19,2.62,
2003-11-20,2.62,
2003-11-21,2.62,
2003-11-24,2.59,
2003-11-25,2.59,
2003-11-26,2.57,
2003-11-27,2.56,
2003-11-28,2.49,
2003-11-30,2.47,
2003-12-01,2.44,
2003-12-02,2.44,
2003-12-03,2.43,
2003-12-04,2.42,
2003-12-05,2.5,
2003-12-08,2.45,
2003-12-09,2.41,
2003-12-10,2.4,
2003-12-11,2.44,
2003-12-12,2.47,
2003-12-15,2.44,
2003-12-16,2.42,
2003-12-17,2.43,
2003-12-18,2.42,
2003-12-19,2.4,
2003-12-22,2.38,
2003-12-23,2.34,
2003-12-24,2.36,
2003-12-26,2.4,
2003-12-29,2.38,
2003-12-30,2.36,
2003-12-31,2.38,
2004-01-02,2.32,
2004-01-05,2.3,
2004-01-06,2.31,
2004-01-07,2.32,
2004-01-08,2.3,
2004-01-09,2.36,
2004-01-12,2.34,
2004-01-13,2.34,
2004-01-14,2.35,
2004-01-15,2.35,
2004-01-16,2.35,
2004-01-19,2.34,
2004-01-20,2.34,
2004-01-21,2.35,
2004-01-22,2.36,
2004-01-23,2.38,
2004-01-26,2.33,
2004-01-27,2.36,
2004-01-28,2.32,
2004-01-29,2.35,
2004-01-30,2.39,
2004-01-31,2.47,
2004-02-02,2.5,
2004-02-03,2.52,
2004-02-04,2.49,
2004-02-05,2.48,
2004-02-06,2.53,
2004-02-09,2.53,
2004-02-10,2.51,
2004-02-11,2.51,
2004-02-12,2.52,
2004-02-13,2.52,
2004-02-16,2.51,
2004-02-17,2.5,
2004-02-18,2.51,
2004-02-19,2.49,
2004-02-20,2.5,
2004-02-23,2.5,
2004-02-24,2.51,
2004-02-25,2.51,
2004-02-26,2.5,
2004-02-27,2.52,
2004-02-29,2.55,
2004-03-01,2.51,
2004-03-02,2.47,
2004-03-03,2.46,
2004-03-04,2.48,
2004-03-05,2.56,
2004-03-08,2.56,
2004-03-09,2.53,
2004-03-10,2.52,
2004-03-11,2.53,
2004-03-12,2.54,
2004-03-15,2.54,
2004-03-16,2.55,
2004-03-17,2.56,
2004-03-18,2.51,
2004-03-19,2.49,
2004-03-22,2.51,
2004-03-23,2.49,
2004-03-24,2.48,
2004-03-25,2.48,
2004-03-26,2.46,
2004-03-29,2.43,
2004-03-30,2.42,
2004-03-31,2.43,
2004-04-01,2.39,
2004-04-02,2.33,
2004-04-05,2.31,
2004-04-06,2.33,
2004-04-07,2.33,
2004-04-08,2.29,
2004-04-12,2.29,
2004-04-13,2.24,
2004-04-14,2.23,
2004-04-15,2.25,
2004-04-16,2.26,
2004-04-19,2.27,
2004-04-20,2.25,
2004-04-21,2.29,
2004-04-22,2.34,
2004-04-23,2.27,
2004-04-26,2.29,
2004-04-27,2.33,
2004-04-28,2.36,
2004-04-29,2.42,
2004-04-30,2.48,
2004-05-03,2.51,
2004-05-04,2.53,
2004-05-05,2.55,
2004-05-06,2.62,
2004-05-07,2.64,
2004-05-10,2.71,
2004-05-11,2.73,
2004-05-12,2.75,
2004-05-13,2.73,
2004-05-14,2.73,
2004-05-17,2.75,
2004-05-18,2.69,
2004-05-19,2.66,
2004-05-20,2.7,
2004-05-21,2.68,
2004-05-24,2.65,
2004-05-25,2.64,
2004-05-26,2.66,
2004-05-27,2.68,
2004-05-28,2.66,
2004-05-31,2.68,
2004-06-01,2.67,
2004-06-02,2.66,
2004-06-03,2.66,
2004-06-04,2.63,
2004-06-07,2.61,
2004-06-08,2.61,
2004-06-09,2.6,
2004-06-10,2.62,
2004-06-11,2.61,
2004-06-14,2.61,
2004-06-15,2.63,
2004-06-16,2.62,
2004-06-17,2.59,
2004-06-18,2.59,
2004-06-21,2.59,
2004-06-22,2.57,
2004-06-23,2.56,
2004-06-24,2.59,
2004-06-25,2.57,
2004-06-28,2.54,
2004-06-29,2.54,
2004-06-30,2.57,
2004-07-01,2.58,
2004-07-02,2.6,
2004-07-05,2.6,
2004-07-06,2.55,
2004-07-07,2.56,
2004-07-08,2.59,
2004-07-09,2.59,
2004-07-12,2.6,
2004-07-13,2.56,
2004-07-14,2.53,
2004-07-15,2.52,
2004-07-16,2.51,
2004-07-19,2.48,
2004-07-20,2.44,
2004-07-21,2.42,
2004-07-22,2.46,
2004-07-23,2.44,
2004-07-26,2.43,
2004-07-27,2.42,
2004-07-28,2.42,
2004-07-29,2.4,
2004-07-30,2.41,
2004-07-31,2.45,
2004-08-02,2.45,
2004-08-03,2.45,
2004-08-04,2.44,
2004-08-05,2.42,
2004-08-06,2.47,
2004-08-09,2.44,
2004-08-10,2.42,
2004-08-11,2.41,
2004-08-12,2.4,
2004-08-13,2.41,
2004-08-16,2.38,
2004-08-17,2.38,
2004-08-18,2.36,
2004-08-19,2.3,
2004-08-20,2.29,
2004-08-23,2.26,
2004-08-24,2.23,
2004-08-25,2.26,
2004-08-26,2.26,
2004-08-27,2.26,
2004-08-30,2.26,
2004-08-31,2.26,
2004-09-01,2.25,
2004-09-02,2.24,
2004-09-03,2.18,
2004-09-06,2.19,
2004-09-07,2.2,
2004-09-08,2.2,
2004-09-09,2.21,
2004-09-10,2.22,
2004-09-13,2.22,
2004-09-14,2.21,
2004-09-15,2.19,
2004-09-16,2.21,
2004-09-17,2.16,
2004-09-20,2.17,
2004-09-21,2.16,
2004-09-22,2.16,
2004-09-23,2.15,
2004-09-24,2.16,
2004-09-27,2.2,
2004-09-28,2.21,
2004-09-29,2.16,
2004-09-30,2.21,
2004-10-01,2.19,
2004-10-04,2.18,
2004-10-05,2.17,
2004-10-06,2.15,
2004-10-07,2.13,
2004-10-08,2.17,
2004-10-11,2.16,
2004-10-12,2.15,
2004-10-13,2.11,
2004-10-14,2.15,
2004-10-15,2.12,
2004-10-18,2.12,
2004-10-19,2.1,
2004-10-20,2.13,
2004-10-21,2.1,
2004-10-22,2.11,
2004-10-25,2.13,
2004-10-26,2.12,
2004-10-27,2.09,
2004-10-28,2.07,
2004-10-29,2.08,
2004-10-31,2.09,
2004-11-01,2.08,
2004-11-02,2.08,
2004-11-03,2.05,
2004-11-04,2.04,
2004-11-05,1.93,
2004-11-08,1.91,
2004-11-09,1.9,
2004-11-10,1.89,
2004-11-11,1.89,
2004-11-12,1.88,
2004-11-15,1.86,
2004-11-16,1.84,
2004-11-17,1.85,
2004-11-18,1.83,
2004-11-19,1.81,
2004-11-22,1.84,
2004-11-23,1.83,
2004-11-24,1.82,
2004-11-25,1.79,
2004-11-26,1.81,
2004-11-29,1.81,
2004-11-30,1.89,
2004-12-01,1.89,
2004-12-02,1.86,
2004-12-03,1.91,
2004-12-06,1.9,
2004-12-07,1.89,
2004-12-08,1.92,
2004-12-09,1.93,
2004-12-10,1.93,
2004-12-13,1.94,
2004-12-14,1.93,
2004-12-15,1.93,
2004-12-16,1.89,
2004-12-17,1.86,
2004-12-20,1.86,
2004-12-21,1.86,
2004-12-22,1.85,
2004-12-23,1.85,
2004-12-27,1.83,
2004-12-28,1.82,
2004-12-29,1.81,
2004-12-30,1.82,
2004-12-31,1.82,
2005-01-03,1.82,
2005-01-04,1.77,
2005-01-05,1.78,
2005-01-06,1.81,
2005-01-07,1.8,
2005-01-10,1.79,
2005-01-11,1.81,
2005-01-12,1.81,
2005-01-13,1.8,
2005-01-14,1.79,
2005-01-17,1.77,
2005-01-18,1.78,
2005-01-19,1.78,
2005-01-20,1.79,
2005-01-21,1.82,
2005-01-24,1.81,
2005-01-25,1.8,
2005-01-26,1.78,
2005-01-27,1.76,
2005-01-28,1.78,
2005-01-31,1.78,
2005-02-01,1.8,
2005-02-02,1.77,
2005-02-03,1.76,
2005-02-04,1.77,
2005-02-07,1.74,
2005-02-08,1.72,
2005-02-09,1.74,
2005-02-10,1.74,
2005-02-11,1.74,
2005-02-14,1.72,
2005-02-15,1.72,
2005-02-16,1.7,
2005-02-17,1.69,
2005-02-18,1.66,
2005-02-21,1.66,
2005-02-22,1.65,
2005-02-23,1.66,
2005-02-24,1.62,
2005-02-25,1.61,
2005-02-28,1.61,
2005-03-01,1.59,
2005-03-02,1.6,
2005-03-03,1.59,
2005-03-04,1.59,
2005-03-07,1.56,
2005-03-08,1.54,
2005-03-09,1.52,
2005-03-10,1.56,
2005-03-11,1.55,
2005-03-14,1.57,
2005-03-15,1.61,
2005-03-16,1.66,
2005-03-17,1.71,
2005-03-18,1.7,
2005-03-21,1.73,
2005-03-22,1.73,
2005-03-23,1.8,
2005-03-24,1.82,
2005-03-28,1.82,
2005-03-29,1.85,
2005-03-30,1.87,
2005-03-31,1.93,
2005-04-01,1.92,
2005-04-04,1.96,
2005-04-05,1.93,
2005-04-06,1.92,
2005-04-07,1.9,
2005-04-08,1.86,
2005-04-11,1.88,
2005-04-12,1.89,
2005-04-13,1.88,
2005-04-14,1.92,
2005-04-15,1.98,
2005-04-18,2.04,
2005-04-19,2.04,
2005-04-20,2.01,
2005-04-21,1.97,
2005-04-22,1.96,
2005-04-25,1.95,
2005-04-26,1.94,
2005-04-27,1.97,
2005-04-28,1.98,
2005-04-29,1.97,
2005-04-30,2,
2005-05-02,1.99,
2005-05-03,1.95,
2005-05-04,1.93,
2005-05-05,1.93,
2005-05-06,1.89,
2005-05-09,1.88,
2005-05-10,1.91,
2005-05-11,1.95,
2005-05-12,1.94,
2005-05-13,1.97,
2005-05-16,1.98,
2005-05-17,2,
2005-05-18,2.02,
2005-05-19,1.98,
2005-05-20,1.96,
2005-05-23,1.96,
2005-05-24,1.97,
2005-05-25,1.95,
2005-05-26,1.92,
2005-05-27,1.91,
2005-05-30,1.91,
2005-05-31,1.95,
2005-06-01,1.97,
2005-06-02,1.94,
2005-06-03,1.91,
2005-06-06,1.93,
2005-06-07,1.94,
2005-06-08,1.94,
2005-06-09,1.94,
2005-06-10,1.91,
2005-06-13,1.9,
2005-06-14,1.89,
2005-06-15,1.87,
2005-06-16,1.87,
2005-06-17,1.85,
2005-06-20,1.83,
2005-06-21,1.86,
2005-06-22,1.88,
2005-06-23,1.86,
2005-06-24,1.87,
2005-06-27,1.87,
2005-06-28,1.84,
2005-06-29,1.83,
2005-06-30,1.84,
2005-07-01,1.8,
2005-07-04,1.8,
2005-07-05,1.78,
2005-07-06,1.79,
2005-07-07,1.81,
2005-07-08,1.78,
2005-07-11,1.75,
2005-07-12,1.74,
2005-07-13,1.72,
2005-07-14,1.71,
2005-07-15,1.7,
2005-07-18,1.69,
2005-07-19,1.7,
2005-07-20,1.7,
2005-07-21,1.68,
2005-07-22,1.7,
2005-07-25,1.69,
2005-07-26,1.69,
2005-07-27,1.69,
2005-07-28,1.68,
2005-07-29,1.65,
2005-07-31,1.7,
2005-08-01,1.7,
2005-08-02,1.7,
2005-08-03,1.69,
2005-08-04,1.67,
2005-08-05,1.64,
2005-08-08,1.65,
2005-08-09,1.66,
2005-08-10,1.65,
2005-08-11,1.66,
2005-08-12,1.68,
2005-08-15,1.66,
2005-08-16,1.68,
2005-08-17,1.67,
2005-08-18,1.68,
2005-08-19,1.68,
2005-08-22,1.68,
2005-08-23,1.69,
2005-08-24,1.69,
2005-08-25,1.7,
2005-08-26,1.68,
2005-08-29,1.69,
2005-08-30,1.71,
2005-08-31,1.74,
2005-09-01,1.74,
2005-09-02,1.73,
2005-09-05,1.73,
2005-09-06,1.71,
2005-09-07,1.68,
2005-09-08,1.67,
2005-09-09,1.66,
2005-09-12,1.63,
2005-09-13,1.64,
2005-09-14,1.63,
2005-09-15,1.61,
2005-09-16,1.59,
2005-09-19,1.6,
2005-09-20,1.59,
2005-09-21,1.61,
2005-09-22,1.61,
2005-09-23,1.59,
2005-09-26,1.57,
2005-09-27,1.56,
2005-09-28,1.56,
2005-09-29,1.54,
2005-09-30,1.54,
2005-10-03,1.52,
2005-10-04,1.53,
2005-10-05,1.54,
2005-10-06,1.6,
2005-10-07,1.61,
2005-10-10,1.61,
2005-10-11,1.59,
2005-10-12,1.61,
2005-10-13,1.67,
2005-10-14,1.7,
2005-10-17,1.68,
2005-10-18,1.65,
2005-10-19,1.69,
2005-10-20,1.67,
2005-10-21,1.7,
2005-10-24,1.68,
2005-10-25,1.64,
2005-10-26,1.62,
2005-10-27,1.65,
2005-10-28,1.64,
2005-10-31,1.64,
2005-11-01,1.62,
2005-11-02,1.62,
2005-11-03,1.61,
2005-11-04,1.63,
2005-11-07,1.64,
2005-11-08,1.65,
2005-11-09,1.62,
2005-11-10,1.63,
2005-11-11,1.63,
2005-11-14,1.61,
2005-11-15,1.61,
2005-11-16,1.63,
2005-11-17,1.63,
2005-11-18,1.61,
2005-11-21,1.62,
2005-11-22,1.63,
2005-11-23,1.61,
2005-11-24,1.61,
2005-11-25,1.61,
2005-11-28,1.6,
2005-11-29,1.58,
2005-11-30,1.62,
2005-12-01,1.61,
2005-12-02,1.61,
2005-12-05,1.6,
2005-12-06,1.62,
2005-12-07,1.61,
2005-12-08,1.64,
2005-12-09,1.62,
2005-12-12,1.61,
2005-12-13,1.62,
2005-12-14,1.63,
2005-12-15,1.62,
2005-12-16,1.64,
2005-12-19,1.63,
2005-12-20,1.62,
2005-12-21,1.62,
2005-12-22,1.62,
2005-12-23,1.63,
2005-12-27,1.63,
2005-12-28,1.63,
2005-12-29,1.63,
2005-12-30,1.61,
2005-12-31,1.66,
2006-01-03,1.66,
2006-01-04,1.65,
2006-01-05,1.64,
2006-01-06,1.62,
2006-01-09,1.61,
2006-01-10,1.6,
2006-01-11,1.59,
2006-01-12,1.6,
2006-01-13,1.62,
2006-01-16,1.62,
2006-01-17,1.74,
2006-01-18,1.63,
2006-01-19,1.6,
2006-01-20,1.59,
2006-01-23,1.59,
2006-01-24,1.58,
2006-01-25,1.55,
2006-01-26,1.54,
2006-01-27,1.54,
2006-01-30,1.53,
2006-01-31,1.59,
2006-02-01,1.56,
2006-02-02,1.55,
2006-02-03,1.55,
2006-02-06,1.54,
2006-02-07,1.54,
2006-02-08,1.54,
2006-02-09,1.54,
2006-02-10,1.52,
2006-02-13,1.5,
2006-02-14,1.5,
2006-02-15,1.5,
2006-02-16,1.5,
2006-02-17,1.51,
2006-02-20,1.51,
2006-02-21,1.49,
2006-02-22,1.51,
2006-02-23,1.47,
2006-02-24,1.47,
2006-02-27,1.45,
2006-02-28,1.47,
2006-03-01,1.46,
2006-03-02,1.44,
2006-03-03,1.44,
2006-03-06,1.44,
2006-03-07,1.49,
2006-03-08,1.51,
2006-03-09,1.52,
2006-03-10,1.52,
2006-03-13,1.52,
2006-03-14,1.54,
2006-03-15,1.52,
2006-03-16,1.54,
2006-03-17,1.52,
2006-03-20,1.53,
2006-03-21,1.5,
2006-03-22,1.51,
2006-03-23,1.48,
2006-03-24,1.53,
2006-03-27,1.51,
2006-03-28,1.5,
2006-03-29,1.51,
2006-03-30,1.49,
2006-03-31,1.53,
2006-04-03,1.52,
2006-04-04,1.52,
2006-04-05,1.53,
2006-04-06,1.52,
2006-04-07,1.52,
2006-04-10,1.53,
2006-04-11,1.55,
2006-04-12,1.53,
2006-04-13,1.51,
2006-04-17,1.53,
2006-04-18,1.55,
2006-04-19,1.52,
2006-04-20,1.51,
2006-04-21,1.51,
2006-04-24,1.52,
2006-04-25,1.48,
2006-04-26,1.48,
2006-04-27,1.51,
2006-04-28,1.5,
2006-04-30,1.52,
2006-05-01,1.49,
2006-05-02,1.51,
2006-05-03,1.49,
2006-05-04,1.49,
2006-05-05,1.5,
2006-05-08,1.48,
2006-05-09,1.48,
2006-05-10,1.48,
2006-05-11,1.47,
2006-05-12,1.48,
2006-05-15,1.51,
2006-05-16,1.53,
2006-05-17,1.52,
2006-05-18,1.57,
2006-05-19,1.57,
2006-05-22,1.61,
2006-05-23,1.6,
2006-05-24,1.66,
2006-05-25,1.66,
2006-05-26,1.66,
2006-05-29,1.65,
2006-05-30,1.63,
2006-05-31,1.66,
2006-06-01,1.66,
2006-06-02,1.7,
2006-06-05,1.67,
2006-06-06,1.68,
2006-06-07,1.68,
2006-06-08,1.71,
2006-06-09,1.71,
2006-06-12,1.71,
2006-06-13,1.75,
2006-06-14,1.73,
2006-06-15,1.72,
2006-06-16,1.71,
2006-06-19,1.7,
2006-06-20,1.71,
2006-06-21,1.74,
2006-06-22,1.73,
2006-06-23,1.76,
2006-06-26,1.79,
2006-06-27,1.81,
2006-06-28,1.8,
2006-06-29,1.82,
2006-06-30,1.81,
2006-07-03,1.79,
2006-07-04,1.79,
2006-07-05,1.75,
2006-07-06,1.77,
2006-07-07,1.77,
2006-07-10,1.75,
2006-07-11,1.75,
2006-07-12,1.73,
2006-07-13,1.76,
2006-07-14,1.78,
2006-07-17,1.77,
2006-07-18,1.74,
2006-07-19,1.76,
2006-07-20,1.76,
2006-07-21,1.75,
2006-07-24,1.74,
2006-07-25,1.72,
2006-07-26,1.72,
2006-07-27,1.71,
2006-07-28,1.73,
2006-07-31,1.74,
2006-08-01,1.73,
2006-08-02,1.74,
2006-08-03,1.72,
2006-08-04,1.74,
2006-08-07,1.71,
2006-08-08,1.71,
2006-08-09,1.7,
2006-08-10,1.69,
2006-08-11,1.66,
2006-08-14,1.66,
2006-08-15,1.68,
2006-08-16,1.69,
2006-08-17,1.66,
2006-08-18,1.67,
2006-08-21,1.66,
2006-08-22,1.65,
2006-08-23,1.64,
2006-08-24,1.66,
2006-08-25,1.66,
2006-08-28,1.65,
2006-08-29,1.65,
2006-08-30,1.66,
2006-08-31,1.69,
2006-09-01,1.68,
2006-09-04,1.68,
2006-09-05,1.66,
2006-09-06,1.65,
2006-09-07,1.66,
2006-09-08,1.67,
2006-09-11,1.66,
2006-09-12,1.67,
2006-09-13,1.68,
2006-09-14,1.66,
2006-09-15,1.66,
2006-09-18,1.65,
2006-09-19,1.69,
2006-09-20,1.69,
2006-09-21,1.72,
2006-09-22,1.76,
2006-09-25,1.76,
2006-09-26,1.74,
2006-09-27,1.74,
2006-09-28,1.72,
2006-09-29,1.71,
2006-09-30,1.75,
2006-10-02,1.76,
2006-10-03,1.74,
2006-10-04,1.76,
2006-10-05,1.72,
2006-10-06,1.68,
2006-10-09,1.68,
2006-10-10,1.67,
2006-10-11,1.66,
2006-10-12,1.66,
2006-10-13,1.64,
2006-10-16,1.65,
2006-10-17,1.65,
2006-10-18,1.64,
2006-10-19,1.62,
2006-10-20,1.61,
2006-10-23,1.59,
2006-10-24,1.6,
2006-10-25,1.61,
2006-10-26,1.62,
2006-10-27,1.63,
2006-10-30,1.61,
2006-10-31,1.66,
2006-11-01,1.67,
2006-11-02,1.65,
2006-11-03,1.58,
2006-11-06,1.6,
2006-11-07,1.62,
2006-11-08,1.61,
2006-11-09,1.61,
2006-11-10,1.62,
2006-11-13,1.6,
2006-11-14,1.62,
2006-11-15,1.58,
2006-11-16,1.56,
2006-11-17,1.6,
2006-11-20,1.6,
2006-11-21,1.61,
2006-11-22,1.61,
2006-11-23,1.61,
2006-11-24,1.61,
2006-11-27,1.61,
2006-11-28,1.63,
2006-11-29,1.61,
2006-11-30,1.69,
2006-12-01,1.71,
2006-12-04,1.69,
2006-12-05,1.67,
2006-12-06,1.64,
2006-12-07,1.64,
2006-12-08,1.61,
2006-12-11,1.62,
2006-12-12,1.62,
2006-12-13,1.59,
2006-12-14,1.58,
2006-12-15,1.58,
2006-12-18,1.57,
2006-12-19,1.56,
2006-12-20,1.56,
2006-12-21,1.58,
2006-12-22,1.55,
2006-12-26,1.56,
2006-12-27,1.53,
2006-12-28,1.51,
2006-12-29,1.5,
2006-12-31,1.55,
2007-01-02,1.57,
2007-01-03,1.57,
2007-01-04,1.58,
2007-01-05,1.56,
2007-01-08,1.56,
2007-01-09,1.56,
2007-01-10,1.57,
2007-01-11,1.55,
2007-01-12,1.55,
2007-01-15,1.54,
2007-01-16,1.55,
2007-01-17,1.52,
2007-01-18,1.52,
2007-01-19,1.52,
2007-01-22,1.53,
2007-01-23,1.51,
2007-01-24,1.51,
2007-01-25,1.49,
2007-01-26,1.5,
2007-01-29,1.49,
2007-01-30,1.52,
2007-01-31,1.56,
2007-02-01,1.55,
2007-02-02,1.56,
2007-02-05,1.55,
2007-02-06,1.55,
2007-02-07,1.55,
2007-02-08,1.55,
2007-02-09,1.52,
2007-02-12,1.51,
2007-02-13,1.52,
2007-02-14,1.54,
2007-02-15,1.54,
2007-02-16,1.53,
2007-02-19,1.53,
2007-02-20,1.53,
2007-02-21,1.52,
2007-02-22,1.51,
2007-02-23,1.53,
2007-02-26,1.54,
2007-02-27,1.61,
2007-02-28,1.66,
2007-03-01,1.66,
2007-03-02,1.69,
2007-03-05,1.73,
2007-03-06,1.73,
2007-03-07,1.73,
2007-03-08,1.71,
2007-03-09,1.66,
2007-03-12,1.68,
2007-03-13,1.71,
2007-03-14,1.7,
2007-03-15,1.7,
2007-03-16,1.7,
2007-03-19,1.68,
2007-03-20,1.68,
2007-03-21,1.69,
2007-03-22,1.64,
2007-03-23,1.63,
2007-03-26,1.64,
2007-03-27,1.62,
2007-03-28,1.63,
2007-03-29,1.62,
2007-03-30,1.6,
2007-03-31,1.63,
2007-04-02,1.63,
2007-04-03,1.62,
2007-04-04,1.62,
2007-04-05,1.61,
2007-04-09,1.56,
2007-04-10,1.58,
2007-04-11,1.57,
2007-04-12,1.57,
2007-04-13,1.56,
2007-04-16,1.56,
2007-04-17,1.58,
2007-04-18,1.58,
2007-04-19,1.56,
2007-04-20,1.56,
2007-04-23,1.55,
2007-04-24,1.57,
2007-04-25,1.55,
2007-04-26,1.53,
2007-04-27,1.53,
2007-04-30,1.6,
2007-05-01,1.59,
2007-05-02,1.59,
2007-05-03,1.57,
2007-05-04,1.6,
2007-05-07,1.59,
2007-05-08,1.59,
2007-05-09,1.56,
2007-05-10,1.57,
2007-05-11,1.57,
2007-05-14,1.56,
2007-05-15,1.56,
2007-05-16,1.56,
2007-05-17,1.53,
2007-05-18,1.52,
2007-05-21,1.52,
2007-05-22,1.5,
2007-05-23,1.5,
2007-05-24,1.5,
2007-05-25,1.51,
2007-05-29,1.5,
2007-05-30,1.51,
2007-05-31,1.54,
2007-06-01,1.52,
2007-06-04,1.53,
2007-06-05,1.51,
2007-06-06,1.54,
2007-06-07,1.52,
2007-06-08,1.58,
2007-06-11,1.57,
2007-06-12,1.55,
2007-06-13,1.58,
2007-06-14,1.57,
2007-06-15,1.57,
2007-06-18,1.57,
2007-06-19,1.58,
2007-06-20,1.56,
2007-06-21,1.57,
2007-06-22,1.58,
2007-06-25,1.61,
2007-06-26,1.61,
2007-06-27,1.64,
2007-06-28,1.63,
2007-06-29,1.67,
2007-06-30,1.71,
2007-07-02,1.73,
2007-07-03,1.69,
2007-07-04,1.69,
2007-07-05,1.65,
2007-07-06,1.65,
2007-07-09,1.66,
2007-07-10,1.73,
2007-07-11,1.73,
2007-07-12,1.71,
2007-07-13,1.72,
2007-07-16,1.75,
2007-07-17,1.73,
2007-07-18,1.77,
2007-07-19,1.77,
2007-07-20,1.82,
2007-07-23,1.83,
2007-07-24,1.88,
2007-07-25,1.92,
2007-07-26,2.06,
2007-07-27,2.12,
2007-07-30,2.18,
2007-07-31,2.23,
2007-08-01,2.24,
2007-08-02,2.23,
2007-08-03,2.26,
2007-08-06,2.25,
2007-08-07,2.23,
2007-08-08,2.15,
2007-08-09,2.21,
2007-08-10,2.24,
2007-08-13,2.23,
2007-08-14,2.28,
2007-08-15,2.35,
2007-08-16,2.47,
2007-08-17,2.47,
2007-08-20,2.54,
2007-08-21,2.6,
2007-08-22,2.55,
2007-08-23,2.53,
2007-08-24,2.49,
2007-08-27,2.48,
2007-08-28,2.53,
2007-08-29,2.53,
2007-08-30,2.55,
2007-08-31,2.55,
2007-09-03,2.55,
2007-09-04,2.56,
2007-09-05,2.62,
2007-09-06,2.58,
2007-09-07,2.67,
2007-09-10,2.69,
2007-09-11,2.67,
2007-09-12,2.65,
2007-09-13,2.6,
2007-09-14,2.61,
2007-09-17,2.59,
2007-09-18,2.58,
2007-09-19,2.53,
2007-09-20,2.46,
2007-09-21,2.48,
2007-09-24,2.46,
2007-09-25,2.48,
2007-09-26,2.46,
2007-09-27,2.5,
2007-09-28,2.52,
2007-09-30,2.56,
2007-10-01,2.58,
2007-10-02,2.58,
2007-10-03,2.58,
2007-10-04,2.63,
2007-10-05,2.57,
2007-10-08,2.56,
2007-10-09,2.52,
2007-10-10,2.48,
2007-10-11,2.44,
2007-10-12,2.41,
2007-10-15,2.41,
2007-10-16,2.43,
2007-10-17,2.48,
2007-10-18,2.51,
2007-10-19,2.56,
2007-10-22,2.56,
2007-10-23,2.55,
2007-10-24,2.59,
2007-10-25,2.59,
2007-10-26,2.58,
2007-10-29,2.57,
2007-10-30,2.58,
2007-10-31,2.58,
2007-11-01,2.67,
2007-11-02,2.71,
2007-11-05,2.71,
2007-11-06,2.72,
2007-11-07,2.75,
2007-11-08,2.81,
2007-11-09,2.86,
2007-11-12,2.86,
2007-11-13,2.87,
2007-11-14,2.88,
2007-11-15,2.95,
2007-11-16,2.98,
2007-11-19,3.04,
2007-11-20,3.11,
2007-11-21,3.21,
2007-11-22,3.21,
2007-11-23,3.22,
2007-11-26,3.32,
2007-11-27,3.33,
2007-11-28,3.26,
2007-11-29,3.32,
2007-11-30,3.34,
2007-12-03,3.38,
2007-12-04,3.39,
2007-12-05,3.4,
2007-12-06,3.37,
2007-12-07,3.31,
2007-12-10,3.29,
2007-12-11,3.38,
2007-12-12,3.3,
2007-12-13,3.28,
2007-12-14,3.26,
2007-12-17,3.28,
2007-12-18,3.32,
2007-12-19,3.33,
2007-12-20,3.36,
2007-12-21,3.31,
2007-12-24,3.27,
2007-12-26,3.25,
2007-12-27,3.27,
2007-12-28,3.34,
2007-12-31,3.39,
2008-01-02,3.47,
2008-01-03,3.47,
2008-01-04,3.51,
2008-01-07,3.51,
2008-01-08,3.51,
2008-01-09,3.56,
2008-01-10,3.55,
2008-01-11,3.59,
2008-01-14,3.63,
2008-01-15,3.65,
2008-01-16,3.68,
2008-01-17,3.72,
2008-01-18,3.77,
2008-01-21,3.78,
2008-01-22,3.91,
2008-01-23,4.01,
2008-01-24,3.87,
2008-01-25,3.87,
2008-01-28,3.87,
2008-01-29,3.83,
2008-01-30,3.8,
2008-01-31,3.89,
2008-02-01,3.9,
2008-02-04,3.88,
2008-02-05,3.93,
2008-02-06,3.91,
2008-02-07,3.91,
2008-02-08,3.96,
2008-02-11,3.99,
2008-02-12,3.96,
2008-02-13,3.98,
2008-02-14,3.95,
2008-02-15,3.97,
2008-02-18,3.97,
2008-02-19,3.95,
2008-02-20,3.93,
2008-02-21,4.01,
2008-02-22,4.03,
2008-02-25,3.96,
2008-02-26,3.98,
2008-02-27,3.97,
2008-02-28,4.03,
2008-02-29,4.18,
2008-03-03,4.2,
2008-03-04,4.2,
2008-03-05,4.18,
2008-03-06,4.22,
2008-03-07,4.27,
2008-03-10,4.34,
2008-03-11,4.28,
2008-03-12,4.33,
2008-03-13,4.37,
2008-03-14,4.45,
2008-03-17,4.54,
2008-03-18,4.48,
2008-03-19,4.51,
2008-03-20,4.51,
2008-03-24,4.41,
2008-03-25,4.43,
2008-03-26,4.44,
2008-03-27,4.44,
2008-03-28,4.47,
2008-03-31,4.58,
2008-04-01,4.49,
2008-04-02,4.45,
2008-04-03,4.44,
2008-04-04,4.49,
2008-04-07,4.42,
2008-04-08,4.39,
2008-04-09,4.42,
2008-04-10,4.39,
2008-04-11,4.42,
2008-04-14,4.41,
2008-04-15,4.35,
2008-04-16,4.27,
2008-04-17,4.21,
2008-04-18,4.15,
2008-04-21,4.16,
2008-04-22,4.12,
2008-04-23,4.11,
2008-04-24,4.04,
2008-04-25,3.99,
2008-04-28,4,
2008-04-29,3.99,
2008-04-30,4.03,
2008-05-01,4.02,
2008-05-02,3.94,
2008-05-05,3.94,
2008-05-06,3.92,
2008-05-07,3.92,
2008-05-08,3.96,
2008-05-09,3.97,
2008-05-12,3.95,
2008-05-13,3.85,
2008-05-14,3.81,
2008-05-15,3.85,
2008-05-16,3.83,
2008-05-19,3.82,
2008-05-20,3.83,
2008-05-21,3.79,
2008-05-22,3.73,
2008-05-23,3.78,
2008-05-26,3.78,
2008-05-27,3.76,
2008-05-28,3.69,
2008-05-29,3.66,
2008-05-30,3.67,
2008-05-31,3.71,
2008-06-02,3.76,
2008-06-03,3.79,
2008-06-04,3.8,
2008-06-05,3.74,
2008-06-06,3.79,
2008-06-09,3.72,
2008-06-10,3.7,
2008-06-11,3.76,
2008-06-12,3.68,
2008-06-13,3.68,
2008-06-16,3.71,
2008-06-17,3.73,
2008-06-18,3.77,
2008-06-19,3.74,
2008-06-20,3.78,
2008-06-23,3.79,
2008-06-24,3.86,
2008-06-25,3.89,
2008-06-26,3.98,
2008-06-27,4.02,
2008-06-30,4.03,
2008-07-01,4.07,
2008-07-02,4.09,
2008-07-03,4.15,
2008-07-04,4.15,
2008-07-07,4.22,
2008-07-08,4.28,
2008-07-09,4.29,
2008-07-10,4.32,
2008-07-11,4.25,
2008-07-14,4.27,
2008-07-15,4.35,
2008-07-16,4.32,
2008-07-17,4.26,
2008-07-18,4.23,
2008-07-21,4.21,
2008-07-22,4.22,
2008-07-23,4.17,
2008-07-24,4.26,
2008-07-25,4.23,
2008-07-28,4.3,
2008-07-29,4.29,
2008-07-30,4.28,
2008-07-31,4.39,
2008-08-01,4.4,
2008-08-04,4.4,
2008-08-05,4.41,
2008-08-06,4.39,
2008-08-07,4.44,
2008-08-08,4.47,
2008-08-11,4.45,
2008-08-12,4.51,
2008-08-13,4.5,
2008-08-14,4.52,
2008-08-15,4.56,
2008-08-18,4.58,
2008-08-19,4.58,
2008-08-20,4.62,
2008-08-21,4.6,
2008-08-22,4.59,
2008-08-25,4.64,
2008-08-26,4.64,
2008-08-27,4.65,
2008-08-28,4.64,
2008-08-29,4.64,
2008-08-31,4.66,
2008-09-01,4.66,
2008-09-02,4.71,
2008-09-03,4.76,
2008-09-04,4.82,
2008-09-05,4.86,
2008-09-08,4.83,
2008-09-09,4.92,
2008-09-10,4.96,
2008-09-11,5.03,
2008-09-12,5.06,
2008-09-15,5.36,
2008-09-16,5.62,
2008-09-17,5.92,
2008-09-18,6.16,
2008-09-19,6.01,
2008-09-22,6.02,
2008-09-23,6.19,
2008-09-24,6.33,
2008-09-25,6.4,
2008-09-26,6.54,
2008-09-29,6.8,
2008-09-30,6.98,
2008-10-01,7.14,
2008-10-02,7.29,
2008-10-03,7.4,
2008-10-06,7.74,
2008-10-07,7.94,
2008-10-08,8.21,
2008-10-09,8.44,
2008-10-10,8.99,
2008-10-13,9.02,
2008-10-14,9.4,
2008-10-15,9.67,
2008-10-16,10.13,
2008-10-17,10.37,
2008-10-20,10.6,
2008-10-21,11,
2008-10-22,11.41,
2008-10-23,12.07,
2008-10-24,12.84,
2008-10-27,13.27,
2008-10-28,13.63,
2008-10-29,13.86,
2008-10-30,13.7,
2008-10-31,13.33,
2008-11-03,13.29,
2008-11-04,13.08,
2008-11-05,12.72,
2008-11-06,12.8,
2008-11-07,12.74,
2008-11-10,12.67,
2008-11-11,12.71,
2008-11-12,12.8,
2008-11-13,12.99,
2008-11-14,13.02,
2008-11-17,13.09,
2008-11-18,13.24,
2008-11-19,13.32,
2008-11-20,13.44,
2008-11-21,13.57,
2008-11-24,13.59,
2008-11-25,13.59,
2008-11-26,13.57,
2008-11-27,13.57,
2008-11-28,13.52,
2008-11-30,13.62,
2008-12-01,13.63,
2008-12-02,13.67,
2008-12-03,13.64,
2008-12-04,13.64,
2008-12-05,13.62,
2008-12-08,13.63,
2008-12-09,13.63,
2008-12-10,13.56,
2008-12-11,13.47,
2008-12-12,13.4,
2008-12-15,13.38,
2008-12-16,13.4,
2008-12-17,13.35,
2008-12-18,13.29,
2008-12-19,13.21,
2008-12-22,13.18,
2008-12-23,13.14,
2008-12-24,13.16,
2008-12-26,13.19,
2008-12-29,13.12,
2008-12-30,13.11,
2008-12-31,12.83,
2009-01-02,12.78,
2009-01-05,12.8,
2009-01-06,12.68,
2009-01-07,12.52,
2009-01-08,12.44,
2009-01-09,12.36,
2009-01-12,12.28,
2009-01-13,12.2,
2009-01-14,12.15,
2009-01-15,12.1,
2009-01-16,12.04,
2009-01-19,12.04,
2009-01-20,12.01,
2009-01-21,12.04,
2009-01-22,11.98,
2009-01-23,11.94,
2009-01-26,11.91,
2009-01-27,11.89,
2009-01-28,11.76,
2009-01-29,11.6,
2009-01-30,11.54,
2009-01-31,11.51,
2009-02-02,11.59,
2009-02-03,11.53,
2009-02-04,11.5,
2009-02-05,11.51,
2009-02-06,11.49,
2009-02-09,11.42,
2009-02-10,11.47,
2009-02-11,11.52,
2009-02-12,11.59,
2009-02-13,11.59,
2009-02-16,11.6,
2009-02-17,11.77,
2009-02-18,11.83,
2009-02-19,11.8,
2009-02-20,11.88,
2009-02-23,11.88,
2009-02-24,11.88,
2009-02-25,11.87,
2009-02-26,11.86,
2009-02-27,11.86,
2009-02-28,11.36,
2009-03-02,11.46,
2009-03-03,11.53,
2009-03-04,11.58,
2009-03-05,11.6,
2009-03-06,11.6,
2009-03-09,11.64,
2009-03-10,11.63,
2009-03-11,11.59,
2009-03-12,11.59,
2009-03-13,11.54,
2009-03-16,11.49,
2009-03-17,11.45,
2009-03-18,11.52,
2009-03-19,11.46,
2009-03-20,11.39,
2009-03-23,11.3,
2009-03-24,11.22,
2009-03-25,11.04,
2009-03-26,11.03,
2009-03-27,10.95,
2009-03-30,10.99,
2009-03-31,11.04,
2009-04-01,11.03,
2009-04-02,10.94,
2009-04-03,10.84,
2009-04-06,10.7,
2009-04-07,10.63,
2009-04-08,10.6,
2009-04-09,10.5,
2009-04-13,10.53,
2009-04-14,10.41,
2009-04-15,10.32,
2009-04-16,10.17,
2009-04-17,10.03,
2009-04-20,10.06,
2009-04-21,10.08,
2009-04-22,10.01,
2009-04-23,9.97,
2009-04-24,9.88,
2009-04-27,9.89,
2009-04-28,9.82,
2009-04-29,9.69,
2009-04-30,9.52,
2009-05-01,9.44,
2009-05-04,9.41,
2009-05-05,9.33,
2009-05-06,9.19,
2009-05-07,8.98,
2009-05-08,8.85,
2009-05-11,8.81,
2009-05-12,8.75,
2009-05-13,8.76,
2009-05-14,8.69,
2009-05-15,8.64,
2009-05-18,8.6,
2009-05-19,8.51,
2009-05-20,8.35,
2009-05-21,8.24,
2009-05-22,8.13,
2009-05-25,8.12,
2009-05-26,8.05,
2009-05-27,7.94,
2009-05-28,7.95,
2009-05-29,7.88,
2009-05-31,7.69,
2009-06-01,7.57,
2009-06-02,7.53,
2009-06-03,7.48,
2009-06-04,7.37,
2009-06-05,7.2,
2009-06-08,7.12,
2009-06-09,7.12,
2009-06-10,7.04,
2009-06-11,7.03,
2009-06-12,7.03,
2009-06-15,7.04,
2009-06-16,7,
2009-06-17,7.05,
2009-06-18,6.98,
2009-06-19,6.97,
2009-06-22,7.04,
2009-06-23,7.09,
2009-06-24,7.09,
2009-06-25,7.13,
2009-06-26,7.13,
2009-06-29,7.1,
2009-06-30,6.69,
2009-07-01,6.66,
2009-07-02,6.63,
2009-07-03,6.63,
2009-07-06,6.66,
2009-07-07,6.65,
2009-07-08,6.69,
2009-07-09,6.64,
2009-07-10,6.68,
2009-07-13,6.66,
2009-07-14,6.61,
2009-07-15,6.5,
2009-07-16,6.49,
2009-07-17,6.42,
2009-07-20,6.42,
2009-07-21,6.38,
2009-07-22,6.31,
2009-07-23,6.18,
2009-07-24,6.14,
2009-07-27,6.07,
2009-07-28,6.03,
2009-07-29,5.98,
2009-07-30,5.93,
2009-07-31,5.73,
2009-08-03,5.62,
2009-08-04,5.53,
2009-08-05,5.44,
2009-08-06,5.37,
2009-08-07,5.28,
2009-08-10,5.28,
2009-08-11,5.3,
2009-08-12,5.3,
2009-08-13,5.35,
2009-08-14,5.36,
2009-08-17,5.41,
2009-08-18,5.4,
2009-08-19,5.41,
2009-08-20,5.41,
2009-08-21,5.32,
2009-08-24,5.34,
2009-08-25,5.33,
2009-08-26,5.31,
2009-08-27,5.23,
2009-08-28,5.22,
2009-08-31,5.19,
2009-09-01,5.21,
2009-09-02,5.23,
2009-09-03,5.22,
2009-09-04,5.18,
2009-09-07,5.18,
2009-09-08,5.15,
2009-09-09,5.09,
2009-09-10,5.09,
2009-09-11,5.04,
2009-09-14,4.95,
2009-09-15,4.9,
2009-09-16,4.79,
2009-09-17,4.77,
2009-09-18,4.66,
2009-09-21,4.66,
2009-09-22,4.68,
2009-09-23,4.66,
2009-09-24,4.67,
2009-09-25,4.67,
2009-09-28,4.69,
2009-09-29,4.68,
2009-09-30,4.63,
2009-10-01,4.65,
2009-10-02,4.63,
2009-10-05,4.63,
2009-10-06,4.58,
2009-10-07,4.57,
2009-10-08,4.51,
2009-10-09,4.41,
2009-10-12,4.41,
2009-10-13,4.39,
2009-10-14,4.33,
2009-10-15,4.29,
2009-10-16,4.29,
2009-10-19,4.28,
2009-10-20,4.31,
2009-10-21,4.28,
2009-10-22,4.31,
2009-10-23,4.29,
2009-10-26,4.26,
2009-10-27,4.32,
2009-10-28,4.38,
2009-10-29,4.38,
2009-10-30,4.44,
2009-10-31,4.36,
2009-11-02,4.36,
2009-11-03,4.36,
2009-11-04,4.36,
2009-11-05,4.38,
2009-11-06,4.39,
2009-11-09,4.38,
2009-11-10,4.33,
2009-11-11,4.33,
2009-11-12,4.33,
2009-11-13,4.3,
2009-11-16,4.32,
2009-11-17,4.3,
2009-11-18,4.27,
2009-11-19,4.26,
2009-11-20,4.25,
2009-11-23,4.25,
2009-11-24,4.28,
2009-11-25,4.31,
2009-11-26,4.34,
2009-11-27,4.4,
2009-11-30,4.6,
2009-12-01,4.57,
2009-12-02,4.52,
2009-12-03,4.48,
2009-12-04,4.41,
2009-12-07,4.41,
2009-12-08,4.46,
2009-12-09,4.47,
2009-12-10,4.44,
2009-12-11,4.41,
2009-12-14,4.35,
2009-12-15,4.32,
2009-12-16,4.3,
2009-12-17,4.34,
2009-12-18,4.3,
2009-12-21,4.24,
2009-12-22,4.21,
2009-12-23,4.2,
2009-12-24,4.16,
2009-12-28,4.13,
2009-12-29,4.1,
2009-12-30,4.12,
2009-12-31,4.11,
2010-01-04,4.11,
2010-01-05,4.07,
2010-01-06,3.99,
2010-01-07,3.96,
2010-01-08,3.92,
2010-01-11,3.87,
2010-01-12,3.89,
2010-01-13,3.86,
2010-01-14,3.86,
2010-01-15,3.89,
2010-01-18,3.88,
2010-01-19,3.87,
2010-01-20,3.9,
2010-01-21,3.95,
2010-01-22,3.99,
2010-01-25,4.01,
2010-01-26,4.01,
2010-01-27,4,
2010-01-28,4.01,
2010-01-29,4.02,
2010-01-31,4.04,
2010-02-01,4.04,
2010-02-02,4.04,
2010-02-03,4.01,
2010-02-04,4.06,
2010-02-05,4.13,
2010-02-08,4.14,
2010-02-09,4.17,
2010-02-10,4.14,
2010-02-11,4.12,
2010-02-12,4.13,
2010-02-15,4.13,
2010-02-16,4.14,
2010-02-17,4.11,
2010-02-18,4.06,
2010-02-19,4.03,
2010-02-22,4.03,
2010-02-23,4.03,
2010-02-24,4.01,
2010-02-25,4.03,
2010-02-26,3.99,
2010-02-28,3.99,
2010-03-01,3.98,
2010-03-02,3.93,
2010-03-03,3.9,
2010-03-04,3.89,
2010-03-05,3.82,
2010-03-08,3.76,
2010-03-09,3.72,
2010-03-10,3.65,
2010-03-11,3.62,
2010-03-12,3.6,
2010-03-15,3.58,
2010-03-16,3.58,
2010-03-17,3.55,
2010-03-18,3.52,
2010-03-19,3.49,
2010-03-22,3.5,
2010-03-23,3.49,
2010-03-24,3.42,
2010-03-25,3.38,
2010-03-26,3.39,
2010-03-29,3.38,
2010-03-30,3.37,
2010-03-31,3.36,
2010-04-01,3.34,
2010-04-05,3.27,
2010-04-06,3.24,
2010-04-07,3.27,
2010-04-08,3.28,
2010-04-09,3.24,
2010-04-12,3.26,
2010-04-13,3.25,
2010-04-14,3.19,
2010-04-15,3.17,
2010-04-16,3.2,
2010-04-19,3.18,
2010-04-20,3.17,
2010-04-21,3.18,
2010-04-22,3.17,
2010-04-23,3.15,
2010-04-26,3.16,
2010-04-27,3.23,
2010-04-28,3.25,
2010-04-29,3.31,
2010-04-30,3.29,
2010-05-03,3.27,
2010-05-04,3.31,
2010-05-05,3.45,
2010-05-06,3.64,
2010-05-07,3.85,
2010-05-10,3.7,
2010-05-11,3.7,
2010-05-12,3.66,
2010-05-13,3.64,
2010-05-14,3.69,
2010-05-17,3.71,
2010-05-18,3.75,
2010-05-19,3.88,
2010-05-20,4.02,
2010-05-21,4.15,
2010-05-24,4.17,
2010-05-25,4.35,
2010-05-26,4.33,
2010-05-27,4.21,
2010-05-28,4.18,
2010-05-31,4.22,
2010-06-01,4.25,
2010-06-02,4.2,
2010-06-03,4.13,
2010-06-04,4.23,
2010-06-07,4.28,
2010-06-08,4.32,
2010-06-09,4.28,
2010-06-10,4.21,
2010-06-11,4.24,
2010-06-14,4.17,
2010-06-15,4.13,
2010-06-16,4.09,
2010-06-17,4.1,
2010-06-18,4.04,
2010-06-21,3.95,
2010-06-22,3.98,
2010-06-23,4.01,
2010-06-24,4.05,
2010-06-25,4.07,
2010-06-28,4.1,
2010-06-29,4.14,
2010-06-30,4.14,
2010-07-01,4.15,
2010-07-02,4.15,
2010-07-05,4.15,
2010-07-06,4.14,
2010-07-07,4.12,
2010-07-08,4.06,
2010-07-09,4.01,
2010-07-12,3.98,
2010-07-13,3.91,
2010-07-14,3.9,
2010-07-15,3.92,
2010-07-16,3.95,
2010-07-19,3.94,
2010-07-20,3.96,
2010-07-21,3.93,
2010-07-22,3.89,
2010-07-23,3.84,
2010-07-26,3.8,
2010-07-27,3.75,
2010-07-28,3.72,
2010-07-29,3.72,
2010-07-30,3.76,
2010-07-31,3.74,
2010-08-02,3.72,
2010-08-03,3.7,
2010-08-04,3.67,
2010-08-05,3.67,
2010-08-06,3.69,
2010-08-09,3.66,
2010-08-10,3.67,
2010-08-11,3.71,
2010-08-12,3.71,
2010-08-13,3.71,
2010-08-16,3.72,
2010-08-17,3.69,
2010-08-18,3.65,
2010-08-19,3.65,
2010-08-20,3.64,
2010-08-23,3.63,
2010-08-24,3.68,
2010-08-25,3.72,
2010-08-26,3.74,
2010-08-27,3.71,
2010-08-30,3.74,
2010-08-31,3.78,
2010-09-01,3.75,
2010-09-02,3.71,
2010-09-03,3.65,
2010-09-06,3.64,
2010-09-07,3.67,
2010-09-08,3.65,
2010-09-09,3.62,
2010-09-10,3.58,
2010-09-13,3.58,
2010-09-14,3.6,
2010-09-15,3.59,
2010-09-16,3.57,
2010-09-17,3.57,
2010-09-20,3.59,
2010-09-21,3.63,
2010-09-22,3.64,
2010-09-23,3.65,
2010-09-24,3.62,
2010-09-27,3.63,
2010-09-28,3.65,
2010-09-29,3.61,
2010-09-30,3.59,
2010-10-01,3.57,
2010-10-04,3.57,
2010-10-05,3.56,
2010-10-06,3.55,
2010-10-07,3.53,
2010-10-08,3.51,
2010-10-11,3.5,
2010-10-12,3.48,
2010-10-13,3.44,
2010-10-14,3.41,
2010-10-15,3.38,
2010-10-18,3.44,
2010-10-19,3.48,
2010-10-20,3.51,
2010-10-21,3.48,
2010-10-22,3.48,
2010-10-25,3.45,
2010-10-26,3.41,
2010-10-27,3.37,
2010-10-28,3.42,
2010-10-29,3.44,
2010-10-31,3.53,
2010-11-01,3.53,
2010-11-02,3.52,
2010-11-03,3.51,
2010-11-04,3.52,
2010-11-05,3.48,
2010-11-08,3.47,
2010-11-09,3.42,
2010-11-10,3.48,
2010-11-11,3.48,
2010-11-12,3.47,
2010-11-15,3.45,
2010-11-16,3.49,
2010-11-17,3.55,
2010-11-18,3.5,
2010-11-19,3.49,
2010-11-22,3.53,
2010-11-23,3.59,
2010-11-24,3.54,
2010-11-25,3.54,
2010-11-26,3.55,
2010-11-29,3.6,
2010-11-30,3.74,
2010-12-01,3.66,
2010-12-02,3.62,
2010-12-03,3.59,
2010-12-06,3.6,
2010-12-07,3.5,
2010-12-08,3.46,
2010-12-09,3.41,
2010-12-10,3.37,
2010-12-13,3.38,
2010-12-14,3.31,
2010-12-15,3.3,
2010-12-16,3.32,
2010-12-17,3.36,
2010-12-20,3.39,
2010-12-21,3.39,
2010-12-22,3.37,
2010-12-23,3.33,
2010-12-24,3.33,
2010-12-27,3.34,
2010-12-28,3.29,
2010-12-29,3.34,
2010-12-30,3.34,
2010-12-31,3.39,
2011-01-03,3.36,
2011-01-04,3.33,
2011-01-05,3.21,
2011-01-06,3.23,
2011-01-07,3.3,
2011-01-10,3.34,
2011-01-11,3.32,
2011-01-12,3.28,
2011-01-13,3.3,
2011-01-14,3.28,
2011-01-17,3.27,
2011-01-18,3.25,
2011-01-19,3.26,
2011-01-20,3.2,
2011-01-21,3.22,
2011-01-24,3.23,
2011-01-25,3.28,
2011-01-26,3.22,
2011-01-27,3.24,
2011-01-28,3.3,
2011-01-31,3.34,
2011-02-01,3.29,
2011-02-02,3.23,
2011-02-03,3.2,
2011-02-04,3.13,
2011-02-07,3.11,
2011-02-08,3.07,
2011-02-09,3.09,
2011-02-10,3.08,
2011-02-11,3.1,
2011-02-14,3.11,
2011-02-15,3.11,
2011-02-16,3.1,
2011-02-17,3.13,
2011-02-18,3.12,
2011-02-21,3.12,
2011-02-22,3.19,
2011-02-23,3.22,
2011-02-24,3.23,
2011-02-25,3.22,
2011-02-28,3.28,
2011-03-01,3.28,
2011-03-02,3.25,
2011-03-03,3.15,
2011-03-04,3.18,
2011-03-07,3.17,
2011-03-08,3.14,
2011-03-09,3.16,
2011-03-10,3.22,
2011-03-11,3.24,
2011-03-14,3.28,
2011-03-15,3.34,
2011-03-16,3.39,
2011-03-17,3.36,
2011-03-18,3.33,
2011-03-21,3.27,
2011-03-22,3.24,
2011-03-23,3.23,
2011-03-24,3.18,
2011-03-25,3.12,
2011-03-28,3.1,
2011-03-29,3.08,
2011-03-30,3.09,
2011-03-31,3.14,
2011-04-01,3.12,
2011-04-04,3.12,
2011-04-05,3.06,
2011-04-06,3.02,
2011-04-07,3.01,
2011-04-08,2.99,
2011-04-11,2.99,
2011-04-12,3.06,
2011-04-13,3.06,
2011-04-14,3.06,
2011-04-15,3.11,
2011-04-18,3.15,
2011-04-19,3.16,
2011-04-20,3.12,
2011-04-21,3.11,
2011-04-25,3.13,
2011-04-26,3.15,
2011-04-27,3.12,
2011-04-28,3.16,
2011-04-29,3.15,
2011-04-30,3.19,
2011-05-02,3.19,
2011-05-03,3.19,
2011-05-04,3.19,
2011-05-05,3.22,
2011-05-06,3.24,
2011-05-09,3.26,
2011-05-10,3.22,
2011-05-11,3.23,
2011-05-12,3.23,
2011-05-13,3.25,
2011-05-16,3.25,
2011-05-17,3.25,
2011-05-18,3.21,
2011-05-19,3.19,
2011-05-20,3.21,
2011-05-23,3.24,
2011-05-24,3.25,
2011-05-25,3.27,
2011-05-26,3.33,
2011-05-27,3.34,
2011-05-30,3.34,
2011-05-31,3.38,
2011-06-01,3.42,
2011-06-02,3.4,
2011-06-03,3.43,
2011-06-06,3.43,
2011-06-07,3.42,
2011-06-08,3.46,
2011-06-09,3.45,
2011-06-10,3.47,
2011-06-13,3.47,
2011-06-14,3.42,
2011-06-15,3.5,
2011-06-16,3.56,
2011-06-17,3.57,
2011-06-20,3.57,
2011-06-21,3.55,
2011-06-22,3.57,
2011-06-23,3.66,
2011-06-24,3.71,
2011-06-27,3.68,
2011-06-28,3.59,
2011-06-29,3.51,
2011-06-30,3.47,
2011-07-01,3.42,
2011-07-04,3.42,
2011-07-05,3.46,
2011-07-06,3.49,
2011-07-07,3.43,
2011-07-08,3.52,
2011-07-11,3.6,
2011-07-12,3.64,
2011-07-13,3.62,
2011-07-14,3.61,
2011-07-15,3.63,
2011-07-18,3.64,
2011-07-19,3.64,
2011-07-20,3.61,
2011-07-21,3.55,
2011-07-22,3.54,
2011-07-25,3.53,
2011-07-26,3.55,
2011-07-27,3.51,
2011-07-28,3.5,
2011-07-29,3.56,
2011-07-31,3.58,
2011-08-01,3.58,
2011-08-02,3.61,
2011-08-03,3.62,
2011-08-04,3.74,
2011-08-05,3.79,
2011-08-08,4.06,
2011-08-09,4.24,
2011-08-10,4.24,
2011-08-11,4.34,
2011-08-12,4.36,
2011-08-15,4.29,
2011-08-16,4.27,
2011-08-17,4.27,
2011-08-18,4.34,
2011-08-19,4.33,
2011-08-22,4.34,
2011-08-23,4.39,
2011-08-24,4.4,
2011-08-25,4.44,
2011-08-26,4.51,
2011-08-29,4.48,
2011-08-30,4.5,
2011-08-31,4.41,
2011-09-01,4.41,
2011-09-02,4.47,
2011-09-05,4.48,
2011-09-06,4.53,
2011-09-07,4.48,
2011-09-08,4.49,
2011-09-09,4.53,
2011-09-12,4.58,
2011-09-13,4.58,
2011-09-14,4.61,
2011-09-15,4.61,
2011-09-16,4.63,
2011-09-19,4.76,
2011-09-20,4.78,
2011-09-21,4.84,
2011-09-22,5.16,
2011-09-23,5.3,
2011-09-26,5.4,
2011-09-27,5.41,
2011-09-28,5.41,
2011-09-29,5.45,
2011-09-30,5.58,
2011-10-03,5.74,
2011-10-04,5.96,
2011-10-05,5.91,
2011-10-06,5.77,
2011-10-07,5.63,
2011-10-10,5.62,
2011-10-11,5.42,
2011-10-12,5.25,
2011-10-13,5.19,
2011-10-14,5.09,
2011-10-17,5.06,
2011-10-18,5.06,
2011-10-19,5.01,
2011-10-20,5.02,
2011-10-21,4.99,
2011-10-24,4.92,
2011-10-25,4.91,
2011-10-26,4.86,
2011-10-27,4.6,
2011-10-28,4.59,
2011-10-31,4.68,
2011-11-01,4.89,
2011-11-02,4.87,
2011-11-03,4.81,
2011-11-04,4.79,
2011-11-07,4.82,
2011-11-08,4.75,
2011-11-09,4.82,
2011-11-10,4.82,
2011-11-11,4.82,
2011-11-14,4.83,
2011-11-15,4.84,
2011-11-16,4.86,
2011-11-17,4.91,
2011-11-18,4.9,
2011-11-21,4.99,
2011-11-22,5.04,
2011-11-23,5.12,
2011-11-24,5.12,
2011-11-25,5.15,
2011-11-28,5.13,
2011-11-29,5.16,
2011-11-30,5.13,
2011-12-01,5.09,
2011-12-02,5.09,
2011-12-05,5.05,
2011-12-06,5.05,
2011-12-07,5.07,
2011-12-08,5.1,
2011-12-09,5.09,
2011-12-12,5.13,
2011-12-13,5.15,
2011-12-14,5.19,
2011-12-15,5.21,
2011-12-16,5.23,
2011-12-19,5.25,
2011-12-20,5.2,
2011-12-21,5.17,
2011-12-22,5.16,
2011-12-23,5.12,
2011-12-27,5.14,
2011-12-28,5.17,
2011-12-29,5.15,
2011-12-30,5.16,
2011-12-31,5.15,
2012-01-03,5.07,
2012-01-04,5.04,
2012-01-05,5.04,
2012-01-06,5.05,
2012-01-09,5.07,
2012-01-10,5.05,
2012-01-11,5.09,
2012-01-12,5.06,
2012-01-13,5.08,
2012-01-16,5.08,
2012-01-17,5.08,
2012-01-18,5.04,
2012-01-19,4.96,
2012-01-20,4.91,
2012-01-23,4.86,
2012-01-24,4.85,
2012-01-25,4.86,
2012-01-26,4.82,
2012-01-27,4.8,
2012-01-30,4.82,
2012-01-31,4.82,
2012-02-01,4.76,
2012-02-02,4.75,
2012-02-03,4.68,
2012-02-06,4.68,
2012-02-07,4.64,
2012-02-08,4.63,
2012-02-09,4.58,
2012-02-10,4.59,
2012-02-13,4.56,
2012-02-14,4.56,
2012-02-15,4.55,
2012-02-16,4.54,
2012-02-17,4.51,
2012-02-20,4.5,
2012-02-21,4.46,
2012-02-22,4.42,
2012-02-23,4.4,
2012-02-24,4.37,
2012-02-27,4.39,
2012-02-28,4.34,
2012-02-29,4.21,
2012-03-01,4.17,
2012-03-02,4.15,
2012-03-05,4.12,
2012-03-06,4.19,
2012-03-07,4.18,
2012-03-08,4.13,
2012-03-09,4.08,
2012-03-12,4.07,
2012-03-13,4,
2012-03-14,3.91,
2012-03-15,3.92,
2012-03-16,3.89,
2012-03-19,3.84,
2012-03-20,3.85,
2012-03-21,3.89,
2012-03-22,3.93,
2012-03-23,3.96,
2012-03-26,3.95,
2012-03-27,3.98,
2012-03-28,3.98,
2012-03-29,4.01,
2012-03-30,4,
2012-03-31,4.03,
2012-04-02,4.05,
2012-04-03,4,
2012-04-04,4.04,
2012-04-05,4.09,
2012-04-09,4.16,
2012-04-10,4.23,
2012-04-11,4.23,
2012-04-12,4.21,
2012-04-13,4.21,
2012-04-16,4.22,
2012-04-17,4.18,
2012-04-18,4.2,
2012-04-19,4.2,
2012-04-20,4.17,
2012-04-23,4.2,
2012-04-24,4.18,
2012-04-25,4.14,
2012-04-26,4.14,
2012-04-27,4.13,
2012-04-30,4.14,
2012-05-01,4.09,
2012-05-02,4.08,
2012-05-03,4.04,
2012-05-04,4.08,
2012-05-07,4.1,
2012-05-08,4.12,
2012-05-09,4.16,
2012-05-10,4.15,
2012-05-11,4.17,
2012-05-14,4.27,
2012-05-15,4.32,
2012-05-16,4.39,
2012-05-17,4.46,
2012-05-18,4.53,
2012-05-21,4.52,
2012-05-22,4.45,
2012-05-23,4.54,
2012-05-24,4.54,
2012-05-25,4.56,
2012-05-28,4.56,
2012-05-29,4.54,
2012-05-30,4.64,
2012-05-31,4.7,
2012-06-01,4.78,
2012-06-04,4.79,
2012-06-05,4.75,
2012-06-06,4.64,
2012-06-07,4.56,
2012-06-08,4.57,
2012-06-11,4.55,
2012-06-12,4.53,
2012-06-13,4.53,
2012-06-14,4.52,
2012-06-15,4.49,
2012-06-18,4.48,
2012-06-19,4.42,
2012-06-20,4.39,
2012-06-21,4.41,
2012-06-22,4.39,
2012-06-25,4.42,
2012-06-26,4.41,
2012-06-27,4.41,
2012-06-28,4.43,
2012-06-29,4.34,
2012-06-30,4.34,
2012-07-02,4.35,
2012-07-03,4.29,
2012-07-04,4.28,
2012-07-05,4.28,
2012-07-06,4.29,
2012-07-09,4.3,
2012-07-10,4.27,
2012-07-11,4.25,
2012-07-12,4.24,
2012-07-13,4.2,
2012-07-16,4.19,
2012-07-17,4.15,
2012-07-18,4.14,
2012-07-19,4.11,
2012-07-20,4.13,
2012-07-23,4.18,
2012-07-24,4.22,
2012-07-25,4.22,
2012-07-26,4.18,
2012-07-27,4.1,
2012-07-30,4.08,
2012-07-31,4.08,
2012-08-01,4.03,
2012-08-02,4.05,
2012-08-03,3.97,
2012-08-06,3.93,
2012-08-07,3.87,
2012-08-08,3.85,
2012-08-09,3.85,
2012-08-10,3.87,
2012-08-13,3.86,
2012-08-14,3.83,
2012-08-15,3.81,
2012-08-16,3.8,
2012-08-17,3.8,
2012-08-20,3.81,
2012-08-21,3.79,
2012-08-22,3.81,
2012-08-23,3.81,
2012-08-24,3.8,
2012-08-27,3.81,
2012-08-28,3.81,
2012-08-29,3.81,
2012-08-30,3.85,
2012-08-31,3.9,
2012-09-03,3.89,
2012-09-04,3.87,
2012-09-05,3.85,
2012-09-06,3.77,
2012-09-07,3.75,
2012-09-10,3.71,
2012-09-11,3.68,
2012-09-12,3.63,
2012-09-13,3.64,
2012-09-14,3.54,
2012-09-17,3.53,
2012-09-18,3.55,
2012-09-19,3.55,
2012-09-20,3.56,
2012-09-21,3.57,
2012-09-24,3.6,
2012-09-25,3.62,
2012-09-26,3.7,
2012-09-27,3.66,
2012-09-28,3.63,
2012-09-30,3.63,
2012-10-01,3.63,
2012-10-02,3.62,
2012-10-03,3.6,
2012-10-04,3.56,
2012-10-05,3.5,
2012-10-08,3.5,
2012-10-09,3.5,
2012-10-10,3.51,
2012-10-11,3.48,
2012-10-12,3.45,
2012-10-15,3.43,
2012-10-16,3.36,
2012-10-17,3.28,
2012-10-18,3.24,
2012-10-19,3.26,
2012-10-22,3.26,
2012-10-23,3.31,
2012-10-24,3.31,
2012-10-25,3.28,
2012-10-26,3.32,
2012-10-29,3.34,
2012-10-31,3.39,
2012-11-01,3.38,
2012-11-02,3.37,
2012-11-05,3.38,
2012-11-06,3.34,
2012-11-07,3.39,
2012-11-08,3.42,
2012-11-09,3.46,
2012-11-12,3.46,
2012-11-13,3.5,
2012-11-14,3.51,
2012-11-15,3.54,
2012-11-16,3.57,
2012-11-19,3.54,
2012-11-20,3.51,
2012-11-21,3.48,
2012-11-22,3.48,
2012-11-23,3.47,
2012-11-26,3.46,
2012-11-27,3.43,
2012-11-28,3.43,
2012-11-29,3.4,
2012-11-30,3.42,
2012-12-03,3.4,
2012-12-04,3.4,
2012-12-05,3.4,
2012-12-06,3.4,
2012-12-07,3.38,
2012-12-10,3.38,
2012-12-11,3.35,
2012-12-12,3.32,
2012-12-13,3.3,
2012-12-14,3.29,
2012-12-17,3.28,
2012-12-18,3.23,
2012-12-19,3.22,
2012-12-20,3.22,
2012-12-21,3.23,
2012-12-24,3.21,
2012-12-26,3.22,
2012-12-27,3.24,
2012-12-28,3.23,
2012-12-31,3.2,
2013-01-02,3.13,
2013-01-03,3.05,
2013-01-04,3.02,
2013-01-07,3,
2013-01-08,3.02,
2013-01-09,3.03,
2013-01-10,3,
2013-01-11,3.02,
2013-01-14,3.03,
2013-01-15,3.03,
2013-01-16,3.03,
2013-01-17,3,
2013-01-18,3.02,
2013-01-21,3.02,
2013-01-22,3.02,
2013-01-23,3.02,
2013-01-24,3.02,
2013-01-25,2.97,
2013-01-28,2.96,
2013-01-29,2.98,
2013-01-30,3.01,
2013-01-31,3.15,
2013-02-01,3.14,
2013-02-04,3.2,
2013-02-05,3.19,
2013-02-06,3.22,
2013-02-07,3.23,
2013-02-08,3.21,
2013-02-11,3.19,
2013-02-12,3.18,
2013-02-13,3.16,
2013-02-14,3.18,
2013-02-15,3.16,
2013-02-18,3.16,
2013-02-19,3.14,
2013-02-20,3.12,
2013-02-21,3.17,
2013-02-22,3.17,
2013-02-25,3.18,
2013-02-26,3.2,
2013-02-27,3.19,
2013-02-28,3.18,
2013-03-01,3.19,
2013-03-04,3.18,
2013-03-05,3.15,
2013-03-06,3.13,
2013-03-07,3.1,
2013-03-08,3.07,
2013-03-11,3.07,
2013-03-12,3.07,
2013-03-13,3.07,
2013-03-14,3.08,
2013-03-15,3.11,
2013-03-18,3.16,
2013-03-19,3.18,
2013-03-20,3.18,
2013-03-21,3.19,
2013-03-22,3.21,
2013-03-25,3.19,
2013-03-26,3.2,
2013-03-27,3.24,
2013-03-28,3.24,
2013-03-31,3.27,
2013-04-01,3.28,
2013-04-02,3.26,
2013-04-03,3.28,
2013-04-04,3.28,
2013-04-05,3.27,
2013-04-08,3.23,
2013-04-09,3.2,
2013-04-10,3.18,
2013-04-11,3.18,
2013-04-12,3.2,
2013-04-15,3.23,
2013-04-16,3.25,
2013-04-17,3.29,
2013-04-18,3.3,
2013-04-19,3.28,
2013-04-22,3.27,
2013-04-23,3.25,
2013-04-24,3.23,
2013-04-25,3.22,
2013-04-26,3.24,
2013-04-29,3.22,
2013-04-30,3.2,
2013-05-01,3.2,
2013-05-02,3.18,
2013-05-03,3.11,
2013-05-06,3.09,
2013-05-07,3.07,
2013-05-08,3.08,
2013-05-09,3.06,
2013-05-10,3.04,
2013-05-13,3.06,
2013-05-14,3.04,
2013-05-15,3.05,
2013-05-16,3.09,
2013-05-17,3.06,
2013-05-20,3.06,
2013-05-21,3.09,
2013-05-22,3.06,
2013-05-23,3.11,
2013-05-24,3.14,
2013-05-27,3.14,
2013-05-28,3.11,
2013-05-29,3.22,
2013-05-30,3.24,
2013-05-31,3.3,
2013-06-03,3.37,
2013-06-04,3.37,
2013-06-05,3.46,
2013-06-06,3.54,
2013-06-07,3.51,
2013-06-10,3.53,
2013-06-11,3.68,
2013-06-12,3.66,
2013-06-13,3.66,
2013-06-14,3.61,
2013-06-17,3.58,
2013-06-18,3.61,
2013-06-19,3.55,
2013-06-20,3.81,
2013-06-21,3.83,
2013-06-24,4.04,
2013-06-25,3.98,
2013-06-26,3.95,
2013-06-27,3.89,
2013-06-28,3.85,
2013-06-30,3.87,
2013-07-01,3.86,
2013-07-02,3.83,
2013-07-03,3.86,
2013-07-04,3.86,
2013-07-05,3.81,
2013-07-08,3.89,
2013-07-09,3.87,
2013-07-10,3.86,
2013-07-11,3.88,
2013-07-12,3.83,
2013-07-15,3.81,
2013-07-16,3.77,
2013-07-17,3.75,
2013-07-18,3.67,
2013-07-19,3.66,
2013-07-22,3.62,
2013-07-23,3.59,
2013-07-24,3.59,
2013-07-25,3.62,
2013-07-26,3.66,
2013-07-29,3.65,
2013-07-30,3.65,
2013-07-31,3.71,
2013-08-01,3.66,
2013-08-02,3.74,
2013-08-05,3.7,
2013-08-06,3.71,
2013-08-07,3.73,
2013-08-08,3.73,
2013-08-09,3.71,
2013-08-12,3.69,
2013-08-13,3.64,
2013-08-14,3.65,
2013-08-15,3.67,
2013-08-16,3.65,
2013-08-19,3.68,
2013-08-20,3.77,
2013-08-21,3.79,
2013-08-22,3.79,
2013-08-23,3.79,
2013-08-26,3.8,
2013-08-27,3.85,
2013-08-28,3.85,
2013-08-29,3.88,
2013-09-02,3.89,
2013-09-03,3.85,
2013-09-04,3.85,
2013-09-05,3.83,
2013-09-06,3.85,
2013-09-09,3.84,
2013-09-10,3.79,
2013-09-11,3.78,
2013-09-12,3.75,
2013-09-13,3.74,
2013-09-16,3.71,
2013-09-17,3.72,
2013-09-18,3.76,
2013-09-19,3.61,
2013-09-20,3.61,
2013-09-23,3.63,
2013-09-24,3.68,
2013-09-25,3.7,
2013-09-26,3.7,
2013-09-27,3.73,
2013-09-30,3.8,
2013-10-01,3.77,
2013-10-02,3.78,
2013-10-03,3.78,
2013-10-04,3.74,
2013-10-07,3.73,
2013-10-08,3.7,
2013-10-09,3.7,
2013-10-10,3.66,
2013-10-11,3.65,
2013-10-14,3.65,
2013-10-15,3.62,
2013-10-16,3.6,
2013-10-17,3.59,
2013-10-18,3.53,
2013-10-21,3.51,
2013-10-22,3.53,
2013-10-23,3.51,
2013-10-24,3.5,
2013-10-25,3.51,
2013-10-28,3.5,
2013-10-29,3.51,
2013-10-30,3.51,
2013-10-31,3.44,
2013-11-01,3.44,
2013-11-04,3.47,
2013-11-05,3.48,
2013-11-06,3.51,
2013-11-07,3.53,
2013-11-08,3.51,
2013-11-11,3.5,
2013-11-12,3.58,
2013-11-13,3.61,
2013-11-14,3.61,
2013-11-15,3.57,
2013-11-18,3.55,
2013-11-19,3.52,
2013-11-20,3.52,
2013-11-21,3.53,
2013-11-22,3.52,
2013-11-25,3.52,
2013-11-26,3.53,
2013-11-27,3.52,
2013-11-28,3.52,
2013-11-29,3.52,
2013-11-30,3.53,
2013-12-02,3.5,
2013-12-03,3.53,
2013-12-04,3.52,
2013-12-05,3.5,
2013-12-06,3.49,
2013-12-09,3.47,
2013-12-10,3.47,
2013-12-11,3.45,
2013-12-12,3.43,
2013-12-13,3.42,
2013-12-16,3.4,
2013-12-17,3.42,
2013-12-18,3.4,
2013-12-19,3.36,
2013-12-20,3.35,
2013-12-23,3.32,
2013-12-24,3.3,
2013-12-26,3.3,
2013-12-27,3.3,
2013-12-30,3.31,
2013-12-31,3.31,
2014-01-02,3.33,
2014-01-03,3.32,
2014-01-06,3.32,
2014-01-07,3.3,
2014-01-08,3.28,
2014-01-09,3.29,
2014-01-10,3.34,
2014-01-13,3.35,
2014-01-14,3.3,
2014-01-15,3.27,
2014-01-16,3.29,
2014-01-17,3.28,
2014-01-20,3.28,
2014-01-21,3.28,
2014-01-22,3.28,
2014-01-23,3.36,
2014-01-24,3.44,
2014-01-27,3.47,
2014-01-28,3.47,
2014-01-29,3.52,
2014-01-30,3.54,
2014-01-31,3.64,
2014-02-03,3.69,
2014-02-04,3.66,
2014-02-05,3.62,
2014-02-06,3.57,
2014-02-07,3.58,
2014-02-10,3.54,
2014-02-11,3.51,
2014-02-12,3.47,
2014-02-13,3.51,
2014-02-14,3.49,
2014-02-17,3.48,
2014-02-18,3.48,
2014-02-19,3.47,
2014-02-20,3.45,
2014-02-21,3.44,
2014-02-24,3.39,
2014-02-25,3.4,
2014-02-26,3.42,
2014-02-27,3.42,
2014-02-28,3.37,
2014-03-03,3.5,
2014-03-04,3.43,
2014-03-05,3.41,
2014-03-06,3.38,
2014-03-07,3.37,
2014-03-10,3.42,
2014-03-11,3.43,
2014-03-12,3.51,
2014-03-13,3.57,
2014-03-14,3.62,
2014-03-17,3.58,
2014-03-18,3.56,
2014-03-19,3.45,
2014-03-20,3.47,
2014-03-21,3.47,
2014-03-24,3.45,
2014-03-25,3.43,
2014-03-26,3.39,
2014-03-27,3.34,
2014-03-28,3.29,
2014-03-31,3.34,
2014-04-01,3.29,
2014-04-02,3.26,
2014-04-03,3.27,
2014-04-04,3.29,
2014-04-07,3.31,
2014-04-08,3.29,
2014-04-09,3.29,
2014-04-10,3.3,
2014-04-11,3.32,
2014-04-14,3.33,
2014-04-15,3.36,
2014-04-16,3.34,
2014-04-17,3.29,
2014-04-21,3.28,
2014-04-22,3.26,
2014-04-23,3.29,
2014-04-24,3.29,
2014-04-25,3.35,
2014-04-28,3.35,
2014-04-29,3.32,
2014-04-30,3.33,
2014-05-01,3.32,
2014-05-02,3.3,
2014-05-05,3.3,
2014-05-06,3.28,
2014-05-07,3.26,
2014-05-08,3.23,
2014-05-09,3.22,
2014-05-12,3.19,
2014-05-13,3.18,
2014-05-14,3.2,
2014-05-15,3.2,
2014-05-16,3.19,
2014-05-19,3.18,
2014-05-20,3.18,
2014-05-21,3.16,
2014-05-22,3.14,
2014-05-23,3.12,
2014-05-26,3.12,
2014-05-27,3.1,
2014-05-28,3.1,
2014-05-29,3.05,
2014-05-30,3.03,
2014-05-31,3.04,
2014-06-02,3,
2014-06-03,2.99,
2014-06-04,2.99,
2014-06-05,2.99,
2014-06-06,2.91,
2014-06-09,2.85,
2014-06-10,2.84,
2014-06-11,2.87,
2014-06-12,2.9,
2014-06-13,2.89,
2014-06-16,2.92,
2014-06-17,2.9,
2014-06-18,2.91,
2014-06-19,2.89,
2014-06-20,2.88,
2014-06-23,2.87,
2014-06-24,2.85,
2014-06-25,2.87,
2014-06-26,2.89,
2014-06-27,2.89,
2014-06-30,2.91,
2014-07-01,2.9,
2014-07-02,2.86,
2014-07-03,2.84,
2014-07-04,2.84,
2014-07-07,2.84,
2014-07-08,2.84,
2014-07-09,2.84,
2014-07-10,2.87,
2014-07-11,2.87,
2014-07-14,2.85,
2014-07-15,2.84,
2014-07-16,2.85,
2014-07-17,2.93,
2014-07-18,2.94,
2014-07-21,2.97,
2014-07-22,2.97,
2014-07-23,2.94,
2014-07-24,2.91,
2014-07-25,2.95,
2014-07-28,2.98,
2014-07-29,3.01,
2014-07-30,2.98,
2014-07-31,3.02,
2014-08-01,3.11,
2014-08-04,3.13,
2014-08-05,3.16,
2014-08-06,3.23,
2014-08-07,3.26,
2014-08-08,3.28,
2014-08-11,3.24,
2014-08-12,3.21,
2014-08-13,3.19,
2014-08-14,3.16,
2014-08-15,3.16,
2014-08-18,3.11,
2014-08-19,3.08,
2014-08-20,3.07,
2014-08-21,3.06,
2014-08-22,3.05,
2014-08-25,3.06,
2014-08-26,3.04,
2014-08-27,3.03,
2014-08-28,3.07,
2014-08-29,3.1,
2014-08-31,3.11,
2014-09-01,3.11,
2014-09-02,3.11,
2014-09-03,3.08,
2014-09-04,3.06,
2014-09-05,3.07,
2014-09-08,3.08,
2014-09-09,3.07,
2014-09-10,3.09,
2014-09-11,3.1,
2014-09-12,3.1,
2014-09-15,3.13,
2014-09-16,3.16,
2014-09-17,3.15,
2014-09-18,3.13,
2014-09-19,3.12,
2014-09-22,3.13,
2014-09-23,3.15,
2014-09-24,3.12,
2014-09-25,3.17,
2014-09-26,3.19,
2014-09-29,3.27,
2014-09-30,3.26,
2014-10-01,3.32,
2014-10-02,3.32,
2014-10-03,3.29,
2014-10-06,3.3,
2014-10-07,3.32,
2014-10-08,3.37,
2014-10-09,3.36,
2014-10-10,3.41,
2014-10-13,3.41,
2014-10-14,3.49,
2014-10-15,3.62,
2014-10-16,3.61,
2014-10-17,3.53,
2014-10-20,3.53,
2014-10-21,3.51,
2014-10-22,3.47,
2014-10-23,3.44,
2014-10-24,3.44,
2014-10-27,3.44,
2014-10-28,3.4,
2014-10-29,3.34,
2014-10-30,3.34,
2014-10-31,3.27,
2014-11-03,3.25,
2014-11-04,3.3,
2014-11-05,3.3,
2014-11-06,3.3,
2014-11-07,3.37,
2014-11-10,3.33,
2014-11-11,3.33,
2014-11-12,3.35,
2014-11-13,3.37,
2014-11-14,3.43,
2014-11-17,3.47,
2014-11-18,3.48,
2014-11-19,3.48,
2014-11-20,3.5,
2014-11-21,3.48,
2014-11-24,3.46,
2014-11-25,3.48,
2014-11-26,3.5,
2014-11-27,3.5,
2014-11-28,3.53,
2014-11-30,3.5,
2014-12-01,3.57,
2014-12-02,3.57,
2014-12-03,3.62,
2014-12-04,3.66,
2014-12-05,3.66,
2014-12-08,3.76,
2014-12-09,3.9,
2014-12-10,4,
2014-12-11,4.04,
2014-12-12,4.21,
2014-12-15,4.36,
2014-12-16,4.6,
2014-12-17,4.47,
2014-12-18,4.27,
2014-12-19,4.2,
2014-12-22,4.14,
2014-12-23,4.08,
2014-12-24,4.09,
2014-12-26,4.09,
2014-12-29,4.12,
2014-12-30,4.15,
2014-12-31,4.17,
2015-01-02,4.21,
2015-01-05,4.31,
2015-01-06,4.49,
2015-01-07,4.49,
2015-01-08,4.41,
2015-01-09,4.44,
2015-01-12,4.49,
2015-01-13,4.53,
2015-01-14,4.57,
2015-01-15,4.58,
2015-01-19,4.56,
2015-01-20,4.55,
2015-01-21,4.52,
2015-01-22,4.47,
2015-01-23,4.41,
2015-01-26,4.41,
2015-01-27,4.44,
2015-01-28,4.45,
2015-01-29,4.47,
2015-01-30,4.56,
2015-01-31,4.55,
2015-02-02,4.55,
2015-02-03,4.44,
2015-02-04,4.41,
2015-02-05,4.36,
2015-02-06,4.25,
2015-02-09,4.23,
2015-02-10,4.25,
2015-02-11,4.26,
2015-02-12,4.22,
2015-02-13,4.13,
2015-02-16,4.13,
2015-02-17,4.06,
2015-02-18,4.06,
2015-02-19,4.06,
2015-02-20,4.05,
2015-02-23,4.11,
2015-02-24,4.12,
2015-02-25,4.12,
2015-02-26,4.06,
2015-02-27,4.05,
2015-02-28,4.04,
2015-03-02,3.99,
2015-03-03,3.93,
2015-03-04,3.94,
2015-03-05,3.93,
2015-03-06,3.85,
2015-03-09,3.92,
2015-03-10,4,
2015-03-11,4.02,
2015-03-12,4.02,
2015-03-13,4.07,
2015-03-16,4.13,
2015-03-17,4.18,
2015-03-18,4.25,
2015-03-19,4.18,
2015-03-20,4.16,
2015-03-23,4.12,
2015-03-24,4.09,
2015-03-25,4.05,
2015-03-26,4.03,
2015-03-27,4.05,
2015-03-30,4.04,
2015-03-31,4.03,
2015-04-01,4.02,
2015-04-02,3.96,
2015-04-06,3.97,
2015-04-07,3.91,
2015-04-08,3.85,
2015-04-09,3.77,
2015-04-10,3.74,
2015-04-13,3.73,
2015-04-14,3.74,
2015-04-15,3.73,
2015-04-16,3.74,
2015-04-17,3.77,
2015-04-20,3.77,
2015-04-21,3.77,
2015-04-22,3.72,
2015-04-23,3.69,
2015-04-24,3.67,
2015-04-27,3.64,
2015-04-28,3.63,
2015-04-29,3.61,
2015-04-30,3.54,
2015-05-01,3.51,
2015-05-04,3.51,
2015-05-05,3.49,
2015-05-06,3.45,
2015-05-07,3.5,
2015-05-08,3.5,
2015-05-11,3.43,
2015-05-12,3.46,
2015-05-13,3.43,
2015-05-14,3.43,
2015-05-15,3.44,
2015-05-18,3.37,
2015-05-19,3.36,
2015-05-20,3.38,
2015-05-21,3.38,
2015-05-22,3.34,
2015-05-26,3.38,
2015-05-27,3.43,
2015-05-28,3.46,
2015-05-29,3.49,
2015-05-31,3.51,
2015-06-01,3.46,
2015-06-02,3.44,
2015-06-03,3.4,
2015-06-04,3.47,
2015-06-05,3.45,
2015-06-08,3.51,
2015-06-09,3.5,
2015-06-10,3.5,
2015-06-11,3.54,
2015-06-12,3.51,
2015-06-15,3.55,
2015-06-16,3.6,
2015-06-17,3.61,
2015-06-18,3.58,
2015-06-19,3.62,
2015-06-22,3.54,
2015-06-23,3.51,
2015-06-24,3.51,
2015-06-25,3.51,
2015-06-26,3.49,
2015-06-29,3.64,
2015-06-30,3.63,
2015-07-01,3.56,
2015-07-02,3.59,
2015-07-03,3.59,
2015-07-06,3.65,
2015-07-07,3.72,
2015-07-08,3.77,
2015-07-09,3.73,
2015-07-10,3.64,
2015-07-13,3.62,
2015-07-14,3.64,
2015-07-15,3.66,
2015-07-16,3.62,
2015-07-17,3.6,
2015-07-20,3.58,
2015-07-21,3.61,
2015-07-22,3.62,
2015-07-23,3.67,
2015-07-24,3.71,
2015-07-27,3.81,
2015-07-28,3.81,
2015-07-29,3.77,
2015-07-30,3.75,
2015-07-31,3.76,
2015-08-03,3.8,
2015-08-04,3.76,
2015-08-05,3.75,
2015-08-06,3.82,
2015-08-07,3.86,
2015-08-10,3.84,
2015-08-11,3.9,
2015-08-12,3.92,
2015-08-13,3.89,
2015-08-14,3.9,
2015-08-17,3.93,
2015-08-18,3.94,
2015-08-19,4.02,
2015-08-20,4.09,
2015-08-21,4.17,
2015-08-24,4.38,
2015-08-25,4.29,
2015-08-26,4.32,
2015-08-27,4.22,
2015-08-28,4.15,
2015-08-31,4.17,
2015-09-01,4.22,
2015-09-02,4.23,
2015-09-03,4.25,
2015-09-04,4.25,
2015-09-07,4.26,
2015-09-08,4.25,
2015-09-09,4.24,
2015-09-10,4.27,
2015-09-11,4.32,
2015-09-14,4.33,
2015-09-15,4.26,
2015-09-16,4.24,
2015-09-17,4.31,
2015-09-18,4.31,
2015-09-21,4.31,
2015-09-22,4.45,
2015-09-23,4.47,
2015-09-24,4.59,
2015-09-25,4.58,
2015-09-28,4.69,
2015-09-29,4.79,
2015-09-30,4.77,
2015-10-01,4.72,
2015-10-02,4.76,
2015-10-05,4.62,
2015-10-06,4.57,
2015-10-07,4.51,
2015-10-08,4.49,
2015-10-09,4.43,
2015-10-12,4.42,
2015-10-13,4.43,
2015-10-14,4.5,
2015-10-15,4.43,
2015-10-16,4.36,
2015-10-19,4.36,
2015-10-20,4.33,
2015-10-21,4.38,
2015-10-22,4.37,
2015-10-23,4.27,
2015-10-26,4.24,
2015-10-27,4.27,
2015-10-28,4.28,
2015-10-29,4.25,
2015-10-30,4.24,
2015-10-31,4.24,
2015-11-02,4.07,
2015-11-03,4,
2015-11-04,3.94,
2015-11-05,3.94,
2015-11-06,3.91,
2015-11-09,3.96,
2015-11-10,4.01,
2015-11-11,4.01,
2015-11-12,4.03,
2015-11-13,4.09,
2015-11-16,4.1,
2015-11-17,4.08,
2015-11-18,4.05,
2015-11-19,4.02,
2015-11-20,3.99,
2015-11-23,3.99,
2015-11-24,4.01,
2015-11-25,4.05,
2015-11-26,4.06,
2015-11-27,4.07,
2015-11-30,4.07,
2015-12-01,4.14,
2015-12-02,4.14,
2015-12-03,4.09,
2015-12-04,4.14,
2015-12-07,4.19,
2015-12-08,4.25,
2015-12-09,4.29,
2015-12-10,4.31,
2015-12-11,4.47,
2015-12-14,4.49,
2015-12-15,4.44,
2015-12-16,4.44,
2015-12-17,4.42,
2015-12-18,4.47,
2015-12-21,4.5,
2015-12-22,4.46,
2015-12-23,4.44,
2015-12-24,4.45,
2015-12-28,4.46,
2015-12-29,4.4,
2015-12-30,4.42,
2015-12-31,4.45,
2016-01-04,4.46,
2016-01-05,4.44,
2016-01-06,4.47,
2016-01-07,4.52,
2016-01-08,4.56,
2016-01-11,4.58,
2016-01-12,4.66,
2016-01-13,4.71,
2016-01-14,4.77,
2016-01-15,4.88,
2016-01-18,4.89,
2016-01-19,4.89,
2016-01-20,5,
2016-01-21,5.01,
2016-01-22,4.92,
2016-01-25,4.93,
2016-01-26,4.95,
2016-01-27,4.92,
2016-01-28,4.89,
2016-01-29,4.88,
2016-01-31,4.89,
2016-02-01,4.86,
2016-02-02,4.96,
2016-02-03,4.96,
2016-02-04,4.93,
2016-02-05,4.91,
2016-02-08,4.99,
2016-02-09,5.01,
2016-02-10,5.03,
2016-02-11,5.14,
2016-02-12,5.1,
2016-02-15,5.09,
2016-02-16,5.05,
2016-02-17,4.95,
2016-02-18,4.96,
2016-02-19,4.93,
2016-02-22,4.9,
2016-02-23,4.9,
2016-02-24,4.91,
2016-02-25,4.95,
2016-02-26,4.87,
2016-02-29,4.86,
2016-03-01,4.75,
2016-03-02,4.68,
2016-03-03,4.66,
2016-03-04,4.55,
2016-03-07,4.54,
2016-03-08,4.59,
2016-03-09,4.55,
2016-03-10,4.48,
2016-03-11,4.42,
2016-03-14,4.41,
2016-03-15,4.43,
2016-03-16,4.49,
2016-03-17,4.41,
2016-03-18,4.37,
2016-03-21,4.33,
2016-03-22,4.31,
2016-03-23,4.37,
2016-03-24,4.38,
2016-03-28,4.39,
2016-03-29,4.43,
2016-03-30,4.38,
2016-03-31,4.31,
2016-04-01,4.29,
2016-04-04,4.29,
2016-04-05,4.34,
2016-04-06,4.32,
2016-04-07,4.37,
2016-04-08,4.34,
2016-04-11,4.31,
2016-04-12,4.24,
2016-04-13,4.18,
2016-04-14,4.11,
2016-04-15,4.14,
2016-04-18,4.13,
2016-04-19,4.08,
2016-04-20,4.01,
2016-04-21,4,
2016-04-22,4,
2016-04-25,4.02,
2016-04-26,4.01,
2016-04-27,4.03,
2016-04-28,3.99,
2016-04-29,3.99,
2016-04-30,3.89,
2016-05-02,3.84,
2016-05-03,3.91,
2016-05-04,3.94,
2016-05-05,3.95,
2016-05-06,3.93,
2016-05-09,3.96,
2016-05-10,3.93,
2016-05-11,3.92,
2016-05-12,3.85,
2016-05-13,3.85,
2016-05-16,3.81,
2016-05-17,3.78,
2016-05-18,3.72,
2016-05-19,3.81,
2016-05-20,3.78,
2016-05-23,3.79,
2016-05-24,3.76,
2016-05-25,3.75,
2016-05-26,3.79,
2016-05-27,3.77,
2016-05-30,3.77,
2016-05-31,3.83,
2016-06-01,3.82,
2016-06-02,3.81,
2016-06-03,3.84,
2016-06-06,3.78,
2016-06-07,3.75,
2016-06-08,3.71,
2016-06-09,3.73,
2016-06-10,3.78,
2016-06-13,3.84,
2016-06-14,3.88,
2016-06-15,3.91,
2016-06-16,3.92,
2016-06-17,3.87,
2016-06-20,3.81,
2016-06-21,3.78,
2016-06-22,3.77,
2016-06-23,3.7,
2016-06-24,3.87,
2016-06-27,3.96,
2016-06-28,3.92,
2016-06-29,3.82,
2016-06-30,3.72,
2016-07-01,3.65,
2016-07-04,3.65,
2016-07-05,3.67,
2016-07-06,3.65,
2016-07-07,3.63,
2016-07-08,3.6,
2016-07-11,3.52,
2016-07-12,3.46,
2016-07-13,3.46,
2016-07-14,3.43,
2016-07-15,3.39,
2016-07-18,3.42,
2016-07-19,3.4,
2016-07-20,3.4,
2016-07-21,3.43,
2016-07-22,3.39,
2016-07-25,3.37,
2016-07-26,3.39,
2016-07-27,3.42,
2016-07-28,3.4,
2016-07-29,3.44,
2016-07-31,3.43,
2016-08-01,3.4,
2016-08-02,3.41,
2016-08-03,3.45,
2016-08-04,3.44,
2016-08-05,3.34,
2016-08-08,3.32,
2016-08-09,3.32,
2016-08-10,3.31,
2016-08-11,3.25,
2016-08-12,3.27,
2016-08-15,3.22,
2016-08-16,3.18,
2016-08-17,3.2,
2016-08-18,3.19,
2016-08-19,3.15,
2016-08-22,3.2,
2016-08-23,3.18,
2016-08-24,3.18,
2016-08-25,3.18,
2016-08-26,3.12,
2016-08-29,3.17,
2016-08-30,3.17,
2016-08-31,3.19,
2016-09-01,3.21,
2016-09-02,3.18,
2016-09-05,3.18,
2016-09-06,3.2,
2016-09-07,3.15,
2016-09-08,3.1,
2016-09-09,3.12,
2016-09-12,3.2,
2016-09-13,3.15,
2016-09-14,3.23,
2016-09-15,3.24,
2016-09-16,3.22,
2016-09-19,3.23,
2016-09-20,3.22,
2016-09-21,3.18,
2016-09-22,3.13,
2016-09-23,3.15,
2016-09-26,3.2,
2016-09-27,3.2,
2016-09-28,3.18,
2016-09-29,3.17,
2016-09-30,3.15,
2016-10-03,3.13,
2016-10-04,3.09,
2016-10-05,3.08,
2016-10-06,3.07,
2016-10-07,3.07,
2016-10-10,3.07,
2016-10-11,3.06,
2016-10-12,3.06,
2016-10-13,3.09,
2016-10-14,3.06,
2016-10-17,3.11,
2016-10-18,3.13,
2016-10-19,3.12,
2016-10-20,3.1,
2016-10-21,3.1,
2016-10-24,3.05,
2016-10-25,3.05,
2016-10-26,3.09,
2016-10-27,3.06,
2016-10-28,3.07,
2016-10-31,3.05,
2016-11-01,3.07,
2016-11-02,3.1,
2016-11-03,3.1,
2016-11-04,3.14,
2016-11-07,3.08,
2016-11-08,3.03,
2016-11-09,3.01,
2016-11-10,3.07,
2016-11-11,3.08,
2016-11-14,3.25,
2016-11-15,3.17,
2016-11-16,3.19,
2016-11-17,3.13,
2016-11-18,3.16,
2016-11-21,3.15,
2016-11-22,3.14,
2016-11-23,3.12,
2016-11-24,3.12,
2016-11-25,3.15,
2016-11-28,3.17,
2016-11-29,3.16,
2016-11-30,3.06,
2016-12-01,3.05,
2016-12-02,3.11,
2016-12-05,3.08,
2016-12-06,3.03,
2016-12-07,3.02,
2016-12-08,3,
2016-12-09,2.96,
2016-12-12,2.99,
2016-12-13,2.94,
2016-12-14,2.88,
2016-12-15,2.92,
2016-12-16,2.91,
2016-12-19,2.95,
2016-12-20,2.91,
2016-12-21,2.91,
2016-12-22,2.89,
2016-12-23,2.9,
2016-12-27,2.88,
2016-12-28,2.92,
2016-12-29,2.94,
2016-12-30,2.95,
2016-12-31,2.96,
2017-01-03,2.92,
2017-01-04,2.89,
2017-01-05,2.9,
2017-01-06,2.83,
2017-01-09,2.88,
2017-01-10,2.85,
2017-01-11,2.87,
2017-01-12,2.84,
2017-01-13,2.82,
2017-01-16,2.82,
2017-01-17,2.83,
2017-01-18,2.79,
2017-01-19,2.79,
2017-01-20,2.79,
2017-01-23,2.83,
2017-01-24,2.75,
2017-01-25,2.74,
2017-01-26,2.76,
2017-01-27,2.75,
2017-01-30,2.74,
2017-01-31,2.77,
2017-02-01,2.75,
2017-02-02,2.73,
2017-02-03,2.71,
2017-02-06,2.75,
2017-02-07,2.74,
2017-02-08,2.75,
2017-02-09,2.7,
2017-02-10,2.68,
2017-02-13,2.65,
2017-02-14,2.6,
2017-02-15,2.59,
2017-02-16,2.62,
2017-02-17,2.63,
2017-02-20,2.63,
2017-02-21,2.61,
2017-02-22,2.6,
2017-02-23,2.6,
2017-02-24,2.65,
2017-02-27,2.6,
2017-02-28,2.59,
2017-03-01,2.54,
2017-03-02,2.53,
2017-03-03,2.54,
2017-03-06,2.54,
2017-03-07,2.53,
2017-03-08,2.54,
2017-03-09,2.58,
2017-03-10,2.59,
2017-03-13,2.57,
2017-03-14,2.61,
2017-03-15,2.66,
2017-03-16,2.6,
2017-03-17,2.6,
2017-03-20,2.62,
2017-03-21,2.62,
2017-03-22,2.63,
2017-03-23,2.62,
2017-03-24,2.62,
2017-03-27,2.6,
2017-03-28,2.56,
2017-03-29,2.58,
2017-03-30,2.55,
2017-03-31,2.62,
2017-04-03,2.65,
2017-04-04,2.63,
2017-04-05,2.63,
2017-04-06,2.62,
2017-04-07,2.58,
2017-04-10,2.6,
2017-04-11,2.64,
2017-04-12,2.64,
2017-04-13,2.67,
2017-04-17,2.64,
2017-04-18,2.69,
2017-04-19,2.67,
2017-04-20,2.65,
2017-04-21,2.64,
2017-04-24,2.6,
2017-04-25,2.56,
2017-04-26,2.57,
2017-04-27,2.58,
2017-04-28,2.57,
2017-04-30,2.57,
2017-05-01,2.56,
2017-05-02,2.57,
2017-05-03,2.53,
2017-05-04,2.52,
2017-05-05,2.53,
2017-05-08,2.51,
2017-05-09,2.49,
2017-05-10,2.48,
2017-05-11,2.49,
2017-05-12,2.53,
2017-05-15,2.5,
2017-05-16,2.5,
2017-05-17,2.56,
2017-05-18,2.62,
2017-05-19,2.6,
2017-05-22,2.6,
2017-05-23,2.57,
2017-05-24,2.58,
2017-05-25,2.57,
2017-05-26,2.57,
2017-05-29,2.57,
2017-05-30,2.58,
2017-05-31,2.61,
2017-06-01,2.59,
2017-06-02,2.62,
2017-06-05,2.59,
2017-06-06,2.6,
2017-06-07,2.58,
2017-06-08,2.6,
2017-06-09,2.6,
2017-06-12,2.59,
2017-06-13,2.59,
2017-06-14,2.61,
2017-06-15,2.59,
2017-06-16,2.6,
2017-06-19,2.57,
2017-06-20,2.61,
2017-06-21,2.63,
2017-06-22,2.65,
2017-06-23,2.65,
2017-06-26,2.64,
2017-06-27,2.61,
2017-06-28,2.63,
2017-06-29,2.61,
2017-06-30,2.61,
2017-07-03,2.59,
2017-07-04,2.59,
2017-07-05,2.61,
2017-07-06,2.61,
2017-07-07,2.61,
2017-07-10,2.62,
2017-07-11,2.62,
2017-07-12,2.61,
2017-07-13,2.58,
2017-07-14,2.59,
2017-07-17,2.59,
2017-07-18,2.6,
2017-07-19,2.58,
2017-07-20,2.58,
2017-07-21,2.58,
2017-07-24,2.57,
2017-07-25,2.53,
2017-07-26,2.56,
2017-07-27,2.54,
2017-07-28,2.55,
2017-07-31,2.54,
2017-08-01,2.56,
2017-08-02,2.54,
2017-08-03,2.54,
2017-08-04,2.52,
2017-08-07,2.53,
2017-08-08,2.51,
2017-08-09,2.54,
2017-08-10,2.57,
2017-08-11,2.61,
2017-08-14,2.57,
2017-08-15,2.54,
2017-08-16,2.56,
2017-08-17,2.56,
2017-08-18,2.55,
2017-08-21,2.55,
2017-08-22,2.53,
2017-08-23,2.56,
2017-08-24,2.52,
2017-08-25,2.53,
2017-08-28,2.53,
2017-08-29,2.53,
2017-08-30,2.52,
2017-08-31,2.54,
2017-09-01,2.51,
2017-09-04,2.51,
2017-09-05,2.55,
2017-09-06,2.51,
2017-09-07,2.53,
2017-09-08,2.51,
2017-09-11,2.48,
2017-09-12,2.46,
2017-09-13,2.44,
2017-09-14,2.44,
2017-09-15,2.42,
2017-09-18,2.4,
2017-09-19,2.4,
2017-09-20,2.38,
2017-09-21,2.39,
2017-09-22,2.38,
2017-09-25,2.41,
2017-09-26,2.39,
2017-09-27,2.38,
2017-09-28,2.38,
2017-09-29,2.35,
2017-09-30,2.31,
2017-10-02,2.3,
2017-10-03,2.29,
2017-10-04,2.27,
2017-10-05,2.26,
2017-10-06,2.26,
2017-10-09,2.26,
2017-10-10,2.26,
2017-10-11,2.26,
2017-10-12,2.26,
2017-10-13,2.28,
2017-10-16,2.25,
2017-10-17,2.24,
2017-10-18,2.22,
2017-10-19,2.22,
2017-10-20,2.21,
2017-10-23,2.23,
2017-10-24,2.21,
2017-10-25,2.21,
2017-10-26,2.21,
2017-10-27,2.23,
2017-10-30,2.24,
2017-10-31,2.25,
2017-11-01,2.25,
2017-11-02,2.27,
2017-11-03,2.29,
2017-11-06,2.3,
2017-11-07,2.32,
2017-11-08,2.33,
2017-11-09,2.34,
2017-11-10,2.33,
2017-11-13,2.33,
2017-11-14,2.35,
2017-11-15,2.37,
2017-11-16,2.31,
2017-11-17,2.3,
2017-11-20,2.27,
2017-11-21,2.27,
2017-11-22,2.29,
2017-11-23,2.29,
2017-11-24,2.27,
2017-11-27,2.26,
2017-11-28,2.25,
2017-11-29,2.25,
2017-11-30,2.19,
2017-12-01,2.22,
2017-12-04,2.2,
2017-12-05,2.19,
2017-12-06,2.21,
2017-12-07,2.21,
2017-12-08,2.22,
2017-12-11,2.2,
2017-12-12,2.2,
2017-12-13,2.25,
2017-12-14,2.24,
2017-12-15,2.22,
2017-12-18,2.21,
2017-12-19,2.18,
2017-12-20,2.17,
2017-12-21,2.18,
2017-12-22,2.17,
2017-12-26,2.17,
2017-12-27,2.2,
2017-12-28,2.17,
2017-12-29,2.19,
2017-12-31,2.1,
2018-01-02,2.06,
2018-01-03,2.05,
2018-01-04,2.03,
2018-01-05,2.01,
2018-01-08,2,
2018-01-09,1.98,
2018-01-10,2,
2018-01-11,2,
2018-01-12,1.98,
2018-01-15,1.98,
2018-01-16,1.97,
2018-01-17,1.96,
2018-01-18,1.96,
2018-01-19,1.96,
2018-01-22,1.95,
2018-01-23,1.96,
2018-01-24,1.94,
2018-01-25,1.95,
2018-01-26,1.91,
2018-01-29,1.93,
2018-01-30,1.92,
2018-01-31,1.93,
2018-02-01,1.92,
2018-02-02,1.91,
2018-02-05,2,
2018-02-06,2.01,
2018-02-07,1.95,
2018-02-08,2,
2018-02-09,2.11,
2018-02-12,2.07,
2018-02-13,2.08,
2018-02-14,2.04,
2018-02-15,2.05,
2018-02-16,2.03,
2018-02-19,2.03,
2018-02-20,2.03,
2018-02-21,2,
2018-02-22,2.04,
2018-02-23,2.06,
2018-02-26,2.05,
2018-02-27,2.01,
2018-02-28,2.06,
2018-03-01,2.11,
2018-03-02,2.08,
2018-03-05,2.06,
2018-03-06,2.06,
2018-03-07,2.07,
2018-03-08,2.08,
2018-03-09,2.07,
2018-03-12,2.09,
2018-03-13,2.1,
2018-03-14,2.12,
2018-03-15,2.11,
2018-03-16,2.11,
2018-03-19,2.14,
2018-03-20,2.13,
2018-03-21,2.14,
2018-03-22,2.19,
2018-03-23,2.22,
2018-03-26,2.21,
2018-03-27,2.24,
2018-03-28,2.23,
2018-03-29,2.25,
2018-03-31,2.21,
2018-04-02,2.23,
2018-04-03,2.18,
2018-04-04,2.17,
2018-04-05,2.14,
2018-04-06,2.18,
2018-04-09,2.2,
2018-04-10,2.21,
2018-04-11,2.21,
2018-04-12,2.17,
2018-04-13,2.17,
2018-04-16,2.18,
2018-04-17,2.19,
2018-04-18,2.15,
2018-04-19,2.15,
2018-04-20,2.15,
2018-04-23,2.16,
2018-04-24,2.17,
2018-04-25,2.19,
2018-04-26,2.21,
2018-04-27,2.23,
2018-04-30,2.25,
2018-05-01,2.24,
2018-05-02,2.29,
2018-05-03,2.34,
2018-05-04,2.37,
2018-05-07,2.37,
2018-05-08,2.4,
2018-05-09,2.42,
2018-05-10,2.38,
2018-05-11,2.36,
2018-05-14,2.36,
2018-05-15,2.35,
2018-05-16,2.35,
2018-05-17,2.37,
2018-05-18,2.41,
2018-05-21,2.42,
2018-05-22,2.39,
2018-05-23,2.44,
2018-05-24,2.43,
2018-05-25,2.45,
2018-05-28,2.45,
2018-05-29,2.56,
2018-05-30,2.52,
2018-05-31,2.61,
2018-06-01,2.6,
2018-06-04,2.58,
2018-06-05,2.59,
2018-06-06,2.57,
2018-06-07,2.62,
2018-06-08,2.6,
2018-06-11,2.61,
2018-06-12,2.62,
2018-06-13,2.6,
2018-06-14,2.62,
2018-06-15,2.64,
2018-06-18,2.66,
2018-06-19,2.7,
2018-06-20,2.68,
2018-06-21,2.69,
2018-06-22,2.67,
2018-06-25,2.69,
2018-06-26,2.7,
2018-06-27,2.73,
2018-06-28,2.74,
2018-06-29,2.75,
2018-06-30,2.76,
2018-07-02,2.76,
2018-07-03,2.78,
2018-07-04,2.78,
2018-07-05,2.77,
2018-07-06,2.78,
2018-07-09,2.74,
2018-07-10,2.73,
2018-07-11,2.74,
2018-07-12,2.73,
2018-07-13,2.73,
2018-07-16,2.7,
2018-07-17,2.7,
2018-07-18,2.68,
2018-07-19,2.7,
2018-07-20,2.65,
2018-07-23,2.59,
2018-07-24,2.6,
2018-07-25,2.58,
2018-07-26,2.52,
2018-07-27,2.51,
2018-07-30,2.51,
2018-07-31,2.53,
2018-08-01,2.53,
2018-08-02,2.58,
2018-08-03,2.59,
2018-08-06,2.6,
2018-08-07,2.59,
2018-08-08,2.62,
2018-08-09,2.68,
2018-08-10,2.76,
2018-08-13,2.84,
2018-08-14,2.83,
2018-08-15,2.87,
2018-08-16,2.81,
2018-08-17,2.81,
2018-08-20,2.85,
2018-08-21,2.82,
2018-08-22,2.83,
2018-08-23,2.83,
2018-08-24,2.83,
2018-08-27,2.81,
2018-08-28,2.79,
2018-08-29,2.8,
2018-08-30,2.85,
2018-08-31,2.88,
2018-09-03,2.88,
2018-09-04,2.89,
2018-09-05,2.89,
2018-09-06,2.89,
2018-09-07,2.84,
2018-09-10,2.86,
2018-09-11,2.84,
2018-09-12,2.85,
2018-09-13,2.82,
2018-09-14,2.77,
2018-09-17,2.76,
2018-09-18,2.74,
2018-09-19,2.73,
2018-09-20,2.7,
2018-09-21,2.68,
2018-09-24,2.66,
2018-09-25,2.65,
2018-09-26,2.65,
2018-09-27,2.61,
2018-09-28,2.61,
2018-09-30,2.63,
2018-10-01,2.63,
2018-10-02,2.63,
2018-10-03,2.57,
2018-10-04,2.61,
2018-10-05,2.61,
2018-10-08,2.61,
2018-10-09,2.63,
2018-10-10,2.63,
2018-10-11,2.68,
2018-10-12,2.67,
2018-10-15,2.64,
2018-10-16,2.64,
2018-10-17,2.62,
2018-10-18,2.65,
2018-10-19,2.64,
2018-10-22,2.66,
2018-10-23,2.69,
2018-10-24,2.72,
2018-10-25,2.74,
2018-10-26,2.78,
2018-10-29,2.78,
2018-10-30,2.82,
2018-10-31,2.83,
2018-11-01,2.85,
2018-11-02,2.78,
2018-11-05,2.79,
2018-11-06,2.77,
2018-11-07,2.75,
2018-11-08,2.74,
2018-11-09,2.79,
2018-11-12,2.79,
2018-11-13,2.85,
2018-11-14,2.88,
2018-11-15,2.91,
2018-11-16,2.96,
2018-11-19,2.99,
2018-11-20,3.04,
2018-11-21,3.04,
2018-11-22,3.04,
2018-11-23,3.05,
2018-11-26,3.05,
2018-11-27,3.09,
2018-11-28,3.09,
2018-11-29,3.06,
2018-11-30,3.11,
2018-12-03,3.07,
2018-12-04,3.09,
2018-12-05,3.09,
2018-12-06,3.14,
2018-12-07,3.16,
2018-12-10,3.15,
2018-12-11,3.13,
2018-12-12,3.11,
2018-12-13,3.09,
2018-12-14,3.1,
2018-12-17,3.11,
2018-12-18,3.13,
2018-12-19,3.16,
2018-12-20,3.15,
2018-12-21,3.18,
2018-12-24,3.22,
2018-12-26,3.18,
2018-12-27,3.23,
2018-12-28,3.23,
2018-12-31,3.28,
2019-01-02,3.28,
2019-01-03,3.35,
2019-01-04,3.23,
2019-01-07,3.17,
2019-01-08,3.12,
2019-01-09,3.1,
2019-01-10,3.08,
2019-01-11,3.09,
2019-01-14,3.09,
2019-01-15,3.07,
2019-01-16,3.02,
2019-01-17,2.98,
2019-01-18,2.93,
2019-01-21,2.93,
2019-01-22,2.96,
2019-01-23,2.92,
2019-01-24,2.92,
2019-01-25,2.88,
2019-01-28,2.87,
2019-01-29,2.9,
2019-01-30,2.92,
2019-01-31,2.89,
2019-02-01,2.82,
2019-02-04,2.8,
2019-02-05,2.78,
2019-02-06,2.76,
2019-02-07,2.82,
2019-02-08,2.83,
2019-02-11,2.81,
2019-02-12,2.79,
2019-02-13,2.76,
2019-02-14,2.79,
2019-02-15,2.77,
2019-02-18,2.76,
2019-02-19,2.74,
2019-02-20,2.73,
2019-02-21,2.72,
2019-02-22,2.74,
2019-02-25,2.71,
2019-02-26,2.72,
2019-02-27,2.68,
2019-02-28,2.67,
2019-03-01,2.65,
2019-03-04,2.67,
2019-03-05,2.66,
2019-03-06,2.67,
2019-03-07,2.71,
2019-03-08,2.73,
2019-03-11,2.7,
2019-03-12,2.69,
2019-03-13,2.67,
2019-03-14,2.64,
2019-03-15,2.63,
2019-03-18,2.59,
2019-03-19,2.57,
2019-03-20,2.62,
2019-03-21,2.57,
2019-03-22,2.63,
2019-03-25,2.67,
2019-03-26,2.65,
2019-03-27,2.68,
2019-03-28,2.68,
2019-03-29,2.64,
2019-03-31,2.68,
2019-04-01,2.63,
2019-04-02,2.64,
2019-04-03,2.62,
2019-04-04,2.62,
2019-04-05,2.62,
2019-04-08,2.61,
2019-04-09,2.62,
2019-04-10,2.62,
2019-04-11,2.6,
2019-04-12,2.58,
2019-04-15,2.59,
2019-04-16,2.56,
2019-04-17,2.56,
2019-04-18,2.57,
2019-04-22,2.56,
2019-04-23,2.57,
2019-04-24,2.59,
2019-04-25,2.59,
2019-04-26,2.6,
2019-04-29,2.58,
2019-04-30,2.61,
2019-05-01,2.59,
2019-05-02,2.58,
2019-05-03,2.58,
2019-05-06,2.61,
2019-05-07,2.63,
2019-05-08,2.62,
2019-05-09,2.65,
2019-05-10,2.66,
2019-05-13,2.7,
2019-05-14,2.71,
2019-05-15,2.73,
2019-05-16,2.69,
2019-05-17,2.7,
2019-05-20,2.7,
2019-05-21,2.67,
2019-05-22,2.69,
2019-05-23,2.77,
2019-05-24,2.72,
2019-05-27,2.72,
2019-05-28,2.76,
2019-05-29,2.79,
2019-05-30,2.8,
2019-05-31,2.89,
2019-06-03,2.93,
2019-06-04,2.9,
2019-06-05,2.89,
2019-06-06,2.87,
2019-06-07,2.9,
2019-06-10,2.83,
2019-06-11,2.82,
2019-06-12,2.81,
2019-06-13,2.84,
2019-06-14,2.82,
2019-06-17,2.83,
2019-06-18,2.8,
2019-06-19,2.84,
2019-06-20,2.77,
2019-06-21,2.73,
2019-06-24,2.76,
2019-06-25,2.77,
2019-06-26,2.72,
2019-06-27,2.74,
2019-06-28,2.72,
2019-06-30,2.72,
2019-07-01,2.67,
2019-07-02,2.67,
2019-07-03,2.65,
2019-07-04,2.65,
2019-07-05,2.58,
2019-07-08,2.6,
2019-07-09,2.6,
2019-07-10,2.63,
2019-07-11,2.57,
2019-07-12,2.6,
2019-07-15,2.6,
2019-07-16,2.57,
2019-07-17,2.62,
2019-07-18,2.65,
2019-07-19,2.64,
2019-07-22,2.64,
2019-07-23,2.62,
2019-07-24,2.62,
2019-07-25,2.57,
2019-07-26,2.57,
2019-07-29,2.57,
2019-07-30,2.57,
2019-07-31,2.58,
2019-08-01,2.72,
2019-08-02,2.72,
2019-08-05,2.84,
2019-08-06,2.86,
2019-08-07,2.86,
2019-08-08,2.82,
2019-08-09,2.79,
2019-08-12,2.93,
2019-08-13,2.9,
2019-08-14,3,
2019-08-15,3.04,
2019-08-16,3.03,
2019-08-19,2.99,
2019-08-20,3,
2019-08-21,2.96,
2019-08-22,2.93,
2019-08-23,3.01,
2019-08-26,2.97,
2019-08-27,3,
2019-08-28,3.02,
2019-08-29,3,
2019-08-30,3.01,
2019-08-31,3.02,
2019-09-02,3.02,
2019-09-03,3.04,
2019-09-04,3.04,
2019-09-05,2.96,
2019-09-06,2.98,
2019-09-09,2.93,
2019-09-10,2.88,
2019-09-11,2.88,
2019-09-12,2.8,
2019-09-13,2.74,
2019-09-16,2.78,
2019-09-17,2.8,
2019-09-18,2.79,
2019-09-19,2.79,
2019-09-20,2.8,
2019-09-23,2.82,
2019-09-24,2.89,
2019-09-25,2.82,
2019-09-26,2.85,
2019-09-27,2.87,
2019-09-30,2.85,
2019-10-01,2.89,
2019-10-02,2.92,
2019-10-03,2.96,
2019-10-04,2.93,
2019-10-07,2.89,
2019-10-08,2.92,
2019-10-09,2.88,
2019-10-10,2.84,
2019-10-11,2.79,
2019-10-14,2.78,
2019-10-15,2.77,
2019-10-16,2.8,
2019-10-17,2.78,
2019-10-18,2.78,
2019-10-21,2.74,
2019-10-22,2.73,
2019-10-23,2.73,
2019-10-24,2.72,
2019-10-25,2.68,
2019-10-28,2.66,
2019-10-29,2.66,
2019-10-30,2.69,
2019-10-31,2.77,
2019-11-01,2.72,
2019-11-04,2.69,
2019-11-05,2.66,
2019-11-06,2.69,
2019-11-07,2.62,
2019-11-08,2.64,
2019-11-11,2.63,
2019-11-12,2.66,
2019-11-13,2.68,
2019-11-14,2.7,
2019-11-15,2.68,
2019-11-18,2.71,
2019-11-19,2.71,
2019-11-20,2.72,
2019-11-21,2.7,
2019-11-22,2.7,
2019-11-25,2.7,
2019-11-26,2.71,
2019-11-27,2.68,
2019-11-29,2.68,
2019-11-30,2.72,
2019-12-02,2.71,
2019-12-03,2.79,
2019-12-04,2.72,
2019-12-05,2.72,
2019-12-06,2.7,
2019-12-09,2.72,
2019-12-10,2.7,
2019-12-11,2.73,
2019-12-12,2.64,
2019-12-13,2.68,
2019-12-16,2.61,
2019-12-17,2.6,
2019-12-18,2.57,
2019-12-19,2.58,
2019-12-20,2.57,
2019-12-23,2.55,
2019-12-24,2.57,
2019-12-26,2.57,
2019-12-27,2.59,
2019-12-30,2.59,
2019-12-31,2.58,
2020-01-02,2.57,
2020-01-03,2.59,
2020-01-06,2.55,
2020-01-07,2.55,
2020-01-08,2.5,
2020-01-09,2.5,
2020-01-10,2.5,
2020-01-13,2.47,
2020-01-14,2.47,
2020-01-15,2.47,
2020-01-16,2.44,
2020-01-17,2.42,
2020-01-20,2.42,
2020-01-21,2.45,
2020-01-22,2.44,
2020-01-23,2.46,
2020-01-24,2.5,
2020-01-27,2.54,
2020-01-28,2.5,
2020-01-29,2.54,
2020-01-30,2.59,
2020-01-31,2.67,
2020-02-03,2.66,
2020-02-04,2.6,
2020-02-05,2.55,
2020-02-06,2.53,
2020-02-07,2.56,
2020-02-10,2.58,
2020-02-11,2.55,
2020-02-12,2.5,
2020-02-13,2.5,
2020-02-14,2.5,
2020-02-17,2.5,
2020-02-18,2.5,
2020-02-19,2.48,
2020-02-20,2.5,
2020-02-21,2.52,
2020-02-24,2.61,
2020-02-25,2.67,
2020-02-26,2.73,
2020-02-27,2.84,
2020-02-28,3.07,
2020-02-29,3.08,
2020-03-02,3.09,
2020-03-03,3.1,
2020-03-04,3.06,
2020-03-05,3.14,
2020-03-06,3.28,
2020-03-09,3.78,
2020-03-10,3.73,
2020-03-11,3.81,
2020-03-12,4.18,
2020-03-13,4.35,
2020-03-16,4.81,
2020-03-17,4.93,
2020-03-18,5.39,
2020-03-19,5.91,
2020-03-20,6.09,
2020-03-23,6.41,
2020-03-24,6.37,
2020-03-25,6.27,
2020-03-26,6.01,
2020-03-27,5.96,
2020-03-30,5.99,
2020-03-31,5.97,
2020-04-01,6.02,
2020-04-02,5.99,
2020-04-03,6.01,
2020-04-06,5.99,
2020-04-07,5.91,
2020-04-08,5.86,
2020-04-09,5.73,
2020-04-13,5.66,
2020-04-14,5.47,
2020-04-15,5.46,
2020-04-16,5.43,
2020-04-17,5.35,
2020-04-20,5.34,
2020-04-21,5.41,
2020-04-22,5.42,
2020-04-23,5.4,
2020-04-24,5.44,
2020-04-27,5.41,
2020-04-28,5.41,
2020-04-29,5.34,
2020-04-30,5.18,
2020-05-01,5.17,
2020-05-04,5.21,
2020-05-05,5.17,
2020-05-06,5.13,
2020-05-07,5.16,
2020-05-08,5.08,
2020-05-11,5.01,
2020-05-12,4.98,
2020-05-13,4.99,
2020-05-14,5.02,
2020-05-15,4.98,
2020-05-18,4.85,
2020-05-19,4.81,
2020-05-20,4.75,
2020-05-21,4.64,
2020-05-22,4.66,
2020-05-25,4.66,
2020-05-26,4.6,
2020-05-27,4.56,
2020-05-28,4.53,
2020-05-29,4.56,
2020-05-31,4.52,
2020-06-01,4.48,
2020-06-02,4.42,
2020-06-03,4.27,
2020-06-04,4.21,
2020-06-05,4.08,
2020-06-08,3.99,
2020-06-09,4.01,
2020-06-10,4.06,
2020-06-11,4.15,
2020-06-12,4.15,
2020-06-15,4.19,
2020-06-16,4.09,
2020-06-17,4.09,
2020-06-18,4.1,
2020-06-19,4.08,
2020-06-22,4.06,
2020-06-23,4.04,
2020-06-24,4.06,
2020-06-25,4.07,
2020-06-26,4.09,
2020-06-29,4.11,
2020-06-30,4.03,
2020-07-01,4.01,
2020-07-02,3.98,
2020-07-03,3.98,
2020-07-06,3.92,
2020-07-07,3.92,
2020-07-08,3.91,
2020-07-09,3.94,
2020-07-10,3.92,
2020-07-13,3.91,
2020-07-14,3.93,
2020-07-15,3.9,
2020-07-16,3.89,
2020-07-17,3.86,
2020-07-20,3.83,
2020-07-21,3.78,
2020-07-22,3.74,
2020-07-23,3.72,
2020-07-24,3.72,
2020-07-27,3.69,
2020-07-28,3.7,
2020-07-29,3.68,
2020-07-30,3.69,
2020-07-31,3.69,
2020-08-03,3.66,
2020-08-04,3.65,
2020-08-05,3.59,
2020-08-06,3.57,
2020-08-07,3.55,
2020-08-10,3.53,
2020-08-11,3.45,
2020-08-12,3.46,
2020-08-13,3.44,
2020-08-14,3.47,
2020-08-17,3.48,
2020-08-18,3.5,
2020-08-19,3.49,
2020-08-20,3.51,
2020-08-21,3.51,
2020-08-24,3.49,
2020-08-25,3.47,
2020-08-26,3.47,
2020-08-27,3.44,
2020-08-28,3.45,
2020-08-31,3.42,
2020-09-01,3.42,
2020-09-02,3.39,
2020-09-03,3.4,
2020-09-04,3.36,
2020-09-07,3.36,
2020-09-08,3.41,
2020-09-09,3.41,
2020-09-10,3.41,
2020-09-11,3.44,
2020-09-14,3.42,
2020-09-15,3.42,
2020-09-16,3.42,
2020-09-17,3.44,
2020-09-18,3.42,
2020-09-21,3.48,
2020-09-22,3.5,
2020-09-23,3.52,
2020-09-24,3.59,
2020-09-25,3.65,
2020-09-28,3.68,
2020-09-29,3.68,
2020-09-30,3.57,
2020-10-01,3.57,
2020-10-02,3.56,
2020-10-05,3.5,
2020-10-06,3.46,
2020-10-07,3.43,
2020-10-08,3.42,
2020-10-09,3.39,
2020-10-12,3.39,
2020-10-13,3.39,
2020-10-14,3.41,
2020-10-15,3.43,
2020-10-16,3.43,
2020-10-19,3.42,
2020-10-20,3.41,
2020-10-21,3.4,
2020-10-22,3.39,
2020-10-23,3.39,
2020-10-26,3.41,
2020-10-27,3.42,
2020-10-28,3.44,
2020-10-29,3.46,
2020-10-30,3.47,
2020-10-31,3.46,
2020-11-02,3.47,
2020-11-03,3.43,
2020-11-04,3.42,
2020-11-05,3.34,
2020-11-06,3.31,
2020-11-09,3.18,
2020-11-10,3.17,
2020-11-11,3.17,
2020-11-12,3.2,
2020-11-13,3.19,
2020-11-16,3.16,
2020-11-17,3.19,
2020-11-18,3.16,
2020-11-19,3.17,
2020-11-20,3.18,
2020-11-23,3.15,
2020-11-24,3.12,
2020-11-25,3.1,
2020-11-26,3.09,
2020-11-27,3.1,
2020-11-30,3.07,
2020-12-01,2.99,
2020-12-02,2.99,
2020-12-03,2.98,
2020-12-04,2.94,
2020-12-07,2.94,
2020-12-08,2.93,
2020-12-09,2.92,
2020-12-10,2.93,
2020-12-11,2.93,
2020-12-14,2.91,
2020-12-15,2.88,
2020-12-16,2.87,
2020-12-17,2.84,
2020-12-18,2.82,
2020-12-21,2.83,
2020-12-22,2.84,
2020-12-23,2.82,
2020-12-24,2.83,
2020-12-28,2.83,
2020-12-29,2.82,
2020-12-30,2.82,
2020-12-31,2.85,
2021-01-04,2.83,
2021-01-05,2.82,
2021-01-06,2.82,
2021-01-07,2.84,
2021-01-08,2.86,
2021-01-11,2.87,
2021-01-12,2.91,
2021-01-13,2.93,
2021-01-14,2.9,
2021-01-15,2.91,
2021-01-18,2.9,
2021-01-19,2.9,
2021-01-20,2.87,
2021-01-21,2.85,
2021-01-22,2.85,
2021-01-25,2.85,
2021-01-26,2.84,
2021-01-27,2.84,
2021-01-28,2.83,
2021-01-29,2.82,
2021-01-31,2.83,
2021-02-01,2.83,
2021-02-02,2.79,
2021-02-03,2.77,
2021-02-04,2.76,
2021-02-05,2.74,
2021-02-08,2.77,
2021-02-09,2.76,
2021-02-10,2.77,
2021-02-11,2.74,
2021-02-12,2.73,
2021-02-15,2.73,
2021-02-16,2.68,
2021-02-17,2.69,
2021-02-18,2.67,
2021-02-19,2.65,
2021-02-22,2.68,
2021-02-23,2.68,
2021-02-24,2.65,
2021-02-25,2.6,
2021-02-26,2.67,
2021-02-28,2.66,
2021-03-01,2.68,
2021-03-02,2.69,
2021-03-03,2.68,
2021-03-04,2.67,
2021-03-05,2.73,
2021-03-08,2.77,
2021-03-09,2.82,
2021-03-10,2.82,
2021-03-11,2.77,
2021-03-12,2.75,
2021-03-15,2.76,
2021-03-16,2.72,
2021-03-17,2.74,
2021-03-18,2.69,
2021-03-19,2.68,
2021-03-22,2.71,
2021-03-23,2.72,
2021-03-24,2.75,
2021-03-25,2.77,
2021-03-26,2.77,
2021-03-29,2.75,
2021-03-30,2.78,
2021-03-31,2.71,
2021-04-01,2.72,
2021-04-05,2.7,
2021-04-06,2.72,
2021-04-07,2.71,
2021-04-08,2.74,
2021-04-09,2.72,
2021-04-12,2.72,
2021-04-13,2.79,
2021-04-14,2.8,
2021-04-15,2.86,
2021-04-16,2.81,
2021-04-19,2.74,
2021-04-20,2.78,
2021-04-21,2.78,
2021-04-22,2.77,
2021-04-23,2.75,
2021-04-26,2.76,
2021-04-27,2.75,
2021-04-28,2.76,
2021-04-29,2.74,
2021-04-30,2.71,
2021-05-03,2.71,
2021-05-04,2.71,
2021-05-05,2.71,
2021-05-06,2.71,
2021-05-07,2.69,
2021-05-10,2.67,
2021-05-11,2.67,
2021-05-12,2.65,
2021-05-13,2.69,
2021-05-14,2.69,
2021-05-17,2.68,
2021-05-18,2.67,
2021-05-19,2.66,
2021-05-20,2.69,
2021-05-21,2.67,
2021-05-24,2.68,
2021-05-25,2.67,
2021-05-26,2.65,
2021-05-27,2.65,
2021-05-28,2.66,
2021-05-31,2.68,
2021-06-01,2.68,
2021-06-02,2.68,
2021-06-03,2.67,
2021-06-04,2.71,
2021-06-07,2.68,
2021-06-08,2.68,
2021-06-09,2.68,
2021-06-10,2.71,
2021-06-11,2.68,
2021-06-14,2.67,
2021-06-15,2.68,
2021-06-16,2.63,
2021-06-17,2.66,
2021-06-18,2.64,
2021-06-21,2.62,
2021-06-22,2.65,
2021-06-23,2.65,
2021-06-24,2.64,
2021-06-25,2.62,
2021-06-28,2.65,
2021-06-29,2.65,
2021-06-30,2.66,
2021-07-01,2.66,
2021-07-02,2.68,
2021-07-05,2.68,
2021-07-06,2.73,
2021-07-07,2.74,
2021-07-08,2.77,
2021-07-09,2.75,
2021-07-12,2.72,
2021-07-13,2.69,
2021-07-14,2.72,
2021-07-15,2.72,
2021-07-16,2.72,
2021-07-19,2.78,
2021-07-20,2.8,
2021-07-21,2.77,
2021-07-22,2.81,
2021-07-23,2.8,
2021-07-26,2.81,
2021-07-27,2.9,
2021-07-28,2.93,
2021-07-29,2.94,
2021-07-30,2.98,
2021-07-31,2.95,
2021-08-02,2.96,
2021-08-03,2.94,
2021-08-04,2.91,
2021-08-05,2.88,
2021-08-06,2.84,
2021-08-09,2.86,
2021-08-10,2.84,
2021-08-11,2.83,
2021-08-12,2.81,
2021-08-13,2.82,
2021-08-16,2.83,
2021-08-17,2.81,
2021-08-18,2.81,
2021-08-19,2.81,
2021-08-20,2.81,
2021-08-23,2.82,
2021-08-24,2.79,
2021-08-25,2.77,
2021-08-26,2.75,
2021-08-27,2.76,
2021-08-30,2.76,
2021-08-31,2.73,
2021-09-01,2.73,
2021-09-02,2.73,
2021-09-03,2.71,
2021-09-06,2.71,
2021-09-07,2.69,
2021-09-08,2.7,
2021-09-09,2.71,
2021-09-10,2.69,
2021-09-13,2.69,
2021-09-14,2.7,
2021-09-15,2.7,
2021-09-16,2.74,
2021-09-17,2.76,
2021-09-20,2.86,
2021-09-21,2.85,
2021-09-22,2.83,
2021-09-23,2.8,
2021-09-24,2.81,
2021-09-27,2.83,
2021-09-28,2.85,
2021-09-29,2.86,
2021-09-30,2.89,
2021-10-01,2.93,
2021-10-04,2.94,
2021-10-05,2.97,
2021-10-06,3.02,
2021-10-07,3.04,
2021-10-08,3.08,
2021-10-11,3.08,
2021-10-12,3.22,
2021-10-13,3.2,
2021-10-14,3.21,
2021-10-15,3.14,
2021-10-18,3.08,
2021-10-19,3.03,
2021-10-20,3.03,
2021-10-21,3,
2021-10-22,3.04,
2021-10-25,3.06,
2021-10-26,3.06,
2021-10-27,3.08,
2021-10-28,3.07,
2021-10-29,3.1,
2021-10-31,3.04,
2021-11-01,3.08,
2021-11-02,3.16,
2021-11-03,3.13,
2021-11-04,3.2,
2021-11-05,3.25,
2021-11-08,3.24,
2021-11-09,3.32,
2021-11-10,3.25,
2021-11-11,3.24,
2021-11-12,3.16,
2021-11-15,3.05,
2021-11-16,3.07,
2021-11-17,3.1,
2021-11-18,3.09,
2021-11-19,3.09,
2021-11-22,3.03,
2021-11-23,3.08,
2021-11-24,3.09,
2021-11-25,3.09,
2021-11-26,3.24,
2021-11-29,3.28,
2021-11-30,3.24,
2021-12-01,3.24,
2021-12-02,3.2,
2021-12-03,3.25,
2021-12-06,3.16,
2021-12-07,3.12,
2021-12-08,3.08,
2021-12-09,3.06,
2021-12-10,3.04,
2021-12-13,3.05,
2021-12-14,3.04,
2021-12-15,3.03,
2021-12-16,3.08,
2021-12-17,3.09,
2021-12-20,3.12,
2021-12-21,3.08,
2021-12-22,3.09,
2021-12-23,3.06,
2021-12-27,3.06,
2021-12-28,3.06,
2021-12-29,3.03,
2021-12-30,3.05,
2021-12-31,2.82,
2022-01-03,2.75,
2022-01-04,2.77,
2022-01-05,2.74,
2022-01-06,2.78,
2022-01-07,2.78,
2022-01-10,2.81,
2022-01-11,2.84,
2022-01-12,2.86,
2022-01-13,2.91,
2022-01-14,2.91,
2022-01-17,2.91,
2022-01-18,2.99,
2022-01-19,2.98,
2022-01-20,2.93,
2022-01-21,2.95,
2022-01-24,2.98,
2022-01-25,2.95,
2022-01-26,2.89,
2022-01-27,2.94,
2022-01-28,2.98,
2022-01-31,2.97,
2022-02-01,2.95,
2022-02-02,2.95,
2022-02-03,2.91,
2022-02-04,2.87,
2022-02-07,2.94,
2022-02-08,2.95,
2022-02-09,2.93,
2022-02-10,2.82,
2022-02-11,2.92,
2022-02-14,2.92,
2022-02-15,2.96,
2022-02-16,2.98,
2022-02-17,3.03,
2022-02-18,3.06,
2022-02-21,3.07,
2022-02-22,3.09,
2022-02-23,3.16,
2022-02-24,3.39,
2022-02-25,3.39,
2022-02-28,3.64,
2022-03-01,3.8,
2022-03-02,3.69,
2022-03-03,3.75,
2022-03-04,3.88,
2022-03-07,3.91,
2022-03-08,3.95,
2022-03-09,3.85,
2022-03-10,3.83,
2022-03-11,3.9,
2022-03-14,3.91,
2022-03-15,3.95,
2022-03-16,3.93,
2022-03-17,3.88,
2022-03-18,3.85,
2022-03-21,3.69,
2022-03-22,3.71,
2022-03-23,3.72,
2022-03-24,3.7,
2022-03-25,3.56,
2022-03-28,3.6,
2022-03-29,3.58,
2022-03-30,3.54,
2022-03-31,3.03,
2022-04-01,2.99,
2022-04-04,2.96,
2022-04-05,2.89,
2022-04-06,2.93,
2022-04-07,2.91,
2022-04-08,2.91,
2022-04-11,2.97,
2022-04-12,3.08,
2022-04-13,3.08,
2022-04-14,2.97,
2022-04-18,2.98,
2022-04-19,2.97,
2022-04-20,3.02,
2022-04-21,2.98,
2022-04-22,3.04,
2022-04-25,3.1,
2022-04-26,3.16,
2022-04-27,3.19,
2022-04-28,3.14,
2022-04-29,3.13,
2022-04-30,3,
2022-05-02,2.99,
2022-05-03,3.01,
2022-05-04,3.11,
2022-05-05,3.01,
2022-05-06,3.06,
2022-05-09,3.16,
2022-05-10,3.21,
2022-05-11,3.23,
2022-05-12,3.32,
2022-05-13,3.26,
2022-05-16,3.31,
2022-05-17,3.23,
2022-05-18,3.32,
2022-05-19,3.35,
2022-05-20,3.38,
2022-05-23,3.31,
2022-05-24,3.38,
2022-05-25,3.32,
2022-05-26,3.27,
2022-05-27,3.23,
2022-05-30,3.23,
2022-05-31,3.18,
2022-06-01,3.1,
2022-06-02,3.14,
2022-06-03,3.11,
2022-06-06,3.07,
2022-06-07,3.12,
2022-06-08,3.06,
2022-06-09,3.06,
2022-06-10,2.99,
2022-06-13,3.08,
2022-06-14,3.06,
2022-06-15,3.2,
2022-06-16,3.28,
2022-06-17,3.28,
2022-06-20,3.29,
2022-06-21,3.31,
2022-06-22,3.44,
2022-06-23,3.48,
2022-06-24,3.45,
2022-06-27,3.42,
2022-06-28,3.46,
2022-06-29,3.58,
2022-06-30,3.66,
2022-07-01,3.69,
2022-07-04,3.69,
2022-07-05,3.78,
2022-07-06,3.69,
2022-07-07,3.7,
2022-07-08,3.62,
2022-07-11,3.72,
2022-07-12,3.75,
2022-07-13,3.79,
2022-07-14,3.84,
2022-07-15,3.86,
2022-07-18,3.87,
2022-07-19,3.84,
2022-07-20,3.79,
2022-07-21,3.89,
2022-07-22,3.86,
2022-07-25,3.8,
2022-07-26,3.78,
2022-07-27,3.82,
2022-07-28,3.8,
2022-07-29,3.71,
2022-07-31,3.67,
2022-08-01,3.65,
2022-08-02,3.5,
2022-08-03,3.55,
2022-08-04,3.58,
2022-08-05,3.42,
2022-08-08,3.47,
2022-08-09,3.42,
2022-08-10,3.42,
2022-08-11,3.31,
2022-08-12,3.32,
2022-08-15,3.35,
2022-08-16,3.29,
2022-08-17,3.3,
2022-08-18,3.33,
2022-08-19,3.32,
2022-08-22,3.34,
2022-08-23,3.36,
2022-08-24,3.3,
2022-08-25,3.33,
2022-08-26,3.3,
2022-08-29,3.33,
2022-08-30,3.32,
2022-08-31,3.34,
2022-09-01,3.32,
2022-09-02,3.4,
2022-09-05,3.41,
2022-09-06,3.33,
2022-09-07,3.39,
2022-09-08,3.32,
2022-09-09,3.28,
2022-09-12,3.27,
2022-09-13,3.19,
2022-09-14,3.28,
2022-09-15,3.23,
2022-09-16,3.3,
2022-09-19,3.28,
2022-09-20,3.29,
2022-09-21,3.3,
2022-09-22,3.27,
2022-09-23,3.32,
2022-09-26,3.34,
2022-09-27,3.37,
2022-09-28,3.69,
2022-09-29,3.64,
2022-09-30,3.57,
2022-10-03,3.67,
2022-10-04,3.56,
2022-10-05,3.55,
2022-10-06,3.49,
2022-10-07,3.48,
2022-10-10,3.48,
2022-10-11,3.57,
2022-10-12,3.61,
2022-10-13,3.57,
2022-10-14,3.57,
2022-10-17,3.63,
2022-10-18,3.68,
2022-10-19,3.63,
2022-10-20,3.65,
2022-10-21,3.76,
2022-10-24,3.74,
2022-10-25,3.82,
2022-10-26,3.79,
2022-10-27,3.85,
2022-10-28,3.75,
2022-10-31,3.72,
2022-11-01,3.65,
2022-11-02,3.63,
2022-11-03,3.66,
2022-11-04,3.66,
2022-11-07,3.61,
2022-11-08,3.67,
2022-11-09,3.67,
2022-11-10,3.8,
2022-11-11,3.78,
2022-11-14,3.54,
2022-11-15,3.51,
2022-11-16,3.5,
2022-11-17,3.44,
2022-11-18,3.41,
2022-11-21,3.43,
2022-11-22,3.44,
2022-11-23,3.47,
2022-11-24,3.47,
2022-11-25,3.35,
2022-11-28,3.32,
2022-11-29,3.26,
2022-11-30,3.22,
2022-12-01,3.2,
2022-12-02,3.16,
2022-12-05,3.05,
2022-12-06,3.11,
2022-12-07,3.18,
2022-12-08,3.08,
2022-12-09,3.03,
2022-12-12,3.02,
2022-12-13,3.09,
2022-12-14,3.05,
2022-12-15,3.06,
2022-12-16,3.08,
2022-12-19,3.04,
2022-12-20,3.04,
2022-12-21,3.04,
2022-12-22,3,
2022-12-23,2.99,
2022-12-27,2.94,
2022-12-28,2.97,
2022-12-29,2.97,
2022-12-30,2.95,
2022-12-31,2.95,
2023-01-03,2.94,
2023-01-04,2.93,
2023-01-05,2.9,
2023-01-06,3.01,
2023-01-09,2.95,
2023-01-10,2.88,
2023-01-11,2.9,
2023-01-12,2.94,
2023-01-13,2.85,
2023-01-16,2.85,
2023-01-17,2.85,
2023-01-18,2.88,
2023-01-19,2.79,
2023-01-20,2.74,
2023-01-23,2.7,
2023-01-24,2.74,
2023-01-25,2.74,
2023-01-26,2.69,
2023-01-27,2.69,
2023-01-30,2.67,
2023-01-31,2.72,
2023-02-01,2.78,
2023-02-02,2.69,
2023-02-03,2.57,
2023-02-06,2.56,
2023-02-07,2.6,
2023-02-08,2.62,
2023-02-09,2.59,
2023-02-10,2.62,
2023-02-13,2.67,
2023-02-14,2.6,
2023-02-15,2.63,
2023-02-16,2.61,
2023-02-17,2.7,
2023-02-20,2.71,
2023-02-21,2.71,
2023-02-22,2.73,
2023-02-23,2.73,
2023-02-24,2.66,
2023-02-27,2.7,
2023-02-28,2.7,
2023-03-01,2.63,
2023-03-02,2.65,
2023-03-03,2.68,
2023-03-06,2.61,
2023-03-07,2.57,
2023-03-08,2.61,
2023-03-09,2.71,
2023-03-10,2.86,
2023-03-13,3.07,
2023-03-14,2.91,
2023-03-15,3.2,
2023-03-16,3,
2023-03-17,3.19,
2023-03-20,3.12,
2023-03-21,3.04,
2023-03-22,3.19,
2023-03-23,3.21,
2023-03-24,3.2,
2023-03-27,3.12,
2023-03-28,3.13,
2023-03-29,3.08,
2023-03-30,3.04,
2023-03-31,3.1,
2023-04-03,3.1,
2023-04-04,3.14,
2023-04-05,3.13,
2023-04-06,3.1,
2023-04-10,3.04,
2023-04-11,3.03,
2023-04-12,3.06,
2023-04-13,3.01,
2023-04-14,2.94,
2023-04-17,2.91,
2023-04-18,2.94,
2023-04-19,2.96,
2023-04-20,3.01,
2023-04-21,2.98,
2023-04-24,3.02,
2023-04-25,3.13,
2023-04-26,3.07,
2023-04-27,3,
2023-04-28,3.04,
2023-04-30,3.06,
2023-05-01,2.97,
2023-05-02,3.12,
2023-05-03,3.14,
2023-05-04,3.16,
2023-05-05,3.08,
2023-05-08,3.04,
2023-05-09,3.05,
2023-05-10,3.15,
2023-05-11,3.12,
2023-05-12,3.06,
2023-05-15,3.09,
2023-05-16,3.06,
2023-05-17,3.05,
2023-05-18,3.01,
2023-05-19,3,
2023-05-22,3,
2023-05-23,3.03,
2023-05-24,3,
2023-05-25,2.94,
2023-05-26,2.94,
2023-05-29,2.95,
2023-05-30,3.01,
2023-05-31,3,
2023-06-01,3.03,
2023-06-02,2.89,
2023-06-05,2.93,
2023-06-06,2.89,
2023-06-07,2.85,
2023-06-08,2.92,
2023-06-09,2.86,
2023-06-12,2.88,
2023-06-13,2.77,
2023-06-14,2.77,
2023-06-15,2.82,
2023-06-16,2.75,
2023-06-19,2.76,
2023-06-20,2.79,
2023-06-21,2.8,
2023-06-22,2.74,
2023-06-23,2.78,
2023-06-26,2.81,
2023-06-27,2.77,
2023-06-28,2.82,
2023-06-29,2.71,
2023-06-30,2.73,
2023-07-03,2.68,
2023-07-04,2.68,
2023-07-05,2.65,
2023-07-06,2.64,
2023-07-07,2.68,
2023-07-10,2.74,
2023-07-11,2.7,
2023-07-12,2.76,
2023-07-13,2.76,
2023-07-14,2.68,
2023-07-17,2.7,
2023-07-18,2.68,
2023-07-19,2.7,
2023-07-20,2.66,
2023-07-21,2.67,
2023-07-24,2.64,
2023-07-25,2.66,
2023-07-26,2.69,
2023-07-27,2.56,
2023-07-28,2.59,
2023-07-31,2.56,
2023-08-01,2.53,
2023-08-02,2.56,
2023-08-03,2.56,
2023-08-04,2.64,
2023-08-07,2.62,
2023-08-08,2.62,
2023-08-09,2.6,
2023-08-10,2.54,
2023-08-11,2.52,
2023-08-14,2.54,
2023-08-15,2.59,
2023-08-16,2.57,
2023-08-17,2.64,
2023-08-18,2.67,
2023-08-21,2.67,
2023-08-22,2.66,
2023-08-23,2.71,
2023-08-24,2.64,
2023-08-25,2.65,
2023-08-28,2.67,
2023-08-29,2.72,
2023-08-30,2.68,
2023-08-31,2.64,
2023-09-01,2.59,
2023-09-04,2.59,
2023-09-05,2.56,
2023-09-06,2.54,
2023-09-07,2.59,
2023-09-08,2.57,
2023-09-11,2.58,
2023-09-12,2.58,
2023-09-13,2.61,
2023-09-14,2.56,
2023-09-15,2.56,
2023-09-18,2.56,
2023-09-19,2.52,
2023-09-20,2.5,
2023-09-21,2.52,
2023-09-22,2.56,
2023-09-25,2.53,
2023-09-26,2.55,
2023-09-27,2.51,
2023-09-28,2.6,
2023-09-29,2.57,
2023-09-30,2.58,
2023-10-02,2.56,
2023-10-03,2.56,
2023-10-04,2.69,
2023-10-05,2.7,
2023-10-06,2.66,
2023-10-09,2.68,
2023-10-10,2.74,
2023-10-11,2.7,
2023-10-12,2.63,
2023-10-13,2.69,
2023-10-16,2.68,
2023-10-17,2.62,
2023-10-18,2.63,
2023-10-19,2.68,
2023-10-20,2.74,
2023-10-23,2.79,
2023-10-24,2.73,
2023-10-25,2.67,
2023-10-26,2.77,
2023-10-27,2.77,
2023-10-30,2.75,
2023-10-31,2.71,
2023-11-01,2.81,
2023-11-02,2.71,
2023-11-03,2.76,
2023-11-06,2.67,
2023-11-07,2.71,
2023-11-08,2.71,
2023-11-09,2.61,
2023-11-10,2.65,
2023-11-13,2.68,
2023-11-14,2.76,
2023-11-15,2.62,
2023-11-16,2.67,
2023-11-17,2.62,
2023-11-20,2.63,
2023-11-21,2.6,
2023-11-22,2.56,
2023-11-23,2.56,
2023-11-24,2.53,
2023-11-27,2.59,
2023-11-28,2.62,
2023-11-29,2.58,
2023-11-30,2.53,
2023-12-01,2.63,
2023-12-04,2.55,
2023-12-05,2.58,
2023-12-06,2.56,
2023-12-07,2.55,
2023-12-08,2.48,
2023-12-11,2.52,
2023-12-12,2.5,
2023-12-13,2.65,
2023-12-14,2.5,
2023-12-15,2.47,
2023-12-18,2.46,
2023-12-19,2.46,
2023-12-20,2.48,
2023-12-21,2.46,
2023-12-22,2.46,
2023-12-26,2.45,
2023-12-27,2.51,
2023-12-28,2.45,
2023-12-29,2.44,
2023-12-31,2.44,
2024-01-02,2.43,
2024-01-03,2.48,
2024-01-04,2.42,
2024-01-05,2.44,
2024-01-08,2.48,
2024-01-09,2.47,
2024-01-10,2.42,
2024-01-11,2.46,
2024-01-12,2.47,
2024-01-15,2.47,
2024-01-16,2.39,
2024-01-17,2.37,
2024-01-18,2.36,
2024-01-19,2.36,
2024-01-22,2.39,
2024-01-23,2.38,
2024-01-24,2.33,
2024-01-25,2.38,
2024-01-26,2.32,
2024-01-29,2.37,
2024-01-30,2.33,
2024-01-31,2.43,
2024-02-01,2.44,
2024-02-02,2.31,
2024-02-05,2.31,
2024-02-06,2.35,
2024-02-07,2.3,
2024-02-08,2.27,
2024-02-09,2.26,
2024-02-12,2.27,
2024-02-13,2.16,
2024-02-14,2.23,
2024-02-15,2.2,
2024-02-16,2.17,
2024-02-19,2.17,
2024-02-20,2.18,
2024-02-21,2.13,
2024-02-22,2.11,
2024-02-23,2.15,
2024-02-26,2.12,
2024-02-27,2.12,
2024-02-28,2.16,
2024-02-29,2.07,
2024-03-01,2.12,
2024-03-04,2.07,
2024-03-05,2.11,
2024-03-06,2.11,
2024-03-07,2.11,
2024-03-08,2.1,
2024-03-11,2.07,
2024-03-12,2.04,
2024-03-13,2.02,
2024-03-14,1.97,
2024-03-15,1.98,
2024-03-18,1.98,
2024-03-19,1.99,
2024-03-20,2,
2024-03-21,1.97,
2024-03-22,1.98,
2024-03-25,1.97,
2024-03-26,1.97,
2024-03-27,1.98,
2024-03-28,1.97,
2024-03-31,1.99,
2024-04-01,1.94,
2024-04-02,1.96,
2024-04-03,1.97,
2024-04-04,1.98,
2024-04-05,1.94,
2024-04-08,1.93,
2024-04-09,1.94,
2024-04-10,1.86,
2024-04-11,1.89,
2024-04-12,1.93,
2024-04-15,1.92,
2024-04-16,1.94,
2024-04-17,1.97,
2024-04-18,1.93,
2024-04-19,1.95,
2024-04-22,1.95,
2024-04-23,1.94,
2024-04-24,1.93,
2024-04-25,1.92,
2024-04-26,1.92,
2024-04-29,1.92,
2024-04-30,1.9,
2024-05-01,1.94,
2024-05-02,1.95,
2024-05-03,1.94,
2024-05-06,1.92,
2024-05-07,1.91,
2024-05-08,1.9,
2024-05-09,1.91,
2024-05-10,1.87,
2024-05-13,1.88,
2024-05-14,1.89,
2024-05-15,1.9,
2024-05-16,1.85,
2024-05-17,1.83,
2024-05-20,1.81,
2024-05-21,1.83,
2024-05-22,1.82,
2024-05-23,1.79,
2024-05-24,1.81,
2024-05-27,1.81,
2024-05-28,1.78,
2024-05-29,1.78,
2024-05-30,1.81,
2024-05-31,1.85,
2024-06-03,1.84,
2024-06-04,1.87,
2024-06-05,1.89,
2024-06-06,1.88,
2024-06-07,1.8,
2024-06-10,1.83,
2024-06-11,1.85,
2024-06-12,1.84,
2024-06-13,1.89,
2024-06-14,1.9,
2024-06-17,1.89,
2024-06-18,1.91,
2024-06-19,1.91,
2024-06-20,1.89,
2024-06-21,1.88,
2024-06-24,1.89,
2024-06-25,1.89,
2024-06-26,1.86,
2024-06-27,1.88,
2024-06-28,1.86,
2024-06-30,1.87,
2024-07-01,1.85,
2024-07-02,1.87,
2024-07-03,1.88,
2024-07-04,1.88,
2024-07-05,1.9,
2024-07-08,1.88,
2024-07-09,1.88,
2024-07-10,1.87,
2024-07-11,1.88,
2024-07-12,1.89,
2024-07-15,1.88,
2024-07-16,1.89,
2024-07-17,1.9,
2024-07-18,1.88,
2024-07-19,1.86,
2024-07-22,1.85,
2024-07-23,1.85,
2024-07-24,1.87,
2024-07-25,1.86,
2024-07-26,1.89,
2024-07-29,1.88,
2024-07-30,1.89,
2024-07-31,1.94,
2024-08-01,1.96,
2024-08-02,2.09,
2024-08-05,2.15,
2024-08-06,2.09,
2024-08-07,2.06,
2024-08-08,2.02,
2024-08-09,2.02,
2024-08-12,2.03,
2024-08-13,2.04,
2024-08-14,2.01,
2024-08-15,1.93,
2024-08-16,1.94,
2024-08-19,1.92,
2024-08-20,1.95,
2024-08-21,1.95,
2024-08-22,1.91,
2024-08-23,1.94,
2024-08-26,1.9,
2024-08-27,1.92,
2024-08-28,1.91,
2024-08-29,1.89,
2024-08-30,1.87,
2024-08-31,1.88,
2024-09-02,1.88,
2024-09-03,1.94,
2024-09-04,1.99,
2024-09-05,1.98,
2024-09-06,2.01,
2024-09-09,2.02,
2024-09-10,2.06,
2024-09-11,2.05,
2024-09-12,2.03,
2024-09-13,2.02,
2024-09-16,2.02,
2024-09-17,1.98,
2024-09-18,1.95,
2024-09-19,1.93,
2024-09-20,1.92,
2024-09-23,1.92,
2024-09-24,1.93,
2024-09-25,1.89,
2024-09-26,1.86,
2024-09-27,1.88,
2024-09-30,1.84,
2024-10-01,1.86,
2024-10-02,1.84,
2024-10-03,1.8,
2024-10-04,1.7,
2024-10-07,1.72,
2024-10-08,1.75,
2024-10-09,1.72,
2024-10-10,1.75,
2024-10-11,1.75,
2024-10-14,1.74,
2024-10-15,1.75,
2024-10-16,1.75,
2024-10-17,1.72,
2024-10-18,1.73,
2024-10-21,1.69,
2024-10-22,1.72,
2024-10-23,1.72,
2024-10-24,1.73,
2024-10-25,1.7,
2024-10-28,1.7,
2024-10-29,1.7,
2024-10-30,1.65,
2024-10-31,1.7,
2024-11-01,1.67,
2024-11-04,1.71,
2024-11-05,1.71,
2024-11-06,1.67,
2024-11-07,1.67,
2024-11-08,1.64,
2024-11-11,1.64,
2024-11-12,1.6,
2024-11-13,1.62,
2024-11-14,1.6,
2024-11-15,1.64,
2024-11-18,1.67,
2024-11-19,1.66,
2024-11-20,1.65,
2024-11-21,1.64,
2024-11-22,1.65,
2024-11-25,1.71,
2024-11-26,1.7,
2024-11-27,1.71,
2024-11-28,1.71,
2024-11-29,1.73,
2024-11-30,1.75,
2024-12-02,1.74,
2024-12-03,1.71,
2024-12-04,1.74,
2024-12-05,1.73,
2024-12-06,1.74,
2024-12-09,1.71,
2024-12-10,1.7,
2024-12-11,1.69,
2024-12-12,1.66,
2024-12-13,1.64,
2024-12-16,1.66,
2024-12-17,1.68,
2024-12-18,1.63,
2024-12-19,1.69,
2024-12-20,1.7,
2024-12-23,1.69,
2024-12-24,1.7,
2024-12-26,1.71,
2024-12-27,1.7,
2024-12-30,1.75,
2024-12-31,1.74,
2025-01-02,1.73,
2025-01-03,1.71,
2025-01-06,1.7,
2025-01-07,1.68,
2025-01-08,1.7,
2025-01-09,1.7,
2025-01-10,1.66,
2025-01-13,1.67,
2025-01-14,1.68,
2025-01-15,1.71,
2025-01-16,1.71,
2025-01-17,1.69,
2025-01-20,1.69,
2025-01-21,1.7,
2025-01-22,1.67,
2025-01-23,1.66,
2025-01-24,1.65,
2025-01-27,1.69,
2025-01-28,1.69,
2025-01-29,1.67,
2025-01-30,1.68,
2025-01-31,1.69,
2025-02-03,1.7,
2025-02-04,1.71,
2025-02-05,1.71,
2025-02-06,1.69,
2025-02-07,1.65,
2025-02-10,1.66,
2025-02-11,1.64,
2025-02-12,1.59,
2025-02-13,1.61,
2025-02-14,1.61,
2025-02-17,1.6,
2025-02-18,1.56,
2025-02-19,1.59,
2025-02-20,1.59,
2025-02-21,1.63,
2025-02-24,1.64,
2025-02-25,1.67,
2025-02-26,1.68,
2025-02-27,1.67,
2025-02-28,1.71,
2025-03-03,1.72,
2025-03-04,1.71,
2025-03-05,1.66,
2025-03-06,1.7,
2025-03-07,1.67,
2025-03-10,1.74,
2025-03-11,1.72,
2025-03-12,1.72,
2025-03-13,1.75,
2025-03-14,1.72,
2025-03-17,1.71,
2025-03-18,1.72,
2025-03-19,1.73,
2025-03-20,1.72,
2025-03-21,1.74,
2025-03-24,1.69,
2025-03-25,1.7,
2025-03-26,1.69,
2025-03-27,1.72,
2025-03-28,1.78,
2025-03-31,1.82,
2025-04-01,1.84,
2025-04-02,1.82,
2025-04-03,1.97,
2025-04-04,2.06,
2025-04-07,2.18,
2025-04-08,2.18,
2025-04-09,2.27,
2025-04-10,2.18,
2025-04-11,2.18,
2025-04-14,2.19,
2025-04-15,2.15,
2025-04-16,2.19,
2025-04-17,2.14,
2025-04-21,2.13,
2025-04-22,2.11,
2025-04-23,2.03,
2025-04-24,2.06,
2025-04-25,2.04,
2025-04-28,2.06,
2025-04-29,2.06,
2025-04-30,2.12,
2025-05-01,2.07,
2025-05-02,2.02,
2025-05-05,2.03,
2025-05-06,2.06,
2025-05-07,2.05,
2025-05-08,1.96,
2025-05-09,1.97,
2025-05-12,1.85,
2025-05-13,1.82,
2025-05-14,1.79,
2025-05-15,1.84,
2025-05-16,1.81,
2025-05-19,1.82,
2025-05-20,1.8,
2025-05-21,1.78,
2025-05-22,1.82,
2025-05-23,1.83,
2025-05-26,1.83,
2025-05-27,1.82,
2025-05-28,1.8,
2025-05-29,1.82,
2025-05-30,1.85,
2025-05-31,1.84,
2025-06-02,1.81,
2025-06-03,1.78,
2025-06-04,1.82,
2025-06-05,1.77,
2025-06-06,1.71,
2025-06-09,1.72,
2025-06-10,1.72,
2025-06-11,1.73,
2025-06-12,1.76,
2025-06-13,1.74,
2025-06-16,1.73,
2025-06-17,1.76,
2025-06-18,1.75,
2025-06-19,1.75,
2025-06-20,1.76,
2025-06-23,1.78,
2025-06-24,1.77,
2025-06-25,1.76,
2025-06-26,1.77,
2025-06-27,1.74,
2025-06-30,1.76,
2025-07-01,1.71,
2025-07-02,1.7,
2025-07-03,1.64,
2025-07-04,1.64,
2025-07-07,1.64,
2025-07-08,1.64,
2025-07-09,1.66,
2025-07-10,1.66,
2025-07-11,1.63,
2025-07-14,1.64,
2025-07-15,1.6,
2025-07-16,1.63,
2025-07-17,1.62,
2025-07-18,1.63,
2025-07-21,1.63,
2025-07-22,1.63,
2025-07-23,1.58,
2025-07-24,1.56,
2025-07-25,1.57,
2025-07-28,1.55,
2025-07-29,1.57,
2025-07-30,1.54,
2025-07-31,1.55,
2025-08-01,1.66,
2025-08-04,1.65,
2025-08-05,1.62,
2025-08-06,1.63,
2025-08-07,1.61,
2025-08-08,1.57,
2025-08-11,1.56,
2025-08-12,1.55,
2025-08-13,1.55,
2025-08-14,1.51,
2025-08-15,1.5,
2025-08-18,1.49,
2025-08-19,1.5,
2025-08-20,1.52,
2025-08-21,1.5,
2025-08-22,1.53,
2025-08-25,1.51,
2025-08-26,1.55,
2025-08-27,1.56,
2025-08-28,1.55,
2025-08-29,1.55,
2025-08-31,1.57,
2025-09-01,1.57,
2025-09-02,1.55,
2025-09-03,1.56,
2025-09-04,1.57,
2025-09-05,1.56,
2025-09-08,1.58,
2025-09-09,1.55,
2025-09-10,1.55,
2025-09-11,1.52,
2025-09-12,1.5,
2025-09-15,1.51,
2025-09-16,1.5,
2025-09-17,1.47,
2025-09-18,1.44,
2025-09-19,1.44,
2025-09-22,1.43,
2025-09-23,1.44,
2025-09-24,1.43,
2025-09-25,1.42,
2025-09-26,1.43,
2025-09-29,1.47,
2025-09-30,1.5,
2025-10-01,1.53,
2025-10-02,1.53,
2025-10-03,1.5,
2025-10-06,1.49,
2025-10-07,1.51,
2025-10-08,1.5,
2025-10-09,1.52,
2025-10-10,1.62,
2025-10-13,1.62,
2025-10-14,1.65,
2025-10-15,1.61,
2025-10-16,1.64,
2025-10-17,1.62,
2025-10-20,1.62,
2025-10-21,1.61,
2025-10-22,1.62,
2025-10-23,1.6,
2025-10-24,1.58,
2025-10-27,1.55,
2025-10-28,1.55,
2025-10-29,1.49,
2025-10-30,1.5,
2025-10-31,1.53,
2025-11-03,1.53,
2025-11-04,1.56,
2025-11-05,1.53,
2025-11-06,1.57,
2025-11-07,1.57,
2025-11-10,1.56,
2025-11-11,1.56,
2025-11-12,1.57,
2025-11-13,1.56,
2025-11-14,1.55,
2025-11-17,1.56,
2025-11-18,1.58,
2025-11-19,1.58,
2025-11-20,1.6,
2025-11-21,1.63,
2025-11-24,1.63,
2025-11-25,1.65,
2025-11-26,1.63,
2025-11-27,1.63,
2025-11-28,1.61,
2025-11-30,1.63,
2025-12-01,1.62,
2025-12-02,1.63,
2025-12-03,1.61,
2025-12-04,1.58,
2025-12-05,1.57,
2025-12-08,1.55,
2025-12-09,1.55,
2025-12-10,1.57,
2025-12-11,1.56,
2025-12-12,1.54,
2025-12-15,1.54,
2025-12-16,1.55,
2025-12-17,1.56,
2025-12-18,1.57,
2025-12-19,1.54,
2025-12-22,1.54,
2025-12-23,1.53,
2025-12-24,1.55,
2025-12-26,1.56,
2025-12-29,1.58,
2025-12-30,1.58,
2025-12-31,1.56,
2026-01-02,1.57,
2026-01-05,1.57,
2026-01-06,1.57,
2026-01-07,1.57,
2026-01-08,1.56,
2026-01-09,1.55,
2026-01-12,1.54,
2026-01-13,1.55,
2026-01-14,1.55,
2026-01-15,1.52,
2026-01-16,1.48,
2026-01-19,1.48,
2026-01-20,1.51,
2026-01-21,1.5,
2026-01-22,1.48,
2026-01-23,1.48,
2026-01-26,1.48,
2026-01-27,1.48,
2026-01-28,1.49,
2026-01-29,1.49,
2026-01-30,1.49,
2026-01-31,1.5,
2026-02-02,1.48,
2026-02-03,1.47,
2026-02-04,1.47,
2026-02-05,1.53,
2026-02-06,1.52,
2026-02-09,1.52,
2026-02-10,1.54,
2026-02-11,1.51,
2026-02-12,1.55,
2026-02-13,1.57,
2026-02-16,1.57,
2026-02-17,1.55,
2026-02-18,1.53,
2026-02-19,1.53,
2026-02-20,1.52,
2026-02-23,1.54,
2026-02-24,1.54,
2026-02-25,1.53,
2026-02-26,1.54,
2026-02-27,1.58,
2026-02-28,1.59,
2026-03-02,1.58,
2026-03-03,1.64,
2026-03-04,1.61,
2026-03-05,1.58,
2026-03-06,1.61,
2026-03-09,1.69,
2026-03-10,1.62,
2026-03-11,1.6,
2026-03-12,1.6,
2026-03-13,1.63,
2026-03-16,1.67,
2026-03-17,1.7,
2026-03-18,1.66,
2026-03-19,1.71,
2026-03-20,1.68,
2026-03-23,1.75,
2026-03-24,1.73,
2026-03-25,1.72,
2026-03-26,1.68,
2026-03-27,1.76,
2026-03-30,1.82,
2026-03-31,1.81,
2026-04-01,1.75,
2026-04-02,1.78,
2026-04-03,1.75,
2026-04-06,1.76,
2026-04-07,1.77,
2026-04-08,1.68,
2026-04-09,1.66,
2026-04-10,1.63,
2026-04-13,1.64,
2026-04-14,1.59,
2026-04-15,1.56,
2026-04-16,1.54,
2026-04-17,1.57,
2026-04-20,1.55,
2026-04-21,1.51,
2026-04-22,1.52,
2026-04-23,1.51,
2026-04-24,1.54,
2026-04-27,1.51,
2026-04-28,1.51,
2026-04-29,1.48,
2026-04-30,1.52,
2026-05-01,1.5,
2026-05-04,1.48,
2026-05-05,1.49,
2026-05-06,1.49,
2026-05-07,1.46,
2026-05-08,1.48,
2026-05-11,1.46,
2026-05-12,1.44,
2026-05-13,1.46,
2026-05-14,1.44,
2026-05-15,1.42,
2026-05-18,1.44,
2026-05-19,1.44,
2026-05-20,1.48,
2026-05-21,1.48,
2026-05-22,1.47,
2026-05-25,1.47,
2026-05-26,1.46,
2026-05-27,1.45,
2026-05-28,1.45,
2026-05-29,1.44,
2026-05-31,1.47,
2026-06-01,1.46,
2026-06-02,1.44,